"batch_id","index","attempt","status","timestamp","source_relpath","corpus","source_ai","reference_png","source_size_bytes","source_sha256_before","source_hash_preverified","scale_mode","calculated_scale_percent","applied_scale_percent","s_raw","artboards_before","visible_bounds_before","visible_width_before_pt","visible_height_before_pt","page_items_before","layers_before","stroke_widths_original","stroked_objects","stroke_widths_before_scale","stroke_widths_after_scale","stroke_mismatch_count","final_visible_bounds","final_visible_width_pt","final_visible_height_pt","final_center_x","final_center_y","final_artboard","layer_state_match","item_state_match","item_structure_match","item_geometry_match_after_reopen","ruler_units_pixels_after_reopen","output_ai","output_png","audit_json","comment"
"000_004_20260727_115903","0","1","OK","2026-07-27T11:59:06","Корпус 2.1/POZD_WEB_K2-1_s1_et1_1.ai","Корпус 2.1","D:\AI\AITRASH\LIBRARY\02_CATALOG\02_PRESALE_Поздняково\01_ARTIFACTS\МКД2\Корпус 2.1\POZD_WEB_K2-1_s1_et1_1.ai","D:\AI\AITRASH\LIBRARY\02_CATALOG\02_PRESALE_Поздняково\01_ARTIFACTS\МКД2\Корпус 2.1\POZD_WEB_K2-1_s1_et1_1.png","309512","6149a7ad078252e799ed8ede5c764e817de1ddeb3b37127b78b056f81704e044","true","calculated","170","170","1.654498408","1","[146.748031,556.452756,696.233899,39.547244]","549.485868","516.905512","4718","16","[{""width_pt"":0.75,""count"":2185},{""width_pt"":1,""count"":138}]","2323","[{""width_pt"":0.75,""count"":2323}]","[{""width_pt"":0.75,""count"":2323}]","0","[133.396652,1038.894685,1066.603348,161.105315]","933.206696","877.78937","600","600","[{""index"":0,""name"":""Монтажная область 1"",""rect"":[0,1200,1200,0],""width"":1200,""height"":1200}]","true","true","true","true","true","D:\AI\AITRASH\workspaces\project - Изменение масштаба для планировок квартир\09_outputs\_full_wip\20260727_full_mkd2\Корпус 2.1\х170_POZD_WEB_K2-1_s1_et1_1.ai","D:\AI\AITRASH\workspaces\project - Изменение масштаба для планировок квартир\09_outputs\_full_wip\20260727_full_mkd2\Корпус 2.1\х170_POZD_WEB_K2-1_s1_et1_1.png","D:\AI\AITRASH\workspaces\project - Изменение масштаба для планировок квартир\09_outputs\_diagnostics\full_20260727_full_mkd2\details\000_POZD_WEB_K2-1_s1_et1_1_attempt1.json","Pixel-native AI подтверждён после повторного открытия; обводки 0.75 px; s_raw=1.654498408."
"000_004_20260727_115903","1","1","OK","2026-07-27T12:00:15","Корпус 2.1/POZD_WEB_K2-1_s1_et1_2.ai","Корпус 2.1","D:\AI\AITRASH\LIBRARY\02_CATALOG\02_PRESALE_Поздняково\01_ARTIFACTS\МКД2\Корпус 2.1\POZD_WEB_K2-1_s1_et1_2.ai","D:\AI\AITRASH\LIBRARY\02_CATALOG\02_PRESALE_Поздняково\01_ARTIFACTS\МКД2\Корпус 2.1\POZD_WEB_K2-1_s1_et1_2.png","196408","90cb2108d321575974c4857fca5eab1a77ab474a69ee24946fa60d6eecf18d4a","true","calculated","170","170","1.808107942","1","[190.893701,556.452756,650.981299,39.547244]","460.087598","516.905512","2411","11","[{""width_pt"":0.75,""count"":1074},{""width_pt"":1,""count"":116}]","1190","[{""width_pt"":0.75,""count"":1190}]","[{""width_pt"":0.75,""count"":1190}]","0","[209.294291,1038.894685,990.705709,161.105315]","781.411418","877.78937","600","600","[{""index"":0,""name"":""Монтажная область 1"",""rect"":[0,1200,1200,0],""width"":1200,""height"":1200}]","true","true","true","true","true","D:\AI\AITRASH\workspaces\project - Изменение масштаба для планировок квартир\09_outputs\_full_wip\20260727_full_mkd2\Корпус 2.1\х170_POZD_WEB_K2-1_s1_et1_2.ai","D:\AI\AITRASH\workspaces\project - Изменение масштаба для планировок квартир\09_outputs\_full_wip\20260727_full_mkd2\Корпус 2.1\х170_POZD_WEB_K2-1_s1_et1_2.png","D:\AI\AITRASH\workspaces\project - Изменение масштаба для планировок квартир\09_outputs\_diagnostics\full_20260727_full_mkd2\details\001_POZD_WEB_K2-1_s1_et1_2_attempt1.json","Pixel-native AI подтверждён после повторного открытия; обводки 0.75 px; s_raw=1.808107942."
"000_004_20260727_115903","2","1","OK","2026-07-27T12:00:46","Корпус 2.1/POZD_WEB_K2-1_s1_et1_3.ai","Корпус 2.1","D:\AI\AITRASH\LIBRARY\02_CATALOG\02_PRESALE_Поздняково\01_ARTIFACTS\МКД2\Корпус 2.1\POZD_WEB_K2-1_s1_et1_3.ai","D:\AI\AITRASH\LIBRARY\02_CATALOG\02_PRESALE_Поздняково\01_ARTIFACTS\МКД2\Корпус 2.1\POZD_WEB_K2-1_s1_et1_3.png","160679","4e1efd44189aa68771b5b7c632294c8778c0939d841524db8dbf12a5585c04b3","true","calculated","200","200","2.090973646","1","[190.893701,491.255898,650.981299,104.744102]","460.087598","386.511796","1676","11","[{""width_pt"":0.75,""count"":744},{""width_pt"":1,""count"":85}]","829","[{""width_pt"":0.75,""count"":829}]","[{""width_pt"":0.75,""count"":829}]","0","[140.412401,985.886797,1059.587599,214.113203]","919.175198","771.773594","600","600","[{""index"":0,""name"":""Монтажная область 1"",""rect"":[0,1200,1200,0],""width"":1200,""height"":1200}]","true","true","true","true","true","D:\AI\AITRASH\workspaces\project - Изменение масштаба для планировок квартир\09_outputs\_full_wip\20260727_full_mkd2\Корпус 2.1\х200_POZD_WEB_K2-1_s1_et1_3.ai","D:\AI\AITRASH\workspaces\project - Изменение масштаба для планировок квартир\09_outputs\_full_wip\20260727_full_mkd2\Корпус 2.1\х200_POZD_WEB_K2-1_s1_et1_3.png","D:\AI\AITRASH\workspaces\project - Изменение масштаба для планировок квартир\09_outputs\_diagnostics\full_20260727_full_mkd2\details\002_POZD_WEB_K2-1_s1_et1_3_attempt1.json","Pixel-native AI подтверждён после повторного открытия; обводки 0.75 px; s_raw=2.090973646."
"000_004_20260727_115903","3","1","OK","2026-07-27T12:01:14","Корпус 2.1/POZD_WEB_K2-1_s1_et1_4.ai","Корпус 2.1","D:\AI\AITRASH\LIBRARY\02_CATALOG\02_PRESALE_Поздняково\01_ARTIFACTS\МКД2\Корпус 2.1\POZD_WEB_K2-1_s1_et1_4.ai","D:\AI\AITRASH\LIBRARY\02_CATALOG\02_PRESALE_Поздняково\01_ARTIFACTS\МКД2\Корпус 2.1\POZD_WEB_K2-1_s1_et1_4.png","158370","db4dea501b9b9326093440acc61a557b1c1b8200f246b81e2c885da0cb7f9566","true","calculated","200","200","2.075451799","1","[190.982198,494.307084,651.892801,102.692916]","460.910603","391.614168","1666","11","[{""width_pt"":0.75,""count"":742},{""width_pt"":1,""count"":83}]","825","[{""width_pt"":0.75,""count"":825}]","[{""width_pt"":0.75,""count"":825}]","0","[139.589397,990.989168,1060.410603,209.010832]","920.821206","781.978336","600","600","[{""index"":0,""name"":""Монтажная область 1"",""rect"":[0,1200,1200,0],""width"":1200,""height"":1200}]","true","true","true","true","true","D:\AI\AITRASH\workspaces\project - Изменение масштаба для планировок квартир\09_outputs\_full_wip\20260727_full_mkd2\Корпус 2.1\х200_POZD_WEB_K2-1_s1_et1_4.ai","D:\AI\AITRASH\workspaces\project - Изменение масштаба для планировок квартир\09_outputs\_full_wip\20260727_full_mkd2\Корпус 2.1\х200_POZD_WEB_K2-1_s1_et1_4.png","D:\AI\AITRASH\workspaces\project - Изменение масштаба для планировок квартир\09_outputs\_diagnostics\full_20260727_full_mkd2\details\003_POZD_WEB_K2-1_s1_et1_4_attempt1.json","Pixel-native AI подтверждён после повторного открытия; обводки 0.75 px; s_raw=2.075451799."
"000_004_20260727_115903","4","1","OK","2026-07-27T12:01:42","Корпус 2.1/POZD_WEB_K2-1_s1_et1_5.ai","Корпус 2.1","D:\AI\AITRASH\LIBRARY\02_CATALOG\02_PRESALE_Поздняково\01_ARTIFACTS\МКД2\Корпус 2.1\POZD_WEB_K2-1_s1_et1_5.ai","D:\AI\AITRASH\LIBRARY\02_CATALOG\02_PRESALE_Поздняково\01_ARTIFACTS\МКД2\Корпус 2.1\POZD_WEB_K2-1_s1_et1_5.png","299838","40f9e5ba80dd64cce3baeff3c8bb498a74d661919059b2a0116159697019a17b","true","calculated","110","110","1.083748848","1","[-72.219311,525.260245,915.094311,70.841938]","987.313622","454.418307","4689","16","[{""width_pt"":0.75,""count"":2137},{""width_pt"":1,""count"":175}]","2312","[{""width_pt"":0.75,""count"":2312}]","[{""width_pt"":0.75,""count"":2312}]","0","[57.083758,849.836369,1142.916242,350.163631]","1085.832484","499.672738","600","600","[{""index"":0,""name"":""Монтажная область 1"",""rect"":[0,1200,1200,0],""width"":1200,""height"":1200}]","true","true","true","true","true","D:\AI\AITRASH\workspaces\project - Изменение масштаба для планировок квартир\09_outputs\_full_wip\20260727_full_mkd2\Корпус 2.1\х110_POZD_WEB_K2-1_s1_et1_5.ai","D:\AI\AITRASH\workspaces\project - Изменение масштаба для планировок квартир\09_outputs\_full_wip\20260727_full_mkd2\Корпус 2.1\х110_POZD_WEB_K2-1_s1_et1_5.png","D:\AI\AITRASH\workspaces\project - Изменение масштаба для планировок квартир\09_outputs\_diagnostics\full_20260727_full_mkd2\details\004_POZD_WEB_K2-1_s1_et1_5_attempt1.json","Pixel-native AI подтверждён после повторного открытия; обводки 0.75 px; s_raw=1.083748848."
"005_009_20260727_120316","5","1","OK","2026-07-27T12:03:16","Корпус 2.1/POZD_WEB_K2-1_s1_et1_6.ai","Корпус 2.1","D:\AI\AITRASH\LIBRARY\02_CATALOG\02_PRESALE_Поздняково\01_ARTIFACTS\МКД2\Корпус 2.1\POZD_WEB_K2-1_s1_et1_6.ai","D:\AI\AITRASH\LIBRARY\02_CATALOG\02_PRESALE_Поздняково\01_ARTIFACTS\МКД2\Корпус 2.1\POZD_WEB_K2-1_s1_et1_6.png","246504","7652598056ffb78da27866f056800eada1a44715d948fdac729aae664632fae1","true","calculated","200","200","2.006270676","1","[171.560216,495.148542,671.314784,108.635125]","499.754568","386.513417","3253","15","[{""width_pt"":0.75,""count"":1510},{""width_pt"":1,""count"":91}]","1601","[{""width_pt"":0.75,""count"":1601}]","[{""width_pt"":0.75,""count"":1601}]","0","[100.745433,985.907886,1099.254567,214.092115]","998.509134","771.815771","600","600.000001","[{""index"":0,""name"":""Монтажная область 1"",""rect"":[0,1200,1200,0],""width"":1200,""height"":1200}]","true","true","true","true","true","D:\AI\AITRASH\workspaces\project - Изменение масштаба для планировок квартир\09_outputs\_full_wip\20260727_full_mkd2\Корпус 2.1\х200_POZD_WEB_K2-1_s1_et1_6.ai","D:\AI\AITRASH\workspaces\project - Изменение масштаба для планировок квартир\09_outputs\_full_wip\20260727_full_mkd2\Корпус 2.1\х200_POZD_WEB_K2-1_s1_et1_6.png","D:\AI\AITRASH\workspaces\project - Изменение масштаба для планировок квартир\09_outputs\_diagnostics\full_20260727_full_mkd2\details\005_POZD_WEB_K2-1_s1_et1_6_attempt1.json","Pixel-native AI подтверждён после повторного открытия; обводки 0.75 px; s_raw=2.006270676."
"005_009_20260727_120316","6","1","OK","2026-07-27T12:04:05","Корпус 2.1/POZD_WEB_K2-1_s1_et2,4_3.ai","Корпус 2.1","D:\AI\AITRASH\LIBRARY\02_CATALOG\02_PRESALE_Поздняково\01_ARTIFACTS\МКД2\Корпус 2.1\POZD_WEB_K2-1_s1_et2,4_3.ai","D:\AI\AITRASH\LIBRARY\02_CATALOG\02_PRESALE_Поздняково\01_ARTIFACTS\МКД2\Корпус 2.1\POZD_WEB_K2-1_s1_et2,4_3.png","200532","49c9b429f2f4487bc24c40248a146107450b31fed9fb371c066caef90efc1d78","true","calculated","170","170","1.716429454","1","[190.893701,585.299215,650.981299,11.700785]","460.087598","573.59843","2454","10","[{""width_pt"":0.75,""count"":1090},{""width_pt"":1,""count"":124}]","1214","[{""width_pt"":0.75,""count"":1214}]","[{""width_pt"":0.75,""count"":1214}]","0","[209.294291,1087.083666,990.705709,112.916334]","781.411418","974.167332","600","600","[{""index"":0,""name"":""Монтажная область 1"",""rect"":[0,1200,1200,0],""width"":1200,""height"":1200}]","true","true","true","true","true","D:\AI\AITRASH\workspaces\project - Изменение масштаба для планировок квартир\09_outputs\_full_wip\20260727_full_mkd2\Корпус 2.1\х170_POZD_WEB_K2-1_s1_et2,4_3.ai","D:\AI\AITRASH\workspaces\project - Изменение масштаба для планировок квартир\09_outputs\_full_wip\20260727_full_mkd2\Корпус 2.1\х170_POZD_WEB_K2-1_s1_et2,4_3.png","D:\AI\AITRASH\workspaces\project - Изменение масштаба для планировок квартир\09_outputs\_diagnostics\full_20260727_full_mkd2\details\006_POZD_WEB_K2-1_s1_et2,4_3_attempt1.json","Pixel-native AI подтверждён после повторного открытия; обводки 0.75 px; s_raw=1.716429454."
"005_009_20260727_120316","7","1","OK","2026-07-27T12:04:35","Корпус 2.1/POZD_WEB_K2-1_s1_et2,4_5.ai","Корпус 2.1","D:\AI\AITRASH\LIBRARY\02_CATALOG\02_PRESALE_Поздняково\01_ARTIFACTS\МКД2\Корпус 2.1\POZD_WEB_K2-1_s1_et2,4_5.ai","D:\AI\AITRASH\LIBRARY\02_CATALOG\02_PRESALE_Поздняково\01_ARTIFACTS\МКД2\Корпус 2.1\POZD_WEB_K2-1_s1_et2,4_5.png","227914","176394bf4dbb15783337be2cca2ed9441232e4f58182874b221963ef41b950ed","true","calculated","120","120","1.208480438","1","[-21.204725,525.271654,864.204725,70.853346]","885.40945","454.418308","3534","10","[{""width_pt"":0.75,""count"":1591},{""width_pt"":1,""count"":154}]","1745","[{""width_pt"":0.75,""count"":1745}]","[{""width_pt"":0.75,""count"":1745}]","0","[68.979331,872.500984,1131.020669,327.499016]","1062.041338","545.001968","600","600","[{""index"":0,""name"":""Монтажная область 1"",""rect"":[0,1200,1200,0],""width"":1200,""height"":1200}]","true","true","true","true","true","D:\AI\AITRASH\workspaces\project - Изменение масштаба для планировок квартир\09_outputs\_full_wip\20260727_full_mkd2\Корпус 2.1\х120_POZD_WEB_K2-1_s1_et2,4_5.ai","D:\AI\AITRASH\workspaces\project - Изменение масштаба для планировок квартир\09_outputs\_full_wip\20260727_full_mkd2\Корпус 2.1\х120_POZD_WEB_K2-1_s1_et2,4_5.png","D:\AI\AITRASH\workspaces\project - Изменение масштаба для планировок квартир\09_outputs\_diagnostics\full_20260727_full_mkd2\details\007_POZD_WEB_K2-1_s1_et2,4_5_attempt1.json","Pixel-native AI подтверждён после повторного открытия; обводки 0.75 px; s_raw=1.208480438."
"005_009_20260727_120316","8","1","OK","2026-07-27T12:05:18","Корпус 2.1/POZD_WEB_K2-1_s1_et2,6_4.ai","Корпус 2.1","D:\AI\AITRASH\LIBRARY\02_CATALOG\02_PRESALE_Поздняково\01_ARTIFACTS\МКД2\Корпус 2.1\POZD_WEB_K2-1_s1_et2,6_4.ai","D:\AI\AITRASH\LIBRARY\02_CATALOG\02_PRESALE_Поздняково\01_ARTIFACTS\МКД2\Корпус 2.1\POZD_WEB_K2-1_s1_et2,6_4.png","160519","5ae2da643e0a175709d37dc7fc76cf0833e5e92c6431a11216ac3320a247a44f","true","calculated","200","200","2.075805242","1","[190.893701,494.090551,650.981299,101.909449]","460.087598","392.181102","1660","10","[{""width_pt"":0.75,""count"":738},{""width_pt"":1,""count"":86}]","824","[{""width_pt"":0.75,""count"":824}]","[{""width_pt"":0.75,""count"":824}]","0","[140.412401,991.556102,1059.587599,208.443898]","919.175198","783.112204","600","600","[{""index"":0,""name"":""Монтажная область 1"",""rect"":[0,1200,1200,0],""width"":1200,""height"":1200}]","true","true","true","true","true","D:\AI\AITRASH\workspaces\project - Изменение масштаба для планировок квартир\09_outputs\_full_wip\20260727_full_mkd2\Корпус 2.1\х200_POZD_WEB_K2-1_s1_et2,6_4.ai","D:\AI\AITRASH\workspaces\project - Изменение масштаба для планировок квартир\09_outputs\_full_wip\20260727_full_mkd2\Корпус 2.1\х200_POZD_WEB_K2-1_s1_et2,6_4.png","D:\AI\AITRASH\workspaces\project - Изменение масштаба для планировок квартир\09_outputs\_diagnostics\full_20260727_full_mkd2\details\008_POZD_WEB_K2-1_s1_et2,6_4_attempt1.json","Pixel-native AI подтверждён после повторного открытия; обводки 0.75 px; s_raw=2.075805242."
"005_009_20260727_120316","9","1","OK","2026-07-27T12:05:44","Корпус 2.1/POZD_WEB_K2-1_s1_et2_1.ai","Корпус 2.1","D:\AI\AITRASH\LIBRARY\02_CATALOG\02_PRESALE_Поздняково\01_ARTIFACTS\МКД2\Корпус 2.1\POZD_WEB_K2-1_s1_et2_1.ai","D:\AI\AITRASH\LIBRARY\02_CATALOG\02_PRESALE_Поздняково\01_ARTIFACTS\МКД2\Корпус 2.1\POZD_WEB_K2-1_s1_et2_1.png","196909","f08deaaa61016bc4f515cbb471b95abdd63137de0df0723e1303f320cf2b943b","true","calculated","170","170","1.783003009","1","[196.562991,570.484252,645.437009,25.640748]","448.874018","544.843504","2394","14","[{""width_pt"":0.75,""count"":1067},{""width_pt"":1,""count"":113}]","1180","[{""width_pt"":0.75,""count"":1180}]","[{""width_pt"":0.75,""count"":1180}]","0","[218.932085,1062.748228,981.067915,137.251772]","762.13583","925.496456","600","600","[{""index"":0,""name"":""Монтажная область 1"",""rect"":[0,1200,1200,0],""width"":1200,""height"":1200}]","true","true","true","true","true","D:\AI\AITRASH\workspaces\project - Изменение масштаба для планировок квартир\09_outputs\_full_wip\20260727_full_mkd2\Корпус 2.1\х170_POZD_WEB_K2-1_s1_et2_1.ai","D:\AI\AITRASH\workspaces\project - Изменение масштаба для планировок квартир\09_outputs\_full_wip\20260727_full_mkd2\Корпус 2.1\х170_POZD_WEB_K2-1_s1_et2_1.png","D:\AI\AITRASH\workspaces\project - Изменение масштаба для планировок квартир\09_outputs\_diagnostics\full_20260727_full_mkd2\details\009_POZD_WEB_K2-1_s1_et2_1_attempt1.json","Pixel-native AI подтверждён после повторного открытия; обводки 0.75 px; s_raw=1.783003009."
"010_014_20260727_120641","10","1","OK","2026-07-27T12:06:41","Корпус 2.1/POZD_WEB_K2-1_s1_et2_2.ai","Корпус 2.1","D:\AI\AITRASH\LIBRARY\02_CATALOG\02_PRESALE_Поздняково\01_ARTIFACTS\МКД2\Корпус 2.1\POZD_WEB_K2-1_s1_et2_2.ai","D:\AI\AITRASH\LIBRARY\02_CATALOG\02_PRESALE_Поздняково\01_ARTIFACTS\МКД2\Корпус 2.1\POZD_WEB_K2-1_s1_et2_2.png","202319","c7238ec6e97e2db2d601d0ba1fa309722127af09af97b37f19d7866fe86e9bde","true","calculated","170","170","1.755590894","1","[176.987205,556.452756,665.012795,39.547244]","488.02559","516.905512","2452","14","[{""width_pt"":0.75,""count"":1089},{""width_pt"":1,""count"":119}]","1208","[{""width_pt"":0.75,""count"":1208}]","[{""width_pt"":0.75,""count"":1208}]","0","[185.440748,1038.894686,1014.559252,161.105314]","829.118504","877.789372","600","600","[{""index"":0,""name"":""Монтажная область 1"",""rect"":[0,1200,1200,0],""width"":1200,""height"":1200}]","true","true","true","true","true","D:\AI\AITRASH\workspaces\project - Изменение масштаба для планировок квартир\09_outputs\_full_wip\20260727_full_mkd2\Корпус 2.1\х170_POZD_WEB_K2-1_s1_et2_2.ai","D:\AI\AITRASH\workspaces\project - Изменение масштаба для планировок квартир\09_outputs\_full_wip\20260727_full_mkd2\Корпус 2.1\х170_POZD_WEB_K2-1_s1_et2_2.png","D:\AI\AITRASH\workspaces\project - Изменение масштаба для планировок квартир\09_outputs\_diagnostics\full_20260727_full_mkd2\details\010_POZD_WEB_K2-1_s1_et2_2_attempt1.json","Pixel-native AI подтверждён после повторного открытия; обводки 0.75 px; s_raw=1.755590894."
"010_014_20260727_120641","11","1","OK","2026-07-27T12:07:21","Корпус 2.1/POZD_WEB_K2-1_s1_et2_6.ai","Корпус 2.1","D:\AI\AITRASH\LIBRARY\02_CATALOG\02_PRESALE_Поздняково\01_ARTIFACTS\МКД2\Корпус 2.1\POZD_WEB_K2-1_s1_et2_6.ai","D:\AI\AITRASH\LIBRARY\02_CATALOG\02_PRESALE_Поздняково\01_ARTIFACTS\МКД2\Корпус 2.1\POZD_WEB_K2-1_s1_et2_6.png","203896","cb9628a8fb5036c54ea6822457ba3ff90066a3709a98d659d9129c9ef15015d6","true","calculated","170","170","1.845807138","1","[222.574803,585.299221,620.425197,11.700779]","397.850394","573.598442","2672","10","[{""width_pt"":0.75,""count"":1201},{""width_pt"":1,""count"":117}]","1318","[{""width_pt"":0.75,""count"":1318}]","[{""width_pt"":0.75,""count"":1318}]","0","[262.302165,1087.083676,937.697835,112.916324]","675.39567","974.167352","600","600","[{""index"":0,""name"":""Монтажная область 1"",""rect"":[0,1200,1200,0],""width"":1200,""height"":1200}]","true","true","true","true","true","D:\AI\AITRASH\workspaces\project - Изменение масштаба для планировок квартир\09_outputs\_full_wip\20260727_full_mkd2\Корпус 2.1\х170_POZD_WEB_K2-1_s1_et2_6.ai","D:\AI\AITRASH\workspaces\project - Изменение масштаба для планировок квартир\09_outputs\_full_wip\20260727_full_mkd2\Корпус 2.1\х170_POZD_WEB_K2-1_s1_et2_6.png","D:\AI\AITRASH\workspaces\project - Изменение масштаба для планировок квартир\09_outputs\_diagnostics\full_20260727_full_mkd2\details\011_POZD_WEB_K2-1_s1_et2_6_attempt1.json","Pixel-native AI подтверждён после повторного открытия; обводки 0.75 px; s_raw=1.845807138."
"010_014_20260727_120641","12","1","OK","2026-07-27T12:07:54","Корпус 2.1/POZD_WEB_K2-1_s1_et3,5_1.ai","Корпус 2.1","D:\AI\AITRASH\LIBRARY\02_CATALOG\02_PRESALE_Поздняково\01_ARTIFACTS\МКД2\Корпус 2.1\POZD_WEB_K2-1_s1_et3,5_1.ai","D:\AI\AITRASH\LIBRARY\02_CATALOG\02_PRESALE_Поздняково\01_ARTIFACTS\МКД2\Корпус 2.1\POZD_WEB_K2-1_s1_et3,5_1.png","192006","cba1976b1389520fcdfadb293265777df0d44721c4e55831bf9b9041527d2966","true","calculated","170","170","1.830553323","1","[196.562992,556.452756,645.437008,39.547244]","448.874016","516.905512","2340","10","[{""width_pt"":0.75,""count"":1044},{""width_pt"":1,""count"":111}]","1155","[{""width_pt"":0.75,""count"":1155}]","[{""width_pt"":0.75,""count"":1155}]","0","[218.932087,1038.894685,981.067913,161.105315]","762.135826","877.78937","600","600","[{""index"":0,""name"":""Монтажная область 1"",""rect"":[0,1200,1200,0],""width"":1200,""height"":1200}]","true","true","true","true","true","D:\AI\AITRASH\workspaces\project - Изменение масштаба для планировок квартир\09_outputs\_full_wip\20260727_full_mkd2\Корпус 2.1\х170_POZD_WEB_K2-1_s1_et3,5_1.ai","D:\AI\AITRASH\workspaces\project - Изменение масштаба для планировок квартир\09_outputs\_full_wip\20260727_full_mkd2\Корпус 2.1\х170_POZD_WEB_K2-1_s1_et3,5_1.png","D:\AI\AITRASH\workspaces\project - Изменение масштаба для планировок квартир\09_outputs\_diagnostics\full_20260727_full_mkd2\details\012_POZD_WEB_K2-1_s1_et3,5_1_attempt1.json","Pixel-native AI подтверждён после повторного открытия; обводки 0.75 px; s_raw=1.830553323."
"010_014_20260727_120641","13","1","OK","2026-07-27T12:08:24","Корпус 2.1/POZD_WEB_K2-1_s1_et3,5_2.ai","Корпус 2.1","D:\AI\AITRASH\LIBRARY\02_CATALOG\02_PRESALE_Поздняково\01_ARTIFACTS\МКД2\Корпус 2.1\POZD_WEB_K2-1_s1_et3,5_2.ai","D:\AI\AITRASH\LIBRARY\02_CATALOG\02_PRESALE_Поздняково\01_ARTIFACTS\МКД2\Корпус 2.1\POZD_WEB_K2-1_s1_et3,5_2.png","195811","7e71dc84fde0920777cf12fa588b9aa88227bdae1bf4e21de84a760e4fe00faa","true","calculated","170","170","1.808107942","1","[190.893701,556.452756,650.981299,39.547244]","460.087598","516.905512","2396","10","[{""width_pt"":0.75,""count"":1065},{""width_pt"":1,""count"":117}]","1182","[{""width_pt"":0.75,""count"":1182}]","[{""width_pt"":0.75,""count"":1182}]","0","[209.294291,1038.894686,990.705709,161.105314]","781.411418","877.789372","600","600","[{""index"":0,""name"":""Монтажная область 1"",""rect"":[0,1200,1200,0],""width"":1200,""height"":1200}]","true","true","true","true","true","D:\AI\AITRASH\workspaces\project - Изменение масштаба для планировок квартир\09_outputs\_full_wip\20260727_full_mkd2\Корпус 2.1\х170_POZD_WEB_K2-1_s1_et3,5_2.ai","D:\AI\AITRASH\workspaces\project - Изменение масштаба для планировок квартир\09_outputs\_full_wip\20260727_full_mkd2\Корпус 2.1\х170_POZD_WEB_K2-1_s1_et3,5_2.png","D:\AI\AITRASH\workspaces\project - Изменение масштаба для планировок квартир\09_outputs\_diagnostics\full_20260727_full_mkd2\details\013_POZD_WEB_K2-1_s1_et3,5_2_attempt1.json","Pixel-native AI подтверждён после повторного открытия; обводки 0.75 px; s_raw=1.808107942."
"010_014_20260727_120641","14","1","OK","2026-07-27T12:08:55","Корпус 2.1/POZD_WEB_K2-1_s1_et3,5_3.ai","Корпус 2.1","D:\AI\AITRASH\LIBRARY\02_CATALOG\02_PRESALE_Поздняково\01_ARTIFACTS\МКД2\Корпус 2.1\POZD_WEB_K2-1_s1_et3,5_3.ai","D:\AI\AITRASH\LIBRARY\02_CATALOG\02_PRESALE_Поздняково\01_ARTIFACTS\МКД2\Корпус 2.1\POZD_WEB_K2-1_s1_et3,5_3.png","199355","6c762af12e0cdd795be079ffb5fbc59a542d5e517a843a1c8ddf88abca84dd55","true","calculated","170","170","1.716429475","1","[190.893701,585.299208,650.981299,11.700792]","460.087598","573.598416","2456","10","[{""width_pt"":0.75,""count"":1092},{""width_pt"":1,""count"":124}]","1216","[{""width_pt"":0.75,""count"":1216}]","[{""width_pt"":0.75,""count"":1216}]","0","[209.294291,1087.083654,990.705709,112.916346]","781.411418","974.167308","600","600","[{""index"":0,""name"":""Монтажная область 1"",""rect"":[0,1200,1200,0],""width"":1200,""height"":1200}]","true","true","true","true","true","D:\AI\AITRASH\workspaces\project - Изменение масштаба для планировок квартир\09_outputs\_full_wip\20260727_full_mkd2\Корпус 2.1\х170_POZD_WEB_K2-1_s1_et3,5_3.ai","D:\AI\AITRASH\workspaces\project - Изменение масштаба для планировок квартир\09_outputs\_full_wip\20260727_full_mkd2\Корпус 2.1\х170_POZD_WEB_K2-1_s1_et3,5_3.png","D:\AI\AITRASH\workspaces\project - Изменение масштаба для планировок квартир\09_outputs\_diagnostics\full_20260727_full_mkd2\details\014_POZD_WEB_K2-1_s1_et3,5_3_attempt1.json","Pixel-native AI подтверждён после повторного открытия; обводки 0.75 px; s_raw=1.716429475."
"015_019_20260727_120944","15","1","OK","2026-07-27T12:09:44","Корпус 2.1/POZD_WEB_K2-1_s1_et3,5_4.ai","Корпус 2.1","D:\AI\AITRASH\LIBRARY\02_CATALOG\02_PRESALE_Поздняково\01_ARTIFACTS\МКД2\Корпус 2.1\POZD_WEB_K2-1_s1_et3,5_4.ai","D:\AI\AITRASH\LIBRARY\02_CATALOG\02_PRESALE_Поздняково\01_ARTIFACTS\МКД2\Корпус 2.1\POZD_WEB_K2-1_s1_et3,5_4.png","161712","a5e0791ef94174e9050cefc6fd9c345ccd01b7878f521dfe623e7ec0df0ed40f","true","calculated","200","200","2.075805226","1","[190.893701,494.090554,650.981299,101.909446]","460.087598","392.181108","1651","10","[{""width_pt"":0.75,""count"":737},{""width_pt"":1,""count"":81}]","818","[{""width_pt"":0.75,""count"":818}]","[{""width_pt"":0.75,""count"":818}]","0","[140.412401,991.556108,1059.587599,208.443892]","919.175198","783.112216","600","600","[{""index"":0,""name"":""Монтажная область 1"",""rect"":[0,1200,1200,0],""width"":1200,""height"":1200}]","true","true","true","true","true","D:\AI\AITRASH\workspaces\project - Изменение масштаба для планировок квартир\09_outputs\_full_wip\20260727_full_mkd2\Корпус 2.1\х200_POZD_WEB_K2-1_s1_et3,5_4.ai","D:\AI\AITRASH\workspaces\project - Изменение масштаба для планировок квартир\09_outputs\_full_wip\20260727_full_mkd2\Корпус 2.1\х200_POZD_WEB_K2-1_s1_et3,5_4.png","D:\AI\AITRASH\workspaces\project - Изменение масштаба для планировок квартир\09_outputs\_diagnostics\full_20260727_full_mkd2\details\015_POZD_WEB_K2-1_s1_et3,5_4_attempt1.json","Pixel-native AI подтверждён после повторного открытия; обводки 0.75 px; s_raw=2.075805226."
"015_019_20260727_120944","16","1","OK","2026-07-27T12:10:12","Корпус 2.1/POZD_WEB_K2-1_s1_et3,5_5.ai","Корпус 2.1","D:\AI\AITRASH\LIBRARY\02_CATALOG\02_PRESALE_Поздняково\01_ARTIFACTS\МКД2\Корпус 2.1\POZD_WEB_K2-1_s1_et3,5_5.ai","D:\AI\AITRASH\LIBRARY\02_CATALOG\02_PRESALE_Поздняково\01_ARTIFACTS\МКД2\Корпус 2.1\POZD_WEB_K2-1_s1_et3,5_5.png","227778","3a91f804031ae1a4a62577e04ae9a57d41bffbbcda73903801707c9f67f246a0","true","calculated","120","120","1.208480438","1","[-21.204725,525.271654,864.204725,70.853346]","885.40945","454.418308","3524","10","[{""width_pt"":0.75,""count"":1589},{""width_pt"":1,""count"":154}]","1743","[{""width_pt"":0.75,""count"":1743}]","[{""width_pt"":0.75,""count"":1743}]","0","[68.979331,872.500984,1131.020669,327.499016]","1062.041338","545.001968","600","600","[{""index"":0,""name"":""Монтажная область 1"",""rect"":[0,1200,1200,0],""width"":1200,""height"":1200}]","true","true","true","true","true","D:\AI\AITRASH\workspaces\project - Изменение масштаба для планировок квартир\09_outputs\_full_wip\20260727_full_mkd2\Корпус 2.1\х120_POZD_WEB_K2-1_s1_et3,5_5.ai","D:\AI\AITRASH\workspaces\project - Изменение масштаба для планировок квартир\09_outputs\_full_wip\20260727_full_mkd2\Корпус 2.1\х120_POZD_WEB_K2-1_s1_et3,5_5.png","D:\AI\AITRASH\workspaces\project - Изменение масштаба для планировок квартир\09_outputs\_diagnostics\full_20260727_full_mkd2\details\016_POZD_WEB_K2-1_s1_et3,5_5_attempt1.json","Pixel-native AI подтверждён после повторного открытия; обводки 0.75 px; s_raw=1.208480438."
"015_019_20260727_120944","17","1","OK","2026-07-27T12:10:55","Корпус 2.1/POZD_WEB_K2-1_s1_et3,5_6.ai","Корпус 2.1","D:\AI\AITRASH\LIBRARY\02_CATALOG\02_PRESALE_Поздняково\01_ARTIFACTS\МКД2\Корпус 2.1\POZD_WEB_K2-1_s1_et3,5_6.ai","D:\AI\AITRASH\LIBRARY\02_CATALOG\02_PRESALE_Поздняково\01_ARTIFACTS\МКД2\Корпус 2.1\POZD_WEB_K2-1_s1_et3,5_6.png","204539","0a72f67f26edc44c028e1610e9840cb1599f52ff077907a768d22fb5d03e8f39","true","calculated","170","170","1.845807205","1","[222.574803,585.2992,620.425197,11.7008]","397.850394","573.5984","2674","10","[{""width_pt"":0.75,""count"":1203},{""width_pt"":1,""count"":117}]","1320","[{""width_pt"":0.75,""count"":1320}]","[{""width_pt"":0.75,""count"":1320}]","0","[262.302165,1087.083641,937.697835,112.916359]","675.39567","974.167282","600","600","[{""index"":0,""name"":""Монтажная область 1"",""rect"":[0,1200,1200,0],""width"":1200,""height"":1200}]","true","true","true","true","true","D:\AI\AITRASH\workspaces\project - Изменение масштаба для планировок квартир\09_outputs\_full_wip\20260727_full_mkd2\Корпус 2.1\х170_POZD_WEB_K2-1_s1_et3,5_6.ai","D:\AI\AITRASH\workspaces\project - Изменение масштаба для планировок квартир\09_outputs\_full_wip\20260727_full_mkd2\Корпус 2.1\х170_POZD_WEB_K2-1_s1_et3,5_6.png","D:\AI\AITRASH\workspaces\project - Изменение масштаба для планировок квартир\09_outputs\_diagnostics\full_20260727_full_mkd2\details\017_POZD_WEB_K2-1_s1_et3,5_6_attempt1.json","Pixel-native AI подтверждён после повторного открытия; обводки 0.75 px; s_raw=1.845807205."
"015_019_20260727_120944","18","1","OK","2026-07-27T12:11:27","Корпус 2.1/POZD_WEB_K2-1_s1_et4_1.ai","Корпус 2.1","D:\AI\AITRASH\LIBRARY\02_CATALOG\02_PRESALE_Поздняково\01_ARTIFACTS\МКД2\Корпус 2.1\POZD_WEB_K2-1_s1_et4_1.ai","D:\AI\AITRASH\LIBRARY\02_CATALOG\02_PRESALE_Поздняково\01_ARTIFACTS\МКД2\Корпус 2.1\POZD_WEB_K2-1_s1_et4_1.png","188568","e7aa136e0ed853f2d975512c8832374d3412c71218a4afb580aab00024b2cb3e","true","calculated","170","170","1.831506258","1","[196.687993,556.327755,645.312008,39.672244]","448.624015","516.655511","2330","10","[{""width_pt"":0.75,""count"":1040}]","1040","[{""width_pt"":0.75,""count"":1040}]","[{""width_pt"":0.75,""count"":1040}]","0","[218.932087,1038.894684,981.067912,161.105315]","762.135825","877.789369","600","600","[{""index"":0,""name"":""Монтажная область 1"",""rect"":[0,1200,1200,0],""width"":1200,""height"":1200}]","true","true","true","true","true","D:\AI\AITRASH\workspaces\project - Изменение масштаба для планировок квартир\09_outputs\_full_wip\20260727_full_mkd2\Корпус 2.1\х170_POZD_WEB_K2-1_s1_et4_1.ai","D:\AI\AITRASH\workspaces\project - Изменение масштаба для планировок квартир\09_outputs\_full_wip\20260727_full_mkd2\Корпус 2.1\х170_POZD_WEB_K2-1_s1_et4_1.png","D:\AI\AITRASH\workspaces\project - Изменение масштаба для планировок квартир\09_outputs\_diagnostics\full_20260727_full_mkd2\details\018_POZD_WEB_K2-1_s1_et4_1_attempt1.json","Pixel-native AI подтверждён после повторного открытия; обводки 0.75 px; s_raw=1.831506258."
"015_019_20260727_120944","19","1","OK","2026-07-27T12:11:57","Корпус 2.1/POZD_WEB_K2-1_s1_et4_2.ai","Корпус 2.1","D:\AI\AITRASH\LIBRARY\02_CATALOG\02_PRESALE_Поздняково\01_ARTIFACTS\МКД2\Корпус 2.1\POZD_WEB_K2-1_s1_et4_2.ai","D:\AI\AITRASH\LIBRARY\02_CATALOG\02_PRESALE_Поздняково\01_ARTIFACTS\МКД2\Корпус 2.1\POZD_WEB_K2-1_s1_et4_2.png","199732","2a44c0f77c128527434b7bfd2411a2178777b8d65767f627cf87175a88a77a18","true","calculated","170","170","1.761140672","1","[190.893701,570.484252,650.981299,25.640748]","460.087598","544.843504","2439","14","[{""width_pt"":0.75,""count"":1083},{""width_pt"":1,""count"":120}]","1203","[{""width_pt"":0.75,""count"":1203}]","[{""width_pt"":0.75,""count"":1203}]","0","[209.294291,1062.748228,990.705709,137.251772]","781.411418","925.496456","600","600","[{""index"":0,""name"":""Монтажная область 1"",""rect"":[0,1200,1200,0],""width"":1200,""height"":1200}]","true","true","true","true","true","D:\AI\AITRASH\workspaces\project - Изменение масштаба для планировок квартир\09_outputs\_full_wip\20260727_full_mkd2\Корпус 2.1\х170_POZD_WEB_K2-1_s1_et4_2.ai","D:\AI\AITRASH\workspaces\project - Изменение масштаба для планировок квартир\09_outputs\_full_wip\20260727_full_mkd2\Корпус 2.1\х170_POZD_WEB_K2-1_s1_et4_2.png","D:\AI\AITRASH\workspaces\project - Изменение масштаба для планировок квартир\09_outputs\_diagnostics\full_20260727_full_mkd2\details\019_POZD_WEB_K2-1_s1_et4_2_attempt1.json","Pixel-native AI подтверждён после повторного открытия; обводки 0.75 px; s_raw=1.761140672."
"020_024_20260727_121254","20","1","OK","2026-07-27T12:12:55","Корпус 2.1/POZD_WEB_K2-1_s1_et4_4.ai","Корпус 2.1","D:\AI\AITRASH\LIBRARY\02_CATALOG\02_PRESALE_Поздняково\01_ARTIFACTS\МКД2\Корпус 2.1\POZD_WEB_K2-1_s1_et4_4.ai","D:\AI\AITRASH\LIBRARY\02_CATALOG\02_PRESALE_Поздняково\01_ARTIFACTS\МКД2\Корпус 2.1\POZD_WEB_K2-1_s1_et4_4.png","164664","d5d1c7320bfa21f07ae0901e492681b33fc81a5123275f549cb718384c9248d9","true","calculated","200","200","2.01551288","1","[176.987205,494.090544,665.012795,101.909456]","488.02559","392.181088","1704","14","[{""width_pt"":0.75,""count"":757},{""width_pt"":1,""count"":88}]","845","[{""width_pt"":0.75,""count"":845}]","[{""width_pt"":0.75,""count"":845}]","0","[112.349409,991.556088,1087.650591,208.443912]","975.301182","783.112176","600","600","[{""index"":0,""name"":""Монтажная область 1"",""rect"":[0,1200,1200,0],""width"":1200,""height"":1200}]","true","true","true","true","true","D:\AI\AITRASH\workspaces\project - Изменение масштаба для планировок квартир\09_outputs\_full_wip\20260727_full_mkd2\Корпус 2.1\х200_POZD_WEB_K2-1_s1_et4_4.ai","D:\AI\AITRASH\workspaces\project - Изменение масштаба для планировок квартир\09_outputs\_full_wip\20260727_full_mkd2\Корпус 2.1\х200_POZD_WEB_K2-1_s1_et4_4.png","D:\AI\AITRASH\workspaces\project - Изменение масштаба для планировок квартир\09_outputs\_diagnostics\full_20260727_full_mkd2\details\020_POZD_WEB_K2-1_s1_et4_4_attempt1.json","Pixel-native AI подтверждён после повторного открытия; обводки 0.75 px; s_raw=2.01551288."
"020_024_20260727_121254","21","1","OK","2026-07-27T12:13:29","Корпус 2.1/POZD_WEB_K2-1_s1_et4_6.ai","Корпус 2.1","D:\AI\AITRASH\LIBRARY\02_CATALOG\02_PRESALE_Поздняково\01_ARTIFACTS\МКД2\Корпус 2.1\POZD_WEB_K2-1_s1_et4_6.ai","D:\AI\AITRASH\LIBRARY\02_CATALOG\02_PRESALE_Поздняково\01_ARTIFACTS\МКД2\Корпус 2.1\POZD_WEB_K2-1_s1_et4_6.png","208545","7b2fabc737c742eee29b29420972ecb93e1f93ef89f9e0573510bd274fdd7141","true","calculated","170","170","1.784223776","1","[208.543307,585.299207,634.331693,11.700793]","425.788386","573.598414","2696","13","[{""width_pt"":0.75,""count"":1211},{""width_pt"":1,""count"":118}]","1329","[{""width_pt"":0.75,""count"":1329}]","[{""width_pt"":0.75,""count"":1329}]","0","[238.448622,1087.083652,961.551378,112.916348]","723.102756","974.167304","600","600","[{""index"":0,""name"":""Монтажная область 1"",""rect"":[0,1200,1200,0],""width"":1200,""height"":1200}]","true","true","true","true","true","D:\AI\AITRASH\workspaces\project - Изменение масштаба для планировок квартир\09_outputs\_full_wip\20260727_full_mkd2\Корпус 2.1\х170_POZD_WEB_K2-1_s1_et4_6.ai","D:\AI\AITRASH\workspaces\project - Изменение масштаба для планировок квартир\09_outputs\_full_wip\20260727_full_mkd2\Корпус 2.1\х170_POZD_WEB_K2-1_s1_et4_6.png","D:\AI\AITRASH\workspaces\project - Изменение масштаба для планировок квартир\09_outputs\_diagnostics\full_20260727_full_mkd2\details\021_POZD_WEB_K2-1_s1_et4_6_attempt1.json","Pixel-native AI подтверждён после повторного открытия; обводки 0.75 px; s_raw=1.784223776."
"020_024_20260727_121254","22","1","OK","2026-07-27T12:14:07","Корпус 2.1/POZD_WEB_K2-1_s1_et6_1.ai","Корпус 2.1","D:\AI\AITRASH\LIBRARY\02_CATALOG\02_PRESALE_Поздняково\01_ARTIFACTS\МКД2\Корпус 2.1\POZD_WEB_K2-1_s1_et6_1.ai","D:\AI\AITRASH\LIBRARY\02_CATALOG\02_PRESALE_Поздняково\01_ARTIFACTS\МКД2\Корпус 2.1\POZD_WEB_K2-1_s1_et6_1.png","199524","354e3cd35d544a6638a9994414363eac25fb6ef1c15ba3b346ba6dd8ceb96bca","true","calculated","170","170","1.729978549","1","[182.531496,570.484252,659.343504,25.640748]","476.812008","544.843504","2461","13","[{""width_pt"":0.75,""count"":1094},{""width_pt"":1,""count"":118}]","1212","[{""width_pt"":0.75,""count"":1212}]","[{""width_pt"":0.75,""count"":1212}]","0","[195.078543,1062.748228,1004.921457,137.251772]","809.842914","925.496456","600","600","[{""index"":0,""name"":""Монтажная область 1"",""rect"":[0,1200,1200,0],""width"":1200,""height"":1200}]","true","true","true","true","true","D:\AI\AITRASH\workspaces\project - Изменение масштаба для планировок квартир\09_outputs\_full_wip\20260727_full_mkd2\Корпус 2.1\х170_POZD_WEB_K2-1_s1_et6_1.ai","D:\AI\AITRASH\workspaces\project - Изменение масштаба для планировок квартир\09_outputs\_full_wip\20260727_full_mkd2\Корпус 2.1\х170_POZD_WEB_K2-1_s1_et6_1.png","D:\AI\AITRASH\workspaces\project - Изменение масштаба для планировок квартир\09_outputs\_diagnostics\full_20260727_full_mkd2\details\022_POZD_WEB_K2-1_s1_et6_1_attempt1.json","Pixel-native AI подтверждён после повторного открытия; обводки 0.75 px; s_raw=1.729978549."
"020_024_20260727_121254","23","1","OK","2026-07-27T12:14:43","Корпус 2.1/POZD_WEB_K2-1_s1_et6_2.ai","Корпус 2.1","D:\AI\AITRASH\LIBRARY\02_CATALOG\02_PRESALE_Поздняково\01_ARTIFACTS\МКД2\Корпус 2.1\POZD_WEB_K2-1_s1_et6_2.ai","D:\AI\AITRASH\LIBRARY\02_CATALOG\02_PRESALE_Поздняково\01_ARTIFACTS\МКД2\Корпус 2.1\POZD_WEB_K2-1_s1_et6_2.png","202288","31a788b11f2d53c48b074029a2104766d0db32289cd676665fe721d2fbba7488","true","calculated","170","170","1.755590894","1","[176.987205,556.452756,665.012795,39.547244]","488.02559","516.905512","2443","13","[{""width_pt"":0.75,""count"":1084},{""width_pt"":1,""count"":119}]","1203","[{""width_pt"":0.75,""count"":1203}]","[{""width_pt"":0.75,""count"":1203}]","0","[185.440748,1038.894685,1014.559252,161.105315]","829.118504","877.78937","600","600","[{""index"":0,""name"":""Монтажная область 1"",""rect"":[0,1200,1200,0],""width"":1200,""height"":1200}]","true","true","true","true","true","D:\AI\AITRASH\workspaces\project - Изменение масштаба для планировок квартир\09_outputs\_full_wip\20260727_full_mkd2\Корпус 2.1\х170_POZD_WEB_K2-1_s1_et6_2.ai","D:\AI\AITRASH\workspaces\project - Изменение масштаба для планировок квартир\09_outputs\_full_wip\20260727_full_mkd2\Корпус 2.1\х170_POZD_WEB_K2-1_s1_et6_2.png","D:\AI\AITRASH\workspaces\project - Изменение масштаба для планировок квартир\09_outputs\_diagnostics\full_20260727_full_mkd2\details\023_POZD_WEB_K2-1_s1_et6_2_attempt1.json","Pixel-native AI подтверждён после повторного открытия; обводки 0.75 px; s_raw=1.755590894."
"020_024_20260727_121254","24","1","OK","2026-07-27T12:15:19","Корпус 2.1/POZD_WEB_K2-1_s1_et6_3.ai","Корпус 2.1","D:\AI\AITRASH\LIBRARY\02_CATALOG\02_PRESALE_Поздняково\01_ARTIFACTS\МКД2\Корпус 2.1\POZD_WEB_K2-1_s1_et6_3.ai","D:\AI\AITRASH\LIBRARY\02_CATALOG\02_PRESALE_Поздняково\01_ARTIFACTS\МКД2\Корпус 2.1\POZD_WEB_K2-1_s1_et6_3.png","201979","bfe3d1d9e2248fa66b6358532d0ea1a974d6f86a238d07bc0a5608ad4a7b7a60","true","calculated","170","170","1.666575268","1","[176.987205,585.299204,665.012795,11.700796]","488.02559","573.598408","2465","13","[{""width_pt"":0.75,""count"":1095},{""width_pt"":1,""count"":126}]","1221","[{""width_pt"":0.75,""count"":1221}]","[{""width_pt"":0.75,""count"":1221}]","0","[185.440748,1087.083648,1014.559252,112.916352]","829.118504","974.167296","600","600","[{""index"":0,""name"":""Монтажная область 1"",""rect"":[0,1200,1200,0],""width"":1200,""height"":1200}]","true","true","true","true","true","D:\AI\AITRASH\workspaces\project - Изменение масштаба для планировок квартир\09_outputs\_full_wip\20260727_full_mkd2\Корпус 2.1\х170_POZD_WEB_K2-1_s1_et6_3.ai","D:\AI\AITRASH\workspaces\project - Изменение масштаба для планировок квартир\09_outputs\_full_wip\20260727_full_mkd2\Корпус 2.1\х170_POZD_WEB_K2-1_s1_et6_3.png","D:\AI\AITRASH\workspaces\project - Изменение масштаба для планировок квартир\09_outputs\_diagnostics\full_20260727_full_mkd2\details\024_POZD_WEB_K2-1_s1_et6_3_attempt1.json","Pixel-native AI подтверждён после повторного открытия; обводки 0.75 px; s_raw=1.666575268."
"025_029_20260727_121613","25","1","OK","2026-07-27T12:16:13","Корпус 2.1/POZD_WEB_K2-1_s1_et6_5.ai","Корпус 2.1","D:\AI\AITRASH\LIBRARY\02_CATALOG\02_PRESALE_Поздняково\01_ARTIFACTS\МКД2\Корпус 2.1\POZD_WEB_K2-1_s1_et6_5.ai","D:\AI\AITRASH\LIBRARY\02_CATALOG\02_PRESALE_Поздняково\01_ARTIFACTS\МКД2\Корпус 2.1\POZD_WEB_K2-1_s1_et6_5.png","232857","518fc96bb16de4b4073de5db77e0ef3a28f71f8da398df3fcbb9d035b4334cd0","true","calculated","110","110","1.136743395","1","[-49.142717,525.271654,892.142717,70.853346]","941.285434","454.418308","3653","13","[{""width_pt"":0.75,""count"":1642},{""width_pt"":1,""count"":161}]","1803","[{""width_pt"":0.75,""count"":1803}]","[{""width_pt"":0.75,""count"":1803}]","0","[82.330512,849.823819,1117.669488,350.176181]","1035.338976","499.647638","600","600","[{""index"":0,""name"":""Монтажная область 1"",""rect"":[0,1200,1200,0],""width"":1200,""height"":1200}]","true","true","true","true","true","D:\AI\AITRASH\workspaces\project - Изменение масштаба для планировок квартир\09_outputs\_full_wip\20260727_full_mkd2\Корпус 2.1\х110_POZD_WEB_K2-1_s1_et6_5.ai","D:\AI\AITRASH\workspaces\project - Изменение масштаба для планировок квартир\09_outputs\_full_wip\20260727_full_mkd2\Корпус 2.1\х110_POZD_WEB_K2-1_s1_et6_5.png","D:\AI\AITRASH\workspaces\project - Изменение масштаба для планировок квартир\09_outputs\_diagnostics\full_20260727_full_mkd2\details\025_POZD_WEB_K2-1_s1_et6_5_attempt1.json","Pixel-native AI подтверждён после повторного открытия; обводки 0.75 px; s_raw=1.136743395."
"025_029_20260727_121613","26","1","OK","2026-07-27T12:17:03","Корпус 2.1/POZD_WEB_K2-1_s1_et6_6.ai","Корпус 2.1","D:\AI\AITRASH\LIBRARY\02_CATALOG\02_PRESALE_Поздняково\01_ARTIFACTS\МКД2\Корпус 2.1\POZD_WEB_K2-1_s1_et6_6.ai","D:\AI\AITRASH\LIBRARY\02_CATALOG\02_PRESALE_Поздняково\01_ARTIFACTS\МКД2\Корпус 2.1\POZD_WEB_K2-1_s1_et6_6.png","209552","fbafaa120a404839eb5727dd231567aea0acc7d4b06c531ecb4b685178e940d8","true","calculated","170","170","1.784223757","1","[208.543307,593.30315,634.331693,19.704724]","425.788386","573.598426","2725","13","[{""width_pt"":0.75,""count"":1223},{""width_pt"":1,""count"":121}]","1344","[{""width_pt"":0.75,""count"":1344}]","[{""width_pt"":0.75,""count"":1344}]","0","[238.448622,1087.083661,961.551378,112.916338]","723.102756","974.167323","600","600","[{""index"":0,""name"":""Монтажная область 1"",""rect"":[0,1200,1200,0],""width"":1200,""height"":1200}]","true","true","true","true","true","D:\AI\AITRASH\workspaces\project - Изменение масштаба для планировок квартир\09_outputs\_full_wip\20260727_full_mkd2\Корпус 2.1\х170_POZD_WEB_K2-1_s1_et6_6.ai","D:\AI\AITRASH\workspaces\project - Изменение масштаба для планировок квартир\09_outputs\_full_wip\20260727_full_mkd2\Корпус 2.1\х170_POZD_WEB_K2-1_s1_et6_6.png","D:\AI\AITRASH\workspaces\project - Изменение масштаба для планировок квартир\09_outputs\_diagnostics\full_20260727_full_mkd2\details\026_POZD_WEB_K2-1_s1_et6_6_attempt1.json","Pixel-native AI подтверждён после повторного открытия; обводки 0.75 px; s_raw=1.784223757."
"025_029_20260727_121613","27","1","OK","2026-07-27T12:17:40","Корпус 2.1/POZD_WEB_K2-1_s2_et1_1.ai","Корпус 2.1","D:\AI\AITRASH\LIBRARY\02_CATALOG\02_PRESALE_Поздняково\01_ARTIFACTS\МКД2\Корпус 2.1\POZD_WEB_K2-1_s2_et1_1.ai","D:\AI\AITRASH\LIBRARY\02_CATALOG\02_PRESALE_Поздняково\01_ARTIFACTS\МКД2\Корпус 2.1\POZD_WEB_K2-1_s2_et1_1.png","320028","33a702526ca34d99368725ae4ee8f15e4415209e06efd47839309939b21f48b0","true","calculated","170","170","1.664801669","1","[176.662579,585.015738,666.212421,11.984262]","489.549842","573.031476","4664","16","[{""width_pt"":0.75,""count"":2160},{""width_pt"":1,""count"":144}]","2304","[{""width_pt"":0.75,""count"":2304}]","[{""width_pt"":0.75,""count"":2304}]","0","[184.251384,1086.601754,1015.748616,113.398246]","831.497232","973.203508","600","600","[{""index"":0,""name"":""Монтажная область 1"",""rect"":[0,1200,1200,0],""width"":1200,""height"":1200}]","true","true","true","true","true","D:\AI\AITRASH\workspaces\project - Изменение масштаба для планировок квартир\09_outputs\_full_wip\20260727_full_mkd2\Корпус 2.1\х170_POZD_WEB_K2-1_s2_et1_1.ai","D:\AI\AITRASH\workspaces\project - Изменение масштаба для планировок квартир\09_outputs\_full_wip\20260727_full_mkd2\Корпус 2.1\х170_POZD_WEB_K2-1_s2_et1_1.png","D:\AI\AITRASH\workspaces\project - Изменение масштаба для планировок квартир\09_outputs\_diagnostics\full_20260727_full_mkd2\details\027_POZD_WEB_K2-1_s2_et1_1_attempt1.json","Pixel-native AI подтверждён после повторного открытия; обводки 0.75 px; s_raw=1.664801669."
"025_029_20260727_121613","28","1","OK","2026-07-27T12:18:48","Корпус 2.1/POZD_WEB_K2-1_s2_et1_2.ai","Корпус 2.1","D:\AI\AITRASH\LIBRARY\02_CATALOG\02_PRESALE_Поздняково\01_ARTIFACTS\МКД2\Корпус 2.1\POZD_WEB_K2-1_s2_et1_2.ai","D:\AI\AITRASH\LIBRARY\02_CATALOG\02_PRESALE_Поздняково\01_ARTIFACTS\МКД2\Корпус 2.1\POZD_WEB_K2-1_s2_et1_2.png","251731","6f163c5c5de16ebfe835086d633833874c0b2d74411b58b00d72f53078e5ce66","true","calculated","200","200","1.997414056","1","[176.662577,497.063631,666.212422,98.986456]","489.549845","398.077175","3228","15","[{""width_pt"":0.75,""count"":1481},{""width_pt"":1,""count"":105}]","1586","[{""width_pt"":0.75,""count"":1586}]","[{""width_pt"":0.75,""count"":1586}]","0","[110.950155,997.502262,1089.049844,202.497738]","978.099689","795.004524","600","600","[{""index"":0,""name"":""Монтажная область 1"",""rect"":[0,1200,1200,0],""width"":1200,""height"":1200}]","true","true","true","true","true","D:\AI\AITRASH\workspaces\project - Изменение масштаба для планировок квартир\09_outputs\_full_wip\20260727_full_mkd2\Корпус 2.1\х200_POZD_WEB_K2-1_s2_et1_2.ai","D:\AI\AITRASH\workspaces\project - Изменение масштаба для планировок квартир\09_outputs\_full_wip\20260727_full_mkd2\Корпус 2.1\х200_POZD_WEB_K2-1_s2_et1_2.png","D:\AI\AITRASH\workspaces\project - Изменение масштаба для планировок квартир\09_outputs\_diagnostics\full_20260727_full_mkd2\details\028_POZD_WEB_K2-1_s2_et1_2_attempt1.json","Pixel-native AI подтверждён после повторного открытия; обводки 0.75 px; s_raw=1.997414056."
"025_029_20260727_121613","29","1","OK","2026-07-27T12:19:32","Корпус 2.1/POZD_WEB_K2-1_s2_et1_3.ai","Корпус 2.1","D:\AI\AITRASH\LIBRARY\02_CATALOG\02_PRESALE_Поздняково\01_ARTIFACTS\МКД2\Корпус 2.1\POZD_WEB_K2-1_s2_et1_3.ai","D:\AI\AITRASH\LIBRARY\02_CATALOG\02_PRESALE_Поздняково\01_ARTIFACTS\МКД2\Корпус 2.1\POZD_WEB_K2-1_s2_et1_3.png","177013","10b669383e4ebaf6108f41a302bc738cc5bdb7125a8f25dedfcbc8e5ad4edc91","true","calculated","200","200","1.957319184","1","[165.948833,497.425192,676.051167,99.574808]","510.102334","397.850384","1979","10","[{""width_pt"":0.75,""count"":883},{""width_pt"":1,""count"":97}]","980","[{""width_pt"":0.75,""count"":980}]","[{""width_pt"":0.75,""count"":980}]","0","[90.522667,997.225385,1109.477333,202.774615]","1018.954666","794.45077","600","600","[{""index"":0,""name"":""Монтажная область 1"",""rect"":[0,1200,1200,0],""width"":1200,""height"":1200}]","true","true","true","true","true","D:\AI\AITRASH\workspaces\project - Изменение масштаба для планировок квартир\09_outputs\_full_wip\20260727_full_mkd2\Корпус 2.1\х200_POZD_WEB_K2-1_s2_et1_3.ai","D:\AI\AITRASH\workspaces\project - Изменение масштаба для планировок квартир\09_outputs\_full_wip\20260727_full_mkd2\Корпус 2.1\х200_POZD_WEB_K2-1_s2_et1_3.png","D:\AI\AITRASH\workspaces\project - Изменение масштаба для планировок квартир\09_outputs\_diagnostics\full_20260727_full_mkd2\details\029_POZD_WEB_K2-1_s2_et1_3_attempt1.json","Pixel-native AI подтверждён после повторного открытия; обводки 0.75 px; s_raw=1.957319184."
"030_034_20260727_122024","30","1","OK","2026-07-27T12:20:24","Корпус 2.1/POZD_WEB_K2-1_s2_et1_4.ai","Корпус 2.1","D:\AI\AITRASH\LIBRARY\02_CATALOG\02_PRESALE_Поздняково\01_ARTIFACTS\МКД2\Корпус 2.1\POZD_WEB_K2-1_s2_et1_4.ai","D:\AI\AITRASH\LIBRARY\02_CATALOG\02_PRESALE_Поздняково\01_ARTIFACTS\МКД2\Корпус 2.1\POZD_WEB_K2-1_s2_et1_4.png","158319","85267b102b3e5a6f0c80a715eb967667088583372dafa94caa5e48d22502a9f2","true","calculated","200","200","2.068163479","1","[185.791339,491.25591,656.083661,104.74409]","470.292322","386.51182","1692","10","[{""width_pt"":0.75,""count"":756},{""width_pt"":1,""count"":78}]","834","[{""width_pt"":0.75,""count"":834}]","[{""width_pt"":0.75,""count"":834}]","0","[130.207677,985.88682,1069.792323,214.11318]","939.584646","771.77364","600","600","[{""index"":0,""name"":""Монтажная область 1"",""rect"":[0,1200,1200,0],""width"":1200,""height"":1200}]","true","true","true","true","true","D:\AI\AITRASH\workspaces\project - Изменение масштаба для планировок квартир\09_outputs\_full_wip\20260727_full_mkd2\Корпус 2.1\х200_POZD_WEB_K2-1_s2_et1_4.ai","D:\AI\AITRASH\workspaces\project - Изменение масштаба для планировок квартир\09_outputs\_full_wip\20260727_full_mkd2\Корпус 2.1\х200_POZD_WEB_K2-1_s2_et1_4.png","D:\AI\AITRASH\workspaces\project - Изменение масштаба для планировок квартир\09_outputs\_diagnostics\full_20260727_full_mkd2\details\030_POZD_WEB_K2-1_s2_et1_4_attempt1.json","Pixel-native AI подтверждён после повторного открытия; обводки 0.75 px; s_raw=2.068163479."
"030_034_20260727_122024","31","1","OK","2026-07-27T12:20:52","Корпус 2.1/POZD_WEB_K2-1_s2_et1_5.ai","Корпус 2.1","D:\AI\AITRASH\LIBRARY\02_CATALOG\02_PRESALE_Поздняково\01_ARTIFACTS\МКД2\Корпус 2.1\POZD_WEB_K2-1_s2_et1_5.ai","D:\AI\AITRASH\LIBRARY\02_CATALOG\02_PRESALE_Поздняково\01_ARTIFACTS\МКД2\Корпус 2.1\POZD_WEB_K2-1_s2_et1_5.png","157003","ee5135f71ff5c2087d6cc8b7b44466c643809729e5bb8aba720a9b9141657686","true","calculated","200","200","2.053160616","1","[185.791339,484.877951,656.083661,92.696852]","470.292322","392.181099","1607","11","[{""width_pt"":0.75,""count"":719},{""width_pt"":1,""count"":74}]","793","[{""width_pt"":0.75,""count"":793}]","[{""width_pt"":0.75,""count"":793}]","0","[130.207677,991.556098,1069.792323,208.443901]","939.584646","783.112197","600","600","[{""index"":0,""name"":""Монтажная область 1"",""rect"":[0,1200,1200,0],""width"":1200,""height"":1200}]","true","true","true","true","true","D:\AI\AITRASH\workspaces\project - Изменение масштаба для планировок квартир\09_outputs\_full_wip\20260727_full_mkd2\Корпус 2.1\х200_POZD_WEB_K2-1_s2_et1_5.ai","D:\AI\AITRASH\workspaces\project - Изменение масштаба для планировок квартир\09_outputs\_full_wip\20260727_full_mkd2\Корпус 2.1\х200_POZD_WEB_K2-1_s2_et1_5.png","D:\AI\AITRASH\workspaces\project - Изменение масштаба для планировок квартир\09_outputs\_diagnostics\full_20260727_full_mkd2\details\031_POZD_WEB_K2-1_s2_et1_5_attempt1.json","Pixel-native AI подтверждён после повторного открытия; обводки 0.75 px; s_raw=2.053160616."
"030_034_20260727_122024","32","1","OK","2026-07-27T12:21:19","Корпус 2.1/POZD_WEB_K2-1_s2_et1_6.ai","Корпус 2.1","D:\AI\AITRASH\LIBRARY\02_CATALOG\02_PRESALE_Поздняково\01_ARTIFACTS\МКД2\Корпус 2.1\POZD_WEB_K2-1_s2_et1_6.ai","D:\AI\AITRASH\LIBRARY\02_CATALOG\02_PRESALE_Поздняково\01_ARTIFACTS\МКД2\Корпус 2.1\POZD_WEB_K2-1_s2_et1_6.png","205077","08ad1ff0945dc79d83442137fcff761a74d72852726b86ff8461370edc6d027c","true","calculated","170","170","1.662256588","1","[173.885827,583.173228,668.114173,13.826772]","494.228346","569.346456","2544","11","[{""width_pt"":0.75,""count"":1125},{""width_pt"":1,""count"":135}]","1260","[{""width_pt"":0.75,""count"":1260}]","[{""width_pt"":0.75,""count"":1260}]","0","[180.380905,1083.469488,1019.619095,116.530512]","839.23819","966.938976","600","600","[{""index"":0,""name"":""Монтажная область 1"",""rect"":[0,1200,1200,0],""width"":1200,""height"":1200}]","true","true","true","true","true","D:\AI\AITRASH\workspaces\project - Изменение масштаба для планировок квартир\09_outputs\_full_wip\20260727_full_mkd2\Корпус 2.1\х170_POZD_WEB_K2-1_s2_et1_6.ai","D:\AI\AITRASH\workspaces\project - Изменение масштаба для планировок квартир\09_outputs\_full_wip\20260727_full_mkd2\Корпус 2.1\х170_POZD_WEB_K2-1_s2_et1_6.png","D:\AI\AITRASH\workspaces\project - Изменение масштаба для планировок квартир\09_outputs\_diagnostics\full_20260727_full_mkd2\details\032_POZD_WEB_K2-1_s2_et1_6_attempt1.json","Pixel-native AI подтверждён после повторного открытия; обводки 0.75 px; s_raw=1.662256588."
"030_034_20260727_122024","33","1","OK","2026-07-27T12:21:53","Корпус 2.1/POZD_WEB_K2-1_s2_et1_7.ai","Корпус 2.1","D:\AI\AITRASH\LIBRARY\02_CATALOG\02_PRESALE_Поздняково\01_ARTIFACTS\МКД2\Корпус 2.1\POZD_WEB_K2-1_s2_et1_7.ai","D:\AI\AITRASH\LIBRARY\02_CATALOG\02_PRESALE_Поздняково\01_ARTIFACTS\МКД2\Корпус 2.1\POZD_WEB_K2-1_s2_et1_7.png","193250","2114e7fc83a7b300e0bc21bedf0a447d4a030f771e96ae8ec550c314974eee64","true","calculated","170","170","1.746828692","1","[134.7008,520.169291,708.2992,75.955709]","573.5984","444.213582","2405","11","[{""width_pt"":0.75,""count"":1071},{""width_pt"":1,""count"":122}]","1193","[{""width_pt"":0.75,""count"":1193}]","[{""width_pt"":0.75,""count"":1193}]","0","[112.91636,977.212795,1087.08364,222.787205]","974.16728","754.42559","600","600","[{""index"":0,""name"":""Монтажная область 1"",""rect"":[0,1200,1200,0],""width"":1200,""height"":1200}]","true","true","true","true","true","D:\AI\AITRASH\workspaces\project - Изменение масштаба для планировок квартир\09_outputs\_full_wip\20260727_full_mkd2\Корпус 2.1\х170_POZD_WEB_K2-1_s2_et1_7.ai","D:\AI\AITRASH\workspaces\project - Изменение масштаба для планировок квартир\09_outputs\_full_wip\20260727_full_mkd2\Корпус 2.1\х170_POZD_WEB_K2-1_s2_et1_7.png","D:\AI\AITRASH\workspaces\project - Изменение масштаба для планировок квартир\09_outputs\_diagnostics\full_20260727_full_mkd2\details\033_POZD_WEB_K2-1_s2_et1_7_attempt1.json","Pixel-native AI подтверждён после повторного открытия; обводки 0.75 px; s_raw=1.746828692."
"030_034_20260727_122024","34","1","OK","2026-07-27T12:22:25","Корпус 2.1/POZD_WEB_K2-1_s2_et1_8.ai","Корпус 2.1","D:\AI\AITRASH\LIBRARY\02_CATALOG\02_PRESALE_Поздняково\01_ARTIFACTS\МКД2\Корпус 2.1\POZD_WEB_K2-1_s2_et1_8.ai","D:\AI\AITRASH\LIBRARY\02_CATALOG\02_PRESALE_Поздняково\01_ARTIFACTS\МКД2\Корпус 2.1\POZD_WEB_K2-1_s2_et1_8.png","218560","833ebb6addf547586b3fed5d00c3bf790146e56c69732ae476abcba1a75209c2","true","calculated","150","150","1.589441311","1","[103.644688,540.011806,739.480312,55.988194]","635.835624","484.023612","2756","10","[{""width_pt"":0.75,""count"":1231},{""width_pt"":1,""count"":132}]","1363","[{""width_pt"":0.75,""count"":1363}]","[{""width_pt"":0.75,""count"":1363}]","0","[123.404532,962.642709,1076.595468,237.357291]","953.190936","725.285418","600","600","[{""index"":0,""name"":""Монтажная область 1"",""rect"":[0,1200,1200,0],""width"":1200,""height"":1200}]","true","true","true","true","true","D:\AI\AITRASH\workspaces\project - Изменение масштаба для планировок квартир\09_outputs\_full_wip\20260727_full_mkd2\Корпус 2.1\х150_POZD_WEB_K2-1_s2_et1_8.ai","D:\AI\AITRASH\workspaces\project - Изменение масштаба для планировок квартир\09_outputs\_full_wip\20260727_full_mkd2\Корпус 2.1\х150_POZD_WEB_K2-1_s2_et1_8.png","D:\AI\AITRASH\workspaces\project - Изменение масштаба для планировок квартир\09_outputs\_diagnostics\full_20260727_full_mkd2\details\034_POZD_WEB_K2-1_s2_et1_8_attempt1.json","Pixel-native AI подтверждён после повторного открытия; обводки 0.75 px; s_raw=1.589441311."
"035_040_20260727_122313","35","1","OK","2026-07-27T12:23:14","Корпус 2.1/POZD_WEB_K2-1_s2_et2,4_1.ai","Корпус 2.1","D:\AI\AITRASH\LIBRARY\02_CATALOG\02_PRESALE_Поздняково\01_ARTIFACTS\МКД2\Корпус 2.1\POZD_WEB_K2-1_s2_et2,4_1.ai","D:\AI\AITRASH\LIBRARY\02_CATALOG\02_PRESALE_Поздняково\01_ARTIFACTS\МКД2\Корпус 2.1\POZD_WEB_K2-1_s2_et2,4_1.png","192719","bbefad49157c4fe03eeef40a8838ce7d4c41c010269d2f127e8a15e4fee9b9e2","true","calculated","200","200","1.865416653","1","[227.677165,585.299198,615.322835,11.700802]","387.64567","573.598396","2453","10","[{""width_pt"":0.75,""count"":1107},{""width_pt"":1,""count"":107}]","1214","[{""width_pt"":0.75,""count"":1214}]","[{""width_pt"":0.75,""count"":1214}]","0","[212.979331,1172.973396,987.020669,27.026604]","774.041338","1145.946792","600","600","[{""index"":0,""name"":""Монтажная область 1"",""rect"":[0,1200,1200,0],""width"":1200,""height"":1200}]","true","true","true","true","true","D:\AI\AITRASH\workspaces\project - Изменение масштаба для планировок квартир\09_outputs\_full_wip\20260727_full_mkd2\Корпус 2.1\х200_POZD_WEB_K2-1_s2_et2,4_1.ai","D:\AI\AITRASH\workspaces\project - Изменение масштаба для планировок квартир\09_outputs\_full_wip\20260727_full_mkd2\Корпус 2.1\х200_POZD_WEB_K2-1_s2_et2,4_1.png","D:\AI\AITRASH\workspaces\project - Изменение масштаба для планировок квартир\09_outputs\_diagnostics\full_20260727_full_mkd2\details\035_POZD_WEB_K2-1_s2_et2,4_1_attempt1.json","Pixel-native AI подтверждён после повторного открытия; обводки 0.75 px; s_raw=1.865416653."
"035_040_20260727_122313","36","1","OK","2026-07-27T12:23:45","Корпус 2.1/POZD_WEB_K2-1_s2_et2,4_4.ai","Корпус 2.1","D:\AI\AITRASH\LIBRARY\02_CATALOG\02_PRESALE_Поздняково\01_ARTIFACTS\МКД2\Корпус 2.1\POZD_WEB_K2-1_s2_et2,4_4.ai","D:\AI\AITRASH\LIBRARY\02_CATALOG\02_PRESALE_Поздняково\01_ARTIFACTS\МКД2\Корпус 2.1\POZD_WEB_K2-1_s2_et2,4_4.png","166806","128e79d674af1e97f5d9eb29028428612ae27269a769599f2df22e529c0e7ad4","true","calculated","200","200","2.068163538","1","[185.791339,491.255899,656.083661,104.744101]","470.292322","386.511798","1732","10","[{""width_pt"":0.75,""count"":768},{""width_pt"":1,""count"":90}]","858","[{""width_pt"":0.75,""count"":858}]","[{""width_pt"":0.75,""count"":858}]","0","[130.207677,985.886798,1069.792323,214.113202]","939.584646","771.773596","600","600","[{""index"":0,""name"":""Монтажная область 1"",""rect"":[0,1200,1200,0],""width"":1200,""height"":1200}]","true","true","true","true","true","D:\AI\AITRASH\workspaces\project - Изменение масштаба для планировок квартир\09_outputs\_full_wip\20260727_full_mkd2\Корпус 2.1\х200_POZD_WEB_K2-1_s2_et2,4_4.ai","D:\AI\AITRASH\workspaces\project - Изменение масштаба для планировок квартир\09_outputs\_full_wip\20260727_full_mkd2\Корпус 2.1\х200_POZD_WEB_K2-1_s2_et2,4_4.png","D:\AI\AITRASH\workspaces\project - Изменение масштаба для планировок квартир\09_outputs\_diagnostics\full_20260727_full_mkd2\details\036_POZD_WEB_K2-1_s2_et2,4_4_attempt1.json","Pixel-native AI подтверждён после повторного открытия; обводки 0.75 px; s_raw=2.068163538."
"035_040_20260727_122313","37","1","OK","2026-07-27T12:24:12","Корпус 2.1/POZD_WEB_K2-1_s2_et2,4_8.ai","Корпус 2.1","D:\AI\AITRASH\LIBRARY\02_CATALOG\02_PRESALE_Поздняково\01_ARTIFACTS\МКД2\Корпус 2.1\POZD_WEB_K2-1_s2_et2,4_8.ai","D:\AI\AITRASH\LIBRARY\02_CATALOG\02_PRESALE_Поздняково\01_ARTIFACTS\МКД2\Корпус 2.1\POZD_WEB_K2-1_s2_et2,4_8.png","217776","e9baa74653eb2c18f091f7391011caa2d6ef6df00d322992c618050917dac999","true","calculated","170","170","1.707548159","1","[134.643385,530.396517,708.356615,65.603483]","573.71323","464.793034","2673","10","[{""width_pt"":0.75,""count"":1199},{""width_pt"":1,""count"":116}]","1315","[{""width_pt"":0.75,""count"":1315}]","[{""width_pt"":0.75,""count"":1315}]","0","[112.818754,994.599079,1087.181246,205.400921]","974.362492","789.198158","600","600","[{""index"":0,""name"":""Монтажная область 1"",""rect"":[0,1200,1200,0],""width"":1200,""height"":1200}]","true","true","true","true","true","D:\AI\AITRASH\workspaces\project - Изменение масштаба для планировок квартир\09_outputs\_full_wip\20260727_full_mkd2\Корпус 2.1\х170_POZD_WEB_K2-1_s2_et2,4_8.ai","D:\AI\AITRASH\workspaces\project - Изменение масштаба для планировок квартир\09_outputs\_full_wip\20260727_full_mkd2\Корпус 2.1\х170_POZD_WEB_K2-1_s2_et2,4_8.png","D:\AI\AITRASH\workspaces\project - Изменение масштаба для планировок квартир\09_outputs\_diagnostics\full_20260727_full_mkd2\details\037_POZD_WEB_K2-1_s2_et2,4_8_attempt1.json","Pixel-native AI подтверждён после повторного открытия; обводки 0.75 px; s_raw=1.707548159."
"035_040_20260727_122313","39","1","OK","2026-07-27T12:24:44","Корпус 2.1/POZD_WEB_K2-1_s2_et2,6_3.ai","Корпус 2.1","D:\AI\AITRASH\LIBRARY\02_CATALOG\02_PRESALE_Поздняково\01_ARTIFACTS\МКД2\Корпус 2.1\POZD_WEB_K2-1_s2_et2,6_3.ai","D:\AI\AITRASH\LIBRARY\02_CATALOG\02_PRESALE_Поздняково\01_ARTIFACTS\МКД2\Корпус 2.1\POZD_WEB_K2-1_s2_et2,6_3.png","169304","0e687d77ff599198fcd5a1d6296bed662929a7f02d19f0f3eeaa8ff46dc9dff2","true","calculated","200","200","1.957319038","1","[165.948795,497.425192,676.051205,99.574808]","510.10241","397.850384","1813","10","[{""width_pt"":0.75,""count"":804},{""width_pt"":1,""count"":93}]","897","[{""width_pt"":0.75,""count"":897}]","[{""width_pt"":0.75,""count"":897}]","0","[90.522591,997.225384,1109.477409,202.774616]","1018.954818","794.450768","600","600","[{""index"":0,""name"":""Монтажная область 1"",""rect"":[0,1200,1200,0],""width"":1200,""height"":1200}]","true","true","true","true","true","D:\AI\AITRASH\workspaces\project - Изменение масштаба для планировок квартир\09_outputs\_full_wip\20260727_full_mkd2\Корпус 2.1\х200_POZD_WEB_K2-1_s2_et2,6_3.ai","D:\AI\AITRASH\workspaces\project - Изменение масштаба для планировок квартир\09_outputs\_full_wip\20260727_full_mkd2\Корпус 2.1\х200_POZD_WEB_K2-1_s2_et2,6_3.png","D:\AI\AITRASH\workspaces\project - Изменение масштаба для планировок квартир\09_outputs\_diagnostics\full_20260727_full_mkd2\details\039_POZD_WEB_K2-1_s2_et2,6_3_attempt1.json","Pixel-native AI подтверждён после повторного открытия; обводки 0.75 px; s_raw=1.957319038."
"035_040_20260727_122313","40","1","OK","2026-07-27T12:25:11","Корпус 2.1/POZD_WEB_K2-1_s2_et2,6_5.ai","Корпус 2.1","D:\AI\AITRASH\LIBRARY\02_CATALOG\02_PRESALE_Поздняково\01_ARTIFACTS\МКД2\Корпус 2.1\POZD_WEB_K2-1_s2_et2,6_5.ai","D:\AI\AITRASH\LIBRARY\02_CATALOG\02_PRESALE_Поздняково\01_ARTIFACTS\МКД2\Корпус 2.1\POZD_WEB_K2-1_s2_et2,6_5.png","162497","472db064064a2a9ed6aa7190465dbcf5edbd8c26be3fb13edd53d337e81ac23f","true","calculated","200","200","2.053160582","1","[185.791339,494.090556,656.083661,101.909444]","470.292322","392.181112","1699","10","[{""width_pt"":0.75,""count"":753},{""width_pt"":1,""count"":86}]","839","[{""width_pt"":0.75,""count"":839}]","[{""width_pt"":0.75,""count"":839}]","0","[130.207677,991.556112,1069.792323,208.443888]","939.584646","783.112224","600","600","[{""index"":0,""name"":""Монтажная область 1"",""rect"":[0,1200,1200,0],""width"":1200,""height"":1200}]","true","true","true","true","true","D:\AI\AITRASH\workspaces\project - Изменение масштаба для планировок квартир\09_outputs\_full_wip\20260727_full_mkd2\Корпус 2.1\х200_POZD_WEB_K2-1_s2_et2,6_5.ai","D:\AI\AITRASH\workspaces\project - Изменение масштаба для планировок квартир\09_outputs\_full_wip\20260727_full_mkd2\Корпус 2.1\х200_POZD_WEB_K2-1_s2_et2,6_5.png","D:\AI\AITRASH\workspaces\project - Изменение масштаба для планировок квартир\09_outputs\_diagnostics\full_20260727_full_mkd2\details\040_POZD_WEB_K2-1_s2_et2,6_5_attempt1.json","Pixel-native AI подтверждён после повторного открытия; обводки 0.75 px; s_raw=2.053160582."
"038_038_20260727_113330","38","1","OK","2026-07-27T11:33:32","Корпус 2.1/POZD_WEB_K2-1_s2_et2,6_2.ai","Корпус 2.1","D:\AI\AITRASH\LIBRARY\02_CATALOG\02_PRESALE_Поздняково\01_ARTIFACTS\МКД2\Корпус 2.1\POZD_WEB_K2-1_s2_et2,6_2.ai","D:\AI\AITRASH\LIBRARY\02_CATALOG\02_PRESALE_Поздняково\01_ARTIFACTS\МКД2\Корпус 2.1\POZD_WEB_K2-1_s2_et2,6_2.png","165853","d11051b9e2a6d5324b00574e47b49b80f9731c640f99239629f140d504a2866f","true","calculated","200","200","2.245082433","1","[227.645663,497.43026,615.354337,99.570243]","387.708674","397.860017","1683","10","[{""width_pt"":0.75,""count"":749},{""width_pt"":1,""count"":84}]","833","[{""width_pt"":0.75,""count"":833}]","[{""width_pt"":0.75,""count"":833}]","0","[212.916326,997.234702,987.083674,202.765298]","774.167348","794.469404","600","600","[{""index"":0,""name"":""Монтажная область 1"",""rect"":[0,1200,1200,0],""width"":1200,""height"":1200}]","true","true","true","regression_proven","true","D:\AI\AITRASH\workspaces\project - Изменение масштаба для планировок квартир\09_outputs\_full_wip\20260727_full_mkd2\Корпус 2.1\х200_POZD_WEB_K2-1_s2_et2,6_2.ai","D:\AI\AITRASH\workspaces\project - Изменение масштаба для планировок квартир\09_outputs\_full_wip\20260727_full_mkd2\Корпус 2.1\х200_POZD_WEB_K2-1_s2_et2,6_2.png","D:\AI\AITRASH\workspaces\project - Изменение масштаба для планировок квартир\09_outputs\_diagnostics\full_20260727_full_mkd2\details\038_POZD_WEB_K2-1_s2_et2,6_2_attempt1.json","Pixel-native AI подтверждён после повторного открытия; обводки 0.75 px; s_raw=2.245082433."
"038_038_20260727_162429","38","2","OK","2026-07-27T16:24:32","Корпус 2.1/POZD_WEB_K2-1_s2_et2,6_2.ai","Корпус 2.1","D:\AI\AITRASH\LIBRARY\02_CATALOG\02_PRESALE_Поздняково\01_ARTIFACTS\МКД2\Корпус 2.1\POZD_WEB_K2-1_s2_et2,6_2.ai","D:\AI\AITRASH\LIBRARY\02_CATALOG\02_PRESALE_Поздняково\01_ARTIFACTS\МКД2\Корпус 2.1\POZD_WEB_K2-1_s2_et2,6_2.png","165853","d11051b9e2a6d5324b00574e47b49b80f9731c640f99239629f140d504a2866f","true","calculated","200","200","2.245082433","1","[227.645663,497.43026,615.354337,99.570243]","387.708674","397.860017","1683","10","[{""width_pt"":0.75,""count"":749},{""width_pt"":1,""count"":84}]","833","[{""width_pt"":0.75,""count"":833}]","[{""width_pt"":0.75,""count"":833}]","0","[212.916326,997.234702,987.083674,202.765298]","774.167348","794.469404","600","600","[{""index"":0,""name"":""Монтажная область 1"",""rect"":[0,1200,1200,0],""width"":1200,""height"":1200}]","true","true","true","true","true","D:\AI\AITRASH\workspaces\project - Изменение масштаба для планировок квартир\09_outputs\_full_wip\20260727_full_mkd2\Корпус 2.1\х200_POZD_WEB_K2-1_s2_et2,6_2.ai","D:\AI\AITRASH\workspaces\project - Изменение масштаба для планировок квартир\09_outputs\_full_wip\20260727_full_mkd2\Корпус 2.1\х200_POZD_WEB_K2-1_s2_et2,6_2.png","D:\AI\AITRASH\workspaces\project - Изменение масштаба для планировок квартир\09_outputs\_diagnostics\full_20260727_full_mkd2\details\038_POZD_WEB_K2-1_s2_et2,6_2_attempt2.json","Pixel-native AI подтверждён после повторного открытия; обводки 0.75 px; s_raw=2.245082433."
"041_045_20260727_122553","41","1","OK","2026-07-27T12:25:53","Корпус 2.1/POZD_WEB_K2-1_s2_et2_6.ai","Корпус 2.1","D:\AI\AITRASH\LIBRARY\02_CATALOG\02_PRESALE_Поздняково\01_ARTIFACTS\МКД2\Корпус 2.1\POZD_WEB_K2-1_s2_et2_6.ai","D:\AI\AITRASH\LIBRARY\02_CATALOG\02_PRESALE_Поздняково\01_ARTIFACTS\МКД2\Корпус 2.1\POZD_WEB_K2-1_s2_et2_6.png","223988","ce2a7a4ee5d4d45f58da843c0b149254a44af952caf8b2c2b4e52fd3cd558b13","true","calculated","150","150","1.507052335","1","[173.885818,644.326774,668.114182,-48.326774]","494.228364","692.653548","3200","10","[{""width_pt"":0.75,""count"":1429},{""width_pt"":1,""count"":151}]","1580","[{""width_pt"":0.75,""count"":1580}]","[{""width_pt"":0.75,""count"":1580}]","0","[229.703727,1119.115162,970.296273,80.884838]","740.592546","1038.230324","600","600","[{""index"":0,""name"":""Монтажная область 1"",""rect"":[0,1200,1200,0],""width"":1200,""height"":1200}]","true","true","true","true","true","D:\AI\AITRASH\workspaces\project - Изменение масштаба для планировок квартир\09_outputs\_full_wip\20260727_full_mkd2\Корпус 2.1\х150_POZD_WEB_K2-1_s2_et2_6.ai","D:\AI\AITRASH\workspaces\project - Изменение масштаба для планировок квартир\09_outputs\_full_wip\20260727_full_mkd2\Корпус 2.1\х150_POZD_WEB_K2-1_s2_et2_6.png","D:\AI\AITRASH\workspaces\project - Изменение масштаба для планировок квартир\09_outputs\_diagnostics\full_20260727_full_mkd2\details\041_POZD_WEB_K2-1_s2_et2_6_attempt1.json","Pixel-native AI подтверждён после повторного открытия; обводки 0.75 px; s_raw=1.507052335."
"041_045_20260727_122553","42","1","OK","2026-07-27T12:26:32","Корпус 2.1/POZD_WEB_K2-1_s2_et2_7.ai","Корпус 2.1","D:\AI\AITRASH\LIBRARY\02_CATALOG\02_PRESALE_Поздняково\01_ARTIFACTS\МКД2\Корпус 2.1\POZD_WEB_K2-1_s2_et2_7.ai","D:\AI\AITRASH\LIBRARY\02_CATALOG\02_PRESALE_Поздняково\01_ARTIFACTS\МКД2\Корпус 2.1\POZD_WEB_K2-1_s2_et2_7.png","189288","17ca6a3bcf0cf4b6d07bd73d5b78989ef366f0cf179268c6f17cf006ad357eae","true","calculated","170","170","1.746828692","1","[134.7008,520.169291,708.2992,75.955709]","573.5984","444.213582","2302","10","[{""width_pt"":0.75,""count"":1025},{""width_pt"":1,""count"":117}]","1142","[{""width_pt"":0.75,""count"":1142}]","[{""width_pt"":0.75,""count"":1142}]","0","[112.91636,977.212795,1087.08364,222.787205]","974.16728","754.42559","600","600","[{""index"":0,""name"":""Монтажная область 1"",""rect"":[0,1200,1200,0],""width"":1200,""height"":1200}]","true","true","true","true","true","D:\AI\AITRASH\workspaces\project - Изменение масштаба для планировок квартир\09_outputs\_full_wip\20260727_full_mkd2\Корпус 2.1\х170_POZD_WEB_K2-1_s2_et2_7.ai","D:\AI\AITRASH\workspaces\project - Изменение масштаба для планировок квартир\09_outputs\_full_wip\20260727_full_mkd2\Корпус 2.1\х170_POZD_WEB_K2-1_s2_et2_7.png","D:\AI\AITRASH\workspaces\project - Изменение масштаба для планировок квартир\09_outputs\_diagnostics\full_20260727_full_mkd2\details\042_POZD_WEB_K2-1_s2_et2_7_attempt1.json","Pixel-native AI подтверждён после повторного открытия; обводки 0.75 px; s_raw=1.746828692."
"041_045_20260727_122553","43","1","OK","2026-07-27T12:27:00","Корпус 2.1/POZD_WEB_K2-1_s2_et2_9.ai","Корпус 2.1","D:\AI\AITRASH\LIBRARY\02_CATALOG\02_PRESALE_Поздняково\01_ARTIFACTS\МКД2\Корпус 2.1\POZD_WEB_K2-1_s2_et2_9.ai","D:\AI\AITRASH\LIBRARY\02_CATALOG\02_PRESALE_Поздняково\01_ARTIFACTS\МКД2\Корпус 2.1\POZD_WEB_K2-1_s2_et2_9.png","211761","c84d4188a52ed48c2880248603ce3b4c32259bb975337b2bc548ecf76139584f","true","calculated","170","170","1.689982649","1","[106.688832,515.029016,735.311168,81.970984]","628.622336","433.058032","2822","10","[{""width_pt"":0.75,""count"":1263},{""width_pt"":1,""count"":134}]","1397","[{""width_pt"":0.75,""count"":1397}]","[{""width_pt"":0.75,""count"":1397}]","0","[66.146854,967.624326,1133.853146,232.375674]","1067.706292","735.248652","600","600","[{""index"":0,""name"":""Монтажная область 1"",""rect"":[0,1200,1200,0],""width"":1200,""height"":1200}]","true","true","true","true","true","D:\AI\AITRASH\workspaces\project - Изменение масштаба для планировок квартир\09_outputs\_full_wip\20260727_full_mkd2\Корпус 2.1\х170_POZD_WEB_K2-1_s2_et2_9.ai","D:\AI\AITRASH\workspaces\project - Изменение масштаба для планировок квартир\09_outputs\_full_wip\20260727_full_mkd2\Корпус 2.1\х170_POZD_WEB_K2-1_s2_et2_9.png","D:\AI\AITRASH\workspaces\project - Изменение масштаба для планировок квартир\09_outputs\_diagnostics\full_20260727_full_mkd2\details\043_POZD_WEB_K2-1_s2_et2_9_attempt1.json","Pixel-native AI подтверждён после повторного открытия; обводки 0.75 px; s_raw=1.689982649."
"041_045_20260727_122553","44","1","OK","2026-07-27T12:27:34","Корпус 2.1/POZD_WEB_K2-1_s2_et3,5_1.ai","Корпус 2.1","D:\AI\AITRASH\LIBRARY\02_CATALOG\02_PRESALE_Поздняково\01_ARTIFACTS\МКД2\Корпус 2.1\POZD_WEB_K2-1_s2_et3,5_1.ai","D:\AI\AITRASH\LIBRARY\02_CATALOG\02_PRESALE_Поздняково\01_ARTIFACTS\МКД2\Корпус 2.1\POZD_WEB_K2-1_s2_et3,5_1.png","192443","7fd01dfdb1cd59aed4df780c510eaebe76b41534ef41b9175cfcf70bcc21cef0","true","calculated","200","200","1.865416653","1","[227.677165,585.299198,615.322835,11.700802]","387.64567","573.598396","2467","10","[{""width_pt"":0.75,""count"":1112},{""width_pt"":1,""count"":109}]","1221","[{""width_pt"":0.75,""count"":1221}]","[{""width_pt"":0.75,""count"":1221}]","0","[212.979331,1172.973396,987.020669,27.026604]","774.041338","1145.946792","600","600","[{""index"":0,""name"":""Монтажная область 1"",""rect"":[0,1200,1200,0],""width"":1200,""height"":1200}]","true","true","true","true","true","D:\AI\AITRASH\workspaces\project - Изменение масштаба для планировок квартир\09_outputs\_full_wip\20260727_full_mkd2\Корпус 2.1\х200_POZD_WEB_K2-1_s2_et3,5_1.ai","D:\AI\AITRASH\workspaces\project - Изменение масштаба для планировок квартир\09_outputs\_full_wip\20260727_full_mkd2\Корпус 2.1\х200_POZD_WEB_K2-1_s2_et3,5_1.png","D:\AI\AITRASH\workspaces\project - Изменение масштаба для планировок квартир\09_outputs\_diagnostics\full_20260727_full_mkd2\details\044_POZD_WEB_K2-1_s2_et3,5_1_attempt1.json","Pixel-native AI подтверждён после повторного открытия; обводки 0.75 px; s_raw=1.865416653."
"041_045_20260727_122553","45","1","OK","2026-07-27T12:28:04","Корпус 2.1/POZD_WEB_K2-1_s2_et3,5_2.ai","Корпус 2.1","D:\AI\AITRASH\LIBRARY\02_CATALOG\02_PRESALE_Поздняково\01_ARTIFACTS\МКД2\Корпус 2.1\POZD_WEB_K2-1_s2_et3,5_2.ai","D:\AI\AITRASH\LIBRARY\02_CATALOG\02_PRESALE_Поздняково\01_ARTIFACTS\МКД2\Корпус 2.1\POZD_WEB_K2-1_s2_et3,5_2.png","166389","032967807c37acf7b2a718e180b04fd14ed3b155f67b2fdbd4c035531cd6fbaa","true","calculated","200","200","2.244914167","1","[227.671161,497.486004,615.328839,99.513996]","387.657678","397.972008","1689","10","[{""width_pt"":0.75,""count"":749},{""width_pt"":1,""count"":84}]","833","[{""width_pt"":0.75,""count"":833}]","[{""width_pt"":0.75,""count"":833}]","0","[212.967321,997.347008,987.032679,202.652992]","774.065358","794.694016","600","600","[{""index"":0,""name"":""Монтажная область 1"",""rect"":[0,1200,1200,0],""width"":1200,""height"":1200}]","true","true","true","true","true","D:\AI\AITRASH\workspaces\project - Изменение масштаба для планировок квартир\09_outputs\_full_wip\20260727_full_mkd2\Корпус 2.1\х200_POZD_WEB_K2-1_s2_et3,5_2.ai","D:\AI\AITRASH\workspaces\project - Изменение масштаба для планировок квартир\09_outputs\_full_wip\20260727_full_mkd2\Корпус 2.1\х200_POZD_WEB_K2-1_s2_et3,5_2.png","D:\AI\AITRASH\workspaces\project - Изменение масштаба для планировок квартир\09_outputs\_diagnostics\full_20260727_full_mkd2\details\045_POZD_WEB_K2-1_s2_et3,5_2_attempt1.json","Pixel-native AI подтверждён после повторного открытия; обводки 0.75 px; s_raw=2.244914167."
"046_050_20260727_122848","46","1","OK","2026-07-27T12:28:48","Корпус 2.1/POZD_WEB_K2-1_s2_et3,5_3.ai","Корпус 2.1","D:\AI\AITRASH\LIBRARY\02_CATALOG\02_PRESALE_Поздняково\01_ARTIFACTS\МКД2\Корпус 2.1\POZD_WEB_K2-1_s2_et3,5_3.ai","D:\AI\AITRASH\LIBRARY\02_CATALOG\02_PRESALE_Поздняково\01_ARTIFACTS\МКД2\Корпус 2.1\POZD_WEB_K2-1_s2_et3,5_3.png","169706","f95ac17699da8cb00c90a88054746a582fd7082dc4124b1255312af7bacf8020","true","calculated","200","200","1.957559713","1","[166.511517,497.4252,676.488484,99.5748]","509.976967","397.8504","1812","10","[{""width_pt"":0.75,""count"":805},{""width_pt"":1,""count"":94}]","899","[{""width_pt"":0.75,""count"":899}]","[{""width_pt"":0.75,""count"":899}]","0","[90.648033,997.2254,1109.351967,202.7746]","1018.703934","794.4508","600","600","[{""index"":0,""name"":""Монтажная область 1"",""rect"":[0,1200,1200,0],""width"":1200,""height"":1200}]","true","true","true","true","true","D:\AI\AITRASH\workspaces\project - Изменение масштаба для планировок квартир\09_outputs\_full_wip\20260727_full_mkd2\Корпус 2.1\х200_POZD_WEB_K2-1_s2_et3,5_3.ai","D:\AI\AITRASH\workspaces\project - Изменение масштаба для планировок квартир\09_outputs\_full_wip\20260727_full_mkd2\Корпус 2.1\х200_POZD_WEB_K2-1_s2_et3,5_3.png","D:\AI\AITRASH\workspaces\project - Изменение масштаба для планировок квартир\09_outputs\_diagnostics\full_20260727_full_mkd2\details\046_POZD_WEB_K2-1_s2_et3,5_3_attempt1.json","Pixel-native AI подтверждён после повторного открытия; обводки 0.75 px; s_raw=1.957559713."
"046_050_20260727_122848","47","1","OK","2026-07-27T12:29:16","Корпус 2.1/POZD_WEB_K2-1_s2_et3,5_4.ai","Корпус 2.1","D:\AI\AITRASH\LIBRARY\02_CATALOG\02_PRESALE_Поздняково\01_ARTIFACTS\МКД2\Корпус 2.1\POZD_WEB_K2-1_s2_et3,5_4.ai","D:\AI\AITRASH\LIBRARY\02_CATALOG\02_PRESALE_Поздняково\01_ARTIFACTS\МКД2\Корпус 2.1\POZD_WEB_K2-1_s2_et3,5_4.png","166816","734bac1a21c774c6bbac77b46d331eeb3e5c7039e792eabc87ea108f62d5edb0","true","calculated","200","200","2.068163484","1","[185.791339,491.255909,656.083661,104.744091]","470.292322","386.511818","1711","10","[{""width_pt"":0.75,""count"":760},{""width_pt"":1,""count"":90}]","850","[{""width_pt"":0.75,""count"":850}]","[{""width_pt"":0.75,""count"":850}]","0","[130.207677,985.886818,1069.792323,214.113182]","939.584646","771.773636","600","600","[{""index"":0,""name"":""Монтажная область 1"",""rect"":[0,1200,1200,0],""width"":1200,""height"":1200}]","true","true","true","true","true","D:\AI\AITRASH\workspaces\project - Изменение масштаба для планировок квартир\09_outputs\_full_wip\20260727_full_mkd2\Корпус 2.1\х200_POZD_WEB_K2-1_s2_et3,5_4.ai","D:\AI\AITRASH\workspaces\project - Изменение масштаба для планировок квартир\09_outputs\_full_wip\20260727_full_mkd2\Корпус 2.1\х200_POZD_WEB_K2-1_s2_et3,5_4.png","D:\AI\AITRASH\workspaces\project - Изменение масштаба для планировок квартир\09_outputs\_diagnostics\full_20260727_full_mkd2\details\047_POZD_WEB_K2-1_s2_et3,5_4_attempt1.json","Pixel-native AI подтверждён после повторного открытия; обводки 0.75 px; s_raw=2.068163484."
"046_050_20260727_122848","48","1","OK","2026-07-27T12:29:42","Корпус 2.1/POZD_WEB_K2-1_s2_et3,5_5.ai","Корпус 2.1","D:\AI\AITRASH\LIBRARY\02_CATALOG\02_PRESALE_Поздняково\01_ARTIFACTS\МКД2\Корпус 2.1\POZD_WEB_K2-1_s2_et3,5_5.ai","D:\AI\AITRASH\LIBRARY\02_CATALOG\02_PRESALE_Поздняково\01_ARTIFACTS\МКД2\Корпус 2.1\POZD_WEB_K2-1_s2_et3,5_5.png","162598","a83616b404959c334ad458318d137c5dccae3e8d322e5d6dfc2278e5285db394","true","calculated","200","200","2.053160577","1","[185.791339,494.090557,656.083661,101.909443]","470.292322","392.181114","1689","10","[{""width_pt"":0.75,""count"":749},{""width_pt"":1,""count"":87}]","836","[{""width_pt"":0.75,""count"":836}]","[{""width_pt"":0.75,""count"":836}]","0","[130.207677,991.556114,1069.792323,208.443886]","939.584646","783.112228","600","600","[{""index"":0,""name"":""Монтажная область 1"",""rect"":[0,1200,1200,0],""width"":1200,""height"":1200}]","true","true","true","true","true","D:\AI\AITRASH\workspaces\project - Изменение масштаба для планировок квартир\09_outputs\_full_wip\20260727_full_mkd2\Корпус 2.1\х200_POZD_WEB_K2-1_s2_et3,5_5.ai","D:\AI\AITRASH\workspaces\project - Изменение масштаба для планировок квартир\09_outputs\_full_wip\20260727_full_mkd2\Корпус 2.1\х200_POZD_WEB_K2-1_s2_et3,5_5.png","D:\AI\AITRASH\workspaces\project - Изменение масштаба для планировок квартир\09_outputs\_diagnostics\full_20260727_full_mkd2\details\048_POZD_WEB_K2-1_s2_et3,5_5_attempt1.json","Pixel-native AI подтверждён после повторного открытия; обводки 0.75 px; s_raw=2.053160577."
"046_050_20260727_122848","49","1","OK","2026-07-27T12:30:08","Корпус 2.1/POZD_WEB_K2-1_s2_et3,5_6.ai","Корпус 2.1","D:\AI\AITRASH\LIBRARY\02_CATALOG\02_PRESALE_Поздняково\01_ARTIFACTS\МКД2\Корпус 2.1\POZD_WEB_K2-1_s2_et3,5_6.ai","D:\AI\AITRASH\LIBRARY\02_CATALOG\02_PRESALE_Поздняково\01_ARTIFACTS\МКД2\Корпус 2.1\POZD_WEB_K2-1_s2_et3,5_6.png","224458","68d9a1da34defd66ed9600da9628979ca3e444f40564e67f85a285c0844b5a5b","true","calculated","150","150","1.507052329","1","[173.885824,644.326785,668.114176,-48.326785]","494.228352","692.65357","3200","10","[{""width_pt"":0.75,""count"":1430},{""width_pt"":1,""count"":148}]","1578","[{""width_pt"":0.75,""count"":1578}]","[{""width_pt"":0.75,""count"":1578}]","0","[229.703736,1119.115178,970.296264,80.884822]","740.592528","1038.230356","600","600","[{""index"":0,""name"":""Монтажная область 1"",""rect"":[0,1200,1200,0],""width"":1200,""height"":1200}]","true","true","true","true","true","D:\AI\AITRASH\workspaces\project - Изменение масштаба для планировок квартир\09_outputs\_full_wip\20260727_full_mkd2\Корпус 2.1\х150_POZD_WEB_K2-1_s2_et3,5_6.ai","D:\AI\AITRASH\workspaces\project - Изменение масштаба для планировок квартир\09_outputs\_full_wip\20260727_full_mkd2\Корпус 2.1\х150_POZD_WEB_K2-1_s2_et3,5_6.png","D:\AI\AITRASH\workspaces\project - Изменение масштаба для планировок квартир\09_outputs\_diagnostics\full_20260727_full_mkd2\details\049_POZD_WEB_K2-1_s2_et3,5_6_attempt1.json","Pixel-native AI подтверждён после повторного открытия; обводки 0.75 px; s_raw=1.507052329."
"046_050_20260727_122848","50","1","OK","2026-07-27T12:30:46","Корпус 2.1/POZD_WEB_K2-1_s2_et3,5_7.ai","Корпус 2.1","D:\AI\AITRASH\LIBRARY\02_CATALOG\02_PRESALE_Поздняково\01_ARTIFACTS\МКД2\Корпус 2.1\POZD_WEB_K2-1_s2_et3,5_7.ai","D:\AI\AITRASH\LIBRARY\02_CATALOG\02_PRESALE_Поздняково\01_ARTIFACTS\МКД2\Корпус 2.1\POZD_WEB_K2-1_s2_et3,5_7.png","189104","880ea522d1f81cf8ab00c7631f952efd9608b0cc94f7955403402f61a554e62f","true","calculated","170","170","1.746828698","1","[134.700802,520.169291,708.299198,75.955709]","573.598396","444.213582","2292","10","[{""width_pt"":0.75,""count"":1021},{""width_pt"":1,""count"":116}]","1137","[{""width_pt"":0.75,""count"":1137}]","[{""width_pt"":0.75,""count"":1137}]","0","[112.916363,977.212795,1087.083637,222.787205]","974.167274","754.42559","600","600","[{""index"":0,""name"":""Монтажная область 1"",""rect"":[0,1200,1200,0],""width"":1200,""height"":1200}]","true","true","true","true","true","D:\AI\AITRASH\workspaces\project - Изменение масштаба для планировок квартир\09_outputs\_full_wip\20260727_full_mkd2\Корпус 2.1\х170_POZD_WEB_K2-1_s2_et3,5_7.ai","D:\AI\AITRASH\workspaces\project - Изменение масштаба для планировок квартир\09_outputs\_full_wip\20260727_full_mkd2\Корпус 2.1\х170_POZD_WEB_K2-1_s2_et3,5_7.png","D:\AI\AITRASH\workspaces\project - Изменение масштаба для планировок квартир\09_outputs\_diagnostics\full_20260727_full_mkd2\details\050_POZD_WEB_K2-1_s2_et3,5_7_attempt1.json","Pixel-native AI подтверждён после повторного открытия; обводки 0.75 px; s_raw=1.746828698."
"051_055_20260727_123131","51","1","OK","2026-07-27T12:31:32","Корпус 2.1/POZD_WEB_K2-1_s2_et3,5_8.ai","Корпус 2.1","D:\AI\AITRASH\LIBRARY\02_CATALOG\02_PRESALE_Поздняково\01_ARTIFACTS\МКД2\Корпус 2.1\POZD_WEB_K2-1_s2_et3,5_8.ai","D:\AI\AITRASH\LIBRARY\02_CATALOG\02_PRESALE_Поздняково\01_ARTIFACTS\МКД2\Корпус 2.1\POZD_WEB_K2-1_s2_et3,5_8.png","221087","6c427715744c64d00406cc2db07efc07b1313229e9bef03291974cc302bf2a88","true","calculated","170","170","1.703386552","1","[132.723459,530.383172,709.276541,65.616828]","576.553082","464.766344","2794","10","[{""width_pt"":0.75,""count"":1247},{""width_pt"":1,""count"":125}]","1372","[{""width_pt"":0.75,""count"":1372}]","[{""width_pt"":0.75,""count"":1372}]","0","[110.40488,994.576392,1089.59512,205.423608]","979.19024","789.152784","600","600","[{""index"":0,""name"":""Монтажная область 1"",""rect"":[0,1200,1200,0],""width"":1200,""height"":1200}]","true","true","true","true","true","D:\AI\AITRASH\workspaces\project - Изменение масштаба для планировок квартир\09_outputs\_full_wip\20260727_full_mkd2\Корпус 2.1\х170_POZD_WEB_K2-1_s2_et3,5_8.ai","D:\AI\AITRASH\workspaces\project - Изменение масштаба для планировок квартир\09_outputs\_full_wip\20260727_full_mkd2\Корпус 2.1\х170_POZD_WEB_K2-1_s2_et3,5_8.png","D:\AI\AITRASH\workspaces\project - Изменение масштаба для планировок квартир\09_outputs\_diagnostics\full_20260727_full_mkd2\details\051_POZD_WEB_K2-1_s2_et3,5_8_attempt1.json","Pixel-native AI подтверждён после повторного открытия; обводки 0.75 px; s_raw=1.703386552."
"051_055_20260727_123131","52","1","OK","2026-07-27T12:32:07","Корпус 2.1/POZD_WEB_K2-1_s2_et3,5_9.ai","Корпус 2.1","D:\AI\AITRASH\LIBRARY\02_CATALOG\02_PRESALE_Поздняково\01_ARTIFACTS\МКД2\Корпус 2.1\POZD_WEB_K2-1_s2_et3,5_9.ai","D:\AI\AITRASH\LIBRARY\02_CATALOG\02_PRESALE_Поздняково\01_ARTIFACTS\МКД2\Корпус 2.1\POZD_WEB_K2-1_s2_et3,5_9.png","210507","c41b92dfbbbecd327b0be8992e6f801c03b356478c5359af3e0792c7d0c349a5","true","calculated","170","170","1.689934579","1","[106.647309,515.01327,735.352691,81.987807]","628.705382","433.025463","2770","10","[{""width_pt"":0.75,""count"":1245},{""width_pt"":1,""count"":127}]","1372","[{""width_pt"":0.75,""count"":1372}]","[{""width_pt"":0.75,""count"":1372}]","0","[66.075426,967.596132,1133.924574,232.403867]","1067.849148","735.192265","600","600","[{""index"":0,""name"":""Монтажная область 1"",""rect"":[0,1200,1200,0],""width"":1200,""height"":1200}]","true","true","true","true","true","D:\AI\AITRASH\workspaces\project - Изменение масштаба для планировок квартир\09_outputs\_full_wip\20260727_full_mkd2\Корпус 2.1\х170_POZD_WEB_K2-1_s2_et3,5_9.ai","D:\AI\AITRASH\workspaces\project - Изменение масштаба для планировок квартир\09_outputs\_full_wip\20260727_full_mkd2\Корпус 2.1\х170_POZD_WEB_K2-1_s2_et3,5_9.png","D:\AI\AITRASH\workspaces\project - Изменение масштаба для планировок квартир\09_outputs\_diagnostics\full_20260727_full_mkd2\details\052_POZD_WEB_K2-1_s2_et3,5_9_attempt1.json","Pixel-native AI подтверждён после повторного открытия; обводки 0.75 px; s_raw=1.689934579."
"051_055_20260727_123131","53","1","OK","2026-07-27T12:32:40","Корпус 2.1/POZD_WEB_K2-1_s2_et4_2.ai","Корпус 2.1","D:\AI\AITRASH\LIBRARY\02_CATALOG\02_PRESALE_Поздняково\01_ARTIFACTS\МКД2\Корпус 2.1\POZD_WEB_K2-1_s2_et4_2.ai","D:\AI\AITRASH\LIBRARY\02_CATALOG\02_PRESALE_Поздняково\01_ARTIFACTS\МКД2\Корпус 2.1\POZD_WEB_K2-1_s2_et4_2.png","173113","076368ec992a3b2b26902cf55a6924ad42efdbbef17bd3ce4a01f34b6e47e6f2","true","calculated","200","200","2.168120969","1","[213.62766,497.479016,629.24734,99.520984]","415.61968","397.958032","1747","14","[{""width_pt"":0.75,""count"":771},{""width_pt"":1,""count"":89}]","860","[{""width_pt"":0.75,""count"":860}]","[{""width_pt"":0.75,""count"":860}]","0","[184.880319,997.333032,1015.119681,202.666968]","830.239362","794.666064","600","600","[{""index"":0,""name"":""Монтажная область 1"",""rect"":[0,1200,1200,0],""width"":1200,""height"":1200}]","true","true","true","true","true","D:\AI\AITRASH\workspaces\project - Изменение масштаба для планировок квартир\09_outputs\_full_wip\20260727_full_mkd2\Корпус 2.1\х200_POZD_WEB_K2-1_s2_et4_2.ai","D:\AI\AITRASH\workspaces\project - Изменение масштаба для планировок квартир\09_outputs\_full_wip\20260727_full_mkd2\Корпус 2.1\х200_POZD_WEB_K2-1_s2_et4_2.png","D:\AI\AITRASH\workspaces\project - Изменение масштаба для планировок квартир\09_outputs\_diagnostics\full_20260727_full_mkd2\details\053_POZD_WEB_K2-1_s2_et4_2_attempt1.json","Pixel-native AI подтверждён после повторного открытия; обводки 0.75 px; s_raw=2.168120969."
"051_055_20260727_123131","54","1","OK","2026-07-27T12:33:12","Корпус 2.1/POZD_WEB_K2-1_s2_et4_3.ai","Корпус 2.1","D:\AI\AITRASH\LIBRARY\02_CATALOG\02_PRESALE_Поздняково\01_ARTIFACTS\МКД2\Корпус 2.1\POZD_WEB_K2-1_s2_et4_3.ai","D:\AI\AITRASH\LIBRARY\02_CATALOG\02_PRESALE_Поздняково\01_ARTIFACTS\МКД2\Корпус 2.1\POZD_WEB_K2-1_s2_et4_3.png","171589","b619b2bcd0056685aac7512581ad604a5d77612b436212b9c7d5b3def156f9dc","true","calculated","200","200","1.905824375","1","[152.042317,497.425193,690.082683,99.574807]","538.040366","397.850386","1854","13","[{""width_pt"":0.75,""count"":821},{""width_pt"":1,""count"":96}]","917","[{""width_pt"":0.75,""count"":917}]","[{""width_pt"":0.75,""count"":917}]","0","[62.459634,997.225387,1137.540366,202.774613]","1075.080732","794.450774","600","600","[{""index"":0,""name"":""Монтажная область 1"",""rect"":[0,1200,1200,0],""width"":1200,""height"":1200}]","true","true","true","true","true","D:\AI\AITRASH\workspaces\project - Изменение масштаба для планировок квартир\09_outputs\_full_wip\20260727_full_mkd2\Корпус 2.1\х200_POZD_WEB_K2-1_s2_et4_3.ai","D:\AI\AITRASH\workspaces\project - Изменение масштаба для планировок квартир\09_outputs\_full_wip\20260727_full_mkd2\Корпус 2.1\х200_POZD_WEB_K2-1_s2_et4_3.png","D:\AI\AITRASH\workspaces\project - Изменение масштаба для планировок квартир\09_outputs\_diagnostics\full_20260727_full_mkd2\details\054_POZD_WEB_K2-1_s2_et4_3_attempt1.json","Pixel-native AI подтверждён после повторного открытия; обводки 0.75 px; s_raw=1.905824375."
"051_055_20260727_123131","55","1","OK","2026-07-27T12:33:44","Корпус 2.1/POZD_WEB_K2-1_s2_et4_5.ai","Корпус 2.1","D:\AI\AITRASH\LIBRARY\02_CATALOG\02_PRESALE_Поздняково\01_ARTIFACTS\МКД2\Корпус 2.1\POZD_WEB_K2-1_s2_et4_5.ai","D:\AI\AITRASH\LIBRARY\02_CATALOG\02_PRESALE_Поздняково\01_ARTIFACTS\МКД2\Корпус 2.1\POZD_WEB_K2-1_s2_et4_5.png","167479","023f15a85b534d3ed40eb6b1f22d3003015a6d9b8b288d673380cc5a1ba05011","true","calculated","200","200","1.994765245","1","[171.884842,494.090551,670.115158,101.909449]","498.230316","392.181102","1756","13","[{""width_pt"":0.75,""count"":777},{""width_pt"":1,""count"":90}]","867","[{""width_pt"":0.75,""count"":867}]","[{""width_pt"":0.75,""count"":867}]","0","[102.144685,991.556101,1097.855315,208.443898]","995.71063","783.112203","600","600","[{""index"":0,""name"":""Монтажная область 1"",""rect"":[0,1200,1200,0],""width"":1200,""height"":1200}]","true","true","true","true","true","D:\AI\AITRASH\workspaces\project - Изменение масштаба для планировок квартир\09_outputs\_full_wip\20260727_full_mkd2\Корпус 2.1\х200_POZD_WEB_K2-1_s2_et4_5.ai","D:\AI\AITRASH\workspaces\project - Изменение масштаба для планировок квартир\09_outputs\_full_wip\20260727_full_mkd2\Корпус 2.1\х200_POZD_WEB_K2-1_s2_et4_5.png","D:\AI\AITRASH\workspaces\project - Изменение масштаба для планировок квартир\09_outputs\_diagnostics\full_20260727_full_mkd2\details\055_POZD_WEB_K2-1_s2_et4_5_attempt1.json","Pixel-native AI подтверждён после повторного открытия; обводки 0.75 px; s_raw=1.994765245."
"056_060_20260727_123432","56","1","OK","2026-07-27T12:34:32","Корпус 2.1/POZD_WEB_K2-1_s2_et4_6.ai","Корпус 2.1","D:\AI\AITRASH\LIBRARY\02_CATALOG\02_PRESALE_Поздняково\01_ARTIFACTS\МКД2\Корпус 2.1\POZD_WEB_K2-1_s2_et4_6.ai","D:\AI\AITRASH\LIBRARY\02_CATALOG\02_PRESALE_Поздняково\01_ARTIFACTS\МКД2\Корпус 2.1\POZD_WEB_K2-1_s2_et4_6.png","228369","e24fe4e5580137d75df86d025f301a79ab73ab646a720e9808da2abd15864e79","true","calculated","150","150","1.477548665","1","[173.885821,658.233268,668.114179,-62.358256]","494.228358","720.591524","3227","13","[{""width_pt"":0.75,""count"":1442},{""width_pt"":1,""count"":152}]","1594","[{""width_pt"":0.75,""count"":1594}]","[{""width_pt"":0.75,""count"":1594}]","0","[229.703731,1140.162402,970.296269,59.837598]","740.592538","1080.324804","600","600","[{""index"":0,""name"":""Монтажная область 1"",""rect"":[0,1200,1200,0],""width"":1200,""height"":1200}]","true","true","true","true","true","D:\AI\AITRASH\workspaces\project - Изменение масштаба для планировок квартир\09_outputs\_full_wip\20260727_full_mkd2\Корпус 2.1\х150_POZD_WEB_K2-1_s2_et4_6.ai","D:\AI\AITRASH\workspaces\project - Изменение масштаба для планировок квартир\09_outputs\_full_wip\20260727_full_mkd2\Корпус 2.1\х150_POZD_WEB_K2-1_s2_et4_6.png","D:\AI\AITRASH\workspaces\project - Изменение масштаба для планировок квартир\09_outputs\_diagnostics\full_20260727_full_mkd2\details\056_POZD_WEB_K2-1_s2_et4_6_attempt1.json","Pixel-native AI подтверждён после повторного открытия; обводки 0.75 px; s_raw=1.477548665."
"056_060_20260727_123432","57","1","OK","2026-07-27T12:35:16","Корпус 2.1/POZD_WEB_K2-1_s2_et4_7.ai","Корпус 2.1","D:\AI\AITRASH\LIBRARY\02_CATALOG\02_PRESALE_Поздняково\01_ARTIFACTS\МКД2\Корпус 2.1\POZD_WEB_K2-1_s2_et4_7.ai","D:\AI\AITRASH\LIBRARY\02_CATALOG\02_PRESALE_Поздняково\01_ARTIFACTS\МКД2\Корпус 2.1\POZD_WEB_K2-1_s2_et4_7.png","194371","a0f0f5b627ca95267dd425ca12686a1897181325dab35de10fe2f2ffbdbf36f3","true","calculated","170","170","1.694359265","1","[134.700786,534.075787,708.299214,61.924213]","573.598428","472.151574","2352","13","[{""width_pt"":0.75,""count"":1046},{""width_pt"":1,""count"":119}]","1165","[{""width_pt"":0.75,""count"":1165}]","[{""width_pt"":0.75,""count"":1165}]","0","[112.916337,1001.066339,1087.083663,198.933661]","974.167326","802.132678","600","600","[{""index"":0,""name"":""Монтажная область 1"",""rect"":[0,1200,1200,0],""width"":1200,""height"":1200}]","true","true","true","true","true","D:\AI\AITRASH\workspaces\project - Изменение масштаба для планировок квартир\09_outputs\_full_wip\20260727_full_mkd2\Корпус 2.1\х170_POZD_WEB_K2-1_s2_et4_7.ai","D:\AI\AITRASH\workspaces\project - Изменение масштаба для планировок квартир\09_outputs\_full_wip\20260727_full_mkd2\Корпус 2.1\х170_POZD_WEB_K2-1_s2_et4_7.png","D:\AI\AITRASH\workspaces\project - Изменение масштаба для планировок квартир\09_outputs\_diagnostics\full_20260727_full_mkd2\details\057_POZD_WEB_K2-1_s2_et4_7_attempt1.json","Pixel-native AI подтверждён после повторного открытия; обводки 0.75 px; s_raw=1.694359265."
"056_060_20260727_123432","58","1","OK","2026-07-27T12:35:50","Корпус 2.1/POZD_WEB_K2-1_s2_et4_9.ai","Корпус 2.1","D:\AI\AITRASH\LIBRARY\02_CATALOG\02_PRESALE_Поздняково\01_ARTIFACTS\МКД2\Корпус 2.1\POZD_WEB_K2-1_s2_et4_9.ai","D:\AI\AITRASH\LIBRARY\02_CATALOG\02_PRESALE_Поздняково\01_ARTIFACTS\МКД2\Корпус 2.1\POZD_WEB_K2-1_s2_et4_9.png","214275","d2b550aabf022cfa877a02e6afc49f7a955431f5b1d93cf4fd5ade007a21525f","true","calculated","170","170","1.635504358","1","[106.704739,529.268533,735.295261,66.856467]","628.590522","462.412066","2863","14","[{""width_pt"":0.75,""count"":1278},{""width_pt"":1,""count"":140}]","1418","[{""width_pt"":0.75,""count"":1418}]","[{""width_pt"":0.75,""count"":1418}]","0","[66.173056,992.681506,1133.826944,207.318494]","1067.653888","785.363012","600","600","[{""index"":0,""name"":""Монтажная область 1"",""rect"":[0,1200,1200,0],""width"":1200,""height"":1200}]","true","true","true","true","true","D:\AI\AITRASH\workspaces\project - Изменение масштаба для планировок квартир\09_outputs\_full_wip\20260727_full_mkd2\Корпус 2.1\х170_POZD_WEB_K2-1_s2_et4_9.ai","D:\AI\AITRASH\workspaces\project - Изменение масштаба для планировок квартир\09_outputs\_full_wip\20260727_full_mkd2\Корпус 2.1\х170_POZD_WEB_K2-1_s2_et4_9.png","D:\AI\AITRASH\workspaces\project - Изменение масштаба для планировок квартир\09_outputs\_diagnostics\full_20260727_full_mkd2\details\058_POZD_WEB_K2-1_s2_et4_9_attempt1.json","Pixel-native AI подтверждён после повторного открытия; обводки 0.75 px; s_raw=1.635504358."
"056_060_20260727_123432","59","1","OK","2026-07-27T12:36:31","Корпус 2.1/POZD_WEB_K2-1_s2_et6_1.ai","Корпус 2.1","D:\AI\AITRASH\LIBRARY\02_CATALOG\02_PRESALE_Поздняково\01_ARTIFACTS\МКД2\Корпус 2.1\POZD_WEB_K2-1_s2_et6_1.ai","D:\AI\AITRASH\LIBRARY\02_CATALOG\02_PRESALE_Поздняково\01_ARTIFACTS\МКД2\Корпус 2.1\POZD_WEB_K2-1_s2_et6_1.png","196427","2fc7b79fae2c0f1e692ff0427db4d5cb50eb7a0cd9672f37b3b6115053c06abd","true","calculated","170","170","1.805996906","1","[213.645669,585.299198,629.229331,11.700802]","415.583662","573.598396","2467","13","[{""width_pt"":0.75,""count"":1105},{""width_pt"":1,""count"":111}]","1216","[{""width_pt"":0.75,""count"":1216}]","[{""width_pt"":0.75,""count"":1216}]","0","[247.122638,1087.083637,952.877362,112.916363]","705.754724","974.167274","600","600","[{""index"":0,""name"":""Монтажная область 1"",""rect"":[0,1200,1200,0],""width"":1200,""height"":1200}]","true","true","true","true","true","D:\AI\AITRASH\workspaces\project - Изменение масштаба для планировок квартир\09_outputs\_full_wip\20260727_full_mkd2\Корпус 2.1\х170_POZD_WEB_K2-1_s2_et6_1.ai","D:\AI\AITRASH\workspaces\project - Изменение масштаба для планировок квартир\09_outputs\_full_wip\20260727_full_mkd2\Корпус 2.1\х170_POZD_WEB_K2-1_s2_et6_1.png","D:\AI\AITRASH\workspaces\project - Изменение масштаба для планировок квартир\09_outputs\_diagnostics\full_20260727_full_mkd2\details\059_POZD_WEB_K2-1_s2_et6_1_attempt1.json","Pixel-native AI подтверждён после повторного открытия; обводки 0.75 px; s_raw=1.805996906."
"056_060_20260727_123432","60","1","OK","2026-07-27T12:37:06","Корпус 2.1/POZD_WEB_K2-1_s2_et6_4.ai","Корпус 2.1","D:\AI\AITRASH\LIBRARY\02_CATALOG\02_PRESALE_Поздняково\01_ARTIFACTS\МКД2\Корпус 2.1\POZD_WEB_K2-1_s2_et6_4.ai","D:\AI\AITRASH\LIBRARY\02_CATALOG\02_PRESALE_Поздняково\01_ARTIFACTS\МКД2\Корпус 2.1\POZD_WEB_K2-1_s2_et6_4.png","171053","9a575ef2946edef652c61240d60368bae5458172f39144971fb05500e922af15","true","calculated","200","200","2.009341424","1","[171.884842,491.255907,670.115158,104.744093]","498.230316","386.511814","1775","13","[{""width_pt"":0.75,""count"":786},{""width_pt"":1,""count"":94}]","880","[{""width_pt"":0.75,""count"":880}]","[{""width_pt"":0.75,""count"":880}]","0","[102.144685,985.886814,1097.855315,214.113186]","995.71063","771.773628","600","600","[{""index"":0,""name"":""Монтажная область 1"",""rect"":[0,1200,1200,0],""width"":1200,""height"":1200}]","true","true","true","true","true","D:\AI\AITRASH\workspaces\project - Изменение масштаба для планировок квартир\09_outputs\_full_wip\20260727_full_mkd2\Корпус 2.1\х200_POZD_WEB_K2-1_s2_et6_4.ai","D:\AI\AITRASH\workspaces\project - Изменение масштаба для планировок квартир\09_outputs\_full_wip\20260727_full_mkd2\Корпус 2.1\х200_POZD_WEB_K2-1_s2_et6_4.png","D:\AI\AITRASH\workspaces\project - Изменение масштаба для планировок квартир\09_outputs\_diagnostics\full_20260727_full_mkd2\details\060_POZD_WEB_K2-1_s2_et6_4_attempt1.json","Pixel-native AI подтверждён после повторного открытия; обводки 0.75 px; s_raw=2.009341424."
"061_065_20260727_123756","61","1","OK","2026-07-27T12:37:56","Корпус 2.1/POZD_WEB_K2-1_s2_et6_6.ai","Корпус 2.1","D:\AI\AITRASH\LIBRARY\02_CATALOG\02_PRESALE_Поздняково\01_ARTIFACTS\МКД2\Корпус 2.1\POZD_WEB_K2-1_s2_et6_6.ai","D:\AI\AITRASH\LIBRARY\02_CATALOG\02_PRESALE_Поздняково\01_ARTIFACTS\МКД2\Корпус 2.1\POZD_WEB_K2-1_s2_et6_6.png","230054","f96df7a4ea2a9d6a1ef4859f002f7532aef80631c80daf2bc82d6fc0f51d42ed","true","calculated","150","150","1.466181429","1","[159.979316,644.326782,682.145684,-48.326782]","522.166368","692.653564","3251","14","[{""width_pt"":0.75,""count"":1451},{""width_pt"":1,""count"":155}]","1606","[{""width_pt"":0.75,""count"":1606}]","[{""width_pt"":0.75,""count"":1606}]","0","[208.656474,1119.115173,991.343526,80.884827]","782.687052","1038.230346","600","600","[{""index"":0,""name"":""Монтажная область 1"",""rect"":[0,1200,1200,0],""width"":1200,""height"":1200}]","true","true","true","true","true","D:\AI\AITRASH\workspaces\project - Изменение масштаба для планировок квартир\09_outputs\_full_wip\20260727_full_mkd2\Корпус 2.1\х150_POZD_WEB_K2-1_s2_et6_6.ai","D:\AI\AITRASH\workspaces\project - Изменение масштаба для планировок квартир\09_outputs\_full_wip\20260727_full_mkd2\Корпус 2.1\х150_POZD_WEB_K2-1_s2_et6_6.png","D:\AI\AITRASH\workspaces\project - Изменение масштаба для планировок квартир\09_outputs\_diagnostics\full_20260727_full_mkd2\details\061_POZD_WEB_K2-1_s2_et6_6_attempt1.json","Pixel-native AI подтверждён после повторного открытия; обводки 0.75 px; s_raw=1.466181429."
"061_065_20260727_123756","62","1","OK","2026-07-27T12:38:43","Корпус 2.1/POZD_WEB_K2-1_s2_et6_7.ai","Корпус 2.1","D:\AI\AITRASH\LIBRARY\02_CATALOG\02_PRESALE_Поздняково\01_ARTIFACTS\МКД2\Корпус 2.1\POZD_WEB_K2-1_s2_et6_7.ai","D:\AI\AITRASH\LIBRARY\02_CATALOG\02_PRESALE_Поздняково\01_ARTIFACTS\МКД2\Корпус 2.1\POZD_WEB_K2-1_s2_et6_7.png","194858","456c7e7342d8e2faa7e4323cd5012c8bfae97194a1d9deda3a298e0d4080e928","true","calculated","170","170","1.694359312","1","[134.700802,534.075787,708.299198,61.924213]","573.598396","472.151574","2383","13","[{""width_pt"":0.75,""count"":1058},{""width_pt"":1,""count"":120}]","1178","[{""width_pt"":0.75,""count"":1178}]","[{""width_pt"":0.75,""count"":1178}]","0","[112.916363,1001.066339,1087.083637,198.933661]","974.167274","802.132678","600","600","[{""index"":0,""name"":""Монтажная область 1"",""rect"":[0,1200,1200,0],""width"":1200,""height"":1200}]","true","true","true","true","true","D:\AI\AITRASH\workspaces\project - Изменение масштаба для планировок квартир\09_outputs\_full_wip\20260727_full_mkd2\Корпус 2.1\х170_POZD_WEB_K2-1_s2_et6_7.ai","D:\AI\AITRASH\workspaces\project - Изменение масштаба для планировок квартир\09_outputs\_full_wip\20260727_full_mkd2\Корпус 2.1\х170_POZD_WEB_K2-1_s2_et6_7.png","D:\AI\AITRASH\workspaces\project - Изменение масштаба для планировок квартир\09_outputs\_diagnostics\full_20260727_full_mkd2\details\062_POZD_WEB_K2-1_s2_et6_7_attempt1.json","Pixel-native AI подтверждён после повторного открытия; обводки 0.75 px; s_raw=1.694359312."
"061_065_20260727_123756","63","1","OK","2026-07-27T12:39:17","Корпус 2.1/POZD_WEB_K2-1_s2_et6_8.ai","Корпус 2.1","D:\AI\AITRASH\LIBRARY\02_CATALOG\02_PRESALE_Поздняково\01_ARTIFACTS\МКД2\Корпус 2.1\POZD_WEB_K2-1_s2_et6_8.ai","D:\AI\AITRASH\LIBRARY\02_CATALOG\02_PRESALE_Поздняково\01_ARTIFACTS\МКД2\Корпус 2.1\POZD_WEB_K2-1_s2_et6_8.png","224072","cf0e55c4ff8323f3dc0329e89595eccc04f02746f240cfac7189f34654893a82","true","calculated","170","170","1.658437763","1","[134.638204,544.297013,708.361796,51.577987]","573.723592","492.719026","2728","13","[{""width_pt"":0.75,""count"":1221},{""width_pt"":1,""count"":121}]","1342","[{""width_pt"":0.75,""count"":1342}]","[{""width_pt"":0.75,""count"":1342}]","0","[112.809947,1018.442422,1087.190053,181.557578]","974.380106","836.884844","600","600","[{""index"":0,""name"":""Монтажная область 1"",""rect"":[0,1200,1200,0],""width"":1200,""height"":1200}]","true","true","true","true","true","D:\AI\AITRASH\workspaces\project - Изменение масштаба для планировок квартир\09_outputs\_full_wip\20260727_full_mkd2\Корпус 2.1\х170_POZD_WEB_K2-1_s2_et6_8.ai","D:\AI\AITRASH\workspaces\project - Изменение масштаба для планировок квартир\09_outputs\_full_wip\20260727_full_mkd2\Корпус 2.1\х170_POZD_WEB_K2-1_s2_et6_8.png","D:\AI\AITRASH\workspaces\project - Изменение масштаба для планировок квартир\09_outputs\_diagnostics\full_20260727_full_mkd2\details\063_POZD_WEB_K2-1_s2_et6_8_attempt1.json","Pixel-native AI подтверждён после повторного открытия; обводки 0.75 px; s_raw=1.658437763."
"061_065_20260727_123756","64","1","OK","2026-07-27T12:39:55","Корпус 2.1/POZD_WEB_K2-1_s2_et6_9.ai","Корпус 2.1","D:\AI\AITRASH\LIBRARY\02_CATALOG\02_PRESALE_Поздняково\01_ARTIFACTS\МКД2\Корпус 2.1\POZD_WEB_K2-1_s2_et6_9.ai","D:\AI\AITRASH\LIBRARY\02_CATALOG\02_PRESALE_Поздняково\01_ARTIFACTS\МКД2\Корпус 2.1\POZD_WEB_K2-1_s2_et6_9.png","212314","b9afda33c25557a930de1a9e1eb9fd140b6ba445d383c28c9a6ace7613cfc93c","true","calculated","170","170","1.638117416","1","[106.704733,529.031496,735.295267,68.093504]","628.590534","460.937992","2812","13","[{""width_pt"":0.75,""count"":1254},{""width_pt"":1,""count"":137}]","1391","[{""width_pt"":0.75,""count"":1391}]","[{""width_pt"":0.75,""count"":1391}]","0","[66.173046,991.428543,1133.826954,208.571457]","1067.653908","782.857086","600","600","[{""index"":0,""name"":""Монтажная область 1"",""rect"":[0,1200,1200,0],""width"":1200,""height"":1200}]","true","true","true","true","true","D:\AI\AITRASH\workspaces\project - Изменение масштаба для планировок квартир\09_outputs\_full_wip\20260727_full_mkd2\Корпус 2.1\х170_POZD_WEB_K2-1_s2_et6_9.ai","D:\AI\AITRASH\workspaces\project - Изменение масштаба для планировок квартир\09_outputs\_full_wip\20260727_full_mkd2\Корпус 2.1\х170_POZD_WEB_K2-1_s2_et6_9.png","D:\AI\AITRASH\workspaces\project - Изменение масштаба для планировок квартир\09_outputs\_diagnostics\full_20260727_full_mkd2\details\064_POZD_WEB_K2-1_s2_et6_9_attempt1.json","Pixel-native AI подтверждён после повторного открытия; обводки 0.75 px; s_raw=1.638117416."
"061_065_20260727_123756","65","1","OK","2026-07-27T12:40:34","Корпус 2.1/POZD_WEB_K2-1_s3_et1,3,5_5.ai","Корпус 2.1","D:\AI\AITRASH\LIBRARY\02_CATALOG\02_PRESALE_Поздняково\01_ARTIFACTS\МКД2\Корпус 2.1\POZD_WEB_K2-1_s3_et1,3,5_5.ai","D:\AI\AITRASH\LIBRARY\02_CATALOG\02_PRESALE_Поздняково\01_ARTIFACTS\МКД2\Корпус 2.1\POZD_WEB_K2-1_s3_et1,3,5_5.png","208907","285b41524e9bd9bbc7fb68826a6f31920e757b92cbf48387b2fea7a2a7136004","true","calculated","170","170","1.671709519","1","[134.700791,540.95374,708.299209,55.92126]","573.598418","485.03248","2713","10","[{""width_pt"":0.75,""count"":1218},{""width_pt"":1,""count"":122}]","1340","[{""width_pt"":0.75,""count"":1340}]","[{""width_pt"":0.75,""count"":1340}]","0","[112.916345,1011.908858,1087.083655,188.091142]","974.16731","823.817716","600","600","[{""index"":0,""name"":""Монтажная область 1"",""rect"":[0,1200,1200,0],""width"":1200,""height"":1200}]","true","true","true","true","true","D:\AI\AITRASH\workspaces\project - Изменение масштаба для планировок квартир\09_outputs\_full_wip\20260727_full_mkd2\Корпус 2.1\х170_POZD_WEB_K2-1_s3_et1,3,5_5.ai","D:\AI\AITRASH\workspaces\project - Изменение масштаба для планировок квартир\09_outputs\_full_wip\20260727_full_mkd2\Корпус 2.1\х170_POZD_WEB_K2-1_s3_et1,3,5_5.png","D:\AI\AITRASH\workspaces\project - Изменение масштаба для планировок квартир\09_outputs\_diagnostics\full_20260727_full_mkd2\details\065_POZD_WEB_K2-1_s3_et1,3,5_5_attempt1.json","Pixel-native AI подтверждён после повторного открытия; обводки 0.75 px; s_raw=1.671709519."
"066_071_20260727_124127","66","1","OK","2026-07-27T12:41:27","Корпус 2.1/POZD_WEB_K2-1_s3_et1_2.ai","Корпус 2.1","D:\AI\AITRASH\LIBRARY\02_CATALOG\02_PRESALE_Поздняково\01_ARTIFACTS\МКД2\Корпус 2.1\POZD_WEB_K2-1_s3_et1_2.ai","D:\AI\AITRASH\LIBRARY\02_CATALOG\02_PRESALE_Поздняково\01_ARTIFACTS\МКД2\Корпус 2.1\POZD_WEB_K2-1_s3_et1_2.png","348174","6709bcf0dbf5d53b73b1506a31e7151e2faeee57ce95c6e28618d1c98e484dc5","true","calculated","150","150","1.470619079","1","[134.717408,611.435847,708.315838,-15.310847]","573.59843","626.746694","5270","15","[{""width_pt"":0.75,""count"":2435},{""width_pt"":1,""count"":164}]","2599","[{""width_pt"":0.75,""count"":2599}]","[{""width_pt"":0.75,""count"":2599}]","0","[170.151243,1069.77877,1029.848757,130.22123]","859.697514","939.55754","600","600","[{""index"":0,""name"":""Монтажная область 1"",""rect"":[0,1200,1200,0],""width"":1200,""height"":1200}]","true","true","true","true","true","D:\AI\AITRASH\workspaces\project - Изменение масштаба для планировок квартир\09_outputs\_full_wip\20260727_full_mkd2\Корпус 2.1\х150_POZD_WEB_K2-1_s3_et1_2.ai","D:\AI\AITRASH\workspaces\project - Изменение масштаба для планировок квартир\09_outputs\_full_wip\20260727_full_mkd2\Корпус 2.1\х150_POZD_WEB_K2-1_s3_et1_2.png","D:\AI\AITRASH\workspaces\project - Изменение масштаба для планировок квартир\09_outputs\_diagnostics\full_20260727_full_mkd2\details\066_POZD_WEB_K2-1_s3_et1_2_attempt1.json","Pixel-native AI подтверждён после повторного открытия; обводки 0.75 px; s_raw=1.470619079."
"066_071_20260727_124127","67","1","OK","2026-07-27T12:42:44","Корпус 2.1/POZD_WEB_K2-1_s3_et1_3.ai","Корпус 2.1","D:\AI\AITRASH\LIBRARY\02_CATALOG\02_PRESALE_Поздняково\01_ARTIFACTS\МКД2\Корпус 2.1\POZD_WEB_K2-1_s3_et1_3.ai","D:\AI\AITRASH\LIBRARY\02_CATALOG\02_PRESALE_Поздняково\01_ARTIFACTS\МКД2\Корпус 2.1\POZD_WEB_K2-1_s3_et1_3.png","308480","bdaa10496fca6cdc77193eab3c7cec8977c886f9621b14b44c3a8dacd85f8645","true","calculated","150","150","1.519674608","1","[134.699337,591.968327,708.297764,5.031673]","573.598427","586.936654","4449","15","[{""width_pt"":0.75,""count"":2037},{""width_pt"":1,""count"":160}]","2197","[{""width_pt"":0.75,""count"":2197}]","[{""width_pt"":0.75,""count"":2197}]","0","[170.142478,1040.01499,1029.857522,159.98501]","859.715044","880.02998","600","600","[{""index"":0,""name"":""Монтажная область 1"",""rect"":[0,1200,1200,0],""width"":1200,""height"":1200}]","true","true","true","true","true","D:\AI\AITRASH\workspaces\project - Изменение масштаба для планировок квартир\09_outputs\_full_wip\20260727_full_mkd2\Корпус 2.1\х150_POZD_WEB_K2-1_s3_et1_3.ai","D:\AI\AITRASH\workspaces\project - Изменение масштаба для планировок квартир\09_outputs\_full_wip\20260727_full_mkd2\Корпус 2.1\х150_POZD_WEB_K2-1_s3_et1_3.png","D:\AI\AITRASH\workspaces\project - Изменение масштаба для планировок квартир\09_outputs\_diagnostics\full_20260727_full_mkd2\details\067_POZD_WEB_K2-1_s3_et1_3_attempt1.json","Pixel-native AI подтверждён после повторного открытия; обводки 0.75 px; s_raw=1.519674608."
"066_071_20260727_124127","69","1","OK","2026-07-27T12:43:40","Корпус 2.1/POZD_WEB_K2-1_s3_et2,4_1.ai","Корпус 2.1","D:\AI\AITRASH\LIBRARY\02_CATALOG\02_PRESALE_Поздняково\01_ARTIFACTS\МКД2\Корпус 2.1\POZD_WEB_K2-1_s3_et2,4_1.ai","D:\AI\AITRASH\LIBRARY\02_CATALOG\02_PRESALE_Поздняково\01_ARTIFACTS\МКД2\Корпус 2.1\POZD_WEB_K2-1_s3_et2,4_1.png","229318","454269c1c86cbb5d8ff1fa4892e779425edf5e774e83473f7c60c74b36dcfa0f","true","calculated","120","120","1.208480438","1","[134.700795,741.204725,708.299205,-144.204725]","573.59841","885.40945","3418","10","[{""width_pt"":0.75,""count"":1533},{""width_pt"":1,""count"":156}]","1689","[{""width_pt"":0.75,""count"":1689}]","[{""width_pt"":0.75,""count"":1689}]","0","[256.065954,1131.020669,943.934046,68.979331]","687.868092","1062.041338","600","600","[{""index"":0,""name"":""Монтажная область 1"",""rect"":[0,1200,1200,0],""width"":1200,""height"":1200}]","true","true","true","true","true","D:\AI\AITRASH\workspaces\project - Изменение масштаба для планировок квартир\09_outputs\_full_wip\20260727_full_mkd2\Корпус 2.1\х120_POZD_WEB_K2-1_s3_et2,4_1.ai","D:\AI\AITRASH\workspaces\project - Изменение масштаба для планировок квартир\09_outputs\_full_wip\20260727_full_mkd2\Корпус 2.1\х120_POZD_WEB_K2-1_s3_et2,4_1.png","D:\AI\AITRASH\workspaces\project - Изменение масштаба для планировок квартир\09_outputs\_diagnostics\full_20260727_full_mkd2\details\069_POZD_WEB_K2-1_s3_et2,4_1_attempt1.json","Pixel-native AI подтверждён после повторного открытия; обводки 0.75 px; s_raw=1.208480438."
"066_071_20260727_124127","70","1","OK","2026-07-27T12:44:18","Корпус 2.1/POZD_WEB_K2-1_s3_et2,4_5.ai","Корпус 2.1","D:\AI\AITRASH\LIBRARY\02_CATALOG\02_PRESALE_Поздняково\01_ARTIFACTS\МКД2\Корпус 2.1\POZD_WEB_K2-1_s3_et2,4_5.ai","D:\AI\AITRASH\LIBRARY\02_CATALOG\02_PRESALE_Поздняково\01_ARTIFACTS\МКД2\Корпус 2.1\POZD_WEB_K2-1_s3_et2,4_5.png","166463","2bcb188c23ac8061035f64f6a05bb93e0fc265748d7aee4eb7aa8ecf12528b65","true","calculated","200","200","2.134474647","1","[224.909442,516.133858,617.090558,80.991142]","392.181116","435.142716","1724","10","[{""width_pt"":0.75,""count"":761},{""width_pt"":1,""count"":97}]","858","[{""width_pt"":0.75,""count"":858}]","[{""width_pt"":0.75,""count"":858}]","0","[208.443884,1034.642717,991.556116,165.357283]","783.112232","869.285434","600","600","[{""index"":0,""name"":""Монтажная область 1"",""rect"":[0,1200,1200,0],""width"":1200,""height"":1200}]","true","true","true","true","true","D:\AI\AITRASH\workspaces\project - Изменение масштаба для планировок квартир\09_outputs\_full_wip\20260727_full_mkd2\Корпус 2.1\х200_POZD_WEB_K2-1_s3_et2,4_5.ai","D:\AI\AITRASH\workspaces\project - Изменение масштаба для планировок квартир\09_outputs\_full_wip\20260727_full_mkd2\Корпус 2.1\х200_POZD_WEB_K2-1_s3_et2,4_5.png","D:\AI\AITRASH\workspaces\project - Изменение масштаба для планировок квартир\09_outputs\_diagnostics\full_20260727_full_mkd2\details\070_POZD_WEB_K2-1_s3_et2,4_5_attempt1.json","Pixel-native AI подтверждён после повторного открытия; обводки 0.75 px; s_raw=2.134474647."
"066_071_20260727_124127","71","1","OK","2026-07-27T12:44:44","Корпус 2.1/POZD_WEB_K2-1_s3_et2,6_3.ai","Корпус 2.1","D:\AI\AITRASH\LIBRARY\02_CATALOG\02_PRESALE_Поздняково\01_ARTIFACTS\МКД2\Корпус 2.1\POZD_WEB_K2-1_s3_et2,6_3.ai","D:\AI\AITRASH\LIBRARY\02_CATALOG\02_PRESALE_Поздняково\01_ARTIFACTS\МКД2\Корпус 2.1\POZD_WEB_K2-1_s3_et2,6_3.png","199777","e02e77f611bcb992da299129178acbe514e9a63663db58656ed09d6f375b0d57","true","calculated","170","170","1.671709548","1","[134.700801,540.95374,708.299199,55.92126]","573.598398","485.03248","2630","10","[{""width_pt"":0.75,""count"":1179},{""width_pt"":1,""count"":119}]","1298","[{""width_pt"":0.75,""count"":1298}]","[{""width_pt"":0.75,""count"":1298}]","0","[112.916362,1011.908858,1087.083638,188.091142]","974.167276","823.817716","600","600","[{""index"":0,""name"":""Монтажная область 1"",""rect"":[0,1200,1200,0],""width"":1200,""height"":1200}]","true","true","true","true","true","D:\AI\AITRASH\workspaces\project - Изменение масштаба для планировок квартир\09_outputs\_full_wip\20260727_full_mkd2\Корпус 2.1\х170_POZD_WEB_K2-1_s3_et2,6_3.ai","D:\AI\AITRASH\workspaces\project - Изменение масштаба для планировок квартир\09_outputs\_full_wip\20260727_full_mkd2\Корпус 2.1\х170_POZD_WEB_K2-1_s3_et2,6_3.png","D:\AI\AITRASH\workspaces\project - Изменение масштаба для планировок квартир\09_outputs\_diagnostics\full_20260727_full_mkd2\details\071_POZD_WEB_K2-1_s3_et2,6_3_attempt1.json","Pixel-native AI подтверждён после повторного открытия; обводки 0.75 px; s_raw=1.671709548."
"068_068_20260727_113025","68","1","OK","2026-07-27T11:30:27","Корпус 2.1/POZD_WEB_K2-1_s3_et1_4.ai","Корпус 2.1","D:\AI\AITRASH\LIBRARY\02_CATALOG\02_PRESALE_Поздняково\01_ARTIFACTS\МКД2\Корпус 2.1\POZD_WEB_K2-1_s3_et1_4.ai","D:\AI\AITRASH\LIBRARY\02_CATALOG\02_PRESALE_Поздняково\01_ARTIFACTS\МКД2\Корпус 2.1\POZD_WEB_K2-1_s3_et1_4.png","322697","a90eb3ed76972163e1c03df537c0c8c54e342791e7d286944b66ff94cd877348","true","calculated","110","110","1.083748848","1","[193.728346,792.219311,648.146654,-195.094311]","454.418308","987.313622","5149","16","[{""width_pt"":0.75,""count"":2354},{""width_pt"":1,""count"":183}]","2537","[{""width_pt"":0.75,""count"":2537}]","[{""width_pt"":0.75,""count"":2537}]","0","[350.176181,1142.916242,849.823819,57.083758]","499.647638","1085.832484","600","600","[{""index"":0,""name"":""Монтажная область 1"",""rect"":[0,1200,1200,0],""width"":1200,""height"":1200}]","true","true","true","regression_proven","true","D:\AI\AITRASH\workspaces\project - Изменение масштаба для планировок квартир\09_outputs\_full_wip\20260727_full_mkd2\Корпус 2.1\х110_POZD_WEB_K2-1_s3_et1_4.ai","D:\AI\AITRASH\workspaces\project - Изменение масштаба для планировок квартир\09_outputs\_full_wip\20260727_full_mkd2\Корпус 2.1\х110_POZD_WEB_K2-1_s3_et1_4.png","D:\AI\AITRASH\workspaces\project - Изменение масштаба для планировок квартир\09_outputs\_diagnostics\full_20260727_full_mkd2\details\068_POZD_WEB_K2-1_s3_et1_4_attempt1.json","Pixel-native AI подтверждён после повторного открытия; обводки 0.75 px; s_raw=1.083748848."
"068_068_20260727_162504","68","2","OK","2026-07-27T16:25:04","Корпус 2.1/POZD_WEB_K2-1_s3_et1_4.ai","Корпус 2.1","D:\AI\AITRASH\LIBRARY\02_CATALOG\02_PRESALE_Поздняково\01_ARTIFACTS\МКД2\Корпус 2.1\POZD_WEB_K2-1_s3_et1_4.ai","D:\AI\AITRASH\LIBRARY\02_CATALOG\02_PRESALE_Поздняково\01_ARTIFACTS\МКД2\Корпус 2.1\POZD_WEB_K2-1_s3_et1_4.png","322697","a90eb3ed76972163e1c03df537c0c8c54e342791e7d286944b66ff94cd877348","true","calculated","110","110","1.083748848","1","[193.728346,792.219311,648.146654,-195.094311]","454.418308","987.313622","5149","16","[{""width_pt"":0.75,""count"":2354},{""width_pt"":1,""count"":183}]","2537","[{""width_pt"":0.75,""count"":2537}]","[{""width_pt"":0.75,""count"":2537}]","0","[350.176181,1142.916242,849.823819,57.083758]","499.647638","1085.832484","600","600","[{""index"":0,""name"":""Монтажная область 1"",""rect"":[0,1200,1200,0],""width"":1200,""height"":1200}]","true","true","true","true","true","D:\AI\AITRASH\workspaces\project - Изменение масштаба для планировок квартир\09_outputs\_full_wip\20260727_full_mkd2\Корпус 2.1\х110_POZD_WEB_K2-1_s3_et1_4.ai","D:\AI\AITRASH\workspaces\project - Изменение масштаба для планировок квартир\09_outputs\_full_wip\20260727_full_mkd2\Корпус 2.1\х110_POZD_WEB_K2-1_s3_et1_4.png","D:\AI\AITRASH\workspaces\project - Изменение масштаба для планировок квартир\09_outputs\_diagnostics\full_20260727_full_mkd2\details\068_POZD_WEB_K2-1_s3_et1_4_attempt2.json","Pixel-native AI подтверждён после повторного открытия; обводки 0.75 px; s_raw=1.083748848."
"072_076_20260727_124542","72","1","OK","2026-07-27T12:45:42","Корпус 2.1/POZD_WEB_K2-1_s3_et2_2.ai","Корпус 2.1","D:\AI\AITRASH\LIBRARY\02_CATALOG\02_PRESALE_Поздняково\01_ARTIFACTS\МКД2\Корпус 2.1\POZD_WEB_K2-1_s3_et2_2.ai","D:\AI\AITRASH\LIBRARY\02_CATALOG\02_PRESALE_Поздняково\01_ARTIFACTS\МКД2\Корпус 2.1\POZD_WEB_K2-1_s3_et2_2.png","209305","5bf3ece0fea6cbab44225a8cd9264881ce91c67e9eff78d4d2ad07dda7a64995","true","calculated","170","170","1.671709473","1","[134.700775,540.95374,708.299225,55.92126]","573.59845","485.03248","2722","10","[{""width_pt"":0.75,""count"":1220},{""width_pt"":1,""count"":122}]","1342","[{""width_pt"":0.75,""count"":1342}]","[{""width_pt"":0.75,""count"":1342}]","0","[112.916318,1011.908858,1087.083682,188.091142]","974.167364","823.817716","600","600","[{""index"":0,""name"":""Монтажная область 1"",""rect"":[0,1200,1200,0],""width"":1200,""height"":1200}]","true","true","true","true","true","D:\AI\AITRASH\workspaces\project - Изменение масштаба для планировок квартир\09_outputs\_full_wip\20260727_full_mkd2\Корпус 2.1\х170_POZD_WEB_K2-1_s3_et2_2.ai","D:\AI\AITRASH\workspaces\project - Изменение масштаба для планировок квартир\09_outputs\_full_wip\20260727_full_mkd2\Корпус 2.1\х170_POZD_WEB_K2-1_s3_et2_2.png","D:\AI\AITRASH\workspaces\project - Изменение масштаба для планировок квартир\09_outputs\_diagnostics\full_20260727_full_mkd2\details\072_POZD_WEB_K2-1_s3_et2_2_attempt1.json","Pixel-native AI подтверждён после повторного открытия; обводки 0.75 px; s_raw=1.671709473."
"072_076_20260727_124542","73","1","OK","2026-07-27T12:46:17","Корпус 2.1/POZD_WEB_K2-1_s3_et2_4.ai","Корпус 2.1","D:\AI\AITRASH\LIBRARY\02_CATALOG\02_PRESALE_Поздняково\01_ARTIFACTS\МКД2\Корпус 2.1\POZD_WEB_K2-1_s3_et2_4.ai","D:\AI\AITRASH\LIBRARY\02_CATALOG\02_PRESALE_Поздняково\01_ARTIFACTS\МКД2\Корпус 2.1\POZD_WEB_K2-1_s3_et2_4.png","237227","89c5192e3123c1df1720b577c40e59eaca791106ab2f2b9df60a2604ae7b5412","true","calculated","120","120","1.208480438","1","[193.728346,741.204725,648.146654,-144.204725]","454.418308","885.40945","3489","10","[{""width_pt"":0.75,""count"":1560},{""width_pt"":1,""count"":166}]","1726","[{""width_pt"":0.75,""count"":1726}]","[{""width_pt"":0.75,""count"":1726}]","0","[327.499016,1131.020669,872.500984,68.979331]","545.001968","1062.041338","600","600","[{""index"":0,""name"":""Монтажная область 1"",""rect"":[0,1200,1200,0],""width"":1200,""height"":1200}]","true","true","true","true","true","D:\AI\AITRASH\workspaces\project - Изменение масштаба для планировок квартир\09_outputs\_full_wip\20260727_full_mkd2\Корпус 2.1\х120_POZD_WEB_K2-1_s3_et2_4.ai","D:\AI\AITRASH\workspaces\project - Изменение масштаба для планировок квартир\09_outputs\_full_wip\20260727_full_mkd2\Корпус 2.1\х120_POZD_WEB_K2-1_s3_et2_4.png","D:\AI\AITRASH\workspaces\project - Изменение масштаба для планировок квартир\09_outputs\_diagnostics\full_20260727_full_mkd2\details\073_POZD_WEB_K2-1_s3_et2_4_attempt1.json","Pixel-native AI подтверждён после повторного открытия; обводки 0.75 px; s_raw=1.208480438."
"072_076_20260727_124542","74","1","OK","2026-07-27T12:46:58","Корпус 2.1/POZD_WEB_K2-1_s3_et3,5_1.ai","Корпус 2.1","D:\AI\AITRASH\LIBRARY\02_CATALOG\02_PRESALE_Поздняково\01_ARTIFACTS\МКД2\Корпус 2.1\POZD_WEB_K2-1_s3_et3,5_1.ai","D:\AI\AITRASH\LIBRARY\02_CATALOG\02_PRESALE_Поздняково\01_ARTIFACTS\МКД2\Корпус 2.1\POZD_WEB_K2-1_s3_et3,5_1.png","230206","203fa35e03621c36357805abbd521896083d77cb6db7c1c13232b99bd8b643c0","true","calculated","120","120","1.208480438","1","[134.700796,741.204725,708.299204,-144.204725]","573.598408","885.40945","3422","10","[{""width_pt"":0.75,""count"":1535},{""width_pt"":1,""count"":156}]","1691","[{""width_pt"":0.75,""count"":1691}]","[{""width_pt"":0.75,""count"":1691}]","0","[256.065955,1131.020669,943.934045,68.979331]","687.86809","1062.041338","600","600","[{""index"":0,""name"":""Монтажная область 1"",""rect"":[0,1200,1200,0],""width"":1200,""height"":1200}]","true","true","true","true","true","D:\AI\AITRASH\workspaces\project - Изменение масштаба для планировок квартир\09_outputs\_full_wip\20260727_full_mkd2\Корпус 2.1\х120_POZD_WEB_K2-1_s3_et3,5_1.ai","D:\AI\AITRASH\workspaces\project - Изменение масштаба для планировок квартир\09_outputs\_full_wip\20260727_full_mkd2\Корпус 2.1\х120_POZD_WEB_K2-1_s3_et3,5_1.png","D:\AI\AITRASH\workspaces\project - Изменение масштаба для планировок квартир\09_outputs\_diagnostics\full_20260727_full_mkd2\details\074_POZD_WEB_K2-1_s3_et3,5_1_attempt1.json","Pixel-native AI подтверждён после повторного открытия; обводки 0.75 px; s_raw=1.208480438."
"072_076_20260727_124542","75","1","OK","2026-07-27T12:47:38","Корпус 2.1/POZD_WEB_K2-1_s3_et3,5_2.ai","Корпус 2.1","D:\AI\AITRASH\LIBRARY\02_CATALOG\02_PRESALE_Поздняково\01_ARTIFACTS\МКД2\Корпус 2.1\POZD_WEB_K2-1_s3_et3,5_2.ai","D:\AI\AITRASH\LIBRARY\02_CATALOG\02_PRESALE_Поздняково\01_ARTIFACTS\МКД2\Корпус 2.1\POZD_WEB_K2-1_s3_et3,5_2.png","208791","e5853fe7eb37b864880ba1e4d2e1b20f919c5cfa76a87459bf76a155bf1db65a","true","calculated","170","170","1.671709519","1","[134.700791,540.95374,708.299209,55.92126]","573.598418","485.03248","2713","10","[{""width_pt"":0.75,""count"":1218},{""width_pt"":1,""count"":122}]","1340","[{""width_pt"":0.75,""count"":1340}]","[{""width_pt"":0.75,""count"":1340}]","0","[112.916345,1011.908858,1087.083655,188.091142]","974.16731","823.817716","600","600","[{""index"":0,""name"":""Монтажная область 1"",""rect"":[0,1200,1200,0],""width"":1200,""height"":1200}]","true","true","true","true","true","D:\AI\AITRASH\workspaces\project - Изменение масштаба для планировок квартир\09_outputs\_full_wip\20260727_full_mkd2\Корпус 2.1\х170_POZD_WEB_K2-1_s3_et3,5_2.ai","D:\AI\AITRASH\workspaces\project - Изменение масштаба для планировок квартир\09_outputs\_full_wip\20260727_full_mkd2\Корпус 2.1\х170_POZD_WEB_K2-1_s3_et3,5_2.png","D:\AI\AITRASH\workspaces\project - Изменение масштаба для планировок квартир\09_outputs\_diagnostics\full_20260727_full_mkd2\details\075_POZD_WEB_K2-1_s3_et3,5_2_attempt1.json","Pixel-native AI подтверждён после повторного открытия; обводки 0.75 px; s_raw=1.671709519."
"072_076_20260727_124542","76","1","OK","2026-07-27T12:48:10","Корпус 2.1/POZD_WEB_K2-1_s3_et3,5_3.ai","Корпус 2.1","D:\AI\AITRASH\LIBRARY\02_CATALOG\02_PRESALE_Поздняково\01_ARTIFACTS\МКД2\Корпус 2.1\POZD_WEB_K2-1_s3_et3,5_3.ai","D:\AI\AITRASH\LIBRARY\02_CATALOG\02_PRESALE_Поздняково\01_ARTIFACTS\МКД2\Корпус 2.1\POZD_WEB_K2-1_s3_et3,5_3.png","199773","ae0d5758d6a772ae98998db896601405d68f6f77c48838e1e02f9065adfdfcde","true","calculated","170","170","1.67170951","1","[134.700788,540.95374,708.299212,55.92126]","573.598424","485.03248","2636","10","[{""width_pt"":0.75,""count"":1181},{""width_pt"":1,""count"":119}]","1300","[{""width_pt"":0.75,""count"":1300}]","[{""width_pt"":0.75,""count"":1300}]","0","[112.916339,1011.908858,1087.083661,188.091142]","974.167322","823.817716","600","600","[{""index"":0,""name"":""Монтажная область 1"",""rect"":[0,1200,1200,0],""width"":1200,""height"":1200}]","true","true","true","true","true","D:\AI\AITRASH\workspaces\project - Изменение масштаба для планировок квартир\09_outputs\_full_wip\20260727_full_mkd2\Корпус 2.1\х170_POZD_WEB_K2-1_s3_et3,5_3.ai","D:\AI\AITRASH\workspaces\project - Изменение масштаба для планировок квартир\09_outputs\_full_wip\20260727_full_mkd2\Корпус 2.1\х170_POZD_WEB_K2-1_s3_et3,5_3.png","D:\AI\AITRASH\workspaces\project - Изменение масштаба для планировок квартир\09_outputs\_diagnostics\full_20260727_full_mkd2\details\076_POZD_WEB_K2-1_s3_et3,5_3_attempt1.json","Pixel-native AI подтверждён после повторного открытия; обводки 0.75 px; s_raw=1.67170951."
"077_081_20260727_124903","77","1","OK","2026-07-27T12:49:04","Корпус 2.1/POZD_WEB_K2-1_s3_et3,5_4.ai","Корпус 2.1","D:\AI\AITRASH\LIBRARY\02_CATALOG\02_PRESALE_Поздняково\01_ARTIFACTS\МКД2\Корпус 2.1\POZD_WEB_K2-1_s3_et3,5_4.ai","D:\AI\AITRASH\LIBRARY\02_CATALOG\02_PRESALE_Поздняково\01_ARTIFACTS\МКД2\Корпус 2.1\POZD_WEB_K2-1_s3_et3,5_4.png","236943","8f9517703e1ad9c1378b504196a15d4679da154aa21020220db3796e3928014c","true","calculated","120","120","1.208480438","1","[193.728346,741.204725,648.146654,-144.204725]","454.418308","885.40945","3489","10","[{""width_pt"":0.75,""count"":1560},{""width_pt"":1,""count"":166}]","1726","[{""width_pt"":0.75,""count"":1726}]","[{""width_pt"":0.75,""count"":1726}]","0","[327.499015,1131.020669,872.500985,68.979331]","545.00197","1062.041338","600","600","[{""index"":0,""name"":""Монтажная область 1"",""rect"":[0,1200,1200,0],""width"":1200,""height"":1200}]","true","true","true","true","true","D:\AI\AITRASH\workspaces\project - Изменение масштаба для планировок квартир\09_outputs\_full_wip\20260727_full_mkd2\Корпус 2.1\х120_POZD_WEB_K2-1_s3_et3,5_4.ai","D:\AI\AITRASH\workspaces\project - Изменение масштаба для планировок квартир\09_outputs\_full_wip\20260727_full_mkd2\Корпус 2.1\х120_POZD_WEB_K2-1_s3_et3,5_4.png","D:\AI\AITRASH\workspaces\project - Изменение масштаба для планировок квартир\09_outputs\_diagnostics\full_20260727_full_mkd2\details\077_POZD_WEB_K2-1_s3_et3,5_4_attempt1.json","Pixel-native AI подтверждён после повторного открытия; обводки 0.75 px; s_raw=1.208480438."
"077_081_20260727_124903","78","1","OK","2026-07-27T12:49:46","Корпус 2.1/POZD_WEB_K2-1_s3_et4_2.ai","Корпус 2.1","D:\AI\AITRASH\LIBRARY\02_CATALOG\02_PRESALE_Поздняково\01_ARTIFACTS\МКД2\Корпус 2.1\POZD_WEB_K2-1_s3_et4_2.ai","D:\AI\AITRASH\LIBRARY\02_CATALOG\02_PRESALE_Поздняково\01_ARTIFACTS\МКД2\Корпус 2.1\POZD_WEB_K2-1_s3_et4_2.png","211934","00430979e0af3ace04e3f88b6f32b6aef659932dff9cd86c5e940fbc2f8c4e64","true","calculated","170","170","1.625548903","1","[134.700786,554.985236,708.299214,42.014764]","573.598428","512.970472","2708","13","[{""width_pt"":0.75,""count"":1213},{""width_pt"":1,""count"":123}]","1336","[{""width_pt"":0.75,""count"":1336}]","[{""width_pt"":0.75,""count"":1336}]","0","[112.916337,1035.762402,1087.083663,164.237598]","974.167326","871.524804","600","600","[{""index"":0,""name"":""Монтажная область 1"",""rect"":[0,1200,1200,0],""width"":1200,""height"":1200}]","true","true","true","true","true","D:\AI\AITRASH\workspaces\project - Изменение масштаба для планировок квартир\09_outputs\_full_wip\20260727_full_mkd2\Корпус 2.1\х170_POZD_WEB_K2-1_s3_et4_2.ai","D:\AI\AITRASH\workspaces\project - Изменение масштаба для планировок квартир\09_outputs\_full_wip\20260727_full_mkd2\Корпус 2.1\х170_POZD_WEB_K2-1_s3_et4_2.png","D:\AI\AITRASH\workspaces\project - Изменение масштаба для планировок квартир\09_outputs\_diagnostics\full_20260727_full_mkd2\details\078_POZD_WEB_K2-1_s3_et4_2_attempt1.json","Pixel-native AI подтверждён после повторного открытия; обводки 0.75 px; s_raw=1.625548903."
"077_081_20260727_124903","79","1","OK","2026-07-27T12:50:23","Корпус 2.1/POZD_WEB_K2-1_s3_et4_3.ai","Корпус 2.1","D:\AI\AITRASH\LIBRARY\02_CATALOG\02_PRESALE_Поздняково\01_ARTIFACTS\МКД2\Корпус 2.1\POZD_WEB_K2-1_s3_et4_3.ai","D:\AI\AITRASH\LIBRARY\02_CATALOG\02_PRESALE_Поздняково\01_ARTIFACTS\МКД2\Корпус 2.1\POZD_WEB_K2-1_s3_et4_3.png","205322","48ac3a973784655d0508771dba624646a7e157a371b9d6a76dc3dfddb991762c","true","calculated","170","170","1.625548869","1","[134.700774,554.985236,708.299226,42.014764]","573.598452","512.970472","2655","13","[{""width_pt"":0.75,""count"":1187},{""width_pt"":1,""count"":123}]","1310","[{""width_pt"":0.75,""count"":1310}]","[{""width_pt"":0.75,""count"":1310}]","0","[112.916316,1035.762402,1087.083684,164.237598]","974.167368","871.524804","600","600","[{""index"":0,""name"":""Монтажная область 1"",""rect"":[0,1200,1200,0],""width"":1200,""height"":1200}]","true","true","true","true","true","D:\AI\AITRASH\workspaces\project - Изменение масштаба для планировок квартир\09_outputs\_full_wip\20260727_full_mkd2\Корпус 2.1\х170_POZD_WEB_K2-1_s3_et4_3.ai","D:\AI\AITRASH\workspaces\project - Изменение масштаба для планировок квартир\09_outputs\_full_wip\20260727_full_mkd2\Корпус 2.1\х170_POZD_WEB_K2-1_s3_et4_3.png","D:\AI\AITRASH\workspaces\project - Изменение масштаба для планировок квартир\09_outputs\_diagnostics\full_20260727_full_mkd2\details\079_POZD_WEB_K2-1_s3_et4_3_attempt1.json","Pixel-native AI подтверждён после повторного открытия; обводки 0.75 px; s_raw=1.625548869."
"077_081_20260727_124903","80","1","OK","2026-07-27T12:51:01","Корпус 2.1/POZD_WEB_K2-1_s3_et4_4.ai","Корпус 2.1","D:\AI\AITRASH\LIBRARY\02_CATALOG\02_PRESALE_Поздняково\01_ARTIFACTS\МКД2\Корпус 2.1\POZD_WEB_K2-1_s3_et4_4.ai","D:\AI\AITRASH\LIBRARY\02_CATALOG\02_PRESALE_Поздняково\01_ARTIFACTS\МКД2\Корпус 2.1\POZD_WEB_K2-1_s3_et4_4.png","235287","2064ef5be9b6d58819a8412c1c74b2e8c9ec941ae2b9c4d7a3c43d635b371227","true","calculated","120","120","1.17151475","1","[193.728346,755.111221,648.146654,-158.236221]","454.418308","913.347442","3449","13","[{""width_pt"":0.75,""count"":1536},{""width_pt"":1,""count"":168}]","1704","[{""width_pt"":0.75,""count"":1704}]","[{""width_pt"":0.75,""count"":1704}]","0","[327.499016,1147.858465,872.500984,52.141535]","545.001968","1095.71693","600","600","[{""index"":0,""name"":""Монтажная область 1"",""rect"":[0,1200,1200,0],""width"":1200,""height"":1200}]","true","true","true","true","true","D:\AI\AITRASH\workspaces\project - Изменение масштаба для планировок квартир\09_outputs\_full_wip\20260727_full_mkd2\Корпус 2.1\х120_POZD_WEB_K2-1_s3_et4_4.ai","D:\AI\AITRASH\workspaces\project - Изменение масштаба для планировок квартир\09_outputs\_full_wip\20260727_full_mkd2\Корпус 2.1\х120_POZD_WEB_K2-1_s3_et4_4.png","D:\AI\AITRASH\workspaces\project - Изменение масштаба для планировок квартир\09_outputs\_diagnostics\full_20260727_full_mkd2\details\080_POZD_WEB_K2-1_s3_et4_4_attempt1.json","Pixel-native AI подтверждён после повторного открытия; обводки 0.75 px; s_raw=1.17151475."
"077_081_20260727_124903","81","1","OK","2026-07-27T12:51:47","Корпус 2.1/POZD_WEB_K2-1_s3_et6_1.ai","Корпус 2.1","D:\AI\AITRASH\LIBRARY\02_CATALOG\02_PRESALE_Поздняково\01_ARTIFACTS\МКД2\Корпус 2.1\POZD_WEB_K2-1_s3_et6_1.ai","D:\AI\AITRASH\LIBRARY\02_CATALOG\02_PRESALE_Поздняково\01_ARTIFACTS\МКД2\Корпус 2.1\POZD_WEB_K2-1_s3_et6_1.png","235419","a16d041c68efa13f9a7dd56f18cee39e4e747d507f39247a4b030d9120ccb328","true","calculated","120","120","1.17151475","1","[134.700781,755.111221,708.299219,-158.236221]","573.598438","913.347442","3518","13","[{""width_pt"":0.75,""count"":1570},{""width_pt"":1,""count"":166}]","1736","[{""width_pt"":0.75,""count"":1736}]","[{""width_pt"":0.75,""count"":1736}]","0","[256.065938,1147.858465,943.934062,52.141535]","687.868124","1095.71693","600","600","[{""index"":0,""name"":""Монтажная область 1"",""rect"":[0,1200,1200,0],""width"":1200,""height"":1200}]","true","true","true","true","true","D:\AI\AITRASH\workspaces\project - Изменение масштаба для планировок квартир\09_outputs\_full_wip\20260727_full_mkd2\Корпус 2.1\х120_POZD_WEB_K2-1_s3_et6_1.ai","D:\AI\AITRASH\workspaces\project - Изменение масштаба для планировок квартир\09_outputs\_full_wip\20260727_full_mkd2\Корпус 2.1\х120_POZD_WEB_K2-1_s3_et6_1.png","D:\AI\AITRASH\workspaces\project - Изменение масштаба для планировок квартир\09_outputs\_diagnostics\full_20260727_full_mkd2\details\081_POZD_WEB_K2-1_s3_et6_1_attempt1.json","Pixel-native AI подтверждён после повторного открытия; обводки 0.75 px; s_raw=1.17151475."
"082_086_20260727_125257","82","1","OK","2026-07-27T12:52:57","Корпус 2.1/POZD_WEB_K2-1_s3_et6_2.ai","Корпус 2.1","D:\AI\AITRASH\LIBRARY\02_CATALOG\02_PRESALE_Поздняково\01_ARTIFACTS\МКД2\Корпус 2.1\POZD_WEB_K2-1_s3_et6_2.ai","D:\AI\AITRASH\LIBRARY\02_CATALOG\02_PRESALE_Поздняково\01_ARTIFACTS\МКД2\Корпус 2.1\POZD_WEB_K2-1_s3_et6_2.png","206641","3213b8be1ecfae10ce109ac0880fdef3e08b2891f20a587ef507230c7491b0aa","true","calculated","170","170","1.623218324","1","[134.700783,555.222273,708.299217,40.777727]","573.598434","514.444546","2644","14","[{""width_pt"":0.75,""count"":1183},{""width_pt"":1,""count"":118}]","1301","[{""width_pt"":0.75,""count"":1301}]","[{""width_pt"":0.75,""count"":1301}]","0","[112.916332,1037.015364,1087.083668,162.984636]","974.167336","874.030728","600","600","[{""index"":0,""name"":""Монтажная область 1"",""rect"":[0,1200,1200,0],""width"":1200,""height"":1200}]","true","true","true","true","true","D:\AI\AITRASH\workspaces\project - Изменение масштаба для планировок квартир\09_outputs\_full_wip\20260727_full_mkd2\Корпус 2.1\х170_POZD_WEB_K2-1_s3_et6_2.ai","D:\AI\AITRASH\workspaces\project - Изменение масштаба для планировок квартир\09_outputs\_full_wip\20260727_full_mkd2\Корпус 2.1\х170_POZD_WEB_K2-1_s3_et6_2.png","D:\AI\AITRASH\workspaces\project - Изменение масштаба для планировок квартир\09_outputs\_diagnostics\full_20260727_full_mkd2\details\082_POZD_WEB_K2-1_s3_et6_2_attempt1.json","Pixel-native AI подтверждён после повторного открытия; обводки 0.75 px; s_raw=1.623218324."
"082_086_20260727_125257","83","1","OK","2026-07-27T12:53:37","Корпус 2.1/POZD_WEB_K2-1_s3_et6_4.ai","Корпус 2.1","D:\AI\AITRASH\LIBRARY\02_CATALOG\02_PRESALE_Поздняково\01_ARTIFACTS\МКД2\Корпус 2.1\POZD_WEB_K2-1_s3_et6_4.ai","D:\AI\AITRASH\LIBRARY\02_CATALOG\02_PRESALE_Поздняково\01_ARTIFACTS\МКД2\Корпус 2.1\POZD_WEB_K2-1_s3_et6_4.png","235908","228114d25696a7ea8a376b4f0f2703611a41798ca76d6086a9f8134f53d7e5a8","true","calculated","120","120","1.169627062","1","[193.728346,755.473257,648.146654,-159.348257]","454.418308","914.821514","3514","14","[{""width_pt"":0.75,""count"":1565},{""width_pt"":1,""count"":171}]","1736","[{""width_pt"":0.75,""count"":1736}]","[{""width_pt"":0.75,""count"":1736}]","0","[327.499016,1148.742908,872.500984,51.257092]","545.001968","1097.485816","600","600","[{""index"":0,""name"":""Монтажная область 1"",""rect"":[0,1200,1200,0],""width"":1200,""height"":1200}]","true","true","true","true","true","D:\AI\AITRASH\workspaces\project - Изменение масштаба для планировок квартир\09_outputs\_full_wip\20260727_full_mkd2\Корпус 2.1\х120_POZD_WEB_K2-1_s3_et6_4.ai","D:\AI\AITRASH\workspaces\project - Изменение масштаба для планировок квартир\09_outputs\_full_wip\20260727_full_mkd2\Корпус 2.1\х120_POZD_WEB_K2-1_s3_et6_4.png","D:\AI\AITRASH\workspaces\project - Изменение масштаба для планировок квартир\09_outputs\_diagnostics\full_20260727_full_mkd2\details\083_POZD_WEB_K2-1_s3_et6_4_attempt1.json","Pixel-native AI подтверждён после повторного открытия; обводки 0.75 px; s_raw=1.169627062."
"082_086_20260727_125257","84","1","OK","2026-07-27T12:54:28","Корпус 2.1/POZD_WEB_K2-1_s3_et6_5.ai","Корпус 2.1","D:\AI\AITRASH\LIBRARY\02_CATALOG\02_PRESALE_Поздняково\01_ARTIFACTS\МКД2\Корпус 2.1\POZD_WEB_K2-1_s3_et6_5.ai","D:\AI\AITRASH\LIBRARY\02_CATALOG\02_PRESALE_Поздняково\01_ARTIFACTS\МКД2\Корпус 2.1\POZD_WEB_K2-1_s3_et6_5.png","171652","19d1440ed051d9010417f047b32ed4b2fe7f2706f71e831a5833b420934c1c0b","true","calculated","200","200","2.069085878","1","[224.909443,530.040354,617.090557,66.959646]","392.181114","463.080708","1792","13","[{""width_pt"":0.75,""count"":789},{""width_pt"":1,""count"":101}]","890","[{""width_pt"":0.75,""count"":890}]","[{""width_pt"":0.75,""count"":890}]","0","[208.443887,1062.705709,991.556113,137.294291]","783.112226","925.411418","600","600","[{""index"":0,""name"":""Монтажная область 1"",""rect"":[0,1200,1200,0],""width"":1200,""height"":1200}]","true","true","true","true","true","D:\AI\AITRASH\workspaces\project - Изменение масштаба для планировок квартир\09_outputs\_full_wip\20260727_full_mkd2\Корпус 2.1\х200_POZD_WEB_K2-1_s3_et6_5.ai","D:\AI\AITRASH\workspaces\project - Изменение масштаба для планировок квартир\09_outputs\_full_wip\20260727_full_mkd2\Корпус 2.1\х200_POZD_WEB_K2-1_s3_et6_5.png","D:\AI\AITRASH\workspaces\project - Изменение масштаба для планировок квартир\09_outputs\_diagnostics\full_20260727_full_mkd2\details\084_POZD_WEB_K2-1_s3_et6_5_attempt1.json","Pixel-native AI подтверждён после повторного открытия; обводки 0.75 px; s_raw=2.069085878."
"082_086_20260727_125257","85","1","OK","2026-07-27T12:54:59","Корпус 2.1/POZD_WEB_K2-1_s4_et1_1.ai","Корпус 2.1","D:\AI\AITRASH\LIBRARY\02_CATALOG\02_PRESALE_Поздняково\01_ARTIFACTS\МКД2\Корпус 2.1\POZD_WEB_K2-1_s4_et1_1.ai","D:\AI\AITRASH\LIBRARY\02_CATALOG\02_PRESALE_Поздняково\01_ARTIFACTS\МКД2\Корпус 2.1\POZD_WEB_K2-1_s4_et1_1.png","188544","149d7c71c19dbef315eded24fb01dff96a1dba5627b989c9c0c14a78908fbdf7","true","calculated","170","170","1.796575273","1","[178.63779,546.464567,664.362211,50.535433]","485.724421","495.929134","2131","10","[{""width_pt"":0.75,""count"":945},{""width_pt"":1,""count"":108}]","1053","[{""width_pt"":0.75,""count"":1053}]","[{""width_pt"":0.75,""count"":1053}]","0","[187.609242,1021.064764,1012.390758,178.935236]","824.781516","842.129528","600","600","[{""index"":0,""name"":""Монтажная область 1"",""rect"":[0,1200,1200,0],""width"":1200,""height"":1200}]","true","true","true","true","true","D:\AI\AITRASH\workspaces\project - Изменение масштаба для планировок квартир\09_outputs\_full_wip\20260727_full_mkd2\Корпус 2.1\х170_POZD_WEB_K2-1_s4_et1_1.ai","D:\AI\AITRASH\workspaces\project - Изменение масштаба для планировок квартир\09_outputs\_full_wip\20260727_full_mkd2\Корпус 2.1\х170_POZD_WEB_K2-1_s4_et1_1.png","D:\AI\AITRASH\workspaces\project - Изменение масштаба для планировок квартир\09_outputs\_diagnostics\full_20260727_full_mkd2\details\085_POZD_WEB_K2-1_s4_et1_1_attempt1.json","Pixel-native AI подтверждён после повторного открытия; обводки 0.75 px; s_raw=1.796575273."
"082_086_20260727_125257","86","1","OK","2026-07-27T12:55:28","Корпус 2.1/POZD_WEB_K2-1_s4_et1_2.ai","Корпус 2.1","D:\AI\AITRASH\LIBRARY\02_CATALOG\02_PRESALE_Поздняково\01_ARTIFACTS\МКД2\Корпус 2.1\POZD_WEB_K2-1_s4_et1_2.ai","D:\AI\AITRASH\LIBRARY\02_CATALOG\02_PRESALE_Поздняково\01_ARTIFACTS\МКД2\Корпус 2.1\POZD_WEB_K2-1_s4_et1_2.png","169741","aec24211747eab2bebb5d433435553cb0967d27f42cef342c4b1a894a5ea958a","true","calculated","200","200","2.08481602","1","[224.909444,526.122047,617.090556,70.002953]","392.181112","456.119094","1778","10","[{""width_pt"":0.75,""count"":786},{""width_pt"":1,""count"":90}]","876","[{""width_pt"":0.75,""count"":876}]","[{""width_pt"":0.75,""count"":876}]","0","[208.443888,1055.619095,991.556112,144.380905]","783.112224","911.23819","600","600","[{""index"":0,""name"":""Монтажная область 1"",""rect"":[0,1200,1200,0],""width"":1200,""height"":1200}]","true","true","true","true","true","D:\AI\AITRASH\workspaces\project - Изменение масштаба для планировок квартир\09_outputs\_full_wip\20260727_full_mkd2\Корпус 2.1\х200_POZD_WEB_K2-1_s4_et1_2.ai","D:\AI\AITRASH\workspaces\project - Изменение масштаба для планировок квартир\09_outputs\_full_wip\20260727_full_mkd2\Корпус 2.1\х200_POZD_WEB_K2-1_s4_et1_2.png","D:\AI\AITRASH\workspaces\project - Изменение масштаба для планировок квартир\09_outputs\_diagnostics\full_20260727_full_mkd2\details\086_POZD_WEB_K2-1_s4_et1_2_attempt1.json","Pixel-native AI подтверждён после повторного открытия; обводки 0.75 px; s_raw=2.08481602."
"087_091_20260727_125613","87","1","OK","2026-07-27T12:56:13","Корпус 2.1/POZD_WEB_K2-1_s4_et1_3.ai","Корпус 2.1","D:\AI\AITRASH\LIBRARY\02_CATALOG\02_PRESALE_Поздняково\01_ARTIFACTS\МКД2\Корпус 2.1\POZD_WEB_K2-1_s4_et1_3.ai","D:\AI\AITRASH\LIBRARY\02_CATALOG\02_PRESALE_Поздняково\01_ARTIFACTS\МКД2\Корпус 2.1\POZD_WEB_K2-1_s4_et1_3.png","147055","d195b43c57ec906aa7b6f0858d83e9b541855a05b6acfc7b11196d07f53ff44c","true","calculated","200","200","2.375403409","1","[271.681099,523.287402,570.318901,72.837598]","298.637802","450.449804","1385","10","[{""width_pt"":0.75,""count"":621},{""width_pt"":1,""count"":60}]","681","[{""width_pt"":0.75,""count"":681}]","[{""width_pt"":0.75,""count"":681}]","0","[301.987198,1049.949803,898.012802,150.050197]","596.025604","899.899606","600","600","[{""index"":0,""name"":""Монтажная область 1"",""rect"":[0,1200,1200,0],""width"":1200,""height"":1200}]","true","true","true","true","true","D:\AI\AITRASH\workspaces\project - Изменение масштаба для планировок квартир\09_outputs\_full_wip\20260727_full_mkd2\Корпус 2.1\х200_POZD_WEB_K2-1_s4_et1_3.ai","D:\AI\AITRASH\workspaces\project - Изменение масштаба для планировок квартир\09_outputs\_full_wip\20260727_full_mkd2\Корпус 2.1\х200_POZD_WEB_K2-1_s4_et1_3.png","D:\AI\AITRASH\workspaces\project - Изменение масштаба для планировок квартир\09_outputs\_diagnostics\full_20260727_full_mkd2\details\087_POZD_WEB_K2-1_s4_et1_3_attempt1.json","Pixel-native AI подтверждён после повторного открытия; обводки 0.75 px; s_raw=2.375403409."
"087_091_20260727_125613","88","1","OK","2026-07-27T12:56:38","Корпус 2.1/POZD_WEB_K2-1_s4_et1_4.ai","Корпус 2.1","D:\AI\AITRASH\LIBRARY\02_CATALOG\02_PRESALE_Поздняково\01_ARTIFACTS\МКД2\Корпус 2.1\POZD_WEB_K2-1_s4_et1_4.ai","D:\AI\AITRASH\LIBRARY\02_CATALOG\02_PRESALE_Поздняково\01_ARTIFACTS\МКД2\Корпус 2.1\POZD_WEB_K2-1_s4_et1_4.png","305066","54e55df6664d080ca2ae26702b6750c01867087dd6bc2c0f1c6cc6a4545a35d4","true","calculated","150","150","1.468515555","1","[122.090264,599.472447,721.034736,-2.472447]","598.944472","601.944894","4501","16","[{""width_pt"":0.75,""count"":2082},{""width_pt"":1,""count"":135}]","2217","[{""width_pt"":0.75,""count"":2217}]","[{""width_pt"":0.75,""count"":2217}]","0","[151.072896,1051.08367,1048.927103,148.91633]","897.854207","902.16734","600","600","[{""index"":0,""name"":""Монтажная область 1"",""rect"":[0,1200,1200,0],""width"":1200,""height"":1200}]","true","true","true","true","true","D:\AI\AITRASH\workspaces\project - Изменение масштаба для планировок квартир\09_outputs\_full_wip\20260727_full_mkd2\Корпус 2.1\х150_POZD_WEB_K2-1_s4_et1_4.ai","D:\AI\AITRASH\workspaces\project - Изменение масштаба для планировок квартир\09_outputs\_full_wip\20260727_full_mkd2\Корпус 2.1\х150_POZD_WEB_K2-1_s4_et1_4.png","D:\AI\AITRASH\workspaces\project - Изменение масштаба для планировок квартир\09_outputs\_diagnostics\full_20260727_full_mkd2\details\088_POZD_WEB_K2-1_s4_et1_4_attempt1.json","Pixel-native AI подтверждён после повторного открытия; обводки 0.75 px; s_raw=1.468515555."
"087_091_20260727_125613","89","1","OK","2026-07-27T12:57:44","Корпус 2.1/POZD_WEB_K2-1_s4_et1_5.ai","Корпус 2.1","D:\AI\AITRASH\LIBRARY\02_CATALOG\02_PRESALE_Поздняково\01_ARTIFACTS\МКД2\Корпус 2.1\POZD_WEB_K2-1_s4_et1_5.ai","D:\AI\AITRASH\LIBRARY\02_CATALOG\02_PRESALE_Поздняково\01_ARTIFACTS\МКД2\Корпус 2.1\POZD_WEB_K2-1_s4_et1_5.png","279355","e09cb8f7fc4e26e51a028b04dae1170436f80eb74014a9d8e0726cf38ba4d2d7","true","calculated","170","170","1.616565328","1","[148.735931,571.125971,694.389069,25.874029]","545.653138","545.251942","3755","17","[{""width_pt"":0.75,""count"":1745},{""width_pt"":1,""count"":115}]","1860","[{""width_pt"":0.75,""count"":1860}]","[{""width_pt"":0.75,""count"":1860}]","0","[136.563582,1062.989151,1063.436418,137.010849]","926.872836","925.978302","600","600","[{""index"":0,""name"":""Монтажная область 1"",""rect"":[0,1200,1200,0],""width"":1200,""height"":1200}]","true","true","true","true","true","D:\AI\AITRASH\workspaces\project - Изменение масштаба для планировок квартир\09_outputs\_full_wip\20260727_full_mkd2\Корпус 2.1\х170_POZD_WEB_K2-1_s4_et1_5.ai","D:\AI\AITRASH\workspaces\project - Изменение масштаба для планировок квартир\09_outputs\_full_wip\20260727_full_mkd2\Корпус 2.1\х170_POZD_WEB_K2-1_s4_et1_5.png","D:\AI\AITRASH\workspaces\project - Изменение масштаба для планировок квартир\09_outputs\_diagnostics\full_20260727_full_mkd2\details\089_POZD_WEB_K2-1_s4_et1_5_attempt1.json","Pixel-native AI подтверждён после повторного открытия; обводки 0.75 px; s_raw=1.616565328."
"087_091_20260727_125613","90","1","OK","2026-07-27T12:58:37","Корпус 2.1/POZD_WEB_K2-1_s4_et2,4_2.ai","Корпус 2.1","D:\AI\AITRASH\LIBRARY\02_CATALOG\02_PRESALE_Поздняково\01_ARTIFACTS\МКД2\Корпус 2.1\POZD_WEB_K2-1_s4_et2,4_2.ai","D:\AI\AITRASH\LIBRARY\02_CATALOG\02_PRESALE_Поздняково\01_ARTIFACTS\МКД2\Корпус 2.1\POZD_WEB_K2-1_s4_et2,4_2.png","162281","f4121de7db6ae60b166923be529c3bf20fbe614cf48c38d998f59d6337ffb9fe","true","calculated","200","200","2.08479081","1","[224.909453,526.122047,617.10005,70.002953]","392.190597","456.119094","1706","10","[{""width_pt"":0.75,""count"":763},{""width_pt"":1,""count"":83}]","846","[{""width_pt"":0.75,""count"":846}]","[{""width_pt"":0.75,""count"":846}]","0","[208.440342,1055.619095,991.559657,144.380905]","783.119315","911.23819","600","600","[{""index"":0,""name"":""Монтажная область 1"",""rect"":[0,1200,1200,0],""width"":1200,""height"":1200}]","true","true","true","true","true","D:\AI\AITRASH\workspaces\project - Изменение масштаба для планировок квартир\09_outputs\_full_wip\20260727_full_mkd2\Корпус 2.1\х200_POZD_WEB_K2-1_s4_et2,4_2.ai","D:\AI\AITRASH\workspaces\project - Изменение масштаба для планировок квартир\09_outputs\_full_wip\20260727_full_mkd2\Корпус 2.1\х200_POZD_WEB_K2-1_s4_et2,4_2.png","D:\AI\AITRASH\workspaces\project - Изменение масштаба для планировок квартир\09_outputs\_diagnostics\full_20260727_full_mkd2\details\090_POZD_WEB_K2-1_s4_et2,4_2_attempt1.json","Pixel-native AI подтверждён после повторного открытия; обводки 0.75 px; s_raw=2.08479081."
"087_091_20260727_125613","91","1","OK","2026-07-27T12:59:03","Корпус 2.1/POZD_WEB_K2-1_s4_et2,6_4.ai","Корпус 2.1","D:\AI\AITRASH\LIBRARY\02_CATALOG\02_PRESALE_Поздняково\01_ARTIFACTS\МКД2\Корпус 2.1\POZD_WEB_K2-1_s4_et2,6_4.ai","D:\AI\AITRASH\LIBRARY\02_CATALOG\02_PRESALE_Поздняково\01_ARTIFACTS\МКД2\Корпус 2.1\POZD_WEB_K2-1_s4_et2,6_4.png","198895","19a10cdf0842b8cf34f303ef70f5605e1d7d47ded8c6e1cda1d11136004c3dc6","true","calculated","170","170","1.712215005","1","[189.884842,585.299209,652.240158,11.700791]","462.355316","573.598418","2540","10","[{""width_pt"":0.75,""count"":1144},{""width_pt"":1,""count"":108}]","1252","[{""width_pt"":0.75,""count"":1252}]","[{""width_pt"":0.75,""count"":1252}]","0","[207.366732,1087.083656,992.633268,112.916344]","785.266536","974.167312","600","600","[{""index"":0,""name"":""Монтажная область 1"",""rect"":[0,1200,1200,0],""width"":1200,""height"":1200}]","true","true","true","true","true","D:\AI\AITRASH\workspaces\project - Изменение масштаба для планировок квартир\09_outputs\_full_wip\20260727_full_mkd2\Корпус 2.1\х170_POZD_WEB_K2-1_s4_et2,6_4.ai","D:\AI\AITRASH\workspaces\project - Изменение масштаба для планировок квартир\09_outputs\_full_wip\20260727_full_mkd2\Корпус 2.1\х170_POZD_WEB_K2-1_s4_et2,6_4.png","D:\AI\AITRASH\workspaces\project - Изменение масштаба для планировок квартир\09_outputs\_diagnostics\full_20260727_full_mkd2\details\091_POZD_WEB_K2-1_s4_et2,6_4_attempt1.json","Pixel-native AI подтверждён после повторного открытия; обводки 0.75 px; s_raw=1.712215005."
"092_096_20260727_125956","92","1","OK","2026-07-27T12:59:56","Корпус 2.1/POZD_WEB_K2-1_s4_et2_1.ai","Корпус 2.1","D:\AI\AITRASH\LIBRARY\02_CATALOG\02_PRESALE_Поздняково\01_ARTIFACTS\МКД2\Корпус 2.1\POZD_WEB_K2-1_s4_et2_1.ai","D:\AI\AITRASH\LIBRARY\02_CATALOG\02_PRESALE_Поздняково\01_ARTIFACTS\МКД2\Корпус 2.1\POZD_WEB_K2-1_s4_et2_1.png","250270","4e775fa759445afcc4c1f8509653c300911a9159702acaed6efe71d4f45e1b45","true","calculated","120","120","1.208480438","1","[193.728346,741.204725,648.146654,-144.204725]","454.418308","885.40945","3906","10","[{""width_pt"":0.75,""count"":1768},{""width_pt"":1,""count"":167}]","1935","[{""width_pt"":0.75,""count"":1935}]","[{""width_pt"":0.75,""count"":1935}]","0","[327.499015,1131.020669,872.500985,68.979331]","545.00197","1062.041338","600","600","[{""index"":0,""name"":""Монтажная область 1"",""rect"":[0,1200,1200,0],""width"":1200,""height"":1200}]","true","true","true","true","true","D:\AI\AITRASH\workspaces\project - Изменение масштаба для планировок квартир\09_outputs\_full_wip\20260727_full_mkd2\Корпус 2.1\х120_POZD_WEB_K2-1_s4_et2_1.ai","D:\AI\AITRASH\workspaces\project - Изменение масштаба для планировок квартир\09_outputs\_full_wip\20260727_full_mkd2\Корпус 2.1\х120_POZD_WEB_K2-1_s4_et2_1.png","D:\AI\AITRASH\workspaces\project - Изменение масштаба для планировок квартир\09_outputs\_diagnostics\full_20260727_full_mkd2\details\092_POZD_WEB_K2-1_s4_et2_1_attempt1.json","Pixel-native AI подтверждён после повторного открытия; обводки 0.75 px; s_raw=1.208480438."
"092_096_20260727_125956","93","1","OK","2026-07-27T13:00:45","Корпус 2.1/POZD_WEB_K2-1_s4_et2_3.ai","Корпус 2.1","D:\AI\AITRASH\LIBRARY\02_CATALOG\02_PRESALE_Поздняково\01_ARTIFACTS\МКД2\Корпус 2.1\POZD_WEB_K2-1_s4_et2_3.ai","D:\AI\AITRASH\LIBRARY\02_CATALOG\02_PRESALE_Поздняково\01_ARTIFACTS\МКД2\Корпус 2.1\POZD_WEB_K2-1_s4_et2_3.png","233667","0952a0ff148df4e4657d5459f89a0dcb6cdedd715d8dd3803b438182846e0aba","true","calculated","120","120","1.33349878","1","[112.940944,653.330694,729.059056,-56.330694]","616.118112","709.661388","3405","10","[{""width_pt"":0.75,""count"":1532},{""width_pt"":1,""count"":149}]","1681","[{""width_pt"":0.75,""count"":1681}]","[{""width_pt"":0.75,""count"":1681}]","0","[230.554133,1025.571833,969.445867,174.428167]","738.891734","851.143666","600","600","[{""index"":0,""name"":""Монтажная область 1"",""rect"":[0,1200,1200,0],""width"":1200,""height"":1200}]","true","true","true","true","true","D:\AI\AITRASH\workspaces\project - Изменение масштаба для планировок квартир\09_outputs\_full_wip\20260727_full_mkd2\Корпус 2.1\х120_POZD_WEB_K2-1_s4_et2_3.ai","D:\AI\AITRASH\workspaces\project - Изменение масштаба для планировок квартир\09_outputs\_full_wip\20260727_full_mkd2\Корпус 2.1\х120_POZD_WEB_K2-1_s4_et2_3.png","D:\AI\AITRASH\workspaces\project - Изменение масштаба для планировок квартир\09_outputs\_diagnostics\full_20260727_full_mkd2\details\093_POZD_WEB_K2-1_s4_et2_3_attempt1.json","Pixel-native AI подтверждён после повторного открытия; обводки 0.75 px; s_raw=1.33349878."
"092_096_20260727_125956","94","1","OK","2026-07-27T13:01:24","Корпус 2.1/POZD_WEB_K2-1_s4_et2_5.ai","Корпус 2.1","D:\AI\AITRASH\LIBRARY\02_CATALOG\02_PRESALE_Поздняково\01_ARTIFACTS\МКД2\Корпус 2.1\POZD_WEB_K2-1_s4_et2_5.ai","D:\AI\AITRASH\LIBRARY\02_CATALOG\02_PRESALE_Поздняково\01_ARTIFACTS\МКД2\Корпус 2.1\POZD_WEB_K2-1_s4_et2_5.png","212351","6319b5d996413352bd64fc34b5c0121c0cda34eddd9e741b36cd04f4d928efd4","true","calculated","170","170","1.696327149","1","[196.562992,599.472427,645.437008,-2.472427]","448.874016","601.944854","2867","10","[{""width_pt"":0.75,""count"":1298},{""width_pt"":1,""count"":117}]","1415","[{""width_pt"":0.75,""count"":1415}]","[{""width_pt"":0.75,""count"":1415}]","0","[218.932087,1111.178126,981.067913,88.821874]","762.135826","1022.356252","600","600","[{""index"":0,""name"":""Монтажная область 1"",""rect"":[0,1200,1200,0],""width"":1200,""height"":1200}]","true","true","true","true","true","D:\AI\AITRASH\workspaces\project - Изменение масштаба для планировок квартир\09_outputs\_full_wip\20260727_full_mkd2\Корпус 2.1\х170_POZD_WEB_K2-1_s4_et2_5.ai","D:\AI\AITRASH\workspaces\project - Изменение масштаба для планировок квартир\09_outputs\_full_wip\20260727_full_mkd2\Корпус 2.1\х170_POZD_WEB_K2-1_s4_et2_5.png","D:\AI\AITRASH\workspaces\project - Изменение масштаба для планировок квартир\09_outputs\_diagnostics\full_20260727_full_mkd2\details\094_POZD_WEB_K2-1_s4_et2_5_attempt1.json","Pixel-native AI подтверждён после повторного открытия; обводки 0.75 px; s_raw=1.696327149."
"092_096_20260727_125956","95","1","OK","2026-07-27T13:01:58","Корпус 2.1/POZD_WEB_K2-1_s4_et2_6.ai","Корпус 2.1","D:\AI\AITRASH\LIBRARY\02_CATALOG\02_PRESALE_Поздняково\01_ARTIFACTS\МКД2\Корпус 2.1\POZD_WEB_K2-1_s4_et2_6.ai","D:\AI\AITRASH\LIBRARY\02_CATALOG\02_PRESALE_Поздняково\01_ARTIFACTS\МКД2\Корпус 2.1\POZD_WEB_K2-1_s4_et2_6.png","210084","4b727bff40a5856c24cdc863ccac0cdf47cc19ddddee7a406d9a06f6004948dc","true","calculated","170","170","1.679672133","1","[192.527559,599.472433,650.347441,-2.472433]","457.819882","601.944866","2823","10","[{""width_pt"":0.75,""count"":1275},{""width_pt"":1,""count"":118}]","1393","[{""width_pt"":0.75,""count"":1393}]","[{""width_pt"":0.75,""count"":1393}]","0","[211.22185,1111.178137,988.77815,88.821863]","777.5563","1022.356274","600","600","[{""index"":0,""name"":""Монтажная область 1"",""rect"":[0,1200,1200,0],""width"":1200,""height"":1200}]","true","true","true","true","true","D:\AI\AITRASH\workspaces\project - Изменение масштаба для планировок квартир\09_outputs\_full_wip\20260727_full_mkd2\Корпус 2.1\х170_POZD_WEB_K2-1_s4_et2_6.ai","D:\AI\AITRASH\workspaces\project - Изменение масштаба для планировок квартир\09_outputs\_full_wip\20260727_full_mkd2\Корпус 2.1\х170_POZD_WEB_K2-1_s4_et2_6.png","D:\AI\AITRASH\workspaces\project - Изменение масштаба для планировок квартир\09_outputs\_diagnostics\full_20260727_full_mkd2\details\095_POZD_WEB_K2-1_s4_et2_6_attempt1.json","Pixel-native AI подтверждён после повторного открытия; обводки 0.75 px; s_raw=1.679672133."
"092_096_20260727_125956","96","1","OK","2026-07-27T13:02:32","Корпус 2.1/POZD_WEB_K2-1_s4_et2_7.ai","Корпус 2.1","D:\AI\AITRASH\LIBRARY\02_CATALOG\02_PRESALE_Поздняково\01_ARTIFACTS\МКД2\Корпус 2.1\POZD_WEB_K2-1_s4_et2_7.ai","D:\AI\AITRASH\LIBRARY\02_CATALOG\02_PRESALE_Поздняково\01_ARTIFACTS\МКД2\Корпус 2.1\POZD_WEB_K2-1_s4_et2_7.png","156020","75ed3620cb108fc2c95cb6cb61c3a4073097ef927064c3a9b174622945701ce8","true","calculated","200","200","2.080939937","1","[192.527559,494.090549,650.347441,101.909451]","457.819882","392.181098","1529","10","[{""width_pt"":0.75,""count"":683},{""width_pt"":1,""count"":71}]","754","[{""width_pt"":0.75,""count"":754}]","[{""width_pt"":0.75,""count"":754}]","0","[142.680118,991.556099,1057.319882,208.443901]","914.639764","783.112198","600","600","[{""index"":0,""name"":""Монтажная область 1"",""rect"":[0,1200,1200,0],""width"":1200,""height"":1200}]","true","true","true","true","true","D:\AI\AITRASH\workspaces\project - Изменение масштаба для планировок квартир\09_outputs\_full_wip\20260727_full_mkd2\Корпус 2.1\х200_POZD_WEB_K2-1_s4_et2_7.ai","D:\AI\AITRASH\workspaces\project - Изменение масштаба для планировок квартир\09_outputs\_full_wip\20260727_full_mkd2\Корпус 2.1\х200_POZD_WEB_K2-1_s4_et2_7.png","D:\AI\AITRASH\workspaces\project - Изменение масштаба для планировок квартир\09_outputs\_diagnostics\full_20260727_full_mkd2\details\096_POZD_WEB_K2-1_s4_et2_7_attempt1.json","Pixel-native AI подтверждён после повторного открытия; обводки 0.75 px; s_raw=2.080939937."
"097_101_20260727_130318","97","1","OK","2026-07-27T13:03:18","Корпус 2.1/POZD_WEB_K2-1_s4_et3,5_1.ai","Корпус 2.1","D:\AI\AITRASH\LIBRARY\02_CATALOG\02_PRESALE_Поздняково\01_ARTIFACTS\МКД2\Корпус 2.1\POZD_WEB_K2-1_s4_et3,5_1.ai","D:\AI\AITRASH\LIBRARY\02_CATALOG\02_PRESALE_Поздняково\01_ARTIFACTS\МКД2\Корпус 2.1\POZD_WEB_K2-1_s4_et3,5_1.png","250561","ecea26dacaa3fd32703f100e62c105766894b5ebc6542ce9c76e55d66d6d9e91","true","calculated","120","120","1.208480438","1","[193.728346,741.204725,648.146654,-144.204725]","454.418308","885.40945","3921","10","[{""width_pt"":0.75,""count"":1773},{""width_pt"":1,""count"":169}]","1942","[{""width_pt"":0.75,""count"":1942}]","[{""width_pt"":0.75,""count"":1942}]","0","[327.499016,1131.020669,872.500984,68.979331]","545.001968","1062.041338","600","600","[{""index"":0,""name"":""Монтажная область 1"",""rect"":[0,1200,1200,0],""width"":1200,""height"":1200}]","true","true","true","true","true","D:\AI\AITRASH\workspaces\project - Изменение масштаба для планировок квартир\09_outputs\_full_wip\20260727_full_mkd2\Корпус 2.1\х120_POZD_WEB_K2-1_s4_et3,5_1.ai","D:\AI\AITRASH\workspaces\project - Изменение масштаба для планировок квартир\09_outputs\_full_wip\20260727_full_mkd2\Корпус 2.1\х120_POZD_WEB_K2-1_s4_et3,5_1.png","D:\AI\AITRASH\workspaces\project - Изменение масштаба для планировок квартир\09_outputs\_diagnostics\full_20260727_full_mkd2\details\097_POZD_WEB_K2-1_s4_et3,5_1_attempt1.json","Pixel-native AI подтверждён после повторного открытия; обводки 0.75 px; s_raw=1.208480438."
"097_101_20260727_130318","98","1","OK","2026-07-27T13:04:07","Корпус 2.1/POZD_WEB_K2-1_s4_et3,5_2.ai","Корпус 2.1","D:\AI\AITRASH\LIBRARY\02_CATALOG\02_PRESALE_Поздняково\01_ARTIFACTS\МКД2\Корпус 2.1\POZD_WEB_K2-1_s4_et3,5_2.ai","D:\AI\AITRASH\LIBRARY\02_CATALOG\02_PRESALE_Поздняково\01_ARTIFACTS\МКД2\Корпус 2.1\POZD_WEB_K2-1_s4_et3,5_2.png","161858","e08da1ee039ba81c36ffcae4ba4e82cf3c586548c6a5a24aceafadbd32330a75","true","calculated","200","200","2.084816041","1","[224.909448,526.122047,617.090552,70.002953]","392.181104","456.119094","1680","10","[{""width_pt"":0.75,""count"":749},{""width_pt"":1,""count"":85}]","834","[{""width_pt"":0.75,""count"":834}]","[{""width_pt"":0.75,""count"":834}]","0","[208.443897,1055.619095,991.556103,144.380905]","783.112206","911.23819","600","600","[{""index"":0,""name"":""Монтажная область 1"",""rect"":[0,1200,1200,0],""width"":1200,""height"":1200}]","true","true","true","true","true","D:\AI\AITRASH\workspaces\project - Изменение масштаба для планировок квартир\09_outputs\_full_wip\20260727_full_mkd2\Корпус 2.1\х200_POZD_WEB_K2-1_s4_et3,5_2.ai","D:\AI\AITRASH\workspaces\project - Изменение масштаба для планировок квартир\09_outputs\_full_wip\20260727_full_mkd2\Корпус 2.1\х200_POZD_WEB_K2-1_s4_et3,5_2.png","D:\AI\AITRASH\workspaces\project - Изменение масштаба для планировок квартир\09_outputs\_diagnostics\full_20260727_full_mkd2\details\098_POZD_WEB_K2-1_s4_et3,5_2_attempt1.json","Pixel-native AI подтверждён после повторного открытия; обводки 0.75 px; s_raw=2.084816041."
"097_101_20260727_130318","99","1","OK","2026-07-27T13:04:32","Корпус 2.1/POZD_WEB_K2-1_s4_et3,5_3.ai","Корпус 2.1","D:\AI\AITRASH\LIBRARY\02_CATALOG\02_PRESALE_Поздняково\01_ARTIFACTS\МКД2\Корпус 2.1\POZD_WEB_K2-1_s4_et3,5_3.ai","D:\AI\AITRASH\LIBRARY\02_CATALOG\02_PRESALE_Поздняково\01_ARTIFACTS\МКД2\Корпус 2.1\POZD_WEB_K2-1_s4_et3,5_3.png","234308","5b6f1ecfa24e42e8259bb5f767ff028befeaa0e0eaac5ad982929e4b77e15e9a","true","calculated","120","120","1.333498782","1","[112.940945,653.330694,729.059055,-56.330694]","616.11811","709.661388","3396","11","[{""width_pt"":0.75,""count"":1528},{""width_pt"":1,""count"":148}]","1676","[{""width_pt"":0.75,""count"":1676}]","[{""width_pt"":0.75,""count"":1676}]","0","[230.554134,1025.571833,969.445866,174.428167]","738.891732","851.143666","600","600","[{""index"":0,""name"":""Монтажная область 1"",""rect"":[0,1200,1200,0],""width"":1200,""height"":1200}]","true","true","true","true","true","D:\AI\AITRASH\workspaces\project - Изменение масштаба для планировок квартир\09_outputs\_full_wip\20260727_full_mkd2\Корпус 2.1\х120_POZD_WEB_K2-1_s4_et3,5_3.ai","D:\AI\AITRASH\workspaces\project - Изменение масштаба для планировок квартир\09_outputs\_full_wip\20260727_full_mkd2\Корпус 2.1\х120_POZD_WEB_K2-1_s4_et3,5_3.png","D:\AI\AITRASH\workspaces\project - Изменение масштаба для планировок квартир\09_outputs\_diagnostics\full_20260727_full_mkd2\details\099_POZD_WEB_K2-1_s4_et3,5_3_attempt1.json","Pixel-native AI подтверждён после повторного открытия; обводки 0.75 px; s_raw=1.333498782."
"097_101_20260727_130318","100","1","OK","2026-07-27T13:05:15","Корпус 2.1/POZD_WEB_K2-1_s4_et3,5_4.ai","Корпус 2.1","D:\AI\AITRASH\LIBRARY\02_CATALOG\02_PRESALE_Поздняково\01_ARTIFACTS\МКД2\Корпус 2.1\POZD_WEB_K2-1_s4_et3,5_4.ai","D:\AI\AITRASH\LIBRARY\02_CATALOG\02_PRESALE_Поздняково\01_ARTIFACTS\МКД2\Корпус 2.1\POZD_WEB_K2-1_s4_et3,5_4.png","198951","d5ebd4f3671f1d80c06f84fda12d6f87c3a3af2b4287ba7129e5331aa17ac47e","true","calculated","170","170","1.712214978","1","[189.884842,585.299218,652.240158,11.700782]","462.355316","573.598436","2546","10","[{""width_pt"":0.75,""count"":1146},{""width_pt"":1,""count"":108}]","1254","[{""width_pt"":0.75,""count"":1254}]","[{""width_pt"":0.75,""count"":1254}]","0","[207.366732,1087.083671,992.633268,112.916329]","785.266536","974.167342","600","600","[{""index"":0,""name"":""Монтажная область 1"",""rect"":[0,1200,1200,0],""width"":1200,""height"":1200}]","true","true","true","true","true","D:\AI\AITRASH\workspaces\project - Изменение масштаба для планировок квартир\09_outputs\_full_wip\20260727_full_mkd2\Корпус 2.1\х170_POZD_WEB_K2-1_s4_et3,5_4.ai","D:\AI\AITRASH\workspaces\project - Изменение масштаба для планировок квартир\09_outputs\_full_wip\20260727_full_mkd2\Корпус 2.1\х170_POZD_WEB_K2-1_s4_et3,5_4.png","D:\AI\AITRASH\workspaces\project - Изменение масштаба для планировок квартир\09_outputs\_diagnostics\full_20260727_full_mkd2\details\100_POZD_WEB_K2-1_s4_et3,5_4_attempt1.json","Pixel-native AI подтверждён после повторного открытия; обводки 0.75 px; s_raw=1.712214978."
"097_101_20260727_130318","101","1","OK","2026-07-27T13:05:45","Корпус 2.1/POZD_WEB_K2-1_s4_et3,5_5.ai","Корпус 2.1","D:\AI\AITRASH\LIBRARY\02_CATALOG\02_PRESALE_Поздняково\01_ARTIFACTS\МКД2\Корпус 2.1\POZD_WEB_K2-1_s4_et3,5_5.ai","D:\AI\AITRASH\LIBRARY\02_CATALOG\02_PRESALE_Поздняково\01_ARTIFACTS\МКД2\Корпус 2.1\POZD_WEB_K2-1_s4_et3,5_5.png","212629","f2dc23f2a7e5a2103393c948bc21b48a407bfe36a349d1c32b9152b9f2723aba","true","calculated","170","170","1.696327154","1","[196.562992,599.472425,645.437008,-2.472425]","448.874016","601.94485","2888","10","[{""width_pt"":0.75,""count"":1308},{""width_pt"":1,""count"":117}]","1425","[{""width_pt"":0.75,""count"":1425}]","[{""width_pt"":0.75,""count"":1425}]","0","[218.932087,1111.178123,981.067913,88.821877]","762.135826","1022.356246","600","600","[{""index"":0,""name"":""Монтажная область 1"",""rect"":[0,1200,1200,0],""width"":1200,""height"":1200}]","true","true","true","true","true","D:\AI\AITRASH\workspaces\project - Изменение масштаба для планировок квартир\09_outputs\_full_wip\20260727_full_mkd2\Корпус 2.1\х170_POZD_WEB_K2-1_s4_et3,5_5.ai","D:\AI\AITRASH\workspaces\project - Изменение масштаба для планировок квартир\09_outputs\_full_wip\20260727_full_mkd2\Корпус 2.1\х170_POZD_WEB_K2-1_s4_et3,5_5.png","D:\AI\AITRASH\workspaces\project - Изменение масштаба для планировок квартир\09_outputs\_diagnostics\full_20260727_full_mkd2\details\101_POZD_WEB_K2-1_s4_et3,5_5_attempt1.json","Pixel-native AI подтверждён после повторного открытия; обводки 0.75 px; s_raw=1.696327154."
"102_106_20260727_130641","102","1","OK","2026-07-27T13:06:41","Корпус 2.1/POZD_WEB_K2-1_s4_et3,5_6.ai","Корпус 2.1","D:\AI\AITRASH\LIBRARY\02_CATALOG\02_PRESALE_Поздняково\01_ARTIFACTS\МКД2\Корпус 2.1\POZD_WEB_K2-1_s4_et3,5_6.ai","D:\AI\AITRASH\LIBRARY\02_CATALOG\02_PRESALE_Поздняково\01_ARTIFACTS\МКД2\Корпус 2.1\POZD_WEB_K2-1_s4_et3,5_6.png","210204","57a38e7817f170eb8388849ff6bfe131b131e1616e42415877eea8197b1706e2","true","calculated","170","170","1.679672119","1","[192.527559,599.472438,650.347441,-2.472438]","457.819882","601.944876","2828","10","[{""width_pt"":0.75,""count"":1278},{""width_pt"":1,""count"":118}]","1396","[{""width_pt"":0.75,""count"":1396}]","[{""width_pt"":0.75,""count"":1396}]","0","[211.22185,1111.178144,988.77815,88.821856]","777.5563","1022.356288","600","600","[{""index"":0,""name"":""Монтажная область 1"",""rect"":[0,1200,1200,0],""width"":1200,""height"":1200}]","true","true","true","true","true","D:\AI\AITRASH\workspaces\project - Изменение масштаба для планировок квартир\09_outputs\_full_wip\20260727_full_mkd2\Корпус 2.1\х170_POZD_WEB_K2-1_s4_et3,5_6.ai","D:\AI\AITRASH\workspaces\project - Изменение масштаба для планировок квартир\09_outputs\_full_wip\20260727_full_mkd2\Корпус 2.1\х170_POZD_WEB_K2-1_s4_et3,5_6.png","D:\AI\AITRASH\workspaces\project - Изменение масштаба для планировок квартир\09_outputs\_diagnostics\full_20260727_full_mkd2\details\102_POZD_WEB_K2-1_s4_et3,5_6_attempt1.json","Pixel-native AI подтверждён после повторного открытия; обводки 0.75 px; s_raw=1.679672119."
"102_106_20260727_130641","103","1","OK","2026-07-27T13:07:17","Корпус 2.1/POZD_WEB_K2-1_s4_et3,5_7.ai","Корпус 2.1","D:\AI\AITRASH\LIBRARY\02_CATALOG\02_PRESALE_Поздняково\01_ARTIFACTS\МКД2\Корпус 2.1\POZD_WEB_K2-1_s4_et3,5_7.ai","D:\AI\AITRASH\LIBRARY\02_CATALOG\02_PRESALE_Поздняково\01_ARTIFACTS\МКД2\Корпус 2.1\POZD_WEB_K2-1_s4_et3,5_7.png","155442","cf9811c26b665ac17a76532e3b04ebde34e9d8a0febb601b87f4014430e8e026","true","calculated","200","200","2.080939937","1","[192.527559,494.090549,650.347441,101.909451]","457.819882","392.181098","1513","10","[{""width_pt"":0.75,""count"":677},{""width_pt"":1,""count"":69}]","746","[{""width_pt"":0.75,""count"":746}]","[{""width_pt"":0.75,""count"":746}]","0","[142.680118,991.556099,1057.319882,208.443901]","914.639764","783.112198","600","600","[{""index"":0,""name"":""Монтажная область 1"",""rect"":[0,1200,1200,0],""width"":1200,""height"":1200}]","true","true","true","true","true","D:\AI\AITRASH\workspaces\project - Изменение масштаба для планировок квартир\09_outputs\_full_wip\20260727_full_mkd2\Корпус 2.1\х200_POZD_WEB_K2-1_s4_et3,5_7.ai","D:\AI\AITRASH\workspaces\project - Изменение масштаба для планировок квартир\09_outputs\_full_wip\20260727_full_mkd2\Корпус 2.1\х200_POZD_WEB_K2-1_s4_et3,5_7.png","D:\AI\AITRASH\workspaces\project - Изменение масштаба для планировок квартир\09_outputs\_diagnostics\full_20260727_full_mkd2\details\103_POZD_WEB_K2-1_s4_et3,5_7_attempt1.json","Pixel-native AI подтверждён после повторного открытия; обводки 0.75 px; s_raw=2.080939937."
"102_106_20260727_130641","104","1","OK","2026-07-27T13:07:42","Корпус 2.1/POZD_WEB_K2-1_s4_et4_1.ai","Корпус 2.1","D:\AI\AITRASH\LIBRARY\02_CATALOG\02_PRESALE_Поздняково\01_ARTIFACTS\МКД2\Корпус 2.1\POZD_WEB_K2-1_s4_et4_1.ai","D:\AI\AITRASH\LIBRARY\02_CATALOG\02_PRESALE_Поздняково\01_ARTIFACTS\МКД2\Корпус 2.1\POZD_WEB_K2-1_s4_et4_1.png","257003","cfa337b82550b80d4f6cd074d37e407f1822437a0bcfcd68d5ac9900275cf321","true","calculated","120","120","1.173291681","1","[193.728346,753.919596,648.146654,-158.044596]","454.418308","911.964192","4073","14","[{""width_pt"":0.75,""count"":1839},{""width_pt"":1,""count"":177}]","2016","[{""width_pt"":0.75,""count"":2016}]","[{""width_pt"":0.75,""count"":2016}]","0","[327.499015,1147.028515,872.500985,52.971485]","545.00197","1094.05703","600","600","[{""index"":0,""name"":""Монтажная область 1"",""rect"":[0,1200,1200,0],""width"":1200,""height"":1200}]","true","true","true","true","true","D:\AI\AITRASH\workspaces\project - Изменение масштаба для планировок квартир\09_outputs\_full_wip\20260727_full_mkd2\Корпус 2.1\х120_POZD_WEB_K2-1_s4_et4_1.ai","D:\AI\AITRASH\workspaces\project - Изменение масштаба для планировок квартир\09_outputs\_full_wip\20260727_full_mkd2\Корпус 2.1\х120_POZD_WEB_K2-1_s4_et4_1.png","D:\AI\AITRASH\workspaces\project - Изменение масштаба для планировок квартир\09_outputs\_diagnostics\full_20260727_full_mkd2\details\104_POZD_WEB_K2-1_s4_et4_1_attempt1.json","Pixel-native AI подтверждён после повторного открытия; обводки 0.75 px; s_raw=1.173291681."
"102_106_20260727_130641","105","1","OK","2026-07-27T13:08:38","Корпус 2.1/POZD_WEB_K2-1_s4_et4_3.ai","Корпус 2.1","D:\AI\AITRASH\LIBRARY\02_CATALOG\02_PRESALE_Поздняково\01_ARTIFACTS\МКД2\Корпус 2.1\POZD_WEB_K2-1_s4_et4_3.ai","D:\AI\AITRASH\LIBRARY\02_CATALOG\02_PRESALE_Поздняково\01_ARTIFACTS\МКД2\Корпус 2.1\POZD_WEB_K2-1_s4_et4_3.png","238631","75e8dcd3c213924f93ed0e4669ed00e265c8420775cf62e394b8f1d1a4e0ebcb","true","calculated","120","120","1.304255705","1","[98.909449,653.33072,742.965551,-56.33072]","644.056102","709.66144","3454","13","[{""width_pt"":0.75,""count"":1551},{""width_pt"":1,""count"":152}]","1703","[{""width_pt"":0.75,""count"":1703}]","[{""width_pt"":0.75,""count"":1703}]","0","[213.716338,1025.571865,986.283662,174.428135]","772.567324","851.14373","600","600","[{""index"":0,""name"":""Монтажная область 1"",""rect"":[0,1200,1200,0],""width"":1200,""height"":1200}]","true","true","true","true","true","D:\AI\AITRASH\workspaces\project - Изменение масштаба для планировок квартир\09_outputs\_full_wip\20260727_full_mkd2\Корпус 2.1\х120_POZD_WEB_K2-1_s4_et4_3.ai","D:\AI\AITRASH\workspaces\project - Изменение масштаба для планировок квартир\09_outputs\_full_wip\20260727_full_mkd2\Корпус 2.1\х120_POZD_WEB_K2-1_s4_et4_3.png","D:\AI\AITRASH\workspaces\project - Изменение масштаба для планировок квартир\09_outputs\_diagnostics\full_20260727_full_mkd2\details\105_POZD_WEB_K2-1_s4_et4_3_attempt1.json","Pixel-native AI подтверждён после повторного открытия; обводки 0.75 px; s_raw=1.304255705."
"102_106_20260727_130641","106","1","OK","2026-07-27T13:09:22","Корпус 2.1/POZD_WEB_K2-1_s4_et4_4.ai","Корпус 2.1","D:\AI\AITRASH\LIBRARY\02_CATALOG\02_PRESALE_Поздняково\01_ARTIFACTS\МКД2\Корпус 2.1\POZD_WEB_K2-1_s4_et4_4.ai","D:\AI\AITRASH\LIBRARY\02_CATALOG\02_PRESALE_Поздняково\01_ARTIFACTS\МКД2\Корпус 2.1\POZD_WEB_K2-1_s4_et4_4.png","204041","4fa823348666f95f5ed45dc5a77e76c481af07f6aa4265e561f2ec849dc7ab4e","true","calculated","170","170","1.662716674","1","[175.853346,585.299198,666.146654,11.700802]","490.293308","573.598396","2585","13","[{""width_pt"":0.75,""count"":1163},{""width_pt"":1,""count"":109}]","1272","[{""width_pt"":0.75,""count"":1272}]","[{""width_pt"":0.75,""count"":1272}]","0","[183.513189,1087.083636,1016.486811,112.916364]","832.973622","974.167272","600","600","[{""index"":0,""name"":""Монтажная область 1"",""rect"":[0,1200,1200,0],""width"":1200,""height"":1200}]","true","true","true","true","true","D:\AI\AITRASH\workspaces\project - Изменение масштаба для планировок квартир\09_outputs\_full_wip\20260727_full_mkd2\Корпус 2.1\х170_POZD_WEB_K2-1_s4_et4_4.ai","D:\AI\AITRASH\workspaces\project - Изменение масштаба для планировок квартир\09_outputs\_full_wip\20260727_full_mkd2\Корпус 2.1\х170_POZD_WEB_K2-1_s4_et4_4.png","D:\AI\AITRASH\workspaces\project - Изменение масштаба для планировок квартир\09_outputs\_diagnostics\full_20260727_full_mkd2\details\106_POZD_WEB_K2-1_s4_et4_4_attempt1.json","Pixel-native AI подтверждён после повторного открытия; обводки 0.75 px; s_raw=1.662716674."
"107_111_20260727_131019","107","1","OK","2026-07-27T13:10:19","Корпус 2.1/POZD_WEB_K2-1_s4_et4_5.ai","Корпус 2.1","D:\AI\AITRASH\LIBRARY\02_CATALOG\02_PRESALE_Поздняково\01_ARTIFACTS\МКД2\Корпус 2.1\POZD_WEB_K2-1_s4_et4_5.ai","D:\AI\AITRASH\LIBRARY\02_CATALOG\02_PRESALE_Поздняково\01_ARTIFACTS\МКД2\Корпус 2.1\POZD_WEB_K2-1_s4_et4_5.png","220926","82bb16f5a45be0f7524e12f60206ff7aa47aedd04cb75a3ac74d510b1a4e97ec","true","calculated","170","170","1.643342057","1","[181.79446,599.472434,660.08054,-2.472434]","478.28608","601.944868","3030","14","[{""width_pt"":0.75,""count"":1369},{""width_pt"":1,""count"":125}]","1494","[{""width_pt"":0.75,""count"":1494}]","[{""width_pt"":0.75,""count"":1494}]","0","[193.825581,1111.178137,1006.174419,88.821863]","812.348838","1022.356274","600","600","[{""index"":0,""name"":""Монтажная область 1"",""rect"":[0,1200,1200,0],""width"":1200,""height"":1200}]","true","true","true","true","true","D:\AI\AITRASH\workspaces\project - Изменение масштаба для планировок квартир\09_outputs\_full_wip\20260727_full_mkd2\Корпус 2.1\х170_POZD_WEB_K2-1_s4_et4_5.ai","D:\AI\AITRASH\workspaces\project - Изменение масштаба для планировок квартир\09_outputs\_full_wip\20260727_full_mkd2\Корпус 2.1\х170_POZD_WEB_K2-1_s4_et4_5.png","D:\AI\AITRASH\workspaces\project - Изменение масштаба для планировок квартир\09_outputs\_diagnostics\full_20260727_full_mkd2\details\107_POZD_WEB_K2-1_s4_et4_5_attempt1.json","Pixel-native AI подтверждён после повторного открытия; обводки 0.75 px; s_raw=1.643342057."
"107_111_20260727_131019","108","1","OK","2026-07-27T13:11:04","Корпус 2.1/POZD_WEB_K2-1_s4_et4_6.ai","Корпус 2.1","D:\AI\AITRASH\LIBRARY\02_CATALOG\02_PRESALE_Поздняково\01_ARTIFACTS\МКД2\Корпус 2.1\POZD_WEB_K2-1_s4_et4_6.ai","D:\AI\AITRASH\LIBRARY\02_CATALOG\02_PRESALE_Поздняково\01_ARTIFACTS\МКД2\Корпус 2.1\POZD_WEB_K2-1_s4_et4_6.png","215287","a501204cefc9cf1ef10efcac2716ccf4a432449a8d509fc13118e4740609488b","true","calculated","170","170","1.630654315","1","[178.121063,599.472451,663.878937,-2.472451]","485.757874","601.944902","2885","13","[{""width_pt"":0.75,""count"":1300},{""width_pt"":1,""count"":121}]","1421","[{""width_pt"":0.75,""count"":1421}]","[{""width_pt"":0.75,""count"":1421}]","0","[187.368307,1111.178166,1012.631693,88.821834]","825.263386","1022.356332","600","600","[{""index"":0,""name"":""Монтажная область 1"",""rect"":[0,1200,1200,0],""width"":1200,""height"":1200}]","true","true","true","true","true","D:\AI\AITRASH\workspaces\project - Изменение масштаба для планировок квартир\09_outputs\_full_wip\20260727_full_mkd2\Корпус 2.1\х170_POZD_WEB_K2-1_s4_et4_6.ai","D:\AI\AITRASH\workspaces\project - Изменение масштаба для планировок квартир\09_outputs\_full_wip\20260727_full_mkd2\Корпус 2.1\х170_POZD_WEB_K2-1_s4_et4_6.png","D:\AI\AITRASH\workspaces\project - Изменение масштаба для планировок квартир\09_outputs\_diagnostics\full_20260727_full_mkd2\details\108_POZD_WEB_K2-1_s4_et4_6_attempt1.json","Pixel-native AI подтверждён после повторного открытия; обводки 0.75 px; s_raw=1.630654315."
"107_111_20260727_131019","109","1","OK","2026-07-27T13:11:43","Корпус 2.1/POZD_WEB_K2-1_s4_et4_7.ai","Корпус 2.1","D:\AI\AITRASH\LIBRARY\02_CATALOG\02_PRESALE_Поздняково\01_ARTIFACTS\МКД2\Корпус 2.1\POZD_WEB_K2-1_s4_et4_7.ai","D:\AI\AITRASH\LIBRARY\02_CATALOG\02_PRESALE_Поздняково\01_ARTIFACTS\МКД2\Корпус 2.1\POZD_WEB_K2-1_s4_et4_7.png","155357","650dcacf31aa37dbab97efec1fb964bf44ed70e97643ab4c1eff16be5ad9d43e","true","calculated","200","200","2.080939943","1","[192.527559,494.090548,650.347441,101.909452]","457.819882","392.181096","1513","10","[{""width_pt"":0.75,""count"":677},{""width_pt"":1,""count"":69}]","746","[{""width_pt"":0.75,""count"":746}]","[{""width_pt"":0.75,""count"":746}]","0","[142.680118,991.556097,1057.319882,208.443903]","914.639764","783.112194","600","600","[{""index"":0,""name"":""Монтажная область 1"",""rect"":[0,1200,1200,0],""width"":1200,""height"":1200}]","true","true","true","true","true","D:\AI\AITRASH\workspaces\project - Изменение масштаба для планировок квартир\09_outputs\_full_wip\20260727_full_mkd2\Корпус 2.1\х200_POZD_WEB_K2-1_s4_et4_7.ai","D:\AI\AITRASH\workspaces\project - Изменение масштаба для планировок квартир\09_outputs\_full_wip\20260727_full_mkd2\Корпус 2.1\х200_POZD_WEB_K2-1_s4_et4_7.png","D:\AI\AITRASH\workspaces\project - Изменение масштаба для планировок квартир\09_outputs\_diagnostics\full_20260727_full_mkd2\details\109_POZD_WEB_K2-1_s4_et4_7_attempt1.json","Pixel-native AI подтверждён после повторного открытия; обводки 0.75 px; s_raw=2.080939943."
"107_111_20260727_131019","110","1","OK","2026-07-27T13:12:08","Корпус 2.1/POZD_WEB_K2-1_s4_et6_1.ai","Корпус 2.1","D:\AI\AITRASH\LIBRARY\02_CATALOG\02_PRESALE_Поздняково\01_ARTIFACTS\МКД2\Корпус 2.1\POZD_WEB_K2-1_s4_et6_1.ai","D:\AI\AITRASH\LIBRARY\02_CATALOG\02_PRESALE_Поздняково\01_ARTIFACTS\МКД2\Корпус 2.1\POZD_WEB_K2-1_s4_et6_1.png","252098","703c4d2e4623ef0cb29421ccf0d7dfb7a3f70208d446bef9f862114c37af8751","true","calculated","120","120","1.17151475","1","[193.728346,755.236221,648.146654,-158.111221]","454.418308","913.347442","3941","13","[{""width_pt"":0.75,""count"":1779},{""width_pt"":1,""count"":171}]","1950","[{""width_pt"":0.75,""count"":1950}]","[{""width_pt"":0.75,""count"":1950}]","0","[327.499016,1147.858465,872.500984,52.141535]","545.001968","1095.71693","600","600","[{""index"":0,""name"":""Монтажная область 1"",""rect"":[0,1200,1200,0],""width"":1200,""height"":1200}]","true","true","true","true","true","D:\AI\AITRASH\workspaces\project - Изменение масштаба для планировок квартир\09_outputs\_full_wip\20260727_full_mkd2\Корпус 2.1\х120_POZD_WEB_K2-1_s4_et6_1.ai","D:\AI\AITRASH\workspaces\project - Изменение масштаба для планировок квартир\09_outputs\_full_wip\20260727_full_mkd2\Корпус 2.1\х120_POZD_WEB_K2-1_s4_et6_1.png","D:\AI\AITRASH\workspaces\project - Изменение масштаба для планировок квартир\09_outputs\_diagnostics\full_20260727_full_mkd2\details\110_POZD_WEB_K2-1_s4_et6_1_attempt1.json","Pixel-native AI подтверждён после повторного открытия; обводки 0.75 px; s_raw=1.17151475."
"107_111_20260727_131019","111","1","OK","2026-07-27T13:13:01","Корпус 2.1/POZD_WEB_K2-1_s4_et6_2.ai","Корпус 2.1","D:\AI\AITRASH\LIBRARY\02_CATALOG\02_PRESALE_Поздняково\01_ARTIFACTS\МКД2\Корпус 2.1\POZD_WEB_K2-1_s4_et6_2.ai","D:\AI\AITRASH\LIBRARY\02_CATALOG\02_PRESALE_Поздняково\01_ARTIFACTS\МКД2\Корпус 2.1\POZD_WEB_K2-1_s4_et6_2.png","249379","8dd2eea0972bab9d165079e4c3978cd7cf0f148bf78712697efb7a4b192dad0b","true","calculated","150","150","1.383935367","1","[34.921253,540.028543,808.078747,55.971457]","773.157494","484.057086","3603","18","[{""width_pt"":0.75,""count"":1635},{""width_pt"":1,""count"":152}]","1787","[{""width_pt"":0.75,""count"":1787}]","[{""width_pt"":0.75,""count"":1787}]","0","[20.50688,962.855315,1179.49312,237.144685]","1158.98624","725.71063","600","600","[{""index"":0,""name"":""Монтажная область 1"",""rect"":[0,1200,1200,0],""width"":1200,""height"":1200}]","true","true","true","true","true","D:\AI\AITRASH\workspaces\project - Изменение масштаба для планировок квартир\09_outputs\_full_wip\20260727_full_mkd2\Корпус 2.1\х150_POZD_WEB_K2-1_s4_et6_2.ai","D:\AI\AITRASH\workspaces\project - Изменение масштаба для планировок квартир\09_outputs\_full_wip\20260727_full_mkd2\Корпус 2.1\х150_POZD_WEB_K2-1_s4_et6_2.png","D:\AI\AITRASH\workspaces\project - Изменение масштаба для планировок квартир\09_outputs\_diagnostics\full_20260727_full_mkd2\details\111_POZD_WEB_K2-1_s4_et6_2_attempt1.json","Pixel-native AI подтверждён после повторного открытия; обводки 0.75 px; s_raw=1.383935367."
"112_112_20260727_115429","112","1","ERROR","2026-07-27T11:54:32","Корпус 2.1/POZD_WEB_K2-1_s4_et6_3.ai","Корпус 2.1","D:\AI\AITRASH\LIBRARY\02_CATALOG\02_PRESALE_Поздняково\01_ARTIFACTS\МКД2\Корпус 2.1\POZD_WEB_K2-1_s4_et6_3.ai","D:\AI\AITRASH\LIBRARY\02_CATALOG\02_PRESALE_Поздняково\01_ARTIFACTS\МКД2\Корпус 2.1\POZD_WEB_K2-1_s4_et6_3.png","232781","037a74550732ff9c4e82a90d523ba71ca7e9880065ae6612fb3abdef75a18dad","true","calculated","150","150","1.508026931","1","[189.884842,653.2057,652.240158,-56.3307]","462.355316","709.5364","3175","15","[{""width_pt"":0.75,""count"":1453},{""width_pt"":1,""count"":117}]","1570","[{""width_pt"":0.75,""count"":1570}]","[{""width_pt"":0.75,""count"":1570}]","0","[253.514764,1131.87105,946.485236,68.12895]","692.970472","1063.7421","600","600","[{""index"":0,""name"":""Монтажная область 1"",""rect"":[0,1200,1200,0],""width"":1200,""height"":1200}]","true","true","true","","","","","D:\AI\AITRASH\workspaces\project - Изменение масштаба для планировок квартир\09_outputs\_diagnostics\full_20260727_full_mkd2\details\112_POZD_WEB_K2-1_s4_et6_3_attempt1.json","После переноса изменилось число слоёв: было 15, стало 14. (строка 9)"
"112_112_20260727_115549","112","2","OK","2026-07-27T11:55:52","Корпус 2.1/POZD_WEB_K2-1_s4_et6_3.ai","Корпус 2.1","D:\AI\AITRASH\LIBRARY\02_CATALOG\02_PRESALE_Поздняково\01_ARTIFACTS\МКД2\Корпус 2.1\POZD_WEB_K2-1_s4_et6_3.ai","D:\AI\AITRASH\LIBRARY\02_CATALOG\02_PRESALE_Поздняково\01_ARTIFACTS\МКД2\Корпус 2.1\POZD_WEB_K2-1_s4_et6_3.png","232781","037a74550732ff9c4e82a90d523ba71ca7e9880065ae6612fb3abdef75a18dad","true","calculated","150","150","1.508026931","1","[189.884842,653.2057,652.240158,-56.3307]","462.355316","709.5364","3175","15","[{""width_pt"":0.75,""count"":1453},{""width_pt"":1,""count"":117}]","1570","[{""width_pt"":0.75,""count"":1570}]","[{""width_pt"":0.75,""count"":1570}]","0","[253.514764,1131.87105,946.485236,68.12895]","692.970472","1063.7421","600","600","[{""index"":0,""name"":""Монтажная область 1"",""rect"":[0,1200,1200,0],""width"":1200,""height"":1200}]","true","true","true","true","true","D:\AI\AITRASH\workspaces\project - Изменение масштаба для планировок квартир\09_outputs\_full_wip\20260727_full_mkd2\Корпус 2.1\х150_POZD_WEB_K2-1_s4_et6_3.ai","D:\AI\AITRASH\workspaces\project - Изменение масштаба для планировок квартир\09_outputs\_full_wip\20260727_full_mkd2\Корпус 2.1\х150_POZD_WEB_K2-1_s4_et6_3.png","D:\AI\AITRASH\workspaces\project - Изменение масштаба для планировок квартир\09_outputs\_diagnostics\full_20260727_full_mkd2\details\112_POZD_WEB_K2-1_s4_et6_3_attempt2.json","Pixel-native AI подтверждён после повторного открытия; обводки 0.75 px; s_raw=1.508026931."
"113_117_20260727_131417","113","1","OK","2026-07-27T13:14:17","Корпус 2.1/POZD_WEB_K2-1_s4_et6_5.ai","Корпус 2.1","D:\AI\AITRASH\LIBRARY\02_CATALOG\02_PRESALE_Поздняково\01_ARTIFACTS\МКД2\Корпус 2.1\POZD_WEB_K2-1_s4_et6_5.ai","D:\AI\AITRASH\LIBRARY\02_CATALOG\02_PRESALE_Поздняково\01_ARTIFACTS\МКД2\Корпус 2.1\POZD_WEB_K2-1_s4_et6_5.png","219688","ffaf6d92071d4677c6024a876a0326dc49055fc4b0618e2c2dc9f6e97191bee1","true","calculated","170","170","1.64588024","1","[182.531494,599.472457,659.343504,-2.472457]","476.81201","601.944914","2984","13","[{""width_pt"":0.75,""count"":1342},{""width_pt"":1,""count"":128}]","1470","[{""width_pt"":0.75,""count"":1470}]","[{""width_pt"":0.75,""count"":1470}]","0","[195.078542,1111.178177,1004.921457,88.821823]","809.842915","1022.356354","600","600","[{""index"":0,""name"":""Монтажная область 1"",""rect"":[0,1200,1200,0],""width"":1200,""height"":1200}]","true","true","true","true","true","D:\AI\AITRASH\workspaces\project - Изменение масштаба для планировок квартир\09_outputs\_full_wip\20260727_full_mkd2\Корпус 2.1\х170_POZD_WEB_K2-1_s4_et6_5.ai","D:\AI\AITRASH\workspaces\project - Изменение масштаба для планировок квартир\09_outputs\_full_wip\20260727_full_mkd2\Корпус 2.1\х170_POZD_WEB_K2-1_s4_et6_5.png","D:\AI\AITRASH\workspaces\project - Изменение масштаба для планировок квартир\09_outputs\_diagnostics\full_20260727_full_mkd2\details\113_POZD_WEB_K2-1_s4_et6_5_attempt1.json","Pixel-native AI подтверждён после повторного открытия; обводки 0.75 px; s_raw=1.64588024."
"113_117_20260727_131417","114","1","OK","2026-07-27T13:15:00","Корпус 2.1/POZD_WEB_K2-1_s4_et6_6.ai","Корпус 2.1","D:\AI\AITRASH\LIBRARY\02_CATALOG\02_PRESALE_Поздняково\01_ARTIFACTS\МКД2\Корпус 2.1\POZD_WEB_K2-1_s4_et6_6.ai","D:\AI\AITRASH\LIBRARY\02_CATALOG\02_PRESALE_Поздняково\01_ARTIFACTS\МКД2\Корпус 2.1\POZD_WEB_K2-1_s4_et6_6.png","210444","4213b9bef87bf4050032c7921fcd52cf16f60d733e3d94f7ad1cd55f7712b972","true","calculated","170","170","1.679672097","1","[192.527559,599.472446,650.347441,-2.472446]","457.819882","601.944892","2822","10","[{""width_pt"":0.75,""count"":1274},{""width_pt"":1,""count"":118}]","1392","[{""width_pt"":0.75,""count"":1392}]","[{""width_pt"":0.75,""count"":1392}]","0","[211.22185,1111.178158,988.77815,88.821842]","777.5563","1022.356316","600","600","[{""index"":0,""name"":""Монтажная область 1"",""rect"":[0,1200,1200,0],""width"":1200,""height"":1200}]","true","true","true","true","true","D:\AI\AITRASH\workspaces\project - Изменение масштаба для планировок квартир\09_outputs\_full_wip\20260727_full_mkd2\Корпус 2.1\х170_POZD_WEB_K2-1_s4_et6_6.ai","D:\AI\AITRASH\workspaces\project - Изменение масштаба для планировок квартир\09_outputs\_full_wip\20260727_full_mkd2\Корпус 2.1\х170_POZD_WEB_K2-1_s4_et6_6.png","D:\AI\AITRASH\workspaces\project - Изменение масштаба для планировок квартир\09_outputs\_diagnostics\full_20260727_full_mkd2\details\114_POZD_WEB_K2-1_s4_et6_6_attempt1.json","Pixel-native AI подтверждён после повторного открытия; обводки 0.75 px; s_raw=1.679672097."
"113_117_20260727_131417","115","1","OK","2026-07-27T13:15:33","Корпус 2.1/POZD_WEB_K2-1_s4_et6_7.ai","Корпус 2.1","D:\AI\AITRASH\LIBRARY\02_CATALOG\02_PRESALE_Поздняково\01_ARTIFACTS\МКД2\Корпус 2.1\POZD_WEB_K2-1_s4_et6_7.ai","D:\AI\AITRASH\LIBRARY\02_CATALOG\02_PRESALE_Поздняково\01_ARTIFACTS\МКД2\Корпус 2.1\POZD_WEB_K2-1_s4_et6_7.png","158879","edd1fbed9c423f03d31eb0d59bd6270189f20c466bfa284405b9cbac42335af5","true","calculated","200","200","2.020211999","1","[178.121063,494.090548,663.878937,101.909452]","485.757874","392.181096","1575","13","[{""width_pt"":0.75,""count"":702},{""width_pt"":1,""count"":73}]","775","[{""width_pt"":0.75,""count"":775}]","[{""width_pt"":0.75,""count"":775}]","0","[114.617126,991.556097,1085.382874,208.443903]","970.765748","783.112194","600","600","[{""index"":0,""name"":""Монтажная область 1"",""rect"":[0,1200,1200,0],""width"":1200,""height"":1200}]","true","true","true","true","true","D:\AI\AITRASH\workspaces\project - Изменение масштаба для планировок квартир\09_outputs\_full_wip\20260727_full_mkd2\Корпус 2.1\х200_POZD_WEB_K2-1_s4_et6_7.ai","D:\AI\AITRASH\workspaces\project - Изменение масштаба для планировок квартир\09_outputs\_full_wip\20260727_full_mkd2\Корпус 2.1\х200_POZD_WEB_K2-1_s4_et6_7.png","D:\AI\AITRASH\workspaces\project - Изменение масштаба для планировок квартир\09_outputs\_diagnostics\full_20260727_full_mkd2\details\115_POZD_WEB_K2-1_s4_et6_7_attempt1.json","Pixel-native AI подтверждён после повторного открытия; обводки 0.75 px; s_raw=2.020211999."
"113_117_20260727_131417","116","1","OK","2026-07-27T13:16:03","Корпус 2.1/POZD_WEB_K2-1_s5_et1_1.ai","Корпус 2.1","D:\AI\AITRASH\LIBRARY\02_CATALOG\02_PRESALE_Поздняково\01_ARTIFACTS\МКД2\Корпус 2.1\POZD_WEB_K2-1_s5_et1_1.ai","D:\AI\AITRASH\LIBRARY\02_CATALOG\02_PRESALE_Поздняково\01_ARTIFACTS\МКД2\Корпус 2.1\POZD_WEB_K2-1_s5_et1_1.png","213378","c3be2bc5a9eb7b0f8bbe03e55b5385e9c6261c0a08e1dd7266aeb0f65da0fec1","true","calculated","170","170","1.651998439","1","[97.712315,486.086607,745.412685,110.913393]","647.70037","375.173214","2667","16","[{""width_pt"":0.75,""count"":1211},{""width_pt"":1,""count"":102}]","1313","[{""width_pt"":0.75,""count"":1313}]","[{""width_pt"":0.75,""count"":1313}]","0","[49.823435,918.422232,1150.176565,281.577768]","1100.35313","636.844464","600","600","[{""index"":0,""name"":""Монтажная область 1"",""rect"":[0,1200,1200,0],""width"":1200,""height"":1200}]","true","true","true","true","true","D:\AI\AITRASH\workspaces\project - Изменение масштаба для планировок квартир\09_outputs\_full_wip\20260727_full_mkd2\Корпус 2.1\х170_POZD_WEB_K2-1_s5_et1_1.ai","D:\AI\AITRASH\workspaces\project - Изменение масштаба для планировок квартир\09_outputs\_full_wip\20260727_full_mkd2\Корпус 2.1\х170_POZD_WEB_K2-1_s5_et1_1.png","D:\AI\AITRASH\workspaces\project - Изменение масштаба для планировок квартир\09_outputs\_diagnostics\full_20260727_full_mkd2\details\116_POZD_WEB_K2-1_s5_et1_1_attempt1.json","Pixel-native AI подтверждён после повторного открытия; обводки 0.75 px; s_raw=1.651998439."
"113_117_20260727_131417","117","1","OK","2026-07-27T13:16:46","Корпус 2.1/POZD_WEB_K2-1_s5_et1_2.ai","Корпус 2.1","D:\AI\AITRASH\LIBRARY\02_CATALOG\02_PRESALE_Поздняково\01_ARTIFACTS\МКД2\Корпус 2.1\POZD_WEB_K2-1_s5_et1_2.ai","D:\AI\AITRASH\LIBRARY\02_CATALOG\02_PRESALE_Поздняково\01_ARTIFACTS\МКД2\Корпус 2.1\POZD_WEB_K2-1_s5_et1_2.png","272874","6e8fd2b437d989b23bf3f21f9a521569787d9ee014fd8a4f26f607010165d9ce","true","calculated","150","150","1.47044525","1","[97.712303,576.086616,745.412698,20.913384]","647.700395","555.173232","4067","16","[{""width_pt"":0.75,""count"":1866},{""width_pt"":1,""count"":138}]","2004","[{""width_pt"":0.75,""count"":2004}]","[{""width_pt"":0.75,""count"":2004}]","0","[114.505954,1016.004924,1085.494046,183.995076]","970.988092","832.009848","600","600","[{""index"":0,""name"":""Монтажная область 1"",""rect"":[0,1200,1200,0],""width"":1200,""height"":1200}]","true","true","true","true","true","D:\AI\AITRASH\workspaces\project - Изменение масштаба для планировок квартир\09_outputs\_full_wip\20260727_full_mkd2\Корпус 2.1\х150_POZD_WEB_K2-1_s5_et1_2.ai","D:\AI\AITRASH\workspaces\project - Изменение масштаба для планировок квартир\09_outputs\_full_wip\20260727_full_mkd2\Корпус 2.1\х150_POZD_WEB_K2-1_s5_et1_2.png","D:\AI\AITRASH\workspaces\project - Изменение масштаба для планировок квартир\09_outputs\_diagnostics\full_20260727_full_mkd2\details\117_POZD_WEB_K2-1_s5_et1_2_attempt1.json","Pixel-native AI подтверждён после повторного открытия; обводки 0.75 px; s_raw=1.47044525."
"118_122_20260727_131805","118","1","OK","2026-07-27T13:18:05","Корпус 2.1/POZD_WEB_K2-1_s5_et2,4,6_3.ai","Корпус 2.1","D:\AI\AITRASH\LIBRARY\02_CATALOG\02_PRESALE_Поздняково\01_ARTIFACTS\МКД2\Корпус 2.1\POZD_WEB_K2-1_s5_et2,4,6_3.ai","D:\AI\AITRASH\LIBRARY\02_CATALOG\02_PRESALE_Поздняково\01_ARTIFACTS\МКД2\Корпус 2.1\POZD_WEB_K2-1_s5_et2,4,6_3.png","217055","53b50f60e49df6fa850a2068fdf53404bd19ff237fb70b5bccddeef18557f18f","true","calculated","170","170","1.747098915","1","[189.884842,573.460644,652.240158,22.539356]","462.355316","550.921288","2701","10","[{""width_pt"":0.75,""count"":1207},{""width_pt"":1,""count"":130}]","1337","[{""width_pt"":0.75,""count"":1337}]","[{""width_pt"":0.75,""count"":1337}]","0","[207.366732,1067.808095,992.633268,132.191905]","785.266536","935.61619","600","600","[{""index"":0,""name"":""Монтажная область 1"",""rect"":[0,1200,1200,0],""width"":1200,""height"":1200}]","true","true","true","true","true","D:\AI\AITRASH\workspaces\project - Изменение масштаба для планировок квартир\09_outputs\_full_wip\20260727_full_mkd2\Корпус 2.1\х170_POZD_WEB_K2-1_s5_et2,4,6_3.ai","D:\AI\AITRASH\workspaces\project - Изменение масштаба для планировок квартир\09_outputs\_full_wip\20260727_full_mkd2\Корпус 2.1\х170_POZD_WEB_K2-1_s5_et2,4,6_3.png","D:\AI\AITRASH\workspaces\project - Изменение масштаба для планировок квартир\09_outputs\_diagnostics\full_20260727_full_mkd2\details\118_POZD_WEB_K2-1_s5_et2,4,6_3_attempt1.json","Pixel-native AI подтверждён после повторного открытия; обводки 0.75 px; s_raw=1.747098915."
"118_122_20260727_131805","119","1","OK","2026-07-27T13:18:40","Корпус 2.1/POZD_WEB_K2-1_s5_et2,4_6.ai","Корпус 2.1","D:\AI\AITRASH\LIBRARY\02_CATALOG\02_PRESALE_Поздняково\01_ARTIFACTS\МКД2\Корпус 2.1\POZD_WEB_K2-1_s5_et2,4_6.ai","D:\AI\AITRASH\LIBRARY\02_CATALOG\02_PRESALE_Поздняково\01_ARTIFACTS\МКД2\Корпус 2.1\POZD_WEB_K2-1_s5_et2,4_6.png","190679","a65949be0b167eaa031ee4d037be7917b07ed8932e6c91d301aa08d2f0d8f094","true","calculated","170","170","1.798743072","1","[189.884842,558.370079,652.240158,38.629921]","462.355316","519.740158","2349","10","[{""width_pt"":0.75,""count"":1047},{""width_pt"":1,""count"":116}]","1163","[{""width_pt"":0.75,""count"":1163}]","[{""width_pt"":0.75,""count"":1163}]","0","[207.366732,1041.304134,992.633268,158.695866]","785.266536","882.608268","600","600","[{""index"":0,""name"":""Монтажная область 1"",""rect"":[0,1200,1200,0],""width"":1200,""height"":1200}]","true","true","true","true","true","D:\AI\AITRASH\workspaces\project - Изменение масштаба для планировок квартир\09_outputs\_full_wip\20260727_full_mkd2\Корпус 2.1\х170_POZD_WEB_K2-1_s5_et2,4_6.ai","D:\AI\AITRASH\workspaces\project - Изменение масштаба для планировок квартир\09_outputs\_full_wip\20260727_full_mkd2\Корпус 2.1\х170_POZD_WEB_K2-1_s5_et2,4_6.png","D:\AI\AITRASH\workspaces\project - Изменение масштаба для планировок квартир\09_outputs\_diagnostics\full_20260727_full_mkd2\details\119_POZD_WEB_K2-1_s5_et2,4_6_attempt1.json","Pixel-native AI подтверждён после повторного открытия; обводки 0.75 px; s_raw=1.798743072."
"118_122_20260727_131805","120","1","OK","2026-07-27T13:19:10","Корпус 2.1/POZD_WEB_K2-1_s5_et2,6_10.ai","Корпус 2.1","D:\AI\AITRASH\LIBRARY\02_CATALOG\02_PRESALE_Поздняково\01_ARTIFACTS\МКД2\Корпус 2.1\POZD_WEB_K2-1_s5_et2,6_10.ai","D:\AI\AITRASH\LIBRARY\02_CATALOG\02_PRESALE_Поздняково\01_ARTIFACTS\МКД2\Корпус 2.1\POZD_WEB_K2-1_s5_et2,6_10.png","194093","dbb5a02f944de53519f7f9c75313e44487fc50ad79df02fe47534cfd22dafd4e","true","calculated","170","170","1.796593163","1","[154.543314,524.142254,688.456686,72.982746]","533.913372","451.159508","2392","10","[{""width_pt"":0.75,""count"":1065},{""width_pt"":1,""count"":115}]","1180","[{""width_pt"":0.75,""count"":1180}]","[{""width_pt"":0.75,""count"":1180}]","0","[146.648634,983.116832,1053.351366,216.883168]","906.702732","766.233664","600","600","[{""index"":0,""name"":""Монтажная область 1"",""rect"":[0,1200,1200,0],""width"":1200,""height"":1200}]","true","true","true","true","true","D:\AI\AITRASH\workspaces\project - Изменение масштаба для планировок квартир\09_outputs\_full_wip\20260727_full_mkd2\Корпус 2.1\х170_POZD_WEB_K2-1_s5_et2,6_10.ai","D:\AI\AITRASH\workspaces\project - Изменение масштаба для планировок квартир\09_outputs\_full_wip\20260727_full_mkd2\Корпус 2.1\х170_POZD_WEB_K2-1_s5_et2,6_10.png","D:\AI\AITRASH\workspaces\project - Изменение масштаба для планировок квартир\09_outputs\_diagnostics\full_20260727_full_mkd2\details\120_POZD_WEB_K2-1_s5_et2,6_10_attempt1.json","Pixel-native AI подтверждён после повторного открытия; обводки 0.75 px; s_raw=1.796593163."
"118_122_20260727_131805","121","1","OK","2026-07-27T13:19:40","Корпус 2.1/POZD_WEB_K2-1_s5_et2,6_11.ai","Корпус 2.1","D:\AI\AITRASH\LIBRARY\02_CATALOG\02_PRESALE_Поздняково\01_ARTIFACTS\МКД2\Корпус 2.1\POZD_WEB_K2-1_s5_et2,6_11.ai","D:\AI\AITRASH\LIBRARY\02_CATALOG\02_PRESALE_Поздняково\01_ARTIFACTS\МКД2\Корпус 2.1\POZD_WEB_K2-1_s5_et2,6_11.png","193035","c31336a1928d68954abc7325644e97d7303a843011ce52cb13198f3656b52289","true","calculated","170","170","1.686670217","1","[137.535417,539.111221,705.464583,57.888779]","567.929166","481.222442","2346","14","[{""width_pt"":0.75,""count"":1046},{""width_pt"":1,""count"":112}]","1158","[{""width_pt"":0.75,""count"":1158}]","[{""width_pt"":0.75,""count"":1158}]","0","[117.735209,1008.776575,1082.264791,191.223425]","964.529582","817.55315","600","600","[{""index"":0,""name"":""Монтажная область 1"",""rect"":[0,1200,1200,0],""width"":1200,""height"":1200}]","true","true","true","true","true","D:\AI\AITRASH\workspaces\project - Изменение масштаба для планировок квартир\09_outputs\_full_wip\20260727_full_mkd2\Корпус 2.1\х170_POZD_WEB_K2-1_s5_et2,6_11.ai","D:\AI\AITRASH\workspaces\project - Изменение масштаба для планировок квартир\09_outputs\_full_wip\20260727_full_mkd2\Корпус 2.1\х170_POZD_WEB_K2-1_s5_et2,6_11.png","D:\AI\AITRASH\workspaces\project - Изменение масштаба для планировок квартир\09_outputs\_diagnostics\full_20260727_full_mkd2\details\121_POZD_WEB_K2-1_s5_et2,6_11_attempt1.json","Pixel-native AI подтверждён после повторного открытия; обводки 0.75 px; s_raw=1.686670217."
"118_122_20260727_131805","122","1","OK","2026-07-27T13:20:17","Корпус 2.1/POZD_WEB_K2-1_s5_et2,6_8.ai","Корпус 2.1","D:\AI\AITRASH\LIBRARY\02_CATALOG\02_PRESALE_Поздняково\01_ARTIFACTS\МКД2\Корпус 2.1\POZD_WEB_K2-1_s5_et2,6_8.ai","D:\AI\AITRASH\LIBRARY\02_CATALOG\02_PRESALE_Поздняково\01_ARTIFACTS\МКД2\Корпус 2.1\POZD_WEB_K2-1_s5_et2,6_8.png","194434","c8febf0adebf1cd2e94bedc5294db12b173cbc9f75c15e85d73aba7b3b9d7b9e","true","calculated","170","170","1.703878404","1","[134.700799,531.882874,708.299201,64.992126]","573.598402","466.890748","2410","10","[{""width_pt"":0.75,""count"":1071},{""width_pt"":1,""count"":119}]","1190","[{""width_pt"":0.75,""count"":1190}]","[{""width_pt"":0.75,""count"":1190}]","0","[112.916358,996.488386,1087.083642,203.511614]","974.167284","792.976772","600","600","[{""index"":0,""name"":""Монтажная область 1"",""rect"":[0,1200,1200,0],""width"":1200,""height"":1200}]","true","true","true","true","true","D:\AI\AITRASH\workspaces\project - Изменение масштаба для планировок квартир\09_outputs\_full_wip\20260727_full_mkd2\Корпус 2.1\х170_POZD_WEB_K2-1_s5_et2,6_8.ai","D:\AI\AITRASH\workspaces\project - Изменение масштаба для планировок квартир\09_outputs\_full_wip\20260727_full_mkd2\Корпус 2.1\х170_POZD_WEB_K2-1_s5_et2,6_8.png","D:\AI\AITRASH\workspaces\project - Изменение масштаба для планировок квартир\09_outputs\_diagnostics\full_20260727_full_mkd2\details\122_POZD_WEB_K2-1_s5_et2,6_8_attempt1.json","Pixel-native AI подтверждён после повторного открытия; обводки 0.75 px; s_raw=1.703878404."
"123_127_20260727_132106","123","1","OK","2026-07-27T13:21:06","Корпус 2.1/POZD_WEB_K2-1_s5_et2_1.ai","Корпус 2.1","D:\AI\AITRASH\LIBRARY\02_CATALOG\02_PRESALE_Поздняково\01_ARTIFACTS\МКД2\Корпус 2.1\POZD_WEB_K2-1_s5_et2_1.ai","D:\AI\AITRASH\LIBRARY\02_CATALOG\02_PRESALE_Поздняково\01_ARTIFACTS\МКД2\Корпус 2.1\POZD_WEB_K2-1_s5_et2_1.png","195477","f9e3fed92febe22d4e09fbf28ca0fa291d44857bf7996caf37c8f4c5485e98e9","true","calculated","170","170","1.749441912","1","[192.527559,575.44487,650.347441,20.55513]","457.819882","554.88974","2467","11","[{""width_pt"":0.75,""count"":1108},{""width_pt"":1,""count"":107}]","1215","[{""width_pt"":0.75,""count"":1215}]","[{""width_pt"":0.75,""count"":1215}]","0","[211.22185,1071.181279,988.77815,128.818721]","777.5563","942.362558","600","600","[{""index"":0,""name"":""Монтажная область 1"",""rect"":[0,1200,1200,0],""width"":1200,""height"":1200}]","true","true","true","true","true","D:\AI\AITRASH\workspaces\project - Изменение масштаба для планировок квартир\09_outputs\_full_wip\20260727_full_mkd2\Корпус 2.1\х170_POZD_WEB_K2-1_s5_et2_1.ai","D:\AI\AITRASH\workspaces\project - Изменение масштаба для планировок квартир\09_outputs\_full_wip\20260727_full_mkd2\Корпус 2.1\х170_POZD_WEB_K2-1_s5_et2_1.png","D:\AI\AITRASH\workspaces\project - Изменение масштаба для планировок квартир\09_outputs\_diagnostics\full_20260727_full_mkd2\details\123_POZD_WEB_K2-1_s5_et2_1_attempt1.json","Pixel-native AI подтверждён после повторного открытия; обводки 0.75 px; s_raw=1.749441912."
"123_127_20260727_132106","124","1","OK","2026-07-27T13:21:40","Корпус 2.1/POZD_WEB_K2-1_s5_et2_2.ai","Корпус 2.1","D:\AI\AITRASH\LIBRARY\02_CATALOG\02_PRESALE_Поздняково\01_ARTIFACTS\МКД2\Корпус 2.1\POZD_WEB_K2-1_s5_et2_2.ai","D:\AI\AITRASH\LIBRARY\02_CATALOG\02_PRESALE_Поздняково\01_ARTIFACTS\МКД2\Корпус 2.1\POZD_WEB_K2-1_s5_et2_2.png","215327","15cd4ea4c217d8982e395daadbf2fbc5f5a5fce95d9c4a1eb8e7826846e8a068","true","calculated","170","170","1.777636682","1","[197.696847,573.460635,644.303153,22.539365]","446.606306","550.92127","2675","10","[{""width_pt"":0.75,""count"":1193},{""width_pt"":1,""count"":131}]","1324","[{""width_pt"":0.75,""count"":1324}]","[{""width_pt"":0.75,""count"":1324}]","0","[220.859641,1067.808079,979.140359,132.191921]","758.280718","935.616158","600","600","[{""index"":0,""name"":""Монтажная область 1"",""rect"":[0,1200,1200,0],""width"":1200,""height"":1200}]","true","true","true","true","true","D:\AI\AITRASH\workspaces\project - Изменение масштаба для планировок квартир\09_outputs\_full_wip\20260727_full_mkd2\Корпус 2.1\х170_POZD_WEB_K2-1_s5_et2_2.ai","D:\AI\AITRASH\workspaces\project - Изменение масштаба для планировок квартир\09_outputs\_full_wip\20260727_full_mkd2\Корпус 2.1\х170_POZD_WEB_K2-1_s5_et2_2.png","D:\AI\AITRASH\workspaces\project - Изменение масштаба для планировок квартир\09_outputs\_diagnostics\full_20260727_full_mkd2\details\124_POZD_WEB_K2-1_s5_et2_2_attempt1.json","Pixel-native AI подтверждён после повторного открытия; обводки 0.75 px; s_raw=1.777636682."
"123_127_20260727_132106","125","1","OK","2026-07-27T13:22:13","Корпус 2.1/POZD_WEB_K2-1_s5_et2_4.ai","Корпус 2.1","D:\AI\AITRASH\LIBRARY\02_CATALOG\02_PRESALE_Поздняково\01_ARTIFACTS\МКД2\Корпус 2.1\POZD_WEB_K2-1_s5_et2_4.ai","D:\AI\AITRASH\LIBRARY\02_CATALOG\02_PRESALE_Поздняково\01_ARTIFACTS\МКД2\Корпус 2.1\POZD_WEB_K2-1_s5_et2_4.png","197078","9d6c92ec05f5b02971b71051edf0d608b2748584a31443bef5ae706825624bfb","true","calculated","170","170","1.720739801","1","[189.884842,582.464558,652.240158,14.535442]","462.355316","567.929116","2469","10","[{""width_pt"":0.75,""count"":1101},{""width_pt"":1,""count"":120}]","1221","[{""width_pt"":0.75,""count"":1221}]","[{""width_pt"":0.75,""count"":1221}]","0","[207.366732,1082.264748,992.633268,117.735252]","785.266536","964.529496","600","600","[{""index"":0,""name"":""Монтажная область 1"",""rect"":[0,1200,1200,0],""width"":1200,""height"":1200}]","true","true","true","true","true","D:\AI\AITRASH\workspaces\project - Изменение масштаба для планировок квартир\09_outputs\_full_wip\20260727_full_mkd2\Корпус 2.1\х170_POZD_WEB_K2-1_s5_et2_4.ai","D:\AI\AITRASH\workspaces\project - Изменение масштаба для планировок квартир\09_outputs\_full_wip\20260727_full_mkd2\Корпус 2.1\х170_POZD_WEB_K2-1_s5_et2_4.png","D:\AI\AITRASH\workspaces\project - Изменение масштаба для планировок квартир\09_outputs\_diagnostics\full_20260727_full_mkd2\details\125_POZD_WEB_K2-1_s5_et2_4_attempt1.json","Pixel-native AI подтверждён после повторного открытия; обводки 0.75 px; s_raw=1.720739801."
"123_127_20260727_132106","126","1","OK","2026-07-27T13:22:44","Корпус 2.1/POZD_WEB_K2-1_s5_et2_5.ai","Корпус 2.1","D:\AI\AITRASH\LIBRARY\02_CATALOG\02_PRESALE_Поздняково\01_ARTIFACTS\МКД2\Корпус 2.1\POZD_WEB_K2-1_s5_et2_5.ai","D:\AI\AITRASH\LIBRARY\02_CATALOG\02_PRESALE_Поздняково\01_ARTIFACTS\МКД2\Корпус 2.1\POZD_WEB_K2-1_s5_et2_5.png","169041","e4c204bdc5a1ff8bb876322d9e03d318ff2fd48d852c72734036e31ab3ad8922","true","calculated","200","200","2.225681437","1","[220.939442,494.134017,621.060558,101.865983]","400.121116","392.268034","1780","10","[{""width_pt"":0.75,""count"":795},{""width_pt"":1,""count"":80}]","875","[{""width_pt"":0.75,""count"":875}]","[{""width_pt"":0.75,""count"":875}]","0","[200.503884,991.643034,999.496116,208.356966]","798.992232","783.286068","600","600","[{""index"":0,""name"":""Монтажная область 1"",""rect"":[0,1200,1200,0],""width"":1200,""height"":1200}]","true","true","true","true","true","D:\AI\AITRASH\workspaces\project - Изменение масштаба для планировок квартир\09_outputs\_full_wip\20260727_full_mkd2\Корпус 2.1\х200_POZD_WEB_K2-1_s5_et2_5.ai","D:\AI\AITRASH\workspaces\project - Изменение масштаба для планировок квартир\09_outputs\_full_wip\20260727_full_mkd2\Корпус 2.1\х200_POZD_WEB_K2-1_s5_et2_5.png","D:\AI\AITRASH\workspaces\project - Изменение масштаба для планировок квартир\09_outputs\_diagnostics\full_20260727_full_mkd2\details\126_POZD_WEB_K2-1_s5_et2_5_attempt1.json","Pixel-native AI подтверждён после повторного открытия; обводки 0.75 px; s_raw=2.225681437."
"123_127_20260727_132106","127","1","OK","2026-07-27T13:23:10","Корпус 2.1/POZD_WEB_K2-1_s5_et2_7.ai","Корпус 2.1","D:\AI\AITRASH\LIBRARY\02_CATALOG\02_PRESALE_Поздняково\01_ARTIFACTS\МКД2\Корпус 2.1\POZD_WEB_K2-1_s5_et2_7.ai","D:\AI\AITRASH\LIBRARY\02_CATALOG\02_PRESALE_Поздняково\01_ARTIFACTS\МКД2\Корпус 2.1\POZD_WEB_K2-1_s5_et2_7.png","195784","c045bf9664ae9cd4cb7982cb1e2587d9f4d8ccdf7d31365411885b8825a5bbe6","true","calculated","170","170","1.703878372","1","[134.700788,531.882874,708.299212,64.992126]","573.598424","466.890748","2515","10","[{""width_pt"":0.75,""count"":1122},{""width_pt"":1,""count"":123}]","1245","[{""width_pt"":0.75,""count"":1245}]","[{""width_pt"":0.75,""count"":1245}]","0","[112.916339,996.488386,1087.083661,203.511614]","974.167322","792.976772","600","600","[{""index"":0,""name"":""Монтажная область 1"",""rect"":[0,1200,1200,0],""width"":1200,""height"":1200}]","true","true","true","true","true","D:\AI\AITRASH\workspaces\project - Изменение масштаба для планировок квартир\09_outputs\_full_wip\20260727_full_mkd2\Корпус 2.1\х170_POZD_WEB_K2-1_s5_et2_7.ai","D:\AI\AITRASH\workspaces\project - Изменение масштаба для планировок квартир\09_outputs\_full_wip\20260727_full_mkd2\Корпус 2.1\х170_POZD_WEB_K2-1_s5_et2_7.png","D:\AI\AITRASH\workspaces\project - Изменение масштаба для планировок квартир\09_outputs\_diagnostics\full_20260727_full_mkd2\details\127_POZD_WEB_K2-1_s5_et2_7_attempt1.json","Pixel-native AI подтверждён после повторного открытия; обводки 0.75 px; s_raw=1.703878372."
"128_132_20260727_132400","128","1","OK","2026-07-27T13:24:00","Корпус 2.1/POZD_WEB_K2-1_s5_et2_9.ai","Корпус 2.1","D:\AI\AITRASH\LIBRARY\02_CATALOG\02_PRESALE_Поздняково\01_ARTIFACTS\МКД2\Корпус 2.1\POZD_WEB_K2-1_s5_et2_9.ai","D:\AI\AITRASH\LIBRARY\02_CATALOG\02_PRESALE_Поздняково\01_ARTIFACTS\МКД2\Корпус 2.1\POZD_WEB_K2-1_s5_et2_9.png","208913","a6bfbd37268905acf36b8d52fcdceebd127b0ae97d16252db3d2f58e93eceffd","true","calculated","170","170","1.744824881","1","[140.636819,525.271654,702.488181,70.728346]","561.851362","454.543308","2577","14","[{""width_pt"":0.75,""count"":1154},{""width_pt"":1,""count"":117}]","1271","[{""width_pt"":0.75,""count"":1271}]","[{""width_pt"":0.75,""count"":1271}]","0","[122.795092,985.886812,1077.204908,214.113188]","954.409816","771.773624","600","600","[{""index"":0,""name"":""Монтажная область 1"",""rect"":[0,1200,1200,0],""width"":1200,""height"":1200}]","true","true","true","true","true","D:\AI\AITRASH\workspaces\project - Изменение масштаба для планировок квартир\09_outputs\_full_wip\20260727_full_mkd2\Корпус 2.1\х170_POZD_WEB_K2-1_s5_et2_9.ai","D:\AI\AITRASH\workspaces\project - Изменение масштаба для планировок квартир\09_outputs\_full_wip\20260727_full_mkd2\Корпус 2.1\х170_POZD_WEB_K2-1_s5_et2_9.png","D:\AI\AITRASH\workspaces\project - Изменение масштаба для планировок квартир\09_outputs\_diagnostics\full_20260727_full_mkd2\details\128_POZD_WEB_K2-1_s5_et2_9_attempt1.json","Pixel-native AI подтверждён после повторного открытия; обводки 0.75 px; s_raw=1.744824881."
"128_132_20260727_132400","129","1","OK","2026-07-27T13:24:40","Корпус 2.1/POZD_WEB_K2-1_s5_et3,5_1.ai","Корпус 2.1","D:\AI\AITRASH\LIBRARY\02_CATALOG\02_PRESALE_Поздняково\01_ARTIFACTS\МКД2\Корпус 2.1\POZD_WEB_K2-1_s5_et3,5_1.ai","D:\AI\AITRASH\LIBRARY\02_CATALOG\02_PRESALE_Поздняково\01_ARTIFACTS\МКД2\Корпус 2.1\POZD_WEB_K2-1_s5_et3,5_1.png","195341","de7b8a29f6fa533a7c58963b5914395bccc4e73c9327c6141f167c2b443c69c5","true","calculated","170","170","1.749441875","1","[192.527559,575.444894,650.347441,20.55513]","457.819882","554.889764","2465","11","[{""width_pt"":0.75,""count"":1107},{""width_pt"":1,""count"":107}]","1214","[{""width_pt"":0.75,""count"":1214}]","[{""width_pt"":0.75,""count"":1214}]","0","[211.22185,1071.18132,988.77815,128.81868]","777.5563","942.36264","600","600","[{""index"":0,""name"":""Монтажная область 1"",""rect"":[0,1200,1200,0],""width"":1200,""height"":1200}]","true","true","true","true","true","D:\AI\AITRASH\workspaces\project - Изменение масштаба для планировок квартир\09_outputs\_full_wip\20260727_full_mkd2\Корпус 2.1\х170_POZD_WEB_K2-1_s5_et3,5_1.ai","D:\AI\AITRASH\workspaces\project - Изменение масштаба для планировок квартир\09_outputs\_full_wip\20260727_full_mkd2\Корпус 2.1\х170_POZD_WEB_K2-1_s5_et3,5_1.png","D:\AI\AITRASH\workspaces\project - Изменение масштаба для планировок квартир\09_outputs\_diagnostics\full_20260727_full_mkd2\details\129_POZD_WEB_K2-1_s5_et3,5_1_attempt1.json","Pixel-native AI подтверждён после повторного открытия; обводки 0.75 px; s_raw=1.749441875."
"128_132_20260727_132400","130","1","OK","2026-07-27T13:25:12","Корпус 2.1/POZD_WEB_K2-1_s5_et3,5_10.ai","Корпус 2.1","D:\AI\AITRASH\LIBRARY\02_CATALOG\02_PRESALE_Поздняково\01_ARTIFACTS\МКД2\Корпус 2.1\POZD_WEB_K2-1_s5_et3,5_10.ai","D:\AI\AITRASH\LIBRARY\02_CATALOG\02_PRESALE_Поздняково\01_ARTIFACTS\МКД2\Корпус 2.1\POZD_WEB_K2-1_s5_et3,5_10.png","193344","13d7d358686d33dd17550a2b9ae6c799fc9f117a2cd31f4af92690ce460a7b12","true","calculated","170","170","1.796593177","1","[154.543318,524.142254,688.456682,72.982746]","533.913364","451.159508","2367","10","[{""width_pt"":0.75,""count"":1055},{""width_pt"":1,""count"":114}]","1169","[{""width_pt"":0.75,""count"":1169}]","[{""width_pt"":0.75,""count"":1169}]","0","[146.648641,983.116832,1053.351359,216.883168]","906.702718","766.233664","600","600","[{""index"":0,""name"":""Монтажная область 1"",""rect"":[0,1200,1200,0],""width"":1200,""height"":1200}]","true","true","true","true","true","D:\AI\AITRASH\workspaces\project - Изменение масштаба для планировок квартир\09_outputs\_full_wip\20260727_full_mkd2\Корпус 2.1\х170_POZD_WEB_K2-1_s5_et3,5_10.ai","D:\AI\AITRASH\workspaces\project - Изменение масштаба для планировок квартир\09_outputs\_full_wip\20260727_full_mkd2\Корпус 2.1\х170_POZD_WEB_K2-1_s5_et3,5_10.png","D:\AI\AITRASH\workspaces\project - Изменение масштаба для планировок квартир\09_outputs\_diagnostics\full_20260727_full_mkd2\details\130_POZD_WEB_K2-1_s5_et3,5_10_attempt1.json","Pixel-native AI подтверждён после повторного открытия; обводки 0.75 px; s_raw=1.796593177."
"128_132_20260727_132400","131","1","OK","2026-07-27T13:25:42","Корпус 2.1/POZD_WEB_K2-1_s5_et3,5_11.ai","Корпус 2.1","D:\AI\AITRASH\LIBRARY\02_CATALOG\02_PRESALE_Поздняково\01_ARTIFACTS\МКД2\Корпус 2.1\POZD_WEB_K2-1_s5_et3,5_11.ai","D:\AI\AITRASH\LIBRARY\02_CATALOG\02_PRESALE_Поздняково\01_ARTIFACTS\МКД2\Корпус 2.1\POZD_WEB_K2-1_s5_et3,5_11.png","186762","5dc45300e3c1c1bafdc3f4217d26467ade21febbba7057d889623e2c0006ec2a","true","calculated","170","170","1.737871708","1","[137.53543,525.204724,705.46457,71.920276]","567.92914","453.284448","2282","10","[{""width_pt"":0.75,""count"":1019},{""width_pt"":1,""count"":109}]","1128","[{""width_pt"":0.75,""count"":1128}]","[{""width_pt"":0.75,""count"":1128}]","0","[117.735231,984.923032,1082.264769,215.076968]","964.529538","769.846064","600","600","[{""index"":0,""name"":""Монтажная область 1"",""rect"":[0,1200,1200,0],""width"":1200,""height"":1200}]","true","true","true","true","true","D:\AI\AITRASH\workspaces\project - Изменение масштаба для планировок квартир\09_outputs\_full_wip\20260727_full_mkd2\Корпус 2.1\х170_POZD_WEB_K2-1_s5_et3,5_11.ai","D:\AI\AITRASH\workspaces\project - Изменение масштаба для планировок квартир\09_outputs\_full_wip\20260727_full_mkd2\Корпус 2.1\х170_POZD_WEB_K2-1_s5_et3,5_11.png","D:\AI\AITRASH\workspaces\project - Изменение масштаба для планировок квартир\09_outputs\_diagnostics\full_20260727_full_mkd2\details\131_POZD_WEB_K2-1_s5_et3,5_11_attempt1.json","Pixel-native AI подтверждён после повторного открытия; обводки 0.75 px; s_raw=1.737871708."
"128_132_20260727_132400","132","1","OK","2026-07-27T13:26:12","Корпус 2.1/POZD_WEB_K2-1_s5_et3,5_2.ai","Корпус 2.1","D:\AI\AITRASH\LIBRARY\02_CATALOG\02_PRESALE_Поздняково\01_ARTIFACTS\МКД2\Корпус 2.1\POZD_WEB_K2-1_s5_et3,5_2.ai","D:\AI\AITRASH\LIBRARY\02_CATALOG\02_PRESALE_Поздняково\01_ARTIFACTS\МКД2\Корпус 2.1\POZD_WEB_K2-1_s5_et3,5_2.png","216568","5c2be626e8ca9cded929b71cfa32259f474e5107e19f565a03079a2d2d1bf80f","true","calculated","170","170","1.777636755","1","[197.69685,573.460616,644.30315,22.539384]","446.6063","550.921232","2726","10","[{""width_pt"":0.75,""count"":1216},{""width_pt"":1,""count"":133}]","1349","[{""width_pt"":0.75,""count"":1349}]","[{""width_pt"":0.75,""count"":1349}]","0","[220.859646,1067.808048,979.140354,132.191952]","758.280708","935.616096","600","600","[{""index"":0,""name"":""Монтажная область 1"",""rect"":[0,1200,1200,0],""width"":1200,""height"":1200}]","true","true","true","true","true","D:\AI\AITRASH\workspaces\project - Изменение масштаба для планировок квартир\09_outputs\_full_wip\20260727_full_mkd2\Корпус 2.1\х170_POZD_WEB_K2-1_s5_et3,5_2.ai","D:\AI\AITRASH\workspaces\project - Изменение масштаба для планировок квартир\09_outputs\_full_wip\20260727_full_mkd2\Корпус 2.1\х170_POZD_WEB_K2-1_s5_et3,5_2.png","D:\AI\AITRASH\workspaces\project - Изменение масштаба для планировок квартир\09_outputs\_diagnostics\full_20260727_full_mkd2\details\132_POZD_WEB_K2-1_s5_et3,5_2_attempt1.json","Pixel-native AI подтверждён после повторного открытия; обводки 0.75 px; s_raw=1.777636755."
"133_137_20260727_132705","133","1","OK","2026-07-27T13:27:05","Корпус 2.1/POZD_WEB_K2-1_s5_et3,5_3.ai","Корпус 2.1","D:\AI\AITRASH\LIBRARY\02_CATALOG\02_PRESALE_Поздняково\01_ARTIFACTS\МКД2\Корпус 2.1\POZD_WEB_K2-1_s5_et3,5_3.ai","D:\AI\AITRASH\LIBRARY\02_CATALOG\02_PRESALE_Поздняково\01_ARTIFACTS\МКД2\Корпус 2.1\POZD_WEB_K2-1_s5_et3,5_3.png","216960","93adb56c1014d141565af408f44775028a88e4532fffa6ec7252779baae5e31c","true","calculated","170","170","1.747098985","1","[189.884842,573.460622,652.240158,22.539378]","462.355316","550.921244","2699","10","[{""width_pt"":0.75,""count"":1205},{""width_pt"":1,""count"":131}]","1336","[{""width_pt"":0.75,""count"":1336}]","[{""width_pt"":0.75,""count"":1336}]","0","[207.366732,1067.808057,992.633268,132.191943]","785.266536","935.616114","600","600","[{""index"":0,""name"":""Монтажная область 1"",""rect"":[0,1200,1200,0],""width"":1200,""height"":1200}]","true","true","true","true","true","D:\AI\AITRASH\workspaces\project - Изменение масштаба для планировок квартир\09_outputs\_full_wip\20260727_full_mkd2\Корпус 2.1\х170_POZD_WEB_K2-1_s5_et3,5_3.ai","D:\AI\AITRASH\workspaces\project - Изменение масштаба для планировок квартир\09_outputs\_full_wip\20260727_full_mkd2\Корпус 2.1\х170_POZD_WEB_K2-1_s5_et3,5_3.png","D:\AI\AITRASH\workspaces\project - Изменение масштаба для планировок квартир\09_outputs\_diagnostics\full_20260727_full_mkd2\details\133_POZD_WEB_K2-1_s5_et3,5_3_attempt1.json","Pixel-native AI подтверждён после повторного открытия; обводки 0.75 px; s_raw=1.747098985."
"133_137_20260727_132705","134","1","OK","2026-07-27T13:27:40","Корпус 2.1/POZD_WEB_K2-1_s5_et3,5_4.ai","Корпус 2.1","D:\AI\AITRASH\LIBRARY\02_CATALOG\02_PRESALE_Поздняково\01_ARTIFACTS\МКД2\Корпус 2.1\POZD_WEB_K2-1_s5_et3,5_4.ai","D:\AI\AITRASH\LIBRARY\02_CATALOG\02_PRESALE_Поздняково\01_ARTIFACTS\МКД2\Корпус 2.1\POZD_WEB_K2-1_s5_et3,5_4.png","196565","f4f205db96ec651f1a548641dc42f80975d744135e6dcad6e353278a2377159c","true","calculated","170","170","1.720739746","1","[189.884842,582.464576,652.240158,14.535424]","462.355316","567.929152","2444","10","[{""width_pt"":0.75,""count"":1089},{""width_pt"":1,""count"":120}]","1209","[{""width_pt"":0.75,""count"":1209}]","[{""width_pt"":0.75,""count"":1209}]","0","[207.366732,1082.264779,992.633268,117.735221]","785.266536","964.529558","600","600","[{""index"":0,""name"":""Монтажная область 1"",""rect"":[0,1200,1200,0],""width"":1200,""height"":1200}]","true","true","true","true","true","D:\AI\AITRASH\workspaces\project - Изменение масштаба для планировок квартир\09_outputs\_full_wip\20260727_full_mkd2\Корпус 2.1\х170_POZD_WEB_K2-1_s5_et3,5_4.ai","D:\AI\AITRASH\workspaces\project - Изменение масштаба для планировок квартир\09_outputs\_full_wip\20260727_full_mkd2\Корпус 2.1\х170_POZD_WEB_K2-1_s5_et3,5_4.png","D:\AI\AITRASH\workspaces\project - Изменение масштаба для планировок квартир\09_outputs\_diagnostics\full_20260727_full_mkd2\details\134_POZD_WEB_K2-1_s5_et3,5_4_attempt1.json","Pixel-native AI подтверждён после повторного открытия; обводки 0.75 px; s_raw=1.720739746."
"133_137_20260727_132705","135","1","OK","2026-07-27T13:28:10","Корпус 2.1/POZD_WEB_K2-1_s5_et3,5_5.ai","Корпус 2.1","D:\AI\AITRASH\LIBRARY\02_CATALOG\02_PRESALE_Поздняково\01_ARTIFACTS\МКД2\Корпус 2.1\POZD_WEB_K2-1_s5_et3,5_5.ai","D:\AI\AITRASH\LIBRARY\02_CATALOG\02_PRESALE_Поздняково\01_ARTIFACTS\МКД2\Корпус 2.1\POZD_WEB_K2-1_s5_et3,5_5.png","168994","4f5347bfc13f1a48c1f58f913ad4079aeb3a97e6dd62e2db55702f1c1554b08f","true","calculated","200","200","2.225559547","1","[220.912442,494.129032,621.087558,101.870968]","400.175116","392.258064","1778","10","[{""width_pt"":0.75,""count"":794},{""width_pt"":1,""count"":80}]","874","[{""width_pt"":0.75,""count"":874}]","[{""width_pt"":0.75,""count"":874}]","0","[200.449884,991.633064,999.550116,208.366936]","799.100232","783.266128","600","600","[{""index"":0,""name"":""Монтажная область 1"",""rect"":[0,1200,1200,0],""width"":1200,""height"":1200}]","true","true","true","true","true","D:\AI\AITRASH\workspaces\project - Изменение масштаба для планировок квартир\09_outputs\_full_wip\20260727_full_mkd2\Корпус 2.1\х200_POZD_WEB_K2-1_s5_et3,5_5.ai","D:\AI\AITRASH\workspaces\project - Изменение масштаба для планировок квартир\09_outputs\_full_wip\20260727_full_mkd2\Корпус 2.1\х200_POZD_WEB_K2-1_s5_et3,5_5.png","D:\AI\AITRASH\workspaces\project - Изменение масштаба для планировок квартир\09_outputs\_diagnostics\full_20260727_full_mkd2\details\135_POZD_WEB_K2-1_s5_et3,5_5_attempt1.json","Pixel-native AI подтверждён после повторного открытия; обводки 0.75 px; s_raw=2.225559547."
"133_137_20260727_132705","136","1","OK","2026-07-27T13:28:36","Корпус 2.1/POZD_WEB_K2-1_s5_et3,5_7.ai","Корпус 2.1","D:\AI\AITRASH\LIBRARY\02_CATALOG\02_PRESALE_Поздняково\01_ARTIFACTS\МКД2\Корпус 2.1\POZD_WEB_K2-1_s5_et3,5_7.ai","D:\AI\AITRASH\LIBRARY\02_CATALOG\02_PRESALE_Поздняково\01_ARTIFACTS\МКД2\Корпус 2.1\POZD_WEB_K2-1_s5_et3,5_7.png","195813","c91d734a81a08b6d1c75798e6ea889154c1b3755a1e2d2dc550c04bc25bcda61","true","calculated","170","170","1.703878327","1","[134.700773,531.882874,708.299227,64.992126]","573.598454","466.890748","2515","10","[{""width_pt"":0.75,""count"":1123},{""width_pt"":1,""count"":123}]","1246","[{""width_pt"":0.75,""count"":1246}]","[{""width_pt"":0.75,""count"":1246}]","0","[112.916315,996.488386,1087.083685,203.511614]","974.16737","792.976772","600","600","[{""index"":0,""name"":""Монтажная область 1"",""rect"":[0,1200,1200,0],""width"":1200,""height"":1200}]","true","true","true","true","true","D:\AI\AITRASH\workspaces\project - Изменение масштаба для планировок квартир\09_outputs\_full_wip\20260727_full_mkd2\Корпус 2.1\х170_POZD_WEB_K2-1_s5_et3,5_7.ai","D:\AI\AITRASH\workspaces\project - Изменение масштаба для планировок квартир\09_outputs\_full_wip\20260727_full_mkd2\Корпус 2.1\х170_POZD_WEB_K2-1_s5_et3,5_7.png","D:\AI\AITRASH\workspaces\project - Изменение масштаба для планировок квартир\09_outputs\_diagnostics\full_20260727_full_mkd2\details\136_POZD_WEB_K2-1_s5_et3,5_7_attempt1.json","Pixel-native AI подтверждён после повторного открытия; обводки 0.75 px; s_raw=1.703878327."
"133_137_20260727_132705","137","1","OK","2026-07-27T13:29:08","Корпус 2.1/POZD_WEB_K2-1_s5_et3,5_8.ai","Корпус 2.1","D:\AI\AITRASH\LIBRARY\02_CATALOG\02_PRESALE_Поздняково\01_ARTIFACTS\МКД2\Корпус 2.1\POZD_WEB_K2-1_s5_et3,5_8.ai","D:\AI\AITRASH\LIBRARY\02_CATALOG\02_PRESALE_Поздняково\01_ARTIFACTS\МКД2\Корпус 2.1\POZD_WEB_K2-1_s5_et3,5_8.png","194118","9b7e91ba32a1bbaf1a1766e7c4186adef066c608c5c79668f12ff1b3105188f1","true","calculated","170","170","1.703878366","1","[134.700786,531.882874,708.299214,64.992126]","573.598428","466.890748","2412","10","[{""width_pt"":0.75,""count"":1071},{""width_pt"":1,""count"":120}]","1191","[{""width_pt"":0.75,""count"":1191}]","[{""width_pt"":0.75,""count"":1191}]","0","[112.916337,996.488386,1087.083663,203.511614]","974.167326","792.976772","600","600","[{""index"":0,""name"":""Монтажная область 1"",""rect"":[0,1200,1200,0],""width"":1200,""height"":1200}]","true","true","true","true","true","D:\AI\AITRASH\workspaces\project - Изменение масштаба для планировок квартир\09_outputs\_full_wip\20260727_full_mkd2\Корпус 2.1\х170_POZD_WEB_K2-1_s5_et3,5_8.ai","D:\AI\AITRASH\workspaces\project - Изменение масштаба для планировок квартир\09_outputs\_full_wip\20260727_full_mkd2\Корпус 2.1\х170_POZD_WEB_K2-1_s5_et3,5_8.png","D:\AI\AITRASH\workspaces\project - Изменение масштаба для планировок квартир\09_outputs\_diagnostics\full_20260727_full_mkd2\details\137_POZD_WEB_K2-1_s5_et3,5_8_attempt1.json","Pixel-native AI подтверждён после повторного открытия; обводки 0.75 px; s_raw=1.703878366."
"138_142_20260727_132956","138","1","OK","2026-07-27T13:29:56","Корпус 2.1/POZD_WEB_K2-1_s5_et3,5_9.ai","Корпус 2.1","D:\AI\AITRASH\LIBRARY\02_CATALOG\02_PRESALE_Поздняково\01_ARTIFACTS\МКД2\Корпус 2.1\POZD_WEB_K2-1_s5_et3,5_9.ai","D:\AI\AITRASH\LIBRARY\02_CATALOG\02_PRESALE_Поздняково\01_ARTIFACTS\МКД2\Корпус 2.1\POZD_WEB_K2-1_s5_et3,5_9.png","204494","6e0249f8b3bc3d51bcb67d30e85c895ec6ab9f17918071ce835595c2156c4ea2","true","calculated","170","170","1.789893322","1","[154.543293,525.271654,688.456709,70.728346]","533.913416","454.543308","2509","10","[{""width_pt"":0.75,""count"":1125},{""width_pt"":1,""count"":115}]","1240","[{""width_pt"":0.75,""count"":1240}]","[{""width_pt"":0.75,""count"":1240}]","0","[146.648597,985.886811,1053.351402,214.113189]","906.702805","771.773622","600","600","[{""index"":0,""name"":""Монтажная область 1"",""rect"":[0,1200,1200,0],""width"":1200,""height"":1200}]","true","true","true","true","true","D:\AI\AITRASH\workspaces\project - Изменение масштаба для планировок квартир\09_outputs\_full_wip\20260727_full_mkd2\Корпус 2.1\х170_POZD_WEB_K2-1_s5_et3,5_9.ai","D:\AI\AITRASH\workspaces\project - Изменение масштаба для планировок квартир\09_outputs\_full_wip\20260727_full_mkd2\Корпус 2.1\х170_POZD_WEB_K2-1_s5_et3,5_9.png","D:\AI\AITRASH\workspaces\project - Изменение масштаба для планировок квартир\09_outputs\_diagnostics\full_20260727_full_mkd2\details\138_POZD_WEB_K2-1_s5_et3,5_9_attempt1.json","Pixel-native AI подтверждён после повторного открытия; обводки 0.75 px; s_raw=1.789893322."
"138_142_20260727_132956","139","1","OK","2026-07-27T13:30:29","Корпус 2.1/POZD_WEB_K2-1_s5_et3_6.ai","Корпус 2.1","D:\AI\AITRASH\LIBRARY\02_CATALOG\02_PRESALE_Поздняково\01_ARTIFACTS\МКД2\Корпус 2.1\POZD_WEB_K2-1_s5_et3_6.ai","D:\AI\AITRASH\LIBRARY\02_CATALOG\02_PRESALE_Поздняково\01_ARTIFACTS\МКД2\Корпус 2.1\POZD_WEB_K2-1_s5_et3_6.png","196955","47d6f30e1bab55882ca92f8518f09ededaab9518bc8167bf1366ae6e6480b116","true","calculated","170","170","1.701607961","1","[175.853346,572.401575,666.146654,24.723425]","490.293308","547.67815","2494","15","[{""width_pt"":0.75,""count"":1121},{""width_pt"":1,""count"":109}]","1230","[{""width_pt"":0.75,""count"":1230}]","[{""width_pt"":0.75,""count"":1230}]","0","[183.513189,1065.157677,1016.486811,134.842323]","832.973622","930.315354","600","600","[{""index"":0,""name"":""Монтажная область 1"",""rect"":[0,1200,1200,0],""width"":1200,""height"":1200}]","true","true","true","true","true","D:\AI\AITRASH\workspaces\project - Изменение масштаба для планировок квартир\09_outputs\_full_wip\20260727_full_mkd2\Корпус 2.1\х170_POZD_WEB_K2-1_s5_et3_6.ai","D:\AI\AITRASH\workspaces\project - Изменение масштаба для планировок квартир\09_outputs\_full_wip\20260727_full_mkd2\Корпус 2.1\х170_POZD_WEB_K2-1_s5_et3_6.png","D:\AI\AITRASH\workspaces\project - Изменение масштаба для планировок квартир\09_outputs\_diagnostics\full_20260727_full_mkd2\details\139_POZD_WEB_K2-1_s5_et3_6_attempt1.json","Pixel-native AI подтверждён после повторного открытия; обводки 0.75 px; s_raw=1.701607961."
"138_142_20260727_132956","140","1","OK","2026-07-27T13:31:08","Корпус 2.1/POZD_WEB_K2-1_s5_et4_1.ai","Корпус 2.1","D:\AI\AITRASH\LIBRARY\02_CATALOG\02_PRESALE_Поздняково\01_ARTIFACTS\МКД2\Корпус 2.1\POZD_WEB_K2-1_s5_et4_1.ai","D:\AI\AITRASH\LIBRARY\02_CATALOG\02_PRESALE_Поздняково\01_ARTIFACTS\МКД2\Корпус 2.1\POZD_WEB_K2-1_s5_et4_1.png","195639","b4e79bacef1182dbff05fdd212726e692d43abb8d5475a2e4893dcbeb23d866c","true","calculated","170","170","1.749441922","1","[192.527559,575.444867,650.347441,20.555133]","457.819882","554.889734","2478","11","[{""width_pt"":0.75,""count"":1113},{""width_pt"":1,""count"":107}]","1220","[{""width_pt"":0.75,""count"":1220}]","[{""width_pt"":0.75,""count"":1220}]","0","[211.22185,1071.181274,988.77815,128.818726]","777.5563","942.362548","600","600","[{""index"":0,""name"":""Монтажная область 1"",""rect"":[0,1200,1200,0],""width"":1200,""height"":1200}]","true","true","true","true","true","D:\AI\AITRASH\workspaces\project - Изменение масштаба для планировок квартир\09_outputs\_full_wip\20260727_full_mkd2\Корпус 2.1\х170_POZD_WEB_K2-1_s5_et4_1.ai","D:\AI\AITRASH\workspaces\project - Изменение масштаба для планировок квартир\09_outputs\_full_wip\20260727_full_mkd2\Корпус 2.1\х170_POZD_WEB_K2-1_s5_et4_1.png","D:\AI\AITRASH\workspaces\project - Изменение масштаба для планировок квартир\09_outputs\_diagnostics\full_20260727_full_mkd2\details\140_POZD_WEB_K2-1_s5_et4_1_attempt1.json","Pixel-native AI подтверждён после повторного открытия; обводки 0.75 px; s_raw=1.749441922."
"138_142_20260727_132956","141","1","OK","2026-07-27T13:31:41","Корпус 2.1/POZD_WEB_K2-1_s5_et4_10.ai","Корпус 2.1","D:\AI\AITRASH\LIBRARY\02_CATALOG\02_PRESALE_Поздняково\01_ARTIFACTS\МКД2\Корпус 2.1\POZD_WEB_K2-1_s5_et4_10.ai","D:\AI\AITRASH\LIBRARY\02_CATALOG\02_PRESALE_Поздняково\01_ARTIFACTS\МКД2\Корпус 2.1\POZD_WEB_K2-1_s5_et4_10.png","194170","ddbd3b5af7279b567b7aeb4e11edf46136c9aa4a084f8c1668cfd36e60ffd5c9","true","calculated","170","170","1.699524859","1","[140.636811,538.04875,702.488189,58.95125]","561.851378","479.0975","2428","13","[{""width_pt"":0.75,""count"":1075},{""width_pt"":1,""count"":120}]","1195","[{""width_pt"":0.75,""count"":1195}]","[{""width_pt"":0.75,""count"":1195}]","0","[122.795078,1006.970375,1077.204922,193.029625]","954.409844","813.94075","600","600","[{""index"":0,""name"":""Монтажная область 1"",""rect"":[0,1200,1200,0],""width"":1200,""height"":1200}]","true","true","true","true","true","D:\AI\AITRASH\workspaces\project - Изменение масштаба для планировок квартир\09_outputs\_full_wip\20260727_full_mkd2\Корпус 2.1\х170_POZD_WEB_K2-1_s5_et4_10.ai","D:\AI\AITRASH\workspaces\project - Изменение масштаба для планировок квартир\09_outputs\_full_wip\20260727_full_mkd2\Корпус 2.1\х170_POZD_WEB_K2-1_s5_et4_10.png","D:\AI\AITRASH\workspaces\project - Изменение масштаба для планировок квартир\09_outputs\_diagnostics\full_20260727_full_mkd2\details\141_POZD_WEB_K2-1_s5_et4_10_attempt1.json","Pixel-native AI подтверждён после повторного открытия; обводки 0.75 px; s_raw=1.699524859."
"138_142_20260727_132956","142","1","OK","2026-07-27T13:32:16","Корпус 2.1/POZD_WEB_K2-1_s5_et4_11.ai","Корпус 2.1","D:\AI\AITRASH\LIBRARY\02_CATALOG\02_PRESALE_Поздняково\01_ARTIFACTS\МКД2\Корпус 2.1\POZD_WEB_K2-1_s5_et4_11.ai","D:\AI\AITRASH\LIBRARY\02_CATALOG\02_PRESALE_Поздняково\01_ARTIFACTS\МКД2\Корпус 2.1\POZD_WEB_K2-1_s5_et4_11.png","186675","57dc983991e05f4382acdaf1e281b9fe1db977d822033f91342bd9afc6407bf9","true","calculated","170","170","1.73787176","1","[137.535447,525.204724,705.464553,71.920276]","567.929106","453.284448","2284","10","[{""width_pt"":0.75,""count"":1020},{""width_pt"":1,""count"":109}]","1129","[{""width_pt"":0.75,""count"":1129}]","[{""width_pt"":0.75,""count"":1129}]","0","[117.735259,984.923032,1082.264741,215.076968]","964.529482","769.846064","600","600","[{""index"":0,""name"":""Монтажная область 1"",""rect"":[0,1200,1200,0],""width"":1200,""height"":1200}]","true","true","true","true","true","D:\AI\AITRASH\workspaces\project - Изменение масштаба для планировок квартир\09_outputs\_full_wip\20260727_full_mkd2\Корпус 2.1\х170_POZD_WEB_K2-1_s5_et4_11.ai","D:\AI\AITRASH\workspaces\project - Изменение масштаба для планировок квартир\09_outputs\_full_wip\20260727_full_mkd2\Корпус 2.1\х170_POZD_WEB_K2-1_s5_et4_11.png","D:\AI\AITRASH\workspaces\project - Изменение масштаба для планировок квартир\09_outputs\_diagnostics\full_20260727_full_mkd2\details\142_POZD_WEB_K2-1_s5_et4_11_attempt1.json","Pixel-native AI подтверждён после повторного открытия; обводки 0.75 px; s_raw=1.73787176."
"143_147_20260727_133304","143","1","OK","2026-07-27T13:33:04","Корпус 2.1/POZD_WEB_K2-1_s5_et4_2.ai","Корпус 2.1","D:\AI\AITRASH\LIBRARY\02_CATALOG\02_PRESALE_Поздняково\01_ARTIFACTS\МКД2\Корпус 2.1\POZD_WEB_K2-1_s5_et4_2.ai","D:\AI\AITRASH\LIBRARY\02_CATALOG\02_PRESALE_Поздняково\01_ARTIFACTS\МКД2\Корпус 2.1\POZD_WEB_K2-1_s5_et4_2.png","223190","51a443fa91dbc82165bd87e61f58fe1882e151a0b5445264cfd56af2b8b29bc6","true","calculated","170","170","1.724515272","1","[183.790354,573.460644,658.334646,22.539356]","474.544292","550.921288","2758","13","[{""width_pt"":0.75,""count"":1230},{""width_pt"":1,""count"":133}]","1363","[{""width_pt"":0.75,""count"":1363}]","[{""width_pt"":0.75,""count"":1363}]","0","[197.006102,1067.808096,1002.993898,132.191904]","805.987796","935.616192","600","600","[{""index"":0,""name"":""Монтажная область 1"",""rect"":[0,1200,1200,0],""width"":1200,""height"":1200}]","true","true","true","true","true","D:\AI\AITRASH\workspaces\project - Изменение масштаба для планировок квартир\09_outputs\_full_wip\20260727_full_mkd2\Корпус 2.1\х170_POZD_WEB_K2-1_s5_et4_2.ai","D:\AI\AITRASH\workspaces\project - Изменение масштаба для планировок квартир\09_outputs\_full_wip\20260727_full_mkd2\Корпус 2.1\х170_POZD_WEB_K2-1_s5_et4_2.png","D:\AI\AITRASH\workspaces\project - Изменение масштаба для планировок квартир\09_outputs\_diagnostics\full_20260727_full_mkd2\details\143_POZD_WEB_K2-1_s5_et4_2_attempt1.json","Pixel-native AI подтверждён после повторного открытия; обводки 0.75 px; s_raw=1.724515272."
"143_147_20260727_133304","144","1","OK","2026-07-27T13:33:44","Корпус 2.1/POZD_WEB_K2-1_s5_et4_4.ai","Корпус 2.1","D:\AI\AITRASH\LIBRARY\02_CATALOG\02_PRESALE_Поздняково\01_ARTIFACTS\МКД2\Корпус 2.1\POZD_WEB_K2-1_s5_et4_4.ai","D:\AI\AITRASH\LIBRARY\02_CATALOG\02_PRESALE_Поздняково\01_ARTIFACTS\МКД2\Корпус 2.1\POZD_WEB_K2-1_s5_et4_4.png","202717","465cdb23ec71c2a045429286698125644f8602af6de71eae9cad69c67f9bd051","true","calculated","170","170","1.670995012","1","[175.853346,582.464552,666.146654,14.535448]","490.293308","567.929104","2508","13","[{""width_pt"":0.75,""count"":1114},{""width_pt"":1,""count"":125}]","1239","[{""width_pt"":0.75,""count"":1239}]","[{""width_pt"":0.75,""count"":1239}]","0","[183.513189,1082.264738,1016.486811,117.735262]","832.973622","964.529476","600","600","[{""index"":0,""name"":""Монтажная область 1"",""rect"":[0,1200,1200,0],""width"":1200,""height"":1200}]","true","true","true","true","true","D:\AI\AITRASH\workspaces\project - Изменение масштаба для планировок квартир\09_outputs\_full_wip\20260727_full_mkd2\Корпус 2.1\х170_POZD_WEB_K2-1_s5_et4_4.ai","D:\AI\AITRASH\workspaces\project - Изменение масштаба для планировок квартир\09_outputs\_full_wip\20260727_full_mkd2\Корпус 2.1\х170_POZD_WEB_K2-1_s5_et4_4.png","D:\AI\AITRASH\workspaces\project - Изменение масштаба для планировок квартир\09_outputs\_diagnostics\full_20260727_full_mkd2\details\144_POZD_WEB_K2-1_s5_et4_4_attempt1.json","Pixel-native AI подтверждён после повторного открытия; обводки 0.75 px; s_raw=1.670995012."
"143_147_20260727_133304","145","1","OK","2026-07-27T13:34:20","Корпус 2.1/POZD_WEB_K2-1_s5_et4_5.ai","Корпус 2.1","D:\AI\AITRASH\LIBRARY\02_CATALOG\02_PRESALE_Поздняково\01_ARTIFACTS\МКД2\Корпус 2.1\POZD_WEB_K2-1_s5_et4_5.ai","D:\AI\AITRASH\LIBRARY\02_CATALOG\02_PRESALE_Поздняково\01_ARTIFACTS\МКД2\Корпус 2.1\POZD_WEB_K2-1_s5_et4_5.png","173257","d12e5dcb6f943af34dfbafb26bb87f6392dea46816e943e25bc2db91dbfb8861","true","calculated","200","200","2.151716231","1","[206.880946,494.129032,634.994054,101.870968]","428.113108","392.258064","1836","13","[{""width_pt"":0.75,""count"":817},{""width_pt"":1,""count"":84}]","901","[{""width_pt"":0.75,""count"":901}]","[{""width_pt"":0.75,""count"":901}]","0","[172.386892,991.633064,1027.613108,208.366936]","855.226216","783.266128","600","600","[{""index"":0,""name"":""Монтажная область 1"",""rect"":[0,1200,1200,0],""width"":1200,""height"":1200}]","true","true","true","true","true","D:\AI\AITRASH\workspaces\project - Изменение масштаба для планировок квартир\09_outputs\_full_wip\20260727_full_mkd2\Корпус 2.1\х200_POZD_WEB_K2-1_s5_et4_5.ai","D:\AI\AITRASH\workspaces\project - Изменение масштаба для планировок квартир\09_outputs\_full_wip\20260727_full_mkd2\Корпус 2.1\х200_POZD_WEB_K2-1_s5_et4_5.png","D:\AI\AITRASH\workspaces\project - Изменение масштаба для планировок квартир\09_outputs\_diagnostics\full_20260727_full_mkd2\details\145_POZD_WEB_K2-1_s5_et4_5_attempt1.json","Pixel-native AI подтверждён после повторного открытия; обводки 0.75 px; s_raw=2.151716231."
"143_147_20260727_133304","146","1","OK","2026-07-27T13:34:51","Корпус 2.1/POZD_WEB_K2-1_s5_et4_7.ai","Корпус 2.1","D:\AI\AITRASH\LIBRARY\02_CATALOG\02_PRESALE_Поздняково\01_ARTIFACTS\МКД2\Корпус 2.1\POZD_WEB_K2-1_s5_et4_7.ai","D:\AI\AITRASH\LIBRARY\02_CATALOG\02_PRESALE_Поздняково\01_ARTIFACTS\МКД2\Корпус 2.1\POZD_WEB_K2-1_s5_et4_7.png","201416","4c9302e31ea18f79e48e553f10e59e817ed27b004b1ae51f7b0ff71e68d7b386","true","calculated","170","170","1.655079119","1","[134.700779,545.91437,708.299221,51.08563]","573.598442","494.82874","2573","13","[{""width_pt"":0.75,""count"":1146},{""width_pt"":1,""count"":127}]","1273","[{""width_pt"":0.75,""count"":1273}]","[{""width_pt"":0.75,""count"":1273}]","0","[112.916324,1020.341929,1087.083676,179.658071]","974.167352","840.683858","600","600","[{""index"":0,""name"":""Монтажная область 1"",""rect"":[0,1200,1200,0],""width"":1200,""height"":1200}]","true","true","true","true","true","D:\AI\AITRASH\workspaces\project - Изменение масштаба для планировок квартир\09_outputs\_full_wip\20260727_full_mkd2\Корпус 2.1\х170_POZD_WEB_K2-1_s5_et4_7.ai","D:\AI\AITRASH\workspaces\project - Изменение масштаба для планировок квартир\09_outputs\_full_wip\20260727_full_mkd2\Корпус 2.1\х170_POZD_WEB_K2-1_s5_et4_7.png","D:\AI\AITRASH\workspaces\project - Изменение масштаба для планировок квартир\09_outputs\_diagnostics\full_20260727_full_mkd2\details\146_POZD_WEB_K2-1_s5_et4_7_attempt1.json","Pixel-native AI подтверждён после повторного открытия; обводки 0.75 px; s_raw=1.655079119."
"143_147_20260727_133304","147","1","OK","2026-07-27T13:35:29","Корпус 2.1/POZD_WEB_K2-1_s5_et4_8.ai","Корпус 2.1","D:\AI\AITRASH\LIBRARY\02_CATALOG\02_PRESALE_Поздняково\01_ARTIFACTS\МКД2\Корпус 2.1\POZD_WEB_K2-1_s5_et4_8.ai","D:\AI\AITRASH\LIBRARY\02_CATALOG\02_PRESALE_Поздняково\01_ARTIFACTS\МКД2\Корпус 2.1\POZD_WEB_K2-1_s5_et4_8.png","200571","93e56095e51a98f3cf375d4343e3e207e89baf36c7293b8ec30eec271151879d","true","calculated","170","170","1.655079142","1","[134.700787,545.91437,708.299213,51.08563]","573.598426","494.82874","2470","13","[{""width_pt"":0.75,""count"":1095},{""width_pt"":1,""count"":123}]","1218","[{""width_pt"":0.75,""count"":1218}]","[{""width_pt"":0.75,""count"":1218}]","0","[112.916338,1020.341929,1087.083662,179.658071]","974.167324","840.683858","600","600","[{""index"":0,""name"":""Монтажная область 1"",""rect"":[0,1200,1200,0],""width"":1200,""height"":1200}]","true","true","true","true","true","D:\AI\AITRASH\workspaces\project - Изменение масштаба для планировок квартир\09_outputs\_full_wip\20260727_full_mkd2\Корпус 2.1\х170_POZD_WEB_K2-1_s5_et4_8.ai","D:\AI\AITRASH\workspaces\project - Изменение масштаба для планировок квартир\09_outputs\_full_wip\20260727_full_mkd2\Корпус 2.1\х170_POZD_WEB_K2-1_s5_et4_8.png","D:\AI\AITRASH\workspaces\project - Изменение масштаба для планировок квартир\09_outputs\_diagnostics\full_20260727_full_mkd2\details\147_POZD_WEB_K2-1_s5_et4_8_attempt1.json","Pixel-native AI подтверждён после повторного открытия; обводки 0.75 px; s_raw=1.655079142."
"148_152_20260727_133623","148","1","OK","2026-07-27T13:36:23","Корпус 2.1/POZD_WEB_K2-1_s5_et4_9.ai","Корпус 2.1","D:\AI\AITRASH\LIBRARY\02_CATALOG\02_PRESALE_Поздняково\01_ARTIFACTS\МКД2\Корпус 2.1\POZD_WEB_K2-1_s5_et4_9.ai","D:\AI\AITRASH\LIBRARY\02_CATALOG\02_PRESALE_Поздняково\01_ARTIFACTS\МКД2\Корпус 2.1\POZD_WEB_K2-1_s5_et4_9.png","204020","05d62ff24275f6bb6853f130308126a226ed45b80284f6da2ad527e4c931ee9b","true","calculated","170","170","1.789893349","1","[154.5433,525.271654,688.4567,70.728346]","533.9134","454.543308","2503","10","[{""width_pt"":0.75,""count"":1122},{""width_pt"":1,""count"":115}]","1237","[{""width_pt"":0.75,""count"":1237}]","[{""width_pt"":0.75,""count"":1237}]","0","[146.64861,985.886811,1053.351389,214.113189]","906.702779","771.773622","600","600","[{""index"":0,""name"":""Монтажная область 1"",""rect"":[0,1200,1200,0],""width"":1200,""height"":1200}]","true","true","true","true","true","D:\AI\AITRASH\workspaces\project - Изменение масштаба для планировок квартир\09_outputs\_full_wip\20260727_full_mkd2\Корпус 2.1\х170_POZD_WEB_K2-1_s5_et4_9.ai","D:\AI\AITRASH\workspaces\project - Изменение масштаба для планировок квартир\09_outputs\_full_wip\20260727_full_mkd2\Корпус 2.1\х170_POZD_WEB_K2-1_s5_et4_9.png","D:\AI\AITRASH\workspaces\project - Изменение масштаба для планировок квартир\09_outputs\_diagnostics\full_20260727_full_mkd2\details\148_POZD_WEB_K2-1_s5_et4_9_attempt1.json","Pixel-native AI подтверждён после повторного открытия; обводки 0.75 px; s_raw=1.789893349."
"148_152_20260727_133623","149","1","OK","2026-07-27T13:36:56","Корпус 2.1/POZD_WEB_K2-1_s5_et5_6.ai","Корпус 2.1","D:\AI\AITRASH\LIBRARY\02_CATALOG\02_PRESALE_Поздняково\01_ARTIFACTS\МКД2\Корпус 2.1\POZD_WEB_K2-1_s5_et5_6.ai","D:\AI\AITRASH\LIBRARY\02_CATALOG\02_PRESALE_Поздняково\01_ARTIFACTS\МКД2\Корпус 2.1\POZD_WEB_K2-1_s5_et5_6.png","188832","de5d4ca7aa746184002e4f69d74fb8f6c547120ec2238aa44a1deb9151add757","true","calculated","200","200","1.867293021","1","[206.984252,558.370079,636.015748,38.629921]","429.031496","519.740158","2318","10","[{""width_pt"":0.75,""count"":1029},{""width_pt"":1,""count"":116}]","1145","[{""width_pt"":0.75,""count"":1145}]","[{""width_pt"":0.75,""count"":1145}]","0","[171.593504,1119.115158,1028.406496,80.884842]","856.812992","1038.230316","600","600","[{""index"":0,""name"":""Монтажная область 1"",""rect"":[0,1200,1200,0],""width"":1200,""height"":1200}]","true","true","true","true","true","D:\AI\AITRASH\workspaces\project - Изменение масштаба для планировок квартир\09_outputs\_full_wip\20260727_full_mkd2\Корпус 2.1\х200_POZD_WEB_K2-1_s5_et5_6.ai","D:\AI\AITRASH\workspaces\project - Изменение масштаба для планировок квартир\09_outputs\_full_wip\20260727_full_mkd2\Корпус 2.1\х200_POZD_WEB_K2-1_s5_et5_6.png","D:\AI\AITRASH\workspaces\project - Изменение масштаба для планировок квартир\09_outputs\_diagnostics\full_20260727_full_mkd2\details\149_POZD_WEB_K2-1_s5_et5_6_attempt1.json","Pixel-native AI подтверждён после повторного открытия; обводки 0.75 px; s_raw=1.867293021."
"148_152_20260727_133623","150","1","OK","2026-07-27T13:37:27","Корпус 2.1/POZD_WEB_K2-1_s5_et6_1.ai","Корпус 2.1","D:\AI\AITRASH\LIBRARY\02_CATALOG\02_PRESALE_Поздняково\01_ARTIFACTS\МКД2\Корпус 2.1\POZD_WEB_K2-1_s5_et6_1.ai","D:\AI\AITRASH\LIBRARY\02_CATALOG\02_PRESALE_Поздняково\01_ARTIFACTS\МКД2\Корпус 2.1\POZD_WEB_K2-1_s5_et6_1.png","201479","368c6b1196fd0d1f6dc3792be41f72bac41f5fb357cc6b20ce5f9216298a5989","true","calculated","170","170","1.818903035","1","[209.802165,575.444868,633.322835,20.555132]","423.52067","554.889736","2554","14","[{""width_pt"":0.75,""count"":1147},{""width_pt"":1,""count"":109}]","1256","[{""width_pt"":0.75,""count"":1256}]","[{""width_pt"":0.75,""count"":1256}]","0","[240.376181,1071.181275,959.623819,128.818725]","719.247638","942.36255","600","600","[{""index"":0,""name"":""Монтажная область 1"",""rect"":[0,1200,1200,0],""width"":1200,""height"":1200}]","true","true","true","true","true","D:\AI\AITRASH\workspaces\project - Изменение масштаба для планировок квартир\09_outputs\_full_wip\20260727_full_mkd2\Корпус 2.1\х170_POZD_WEB_K2-1_s5_et6_1.ai","D:\AI\AITRASH\workspaces\project - Изменение масштаба для планировок квартир\09_outputs\_full_wip\20260727_full_mkd2\Корпус 2.1\х170_POZD_WEB_K2-1_s5_et6_1.png","D:\AI\AITRASH\workspaces\project - Изменение масштаба для планировок квартир\09_outputs\_diagnostics\full_20260727_full_mkd2\details\150_POZD_WEB_K2-1_s5_et6_1_attempt1.json","Pixel-native AI подтверждён после повторного открытия; обводки 0.75 px; s_raw=1.818903035."
"148_152_20260727_133623","151","1","OK","2026-07-27T13:38:05","Корпус 2.1/POZD_WEB_K2-1_s5_et6_2.ai","Корпус 2.1","D:\AI\AITRASH\LIBRARY\02_CATALOG\02_PRESALE_Поздняково\01_ARTIFACTS\МКД2\Корпус 2.1\POZD_WEB_K2-1_s5_et6_2.ai","D:\AI\AITRASH\LIBRARY\02_CATALOG\02_PRESALE_Поздняково\01_ARTIFACTS\МКД2\Корпус 2.1\POZD_WEB_K2-1_s5_et6_2.png","213387","38e54b786e3324f5c8a0443367b423fc7c1ad0cdca2cfa94c3c4a57312f365db","true","calculated","170","170","1.721843152","1","[183.053324,573.460626,659.071676,22.539374]","476.018352","550.921252","2676","14","[{""width_pt"":0.75,""count"":1194},{""width_pt"":1,""count"":130}]","1324","[{""width_pt"":0.75,""count"":1324}]","[{""width_pt"":0.75,""count"":1324}]","0","[195.75315,1067.808065,1004.24685,132.191935]","808.4937","935.61613","600","600","[{""index"":0,""name"":""Монтажная область 1"",""rect"":[0,1200,1200,0],""width"":1200,""height"":1200}]","true","true","true","true","true","D:\AI\AITRASH\workspaces\project - Изменение масштаба для планировок квартир\09_outputs\_full_wip\20260727_full_mkd2\Корпус 2.1\х170_POZD_WEB_K2-1_s5_et6_2.ai","D:\AI\AITRASH\workspaces\project - Изменение масштаба для планировок квартир\09_outputs\_full_wip\20260727_full_mkd2\Корпус 2.1\х170_POZD_WEB_K2-1_s5_et6_2.png","D:\AI\AITRASH\workspaces\project - Изменение масштаба для планировок квартир\09_outputs\_diagnostics\full_20260727_full_mkd2\details\151_POZD_WEB_K2-1_s5_et6_2_attempt1.json","Pixel-native AI подтверждён после повторного открытия; обводки 0.75 px; s_raw=1.721843152."
"148_152_20260727_133623","152","1","OK","2026-07-27T13:38:44","Корпус 2.1/POZD_WEB_K2-1_s5_et6_4.ai","Корпус 2.1","D:\AI\AITRASH\LIBRARY\02_CATALOG\02_PRESALE_Поздняково\01_ARTIFACTS\МКД2\Корпус 2.1\POZD_WEB_K2-1_s5_et6_4.ai","D:\AI\AITRASH\LIBRARY\02_CATALOG\02_PRESALE_Поздняково\01_ARTIFACTS\МКД2\Корпус 2.1\POZD_WEB_K2-1_s5_et6_4.png","206357","2635b36654f724c9bc3461844da92359005bcc06642aff823909ceafb347bb78","true","calculated","170","170","1.66848873","1","[175.11631,582.464552,666.88369,14.535448]","491.76738","567.929104","2606","14","[{""width_pt"":0.75,""count"":1160},{""width_pt"":1,""count"":131}]","1291","[{""width_pt"":0.75,""count"":1291}]","[{""width_pt"":0.75,""count"":1291}]","0","[182.260227,1082.264738,1017.739773,117.735262]","835.479546","964.529476","600","600","[{""index"":0,""name"":""Монтажная область 1"",""rect"":[0,1200,1200,0],""width"":1200,""height"":1200}]","true","true","true","true","true","D:\AI\AITRASH\workspaces\project - Изменение масштаба для планировок квартир\09_outputs\_full_wip\20260727_full_mkd2\Корпус 2.1\х170_POZD_WEB_K2-1_s5_et6_4.ai","D:\AI\AITRASH\workspaces\project - Изменение масштаба для планировок квартир\09_outputs\_full_wip\20260727_full_mkd2\Корпус 2.1\х170_POZD_WEB_K2-1_s5_et6_4.png","D:\AI\AITRASH\workspaces\project - Изменение масштаба для планировок квартир\09_outputs\_diagnostics\full_20260727_full_mkd2\details\152_POZD_WEB_K2-1_s5_et6_4_attempt1.json","Pixel-native AI подтверждён после повторного открытия; обводки 0.75 px; s_raw=1.66848873."
"153_157_20260727_133940","153","1","OK","2026-07-27T13:39:40","Корпус 2.1/POZD_WEB_K2-1_s5_et6_5.ai","Корпус 2.1","D:\AI\AITRASH\LIBRARY\02_CATALOG\02_PRESALE_Поздняково\01_ARTIFACTS\МКД2\Корпус 2.1\POZD_WEB_K2-1_s5_et6_5.ai","D:\AI\AITRASH\LIBRARY\02_CATALOG\02_PRESALE_Поздняково\01_ARTIFACTS\МКД2\Корпус 2.1\POZD_WEB_K2-1_s5_et6_5.png","312246","053a4c410e7309392e9f4da38b495b76582d8e5a5e181addd2aa03c029cad50c","true","calculated","120","120","1.189605722","1","[189.884842,748.291339,652.240158,-151.166339]","462.355316","899.457678","4920","18","[{""width_pt"":0.75,""count"":2292},{""width_pt"":1,""count"":147}]","2439","[{""width_pt"":0.75,""count"":2439}]","[{""width_pt"":0.75,""count"":2439}]","0","[322.736811,1139.524607,877.263189,60.475393]","554.526378","1079.049214","600","600","[{""index"":0,""name"":""Монтажная область 1"",""rect"":[0,1200,1200,0],""width"":1200,""height"":1200}]","true","true","true","true","true","D:\AI\AITRASH\workspaces\project - Изменение масштаба для планировок квартир\09_outputs\_full_wip\20260727_full_mkd2\Корпус 2.1\х120_POZD_WEB_K2-1_s5_et6_5.ai","D:\AI\AITRASH\workspaces\project - Изменение масштаба для планировок квартир\09_outputs\_full_wip\20260727_full_mkd2\Корпус 2.1\х120_POZD_WEB_K2-1_s5_et6_5.png","D:\AI\AITRASH\workspaces\project - Изменение масштаба для планировок квартир\09_outputs\_diagnostics\full_20260727_full_mkd2\details\153_POZD_WEB_K2-1_s5_et6_5_attempt1.json","Pixel-native AI подтверждён после повторного открытия; обводки 0.75 px; s_raw=1.189605722."
"153_157_20260727_133940","154","1","OK","2026-07-27T13:40:57","Корпус 2.1/POZD_WEB_K2-1_s5_et6_6.ai","Корпус 2.1","D:\AI\AITRASH\LIBRARY\02_CATALOG\02_PRESALE_Поздняково\01_ARTIFACTS\МКД2\Корпус 2.1\POZD_WEB_K2-1_s5_et6_6.ai","D:\AI\AITRASH\LIBRARY\02_CATALOG\02_PRESALE_Поздняково\01_ARTIFACTS\МКД2\Корпус 2.1\POZD_WEB_K2-1_s5_et6_6.png","328411","d374445b46f1e0fa00b0c81b59b880396f3ae9ebcc25433d08fd69a4572421db","true","calculated","150","150","1.375864365","1","[-90.346469,668.91437,687.346469,174.08563]","777.692938","494.82874","5522","19","[{""width_pt"":0.75,""count"":2549},{""width_pt"":1,""count"":184}]","2733","[{""width_pt"":0.75,""count"":2733}]","[{""width_pt"":0.75,""count"":2733}]","0","[17.105297,970.934055,1182.894703,229.065945]","1165.789406","741.86811","600","600","[{""index"":0,""name"":""Монтажная область 1"",""rect"":[0,1200,1200,0],""width"":1200,""height"":1200}]","true","true","true","true","true","D:\AI\AITRASH\workspaces\project - Изменение масштаба для планировок квартир\09_outputs\_full_wip\20260727_full_mkd2\Корпус 2.1\х150_POZD_WEB_K2-1_s5_et6_6.ai","D:\AI\AITRASH\workspaces\project - Изменение масштаба для планировок квартир\09_outputs\_full_wip\20260727_full_mkd2\Корпус 2.1\х150_POZD_WEB_K2-1_s5_et6_6.png","D:\AI\AITRASH\workspaces\project - Изменение масштаба для планировок квартир\09_outputs\_diagnostics\full_20260727_full_mkd2\details\154_POZD_WEB_K2-1_s5_et6_6_attempt1.json","Pixel-native AI подтверждён после повторного открытия; обводки 0.75 px; s_raw=1.375864365."
"153_157_20260727_133940","155","1","OK","2026-07-27T13:42:22","Корпус 2.1/POZD_WEB_K2-1_s5_et6_7.ai","Корпус 2.1","D:\AI\AITRASH\LIBRARY\02_CATALOG\02_PRESALE_Поздняково\01_ARTIFACTS\МКД2\Корпус 2.1\POZD_WEB_K2-1_s5_et6_7.ai","D:\AI\AITRASH\LIBRARY\02_CATALOG\02_PRESALE_Поздняково\01_ARTIFACTS\МКД2\Корпус 2.1\POZD_WEB_K2-1_s5_et6_7.png","194458","992d23e62a11cdbe4252863b6dfdcbf622f634c88b2e2ac9a336ddccc75bc448","true","calculated","170","170","1.703878413","1","[134.700802,531.882874,708.299198,64.992126]","573.598396","466.890748","2422","10","[{""width_pt"":0.75,""count"":1077},{""width_pt"":1,""count"":119}]","1196","[{""width_pt"":0.75,""count"":1196}]","[{""width_pt"":0.75,""count"":1196}]","0","[112.916363,996.488386,1087.083637,203.511614]","974.167274","792.976772","600","600","[{""index"":0,""name"":""Монтажная область 1"",""rect"":[0,1200,1200,0],""width"":1200,""height"":1200}]","true","true","true","true","true","D:\AI\AITRASH\workspaces\project - Изменение масштаба для планировок квартир\09_outputs\_full_wip\20260727_full_mkd2\Корпус 2.1\х170_POZD_WEB_K2-1_s5_et6_7.ai","D:\AI\AITRASH\workspaces\project - Изменение масштаба для планировок квартир\09_outputs\_full_wip\20260727_full_mkd2\Корпус 2.1\х170_POZD_WEB_K2-1_s5_et6_7.png","D:\AI\AITRASH\workspaces\project - Изменение масштаба для планировок квартир\09_outputs\_diagnostics\full_20260727_full_mkd2\details\155_POZD_WEB_K2-1_s5_et6_7_attempt1.json","Pixel-native AI подтверждён после повторного открытия; обводки 0.75 px; s_raw=1.703878413."
"153_157_20260727_133940","156","1","OK","2026-07-27T13:42:51","Корпус 2.1/POZD_WEB_K2-1_s5_et6_9.ai","Корпус 2.1","D:\AI\AITRASH\LIBRARY\02_CATALOG\02_PRESALE_Поздняково\01_ARTIFACTS\МКД2\Корпус 2.1\POZD_WEB_K2-1_s5_et6_9.ai","D:\AI\AITRASH\LIBRARY\02_CATALOG\02_PRESALE_Поздняково\01_ARTIFACTS\МКД2\Корпус 2.1\POZD_WEB_K2-1_s5_et6_9.png","193574","d4e03a646825022a6a4044779d547e776092fc26c99da7703b89aa62d5c5979f","true","calculated","170","170","1.8091276","1","[154.543313,521.027249,688.456687,76.097751]","533.913374","444.929498","2370","10","[{""width_pt"":0.75,""count"":1057},{""width_pt"":1,""count"":114}]","1171","[{""width_pt"":0.75,""count"":1171}]","[{""width_pt"":0.75,""count"":1171}]","0","[146.648632,977.821323,1053.351368,222.178677]","906.702736","755.642646","600","600","[{""index"":0,""name"":""Монтажная область 1"",""rect"":[0,1200,1200,0],""width"":1200,""height"":1200}]","true","true","true","true","true","D:\AI\AITRASH\workspaces\project - Изменение масштаба для планировок квартир\09_outputs\_full_wip\20260727_full_mkd2\Корпус 2.1\х170_POZD_WEB_K2-1_s5_et6_9.ai","D:\AI\AITRASH\workspaces\project - Изменение масштаба для планировок квартир\09_outputs\_full_wip\20260727_full_mkd2\Корпус 2.1\х170_POZD_WEB_K2-1_s5_et6_9.png","D:\AI\AITRASH\workspaces\project - Изменение масштаба для планировок квартир\09_outputs\_diagnostics\full_20260727_full_mkd2\details\156_POZD_WEB_K2-1_s5_et6_9_attempt1.json","Pixel-native AI подтверждён после повторного открытия; обводки 0.75 px; s_raw=1.8091276."
"153_157_20260727_133940","157","1","OK","2026-07-27T13:43:22","Корпус 2.2/POZD_WEB_K2-2_s6_et1_1.ai","Корпус 2.2","D:\AI\AITRASH\LIBRARY\02_CATALOG\02_PRESALE_Поздняково\01_ARTIFACTS\МКД2\Корпус 2.2\POZD_WEB_K2-2_s6_et1_1.ai","D:\AI\AITRASH\LIBRARY\02_CATALOG\02_PRESALE_Поздняково\01_ARTIFACTS\МКД2\Корпус 2.2\POZD_WEB_K2-2_s6_et1_1.png","181335","9e6ee480aeb3b026c44ee48df16d246293a4ecd0a068079f7384fada17e80b07","true","calculated","170","170","1.653427416","1","[47.928532,705.248031,548.196468,136.751969]","500.267936","568.496062","2160","10","[{""width_pt"":0.75,""count"":963},{""width_pt"":1,""count"":97}]","1060","[{""width_pt"":0.75,""count"":1060}]","[{""width_pt"":0.75,""count"":1060}]","0","[175.141004,1082.746652,1024.858996,117.253348]","849.717992","965.493304","600","600","[{""index"":0,""name"":""Монтажная область 1"",""rect"":[0,1200,1200,0],""width"":1200,""height"":1200}]","true","true","true","true","true","D:\AI\AITRASH\workspaces\project - Изменение масштаба для планировок квартир\09_outputs\_full_wip\20260727_full_mkd2\Корпус 2.2\х170_POZD_WEB_K2-2_s6_et1_1.ai","D:\AI\AITRASH\workspaces\project - Изменение масштаба для планировок квартир\09_outputs\_full_wip\20260727_full_mkd2\Корпус 2.2\х170_POZD_WEB_K2-2_s6_et1_1.png","D:\AI\AITRASH\workspaces\project - Изменение масштаба для планировок квартир\09_outputs\_diagnostics\full_20260727_full_mkd2\details\157_POZD_WEB_K2-2_s6_et1_1_attempt1.json","Pixel-native AI подтверждён после повторного открытия; обводки 0.75 px; s_raw=1.653427416."
"158_162_20260727_134417","158","1","OK","2026-07-27T13:44:17","Корпус 2.2/POZD_WEB_K2-2_s6_et1_2.ai","Корпус 2.2","D:\AI\AITRASH\LIBRARY\02_CATALOG\02_PRESALE_Поздняково\01_ARTIFACTS\МКД2\Корпус 2.2\POZD_WEB_K2-2_s6_et1_2.ai","D:\AI\AITRASH\LIBRARY\02_CATALOG\02_PRESALE_Поздняково\01_ARTIFACTS\МКД2\Корпус 2.2\POZD_WEB_K2-2_s6_et1_2.png","200094","30800b783462408e7f9e85f3b0d800ccc932c4675353ec30822ed4ecc1d48592","true","calculated","170","170","1.628499795","1","[11.700802,703.640706,585.299199,192.527559]","573.598397","511.113147","2643","10","[{""width_pt"":0.75,""count"":1176},{""width_pt"":1,""count"":130}]","1306","[{""width_pt"":0.75,""count"":1306}]","[{""width_pt"":0.75,""count"":1306}]","0","[112.916363,1034.077425,1087.083637,165.922575]","974.167274","868.15485","600","600","[{""index"":0,""name"":""Монтажная область 1"",""rect"":[0,1200,1200,0],""width"":1200,""height"":1200}]","true","true","true","true","true","D:\AI\AITRASH\workspaces\project - Изменение масштаба для планировок квартир\09_outputs\_full_wip\20260727_full_mkd2\Корпус 2.2\х170_POZD_WEB_K2-2_s6_et1_2.ai","D:\AI\AITRASH\workspaces\project - Изменение масштаба для планировок квартир\09_outputs\_full_wip\20260727_full_mkd2\Корпус 2.2\х170_POZD_WEB_K2-2_s6_et1_2.png","D:\AI\AITRASH\workspaces\project - Изменение масштаба для планировок квартир\09_outputs\_diagnostics\full_20260727_full_mkd2\details\158_POZD_WEB_K2-2_s6_et1_2_attempt1.json","Pixel-native AI подтверждён после повторного открытия; обводки 0.75 px; s_raw=1.628499795."
"158_162_20260727_134417","159","1","OK","2026-07-27T13:44:52","Корпус 2.2/POZD_WEB_K2-2_s6_et1_3.ai","Корпус 2.2","D:\AI\AITRASH\LIBRARY\02_CATALOG\02_PRESALE_Поздняково\01_ARTIFACTS\МКД2\Корпус 2.2\POZD_WEB_K2-2_s6_et1_3.ai","D:\AI\AITRASH\LIBRARY\02_CATALOG\02_PRESALE_Поздняково\01_ARTIFACTS\МКД2\Корпус 2.2\POZD_WEB_K2-2_s6_et1_3.png","190846","deaa53d7a5406e00187bdbc4d87548cc502ba267731b48cf3f47fefe4b3209f5","true","calculated","170","170","1.716539837","1","[44.866137,681.028543,552.133863,160.846457]","507.267726","520.182086","2371","10","[{""width_pt"":0.75,""count"":1048},{""width_pt"":1,""count"":130}]","1178","[{""width_pt"":0.75,""count"":1178}]","[{""width_pt"":0.75,""count"":1178}]","0","[169.297433,1041.786024,1030.702567,158.213976]","861.405134","883.572048","600","600","[{""index"":0,""name"":""Монтажная область 1"",""rect"":[0,1200,1200,0],""width"":1200,""height"":1200}]","true","true","true","true","true","D:\AI\AITRASH\workspaces\project - Изменение масштаба для планировок квартир\09_outputs\_full_wip\20260727_full_mkd2\Корпус 2.2\х170_POZD_WEB_K2-2_s6_et1_3.ai","D:\AI\AITRASH\workspaces\project - Изменение масштаба для планировок квартир\09_outputs\_full_wip\20260727_full_mkd2\Корпус 2.2\х170_POZD_WEB_K2-2_s6_et1_3.png","D:\AI\AITRASH\workspaces\project - Изменение масштаба для планировок квартир\09_outputs\_diagnostics\full_20260727_full_mkd2\details\159_POZD_WEB_K2-2_s6_et1_3_attempt1.json","Pixel-native AI подтверждён после повторного открытия; обводки 0.75 px; s_raw=1.716539837."
"158_162_20260727_134417","160","1","OK","2026-07-27T13:45:22","Корпус 2.2/POZD_WEB_K2-2_s6_et1_4.ai","Корпус 2.2","D:\AI\AITRASH\LIBRARY\02_CATALOG\02_PRESALE_Поздняково\01_ARTIFACTS\МКД2\Корпус 2.2\POZD_WEB_K2-2_s6_et1_4.ai","D:\AI\AITRASH\LIBRARY\02_CATALOG\02_PRESALE_Поздняково\01_ARTIFACTS\МКД2\Корпус 2.2\POZD_WEB_K2-2_s6_et1_4.png","168235","a6a3ecfc683b7fb462ae5d235c21925e01ce57588859339db815f83c195a7dc6","true","calculated","200","200","2.075805268","1","[67.893701,617.090546,527.981299,224.909454]","460.087598","392.181092","1794","10","[{""width_pt"":0.75,""count"":792},{""width_pt"":1,""count"":96}]","888","[{""width_pt"":0.75,""count"":888}]","[{""width_pt"":0.75,""count"":888}]","0","[140.412401,991.556092,1059.587599,208.443908]","919.175198","783.112184","600","600","[{""index"":0,""name"":""Монтажная область 1"",""rect"":[0,1200,1200,0],""width"":1200,""height"":1200}]","true","true","true","true","true","D:\AI\AITRASH\workspaces\project - Изменение масштаба для планировок квартир\09_outputs\_full_wip\20260727_full_mkd2\Корпус 2.2\х200_POZD_WEB_K2-2_s6_et1_4.ai","D:\AI\AITRASH\workspaces\project - Изменение масштаба для планировок квартир\09_outputs\_full_wip\20260727_full_mkd2\Корпус 2.2\х200_POZD_WEB_K2-2_s6_et1_4.png","D:\AI\AITRASH\workspaces\project - Изменение масштаба для планировок квартир\09_outputs\_diagnostics\full_20260727_full_mkd2\details\160_POZD_WEB_K2-2_s6_et1_4_attempt1.json","Pixel-native AI подтверждён после повторного открытия; обводки 0.75 px; s_raw=2.075805268."
"158_162_20260727_134417","161","1","OK","2026-07-27T13:45:48","Корпус 2.2/POZD_WEB_K2-2_s6_et1_5.ai","Корпус 2.2","D:\AI\AITRASH\LIBRARY\02_CATALOG\02_PRESALE_Поздняково\01_ARTIFACTS\МКД2\Корпус 2.2\POZD_WEB_K2-2_s6_et1_5.ai","D:\AI\AITRASH\LIBRARY\02_CATALOG\02_PRESALE_Поздняково\01_ARTIFACTS\МКД2\Корпус 2.2\POZD_WEB_K2-2_s6_et1_5.png","154088","9b04da0933929ab83c3c9f668f369a352f9d383390ff3eba3b59ac9e05178bbe","true","calculated","200","200","2.283269601","1","[67.893701,583.074797,527.981299,258.925203]","460.087598","324.149594","1593","10","[{""width_pt"":0.75,""count"":709},{""width_pt"":1,""count"":76}]","785","[{""width_pt"":0.75,""count"":785}]","[{""width_pt"":0.75,""count"":785}]","0","[140.412401,923.524595,1059.587599,276.475405]","919.175198","647.04919","600","600","[{""index"":0,""name"":""Монтажная область 1"",""rect"":[0,1200,1200,0],""width"":1200,""height"":1200}]","true","true","true","true","true","D:\AI\AITRASH\workspaces\project - Изменение масштаба для планировок квартир\09_outputs\_full_wip\20260727_full_mkd2\Корпус 2.2\х200_POZD_WEB_K2-2_s6_et1_5.ai","D:\AI\AITRASH\workspaces\project - Изменение масштаба для планировок квартир\09_outputs\_full_wip\20260727_full_mkd2\Корпус 2.2\х200_POZD_WEB_K2-2_s6_et1_5.png","D:\AI\AITRASH\workspaces\project - Изменение масштаба для планировок квартир\09_outputs\_diagnostics\full_20260727_full_mkd2\details\161_POZD_WEB_K2-2_s6_et1_5_attempt1.json","Pixel-native AI подтверждён после повторного открытия; обводки 0.75 px; s_raw=2.283269601."
"158_162_20260727_134417","162","1","OK","2026-07-27T13:46:14","Корпус 2.2/POZD_WEB_K2-2_s6_et1_6.ai","Корпус 2.2","D:\AI\AITRASH\LIBRARY\02_CATALOG\02_PRESALE_Поздняково\01_ARTIFACTS\МКД2\Корпус 2.2\POZD_WEB_K2-2_s6_et1_6.ai","D:\AI\AITRASH\LIBRARY\02_CATALOG\02_PRESALE_Поздняково\01_ARTIFACTS\МКД2\Корпус 2.2\POZD_WEB_K2-2_s6_et1_6.png","494256","25b654beb14851b6533b500b62035be9fdd1de606102976b5b12eff62ccbb9b6","true","calculated","110","110","1.144474793","1","[-146.122047,755.137801,742.122047,86.862199]","888.244094","668.275602","8960","16","[{""width_pt"":0.75,""count"":4206},{""width_pt"":1,""count"":222}]","4428","[{""width_pt"":0.75,""count"":4428}]","[{""width_pt"":0.75,""count"":4428}]","0","[111.640748,967.376581,1088.359252,232.623419]","976.718504","734.753162","600","600","[{""index"":0,""name"":""Монтажная область 1"",""rect"":[0,1200,1200,0],""width"":1200,""height"":1200}]","true","true","true","true","true","D:\AI\AITRASH\workspaces\project - Изменение масштаба для планировок квартир\09_outputs\_full_wip\20260727_full_mkd2\Корпус 2.2\х110_POZD_WEB_K2-2_s6_et1_6.ai","D:\AI\AITRASH\workspaces\project - Изменение масштаба для планировок квартир\09_outputs\_full_wip\20260727_full_mkd2\Корпус 2.2\х110_POZD_WEB_K2-2_s6_et1_6.png","D:\AI\AITRASH\workspaces\project - Изменение масштаба для планировок квартир\09_outputs\_diagnostics\full_20260727_full_mkd2\details\162_POZD_WEB_K2-2_s6_et1_6_attempt1.json","Pixel-native AI подтверждён после повторного открытия; обводки 0.75 px; s_raw=1.144474793."
"163_169_20260727_134940","163","1","OK","2026-07-27T13:49:40","Корпус 2.2/POZD_WEB_K2-2_s6_et2,6_2.ai","Корпус 2.2","D:\AI\AITRASH\LIBRARY\02_CATALOG\02_PRESALE_Поздняково\01_ARTIFACTS\МКД2\Корпус 2.2\POZD_WEB_K2-2_s6_et2,6_2.ai","D:\AI\AITRASH\LIBRARY\02_CATALOG\02_PRESALE_Поздняково\01_ARTIFACTS\МКД2\Корпус 2.2\POZD_WEB_K2-2_s6_et2,6_2.png","204166","a729bb1ee40f41249ee69f8f360b5d2a56dd183fb890307b439efab8b7f0a098","true","calculated","170","170","1.62296637","1","[11.649784,707.020287,585.350216,192.507492]","573.700432","514.512795","2698","10","[{""width_pt"":0.75,""count"":1201},{""width_pt"":1,""count"":127}]","1328","[{""width_pt"":0.75,""count"":1328}]","[{""width_pt"":0.75,""count"":1328}]","0","[112.829632,1036.967126,1087.170368,163.032873]","974.340736","873.934253","600","600","[{""index"":0,""name"":""Монтажная область 1"",""rect"":[0,1200,1200,0],""width"":1200,""height"":1200}]","true","true","true","true","true","D:\AI\AITRASH\workspaces\project - Изменение масштаба для планировок квартир\09_outputs\_full_wip\20260727_full_mkd2\Корпус 2.2\х170_POZD_WEB_K2-2_s6_et2,6_2.ai","D:\AI\AITRASH\workspaces\project - Изменение масштаба для планировок квартир\09_outputs\_full_wip\20260727_full_mkd2\Корпус 2.2\х170_POZD_WEB_K2-2_s6_et2,6_2.png","D:\AI\AITRASH\workspaces\project - Изменение масштаба для планировок квартир\09_outputs\_diagnostics\full_20260727_full_mkd2\details\163_POZD_WEB_K2-2_s6_et2,6_2_attempt1.json","Pixel-native AI подтверждён после повторного открытия; обводки 0.75 px; s_raw=1.62296637."
"163_169_20260727_134940","165","1","OK","2026-07-27T13:50:15","Корпус 2.2/POZD_WEB_K2-2_s6_et2_1.ai","Корпус 2.2","D:\AI\AITRASH\LIBRARY\02_CATALOG\02_PRESALE_Поздняково\01_ARTIFACTS\МКД2\Корпус 2.2\POZD_WEB_K2-2_s6_et2_1.ai","D:\AI\AITRASH\LIBRARY\02_CATALOG\02_PRESALE_Поздняково\01_ARTIFACTS\МКД2\Корпус 2.2\POZD_WEB_K2-2_s6_et2_1.png","266625","d80e183d2d335e11c35ad552f4d59404d0a98ddb144c1c7584c2fd3f31d5afbc","true","calculated","120","120","1.175183526","1","[-19.355311,864.204725,616.480311,-21.204725]","635.835622","885.40945","4388","10","[{""width_pt"":0.75,""count"":1972},{""width_pt"":1,""count"":197}]","2169","[{""width_pt"":0.75,""count"":2169}]","[{""width_pt"":0.75,""count"":2169}]","0","[218.648627,1131.020669,981.351373,68.97933]","762.702746","1062.041339","600","600","[{""index"":0,""name"":""Монтажная область 1"",""rect"":[0,1200,1200,0],""width"":1200,""height"":1200}]","true","true","true","true","true","D:\AI\AITRASH\workspaces\project - Изменение масштаба для планировок квартир\09_outputs\_full_wip\20260727_full_mkd2\Корпус 2.2\х120_POZD_WEB_K2-2_s6_et2_1.ai","D:\AI\AITRASH\workspaces\project - Изменение масштаба для планировок квартир\09_outputs\_full_wip\20260727_full_mkd2\Корпус 2.2\х120_POZD_WEB_K2-2_s6_et2_1.png","D:\AI\AITRASH\workspaces\project - Изменение масштаба для планировок квартир\09_outputs\_diagnostics\full_20260727_full_mkd2\details\165_POZD_WEB_K2-2_s6_et2_1_attempt1.json","Pixel-native AI подтверждён после повторного открытия; обводки 0.75 px; s_raw=1.175183526."
"163_169_20260727_134940","166","1","OK","2026-07-27T13:51:09","Корпус 2.2/POZD_WEB_K2-2_s6_et2_4.ai","Корпус 2.2","D:\AI\AITRASH\LIBRARY\02_CATALOG\02_PRESALE_Поздняково\01_ARTIFACTS\МКД2\Корпус 2.2\POZD_WEB_K2-2_s6_et2_4.ai","D:\AI\AITRASH\LIBRARY\02_CATALOG\02_PRESALE_Поздняково\01_ARTIFACTS\МКД2\Корпус 2.2\POZD_WEB_K2-2_s6_et2_4.png","168300","af6bf457fcb2516a37945be1ddce001d6ee7df627d5c671f4e955ecfcfde6112","true","calculated","200","200","2.015512839","1","[53.987205,617.090552,542.012795,224.909448]","488.02559","392.181104","1795","11","[{""width_pt"":0.75,""count"":791},{""width_pt"":1,""count"":96}]","887","[{""width_pt"":0.75,""count"":887}]","[{""width_pt"":0.75,""count"":887}]","0","[112.349409,991.556105,1087.650591,208.443895]","975.301182","783.11221","600","600","[{""index"":0,""name"":""Монтажная область 1"",""rect"":[0,1200,1200,0],""width"":1200,""height"":1200}]","true","true","true","true","true","D:\AI\AITRASH\workspaces\project - Изменение масштаба для планировок квартир\09_outputs\_full_wip\20260727_full_mkd2\Корпус 2.2\х200_POZD_WEB_K2-2_s6_et2_4.ai","D:\AI\AITRASH\workspaces\project - Изменение масштаба для планировок квартир\09_outputs\_full_wip\20260727_full_mkd2\Корпус 2.2\х200_POZD_WEB_K2-2_s6_et2_4.png","D:\AI\AITRASH\workspaces\project - Изменение масштаба для планировок квартир\09_outputs\_diagnostics\full_20260727_full_mkd2\details\166_POZD_WEB_K2-2_s6_et2_4_attempt1.json","Pixel-native AI подтверждён после повторного открытия; обводки 0.75 px; s_raw=2.015512839."
"163_169_20260727_134940","167","1","OK","2026-07-27T13:51:37","Корпус 2.2/POZD_WEB_K2-2_s6_et2_5.ai","Корпус 2.2","D:\AI\AITRASH\LIBRARY\02_CATALOG\02_PRESALE_Поздняково\01_ARTIFACTS\МКД2\Корпус 2.2\POZD_WEB_K2-2_s6_et2_5.ai","D:\AI\AITRASH\LIBRARY\02_CATALOG\02_PRESALE_Поздняково\01_ARTIFACTS\МКД2\Корпус 2.2\POZD_WEB_K2-2_s6_et2_5.png","156413","019615780ece1d237d9043415bd8ce3b0e0fd548a332baea4cb7faa6a8490c99","true","calculated","200","200","2.281472567","1","[67.893701,583.329226,527.981299,258.668789]","460.087598","324.660437","1626","10","[{""width_pt"":0.75,""count"":719},{""width_pt"":1,""count"":80}]","799","[{""width_pt"":0.75,""count"":799}]","[{""width_pt"":0.75,""count"":799}]","0","[140.412401,924.037423,1059.587599,275.962577]","919.175198","648.074846","600","600","[{""index"":0,""name"":""Монтажная область 1"",""rect"":[0,1200,1200,0],""width"":1200,""height"":1200}]","true","true","true","true","true","D:\AI\AITRASH\workspaces\project - Изменение масштаба для планировок квартир\09_outputs\_full_wip\20260727_full_mkd2\Корпус 2.2\х200_POZD_WEB_K2-2_s6_et2_5.ai","D:\AI\AITRASH\workspaces\project - Изменение масштаба для планировок квартир\09_outputs\_full_wip\20260727_full_mkd2\Корпус 2.2\х200_POZD_WEB_K2-2_s6_et2_5.png","D:\AI\AITRASH\workspaces\project - Изменение масштаба для планировок квартир\09_outputs\_diagnostics\full_20260727_full_mkd2\details\167_POZD_WEB_K2-2_s6_et2_5_attempt1.json","Pixel-native AI подтверждён после повторного открытия; обводки 0.75 px; s_raw=2.281472567."
"163_169_20260727_134940","169","1","OK","2026-07-27T13:52:03","Корпус 2.2/POZD_WEB_K2-2_s6_et3,5_1.ai","Корпус 2.2","D:\AI\AITRASH\LIBRARY\02_CATALOG\02_PRESALE_Поздняково\01_ARTIFACTS\МКД2\Корпус 2.2\POZD_WEB_K2-2_s6_et3,5_1.ai","D:\AI\AITRASH\LIBRARY\02_CATALOG\02_PRESALE_Поздняково\01_ARTIFACTS\МКД2\Корпус 2.2\POZD_WEB_K2-2_s6_et3,5_1.png","267441","f0f63916353faa3fc28311a0eb7771ec120c27743b6270e9cf25ce26bae743fe","true","calculated","120","120","1.175409647","1","[-19.233001,864.204729,616.358001,-21.204727]","635.591002","885.409456","4424","10","[{""width_pt"":0.75,""count"":1986},{""width_pt"":1,""count"":199}]","2185","[{""width_pt"":0.75,""count"":2185}]","[{""width_pt"":0.75,""count"":2185}]","0","[218.795399,1131.020673,981.204601,68.979327]","762.409202","1062.041346","600","600","[{""index"":0,""name"":""Монтажная область 1"",""rect"":[0,1200,1200,0],""width"":1200,""height"":1200}]","true","true","true","true","true","D:\AI\AITRASH\workspaces\project - Изменение масштаба для планировок квартир\09_outputs\_full_wip\20260727_full_mkd2\Корпус 2.2\х120_POZD_WEB_K2-2_s6_et3,5_1.ai","D:\AI\AITRASH\workspaces\project - Изменение масштаба для планировок квартир\09_outputs\_full_wip\20260727_full_mkd2\Корпус 2.2\х120_POZD_WEB_K2-2_s6_et3,5_1.png","D:\AI\AITRASH\workspaces\project - Изменение масштаба для планировок квартир\09_outputs\_diagnostics\full_20260727_full_mkd2\details\169_POZD_WEB_K2-2_s6_et3,5_1_attempt1.json","Pixel-native AI подтверждён после повторного открытия; обводки 0.75 px; s_raw=1.175409647."
"164_164_20260727_113402","164","1","OK","2026-07-27T11:34:05","Корпус 2.2/POZD_WEB_K2-2_s6_et2,6_3.ai","Корпус 2.2","D:\AI\AITRASH\LIBRARY\02_CATALOG\02_PRESALE_Поздняково\01_ARTIFACTS\МКД2\Корпус 2.2\POZD_WEB_K2-2_s6_et2,6_3.ai","D:\AI\AITRASH\LIBRARY\02_CATALOG\02_PRESALE_Поздняково\01_ARTIFACTS\МКД2\Корпус 2.2\POZD_WEB_K2-2_s6_et2,6_3.png","189069","42b915c5acd48314867204de0c9fed7f7c190be58043b6d3153723aa5c10c9ca","true","calculated","170","170","1.672221246","1","[44.866148,695.060039,552.133852,146.939961]","507.267704","548.120078","2334","11","[{""width_pt"":0.75,""count"":1031},{""width_pt"":1,""count"":127}]","1158","[{""width_pt"":0.75,""count"":1158}]","[{""width_pt"":0.75,""count"":1158}]","0","[169.297452,1065.639567,1030.702548,134.360433]","861.405096","931.279134","600","600","[{""index"":0,""name"":""Монтажная область 1"",""rect"":[0,1200,1200,0],""width"":1200,""height"":1200}]","true","true","true","regression_proven","true","D:\AI\AITRASH\workspaces\project - Изменение масштаба для планировок квартир\09_outputs\_full_wip\20260727_full_mkd2\Корпус 2.2\х170_POZD_WEB_K2-2_s6_et2,6_3.ai","D:\AI\AITRASH\workspaces\project - Изменение масштаба для планировок квартир\09_outputs\_full_wip\20260727_full_mkd2\Корпус 2.2\х170_POZD_WEB_K2-2_s6_et2,6_3.png","D:\AI\AITRASH\workspaces\project - Изменение масштаба для планировок квартир\09_outputs\_diagnostics\full_20260727_full_mkd2\details\164_POZD_WEB_K2-2_s6_et2,6_3_attempt1.json","Pixel-native AI подтверждён после повторного открытия; обводки 0.75 px; s_raw=1.672221246."
"164_164_20260727_162631","164","2","OK","2026-07-27T16:26:31","Корпус 2.2/POZD_WEB_K2-2_s6_et2,6_3.ai","Корпус 2.2","D:\AI\AITRASH\LIBRARY\02_CATALOG\02_PRESALE_Поздняково\01_ARTIFACTS\МКД2\Корпус 2.2\POZD_WEB_K2-2_s6_et2,6_3.ai","D:\AI\AITRASH\LIBRARY\02_CATALOG\02_PRESALE_Поздняково\01_ARTIFACTS\МКД2\Корпус 2.2\POZD_WEB_K2-2_s6_et2,6_3.png","189069","42b915c5acd48314867204de0c9fed7f7c190be58043b6d3153723aa5c10c9ca","true","calculated","170","170","1.672221246","1","[44.866148,695.060039,552.133852,146.939961]","507.267704","548.120078","2334","11","[{""width_pt"":0.75,""count"":1031},{""width_pt"":1,""count"":127}]","1158","[{""width_pt"":0.75,""count"":1158}]","[{""width_pt"":0.75,""count"":1158}]","0","[169.297452,1065.639567,1030.702548,134.360433]","861.405096","931.279134","600","600","[{""index"":0,""name"":""Монтажная область 1"",""rect"":[0,1200,1200,0],""width"":1200,""height"":1200}]","true","true","true","true","true","D:\AI\AITRASH\workspaces\project - Изменение масштаба для планировок квартир\09_outputs\_full_wip\20260727_full_mkd2\Корпус 2.2\х170_POZD_WEB_K2-2_s6_et2,6_3.ai","D:\AI\AITRASH\workspaces\project - Изменение масштаба для планировок квартир\09_outputs\_full_wip\20260727_full_mkd2\Корпус 2.2\х170_POZD_WEB_K2-2_s6_et2,6_3.png","D:\AI\AITRASH\workspaces\project - Изменение масштаба для планировок квартир\09_outputs\_diagnostics\full_20260727_full_mkd2\details\164_POZD_WEB_K2-2_s6_et2,6_3_attempt2.json","Pixel-native AI подтверждён после повторного открытия; обводки 0.75 px; s_raw=1.672221246."
"168_168_20260727_113220","168","1","OK","2026-07-27T11:32:23","Корпус 2.2/POZD_WEB_K2-2_s6_et2_6.ai","Корпус 2.2","D:\AI\AITRASH\LIBRARY\02_CATALOG\02_PRESALE_Поздняково\01_ARTIFACTS\МКД2\Корпус 2.2\POZD_WEB_K2-2_s6_et2_6.ai","D:\AI\AITRASH\LIBRARY\02_CATALOG\02_PRESALE_Поздняково\01_ARTIFACTS\МКД2\Корпус 2.2\POZD_WEB_K2-2_s6_et2_6.png","299297","79f3ae8395bb484e0b53c3e68a66493ff21e3962fad5975be31634c2b8497773","true","calculated","120","120","1.167890113","1","[-160.028543,700.362219,756.153543,142.637779]","916.182086","557.72444","4714","11","[{""width_pt"":0.75,""count"":2127},{""width_pt"":1,""count"":203}]","2330","[{""width_pt"":0.75,""count"":2330}]","[{""width_pt"":0.75,""count"":2330}]","0","[50.440748,934.409663,1149.559252,265.590336]","1099.118504","668.819327","600","600","[{""index"":0,""name"":""Монтажная область 1"",""rect"":[0,1200,1200,0],""width"":1200,""height"":1200}]","true","true","true","regression_proven","true","D:\AI\AITRASH\workspaces\project - Изменение масштаба для планировок квартир\09_outputs\_full_wip\20260727_full_mkd2\Корпус 2.2\х120_POZD_WEB_K2-2_s6_et2_6.ai","D:\AI\AITRASH\workspaces\project - Изменение масштаба для планировок квартир\09_outputs\_full_wip\20260727_full_mkd2\Корпус 2.2\х120_POZD_WEB_K2-2_s6_et2_6.png","D:\AI\AITRASH\workspaces\project - Изменение масштаба для планировок квартир\09_outputs\_diagnostics\full_20260727_full_mkd2\details\168_POZD_WEB_K2-2_s6_et2_6_attempt1.json","Pixel-native AI подтверждён после повторного открытия; обводки 0.75 px; s_raw=1.167890113."
"168_168_20260727_162709","168","2","OK","2026-07-27T16:27:09","Корпус 2.2/POZD_WEB_K2-2_s6_et2_6.ai","Корпус 2.2","D:\AI\AITRASH\LIBRARY\02_CATALOG\02_PRESALE_Поздняково\01_ARTIFACTS\МКД2\Корпус 2.2\POZD_WEB_K2-2_s6_et2_6.ai","D:\AI\AITRASH\LIBRARY\02_CATALOG\02_PRESALE_Поздняково\01_ARTIFACTS\МКД2\Корпус 2.2\POZD_WEB_K2-2_s6_et2_6.png","299297","79f3ae8395bb484e0b53c3e68a66493ff21e3962fad5975be31634c2b8497773","true","calculated","120","120","1.167890113","1","[-160.028543,700.362219,756.153543,142.637779]","916.182086","557.72444","4714","11","[{""width_pt"":0.75,""count"":2127},{""width_pt"":1,""count"":203}]","2330","[{""width_pt"":0.75,""count"":2330}]","[{""width_pt"":0.75,""count"":2330}]","0","[50.440748,934.409663,1149.559252,265.590336]","1099.118504","668.819327","600","600","[{""index"":0,""name"":""Монтажная область 1"",""rect"":[0,1200,1200,0],""width"":1200,""height"":1200}]","true","true","true","true","true","D:\AI\AITRASH\workspaces\project - Изменение масштаба для планировок квартир\09_outputs\_full_wip\20260727_full_mkd2\Корпус 2.2\х120_POZD_WEB_K2-2_s6_et2_6.ai","D:\AI\AITRASH\workspaces\project - Изменение масштаба для планировок квартир\09_outputs\_full_wip\20260727_full_mkd2\Корпус 2.2\х120_POZD_WEB_K2-2_s6_et2_6.png","D:\AI\AITRASH\workspaces\project - Изменение масштаба для планировок квартир\09_outputs\_diagnostics\full_20260727_full_mkd2\details\168_POZD_WEB_K2-2_s6_et2_6_attempt2.json","Pixel-native AI подтверждён после повторного открытия; обводки 0.75 px; s_raw=1.167890113."
"170_174_20260727_135321","170","1","OK","2026-07-27T13:53:21","Корпус 2.2/POZD_WEB_K2-2_s6_et3,5_2.ai","Корпус 2.2","D:\AI\AITRASH\LIBRARY\02_CATALOG\02_PRESALE_Поздняково\01_ARTIFACTS\МКД2\Корпус 2.2\POZD_WEB_K2-2_s6_et3,5_2.ai","D:\AI\AITRASH\LIBRARY\02_CATALOG\02_PRESALE_Поздняково\01_ARTIFACTS\МКД2\Корпус 2.2\POZD_WEB_K2-2_s6_et3,5_2.png","200071","a9a7a6faa5fe7f77a3a0877d15c55e904a359aedff61fb4c3c68cd0bfc48715d","true","calculated","170","170","1.622028889","1","[11.700796,707.72689,585.299204,192.527559]","573.598408","515.199331","2669","10","[{""width_pt"":0.75,""count"":1189},{""width_pt"":1,""count"":128}]","1317","[{""width_pt"":0.75,""count"":1317}]","[{""width_pt"":0.75,""count"":1317}]","0","[112.916353,1037.550681,1087.083647,162.449318]","974.167294","875.101363","600","600","[{""index"":0,""name"":""Монтажная область 1"",""rect"":[0,1200,1200,0],""width"":1200,""height"":1200}]","true","true","true","true","true","D:\AI\AITRASH\workspaces\project - Изменение масштаба для планировок квартир\09_outputs\_full_wip\20260727_full_mkd2\Корпус 2.2\х170_POZD_WEB_K2-2_s6_et3,5_2.ai","D:\AI\AITRASH\workspaces\project - Изменение масштаба для планировок квартир\09_outputs\_full_wip\20260727_full_mkd2\Корпус 2.2\х170_POZD_WEB_K2-2_s6_et3,5_2.png","D:\AI\AITRASH\workspaces\project - Изменение масштаба для планировок квартир\09_outputs\_diagnostics\full_20260727_full_mkd2\details\170_POZD_WEB_K2-2_s6_et3,5_2_attempt1.json","Pixel-native AI подтверждён после повторного открытия; обводки 0.75 px; s_raw=1.622028889."
"170_174_20260727_135321","171","1","OK","2026-07-27T13:53:56","Корпус 2.2/POZD_WEB_K2-2_s6_et3,5_3.ai","Корпус 2.2","D:\AI\AITRASH\LIBRARY\02_CATALOG\02_PRESALE_Поздняково\01_ARTIFACTS\МКД2\Корпус 2.2\POZD_WEB_K2-2_s6_et3,5_3.ai","D:\AI\AITRASH\LIBRARY\02_CATALOG\02_PRESALE_Поздняково\01_ARTIFACTS\МКД2\Корпус 2.2\POZD_WEB_K2-2_s6_et3,5_3.png","189070","7c3e90b74666602aca10db234219139d1470c3f8364a565342415770c9df3afa","true","calculated","170","170","1.7165398","1","[44.866126,681.028543,552.133874,160.846457]","507.267748","520.182086","2356","10","[{""width_pt"":0.75,""count"":1039},{""width_pt"":1,""count"":129}]","1168","[{""width_pt"":0.75,""count"":1168}]","[{""width_pt"":0.75,""count"":1168}]","0","[169.297414,1041.786024,1030.702586,158.213976]","861.405172","883.572048","600","600","[{""index"":0,""name"":""Монтажная область 1"",""rect"":[0,1200,1200,0],""width"":1200,""height"":1200}]","true","true","true","true","true","D:\AI\AITRASH\workspaces\project - Изменение масштаба для планировок квартир\09_outputs\_full_wip\20260727_full_mkd2\Корпус 2.2\х170_POZD_WEB_K2-2_s6_et3,5_3.ai","D:\AI\AITRASH\workspaces\project - Изменение масштаба для планировок квартир\09_outputs\_full_wip\20260727_full_mkd2\Корпус 2.2\х170_POZD_WEB_K2-2_s6_et3,5_3.png","D:\AI\AITRASH\workspaces\project - Изменение масштаба для планировок квартир\09_outputs\_diagnostics\full_20260727_full_mkd2\details\171_POZD_WEB_K2-2_s6_et3,5_3_attempt1.json","Pixel-native AI подтверждён после повторного открытия; обводки 0.75 px; s_raw=1.7165398."
"170_174_20260727_135321","172","1","OK","2026-07-27T13:54:27","Корпус 2.2/POZD_WEB_K2-2_s6_et3,5_4.ai","Корпус 2.2","D:\AI\AITRASH\LIBRARY\02_CATALOG\02_PRESALE_Поздняково\01_ARTIFACTS\МКД2\Корпус 2.2\POZD_WEB_K2-2_s6_et3,5_4.ai","D:\AI\AITRASH\LIBRARY\02_CATALOG\02_PRESALE_Поздняково\01_ARTIFACTS\МКД2\Корпус 2.2\POZD_WEB_K2-2_s6_et3,5_4.png","166395","4b17a19fb8468cb3d86b75d64643b4039da1fd86963df4286dd567332c6ef4af","true","calculated","200","200","2.075805257","1","[67.893701,617.090548,527.981299,224.909452]","460.087598","392.181096","1787","10","[{""width_pt"":0.75,""count"":789},{""width_pt"":1,""count"":96}]","885","[{""width_pt"":0.75,""count"":885}]","[{""width_pt"":0.75,""count"":885}]","0","[140.412401,991.556096,1059.587599,208.443904]","919.175198","783.112192","600","600","[{""index"":0,""name"":""Монтажная область 1"",""rect"":[0,1200,1200,0],""width"":1200,""height"":1200}]","true","true","true","true","true","D:\AI\AITRASH\workspaces\project - Изменение масштаба для планировок квартир\09_outputs\_full_wip\20260727_full_mkd2\Корпус 2.2\х200_POZD_WEB_K2-2_s6_et3,5_4.ai","D:\AI\AITRASH\workspaces\project - Изменение масштаба для планировок квартир\09_outputs\_full_wip\20260727_full_mkd2\Корпус 2.2\х200_POZD_WEB_K2-2_s6_et3,5_4.png","D:\AI\AITRASH\workspaces\project - Изменение масштаба для планировок квартир\09_outputs\_diagnostics\full_20260727_full_mkd2\details\172_POZD_WEB_K2-2_s6_et3,5_4_attempt1.json","Pixel-native AI подтверждён после повторного открытия; обводки 0.75 px; s_raw=2.075805257."
"170_174_20260727_135321","173","1","OK","2026-07-27T13:54:53","Корпус 2.2/POZD_WEB_K2-2_s6_et3,5_5.ai","Корпус 2.2","D:\AI\AITRASH\LIBRARY\02_CATALOG\02_PRESALE_Поздняково\01_ARTIFACTS\МКД2\Корпус 2.2\POZD_WEB_K2-2_s6_et3,5_5.ai","D:\AI\AITRASH\LIBRARY\02_CATALOG\02_PRESALE_Поздняково\01_ARTIFACTS\МКД2\Корпус 2.2\POZD_WEB_K2-2_s6_et3,5_5.png","154672","a28b6eb67f8907aa19db2e2b70dd4f9f101ad8987a774fc425a15b89972d3c5b","true","calculated","200","200","2.283269523","1","[67.893701,583.074808,527.981299,258.925192]","460.087598","324.149616","1612","10","[{""width_pt"":0.75,""count"":717},{""width_pt"":1,""count"":77}]","794","[{""width_pt"":0.75,""count"":794}]","[{""width_pt"":0.75,""count"":794}]","0","[140.412401,923.524616,1059.587599,276.475384]","919.175198","647.049232","600","600","[{""index"":0,""name"":""Монтажная область 1"",""rect"":[0,1200,1200,0],""width"":1200,""height"":1200}]","true","true","true","true","true","D:\AI\AITRASH\workspaces\project - Изменение масштаба для планировок квартир\09_outputs\_full_wip\20260727_full_mkd2\Корпус 2.2\х200_POZD_WEB_K2-2_s6_et3,5_5.ai","D:\AI\AITRASH\workspaces\project - Изменение масштаба для планировок квартир\09_outputs\_full_wip\20260727_full_mkd2\Корпус 2.2\х200_POZD_WEB_K2-2_s6_et3,5_5.png","D:\AI\AITRASH\workspaces\project - Изменение масштаба для планировок квартир\09_outputs\_diagnostics\full_20260727_full_mkd2\details\173_POZD_WEB_K2-2_s6_et3,5_5_attempt1.json","Pixel-native AI подтверждён после повторного открытия; обводки 0.75 px; s_raw=2.283269523."
"170_174_20260727_135321","174","1","OK","2026-07-27T13:55:19","Корпус 2.2/POZD_WEB_K2-2_s6_et3_6.ai","Корпус 2.2","D:\AI\AITRASH\LIBRARY\02_CATALOG\02_PRESALE_Поздняково\01_ARTIFACTS\МКД2\Корпус 2.2\POZD_WEB_K2-2_s6_et3_6.ai","D:\AI\AITRASH\LIBRARY\02_CATALOG\02_PRESALE_Поздняково\01_ARTIFACTS\МКД2\Корпус 2.2\POZD_WEB_K2-2_s6_et3_6.png","299219","bc5435a609e4aaff8f8c1f580fe7a826cdd125765f99a4d1139631dbfa244065","true","calculated","120","120","1.17151475","1","[-158.236221,700.362205,755.111221,142.637795]","913.347442","557.72441","4708","11","[{""width_pt"":0.75,""count"":2124},{""width_pt"":1,""count"":203}]","2327","[{""width_pt"":0.75,""count"":2327}]","[{""width_pt"":0.75,""count"":2327}]","0","[52.141535,934.409646,1147.858465,265.590354]","1095.71693","668.819292","600","600","[{""index"":0,""name"":""Монтажная область 1"",""rect"":[0,1200,1200,0],""width"":1200,""height"":1200}]","true","true","true","true","true","D:\AI\AITRASH\workspaces\project - Изменение масштаба для планировок квартир\09_outputs\_full_wip\20260727_full_mkd2\Корпус 2.2\х120_POZD_WEB_K2-2_s6_et3_6.ai","D:\AI\AITRASH\workspaces\project - Изменение масштаба для планировок квартир\09_outputs\_full_wip\20260727_full_mkd2\Корпус 2.2\х120_POZD_WEB_K2-2_s6_et3_6.png","D:\AI\AITRASH\workspaces\project - Изменение масштаба для планировок квартир\09_outputs\_diagnostics\full_20260727_full_mkd2\details\174_POZD_WEB_K2-2_s6_et3_6_attempt1.json","Pixel-native AI подтверждён после повторного открытия; обводки 0.75 px; s_raw=1.17151475."
"175_179_20260727_135641","175","1","OK","2026-07-27T13:56:41","Корпус 2.2/POZD_WEB_K2-2_s6_et4_1.ai","Корпус 2.2","D:\AI\AITRASH\LIBRARY\02_CATALOG\02_PRESALE_Поздняково\01_ARTIFACTS\МКД2\Корпус 2.2\POZD_WEB_K2-2_s6_et4_1.ai","D:\AI\AITRASH\LIBRARY\02_CATALOG\02_PRESALE_Поздняково\01_ARTIFACTS\МКД2\Корпус 2.2\POZD_WEB_K2-2_s6_et4_1.png","273994","bcaaa088105e83a902bc85bfa801b9485397bea8d1925b13d6195aa0efdd2ca0","true","calculated","120","120","1.156836233","1","[-20.082739,877.969488,616.207739,-35.094488]","636.290478","913.063976","4526","12","[{""width_pt"":0.75,""count"":2027},{""width_pt"":1,""count"":201}]","2228","[{""width_pt"":0.75,""count"":2228}]","[{""width_pt"":0.75,""count"":2228}]","0","[218.375714,1147.688386,981.624286,52.311614]","763.248572","1095.376772","600","600","[{""index"":0,""name"":""Монтажная область 1"",""rect"":[0,1200,1200,0],""width"":1200,""height"":1200}]","true","true","true","true","true","D:\AI\AITRASH\workspaces\project - Изменение масштаба для планировок квартир\09_outputs\_full_wip\20260727_full_mkd2\Корпус 2.2\х120_POZD_WEB_K2-2_s6_et4_1.ai","D:\AI\AITRASH\workspaces\project - Изменение масштаба для планировок квартир\09_outputs\_full_wip\20260727_full_mkd2\Корпус 2.2\х120_POZD_WEB_K2-2_s6_et4_1.png","D:\AI\AITRASH\workspaces\project - Изменение масштаба для планировок квартир\09_outputs\_diagnostics\full_20260727_full_mkd2\details\175_POZD_WEB_K2-2_s6_et4_1_attempt1.json","Pixel-native AI подтверждён после повторного открытия; обводки 0.75 px; s_raw=1.156836233."
"175_179_20260727_135641","176","1","OK","2026-07-27T13:57:44","Корпус 2.2/POZD_WEB_K2-2_s6_et4_2.ai","Корпус 2.2","D:\AI\AITRASH\LIBRARY\02_CATALOG\02_PRESALE_Поздняково\01_ARTIFACTS\МКД2\Корпус 2.2\POZD_WEB_K2-2_s6_et4_2.ai","D:\AI\AITRASH\LIBRARY\02_CATALOG\02_PRESALE_Поздняково\01_ARTIFACTS\МКД2\Корпус 2.2\POZD_WEB_K2-2_s6_et4_2.png","202287","2f4f6fe222a695a42ed87819f52b86332ed55740bf744d322aea536f8baf36b0","true","calculated","150","150","1.572564116","1","[11.700779,726.241142,585.299221,178.121063]","573.598442","548.120079","2646","11","[{""width_pt"":0.75,""count"":1180},{""width_pt"":1,""count"":128}]","1308","[{""width_pt"":0.75,""count"":1308}]","[{""width_pt"":0.75,""count"":1308}]","0","[170.176168,1010.902559,1029.823832,189.09744]","859.647664","821.805119","600","600","[{""index"":0,""name"":""Монтажная область 1"",""rect"":[0,1200,1200,0],""width"":1200,""height"":1200}]","true","true","true","true","true","D:\AI\AITRASH\workspaces\project - Изменение масштаба для планировок квартир\09_outputs\_full_wip\20260727_full_mkd2\Корпус 2.2\х150_POZD_WEB_K2-2_s6_et4_2.ai","D:\AI\AITRASH\workspaces\project - Изменение масштаба для планировок квартир\09_outputs\_full_wip\20260727_full_mkd2\Корпус 2.2\х150_POZD_WEB_K2-2_s6_et4_2.png","D:\AI\AITRASH\workspaces\project - Изменение масштаба для планировок квартир\09_outputs\_diagnostics\full_20260727_full_mkd2\details\176_POZD_WEB_K2-2_s6_et4_2_attempt1.json","Pixel-native AI подтверждён после повторного открытия; обводки 0.75 px; s_raw=1.572564116."
"175_179_20260727_135641","177","1","OK","2026-07-27T13:58:17","Корпус 2.2/POZD_WEB_K2-2_s6_et4_3.ai","Корпус 2.2","D:\AI\AITRASH\LIBRARY\02_CATALOG\02_PRESALE_Поздняково\01_ARTIFACTS\МКД2\Корпус 2.2\POZD_WEB_K2-2_s6_et4_3.ai","D:\AI\AITRASH\LIBRARY\02_CATALOG\02_PRESALE_Поздняково\01_ARTIFACTS\МКД2\Корпус 2.2\POZD_WEB_K2-2_s6_et4_3.png","189795","8bc3efe7c72b661101bb40d56a42a1a6d1a7fc410e14def8116c2448486ba30a","true","calculated","170","170","1.716539813","1","[44.86613,681.028543,552.13387,160.846457]","507.26774","520.182086","2356","10","[{""width_pt"":0.75,""count"":1038},{""width_pt"":1,""count"":131}]","1169","[{""width_pt"":0.75,""count"":1169}]","[{""width_pt"":0.75,""count"":1169}]","0","[169.297421,1041.786024,1030.702579,158.213976]","861.405158","883.572048","600","600","[{""index"":0,""name"":""Монтажная область 1"",""rect"":[0,1200,1200,0],""width"":1200,""height"":1200}]","true","true","true","true","true","D:\AI\AITRASH\workspaces\project - Изменение масштаба для планировок квартир\09_outputs\_full_wip\20260727_full_mkd2\Корпус 2.2\х170_POZD_WEB_K2-2_s6_et4_3.ai","D:\AI\AITRASH\workspaces\project - Изменение масштаба для планировок квартир\09_outputs\_full_wip\20260727_full_mkd2\Корпус 2.2\х170_POZD_WEB_K2-2_s6_et4_3.png","D:\AI\AITRASH\workspaces\project - Изменение масштаба для планировок квартир\09_outputs\_diagnostics\full_20260727_full_mkd2\details\177_POZD_WEB_K2-2_s6_et4_3_attempt1.json","Pixel-native AI подтверждён после повторного открытия; обводки 0.75 px; s_raw=1.716539813."
"175_179_20260727_135641","178","1","OK","2026-07-27T13:58:47","Корпус 2.2/POZD_WEB_K2-2_s6_et4_4.ai","Корпус 2.2","D:\AI\AITRASH\LIBRARY\02_CATALOG\02_PRESALE_Поздняково\01_ARTIFACTS\МКД2\Корпус 2.2\POZD_WEB_K2-2_s6_et4_4.ai","D:\AI\AITRASH\LIBRARY\02_CATALOG\02_PRESALE_Поздняково\01_ARTIFACTS\МКД2\Корпус 2.2\POZD_WEB_K2-2_s6_et4_4.png","166542","5a55508c0626a0357aa34c151dea35a4de7a7b0c7e19201ca6dee46be5fc4bac","true","calculated","200","200","2.07580522","1","[67.893701,617.090555,527.981299,224.909445]","460.087598","392.18111","1781","10","[{""width_pt"":0.75,""count"":786},{""width_pt"":1,""count"":96}]","882","[{""width_pt"":0.75,""count"":882}]","[{""width_pt"":0.75,""count"":882}]","0","[140.412401,991.55611,1059.587599,208.44389]","919.175198","783.11222","600","600","[{""index"":0,""name"":""Монтажная область 1"",""rect"":[0,1200,1200,0],""width"":1200,""height"":1200}]","true","true","true","true","true","D:\AI\AITRASH\workspaces\project - Изменение масштаба для планировок квартир\09_outputs\_full_wip\20260727_full_mkd2\Корпус 2.2\х200_POZD_WEB_K2-2_s6_et4_4.ai","D:\AI\AITRASH\workspaces\project - Изменение масштаба для планировок квартир\09_outputs\_full_wip\20260727_full_mkd2\Корпус 2.2\х200_POZD_WEB_K2-2_s6_et4_4.png","D:\AI\AITRASH\workspaces\project - Изменение масштаба для планировок квартир\09_outputs\_diagnostics\full_20260727_full_mkd2\details\178_POZD_WEB_K2-2_s6_et4_4_attempt1.json","Pixel-native AI подтверждён после повторного открытия; обводки 0.75 px; s_raw=2.07580522."
"175_179_20260727_135641","179","1","OK","2026-07-27T13:59:13","Корпус 2.2/POZD_WEB_K2-2_s6_et4_5.ai","Корпус 2.2","D:\AI\AITRASH\LIBRARY\02_CATALOG\02_PRESALE_Поздняково\01_ARTIFACTS\МКД2\Корпус 2.2\POZD_WEB_K2-2_s6_et4_5.ai","D:\AI\AITRASH\LIBRARY\02_CATALOG\02_PRESALE_Поздняково\01_ARTIFACTS\МКД2\Корпус 2.2\POZD_WEB_K2-2_s6_et4_5.png","156933","ce8b417ac5f0fd3e950e714eac773380417a85b4c8d49ef3e9d5e426d8d051db","true","calculated","200","200","2.192507979","1","[53.987205,583.074807,542.012795,258.925193]","488.02559","324.149614","1629","11","[{""width_pt"":0.75,""count"":724},{""width_pt"":1,""count"":77}]","801","[{""width_pt"":0.75,""count"":801}]","[{""width_pt"":0.75,""count"":801}]","0","[112.349409,923.524614,1087.650591,276.475386]","975.301182","647.049228","600","600","[{""index"":0,""name"":""Монтажная область 1"",""rect"":[0,1200,1200,0],""width"":1200,""height"":1200}]","true","true","true","true","true","D:\AI\AITRASH\workspaces\project - Изменение масштаба для планировок квартир\09_outputs\_full_wip\20260727_full_mkd2\Корпус 2.2\х200_POZD_WEB_K2-2_s6_et4_5.ai","D:\AI\AITRASH\workspaces\project - Изменение масштаба для планировок квартир\09_outputs\_full_wip\20260727_full_mkd2\Корпус 2.2\х200_POZD_WEB_K2-2_s6_et4_5.png","D:\AI\AITRASH\workspaces\project - Изменение масштаба для планировок квартир\09_outputs\_diagnostics\full_20260727_full_mkd2\details\179_POZD_WEB_K2-2_s6_et4_5_attempt1.json","Pixel-native AI подтверждён после повторного открытия; обводки 0.75 px; s_raw=2.192507979."
"180_184_20260727_140001","180","1","OK","2026-07-27T14:00:01","Корпус 2.2/POZD_WEB_K2-2_s6_et4_6.ai","Корпус 2.2","D:\AI\AITRASH\LIBRARY\02_CATALOG\02_PRESALE_Поздняково\01_ARTIFACTS\МКД2\Корпус 2.2\POZD_WEB_K2-2_s6_et4_6.ai","D:\AI\AITRASH\LIBRARY\02_CATALOG\02_PRESALE_Поздняково\01_ARTIFACTS\МКД2\Корпус 2.2\POZD_WEB_K2-2_s6_et4_6.png","297518","2de19a929fd005799be7f8a52190ed7580f49647a9c3f3652ea445d0c38f9c6f","true","calculated","120","120","1.204623827","1","[-146.122047,700.362202,742.122047,142.637798]","888.244094","557.724404","4673","10","[{""width_pt"":0.75,""count"":2109},{""width_pt"":1,""count"":203}]","2312","[{""width_pt"":0.75,""count"":2312}]","[{""width_pt"":0.75,""count"":2312}]","0","[67.278543,934.409643,1132.721457,265.590357]","1065.442914","668.819286","600","600","[{""index"":0,""name"":""Монтажная область 1"",""rect"":[0,1200,1200,0],""width"":1200,""height"":1200}]","true","true","true","true","true","D:\AI\AITRASH\workspaces\project - Изменение масштаба для планировок квартир\09_outputs\_full_wip\20260727_full_mkd2\Корпус 2.2\х120_POZD_WEB_K2-2_s6_et4_6.ai","D:\AI\AITRASH\workspaces\project - Изменение масштаба для планировок квартир\09_outputs\_full_wip\20260727_full_mkd2\Корпус 2.2\х120_POZD_WEB_K2-2_s6_et4_6.png","D:\AI\AITRASH\workspaces\project - Изменение масштаба для планировок квартир\09_outputs\_diagnostics\full_20260727_full_mkd2\details\180_POZD_WEB_K2-2_s6_et4_6_attempt1.json","Pixel-native AI подтверждён после повторного открытия; обводки 0.75 px; s_raw=1.204623827."
"180_184_20260727_140001","181","1","OK","2026-07-27T14:01:03","Корпус 2.2/POZD_WEB_K2-2_s6_et5_6.ai","Корпус 2.2","D:\AI\AITRASH\LIBRARY\02_CATALOG\02_PRESALE_Поздняково\01_ARTIFACTS\МКД2\Корпус 2.2\POZD_WEB_K2-2_s6_et5_6.ai","D:\AI\AITRASH\LIBRARY\02_CATALOG\02_PRESALE_Поздняково\01_ARTIFACTS\МКД2\Корпус 2.2\POZD_WEB_K2-2_s6_et5_6.png","296842","9c67d74b7ef4f606935da2d51d873accb7dc08050d4b6dc3529ffbee6e268cc8","true","calculated","120","120","1.204623827","1","[-146.122047,700.362216,742.122047,142.637783]","888.244094","557.724433","4682","10","[{""width_pt"":0.75,""count"":2113},{""width_pt"":1,""count"":203}]","2316","[{""width_pt"":0.75,""count"":2316}]","[{""width_pt"":0.75,""count"":2316}]","0","[67.278543,934.409659,1132.721457,265.59034]","1065.442914","668.819319","600","600","[{""index"":0,""name"":""Монтажная область 1"",""rect"":[0,1200,1200,0],""width"":1200,""height"":1200}]","true","true","true","true","true","D:\AI\AITRASH\workspaces\project - Изменение масштаба для планировок квартир\09_outputs\_full_wip\20260727_full_mkd2\Корпус 2.2\х120_POZD_WEB_K2-2_s6_et5_6.ai","D:\AI\AITRASH\workspaces\project - Изменение масштаба для планировок квартир\09_outputs\_full_wip\20260727_full_mkd2\Корпус 2.2\х120_POZD_WEB_K2-2_s6_et5_6.png","D:\AI\AITRASH\workspaces\project - Изменение масштаба для планировок квартир\09_outputs\_diagnostics\full_20260727_full_mkd2\details\181_POZD_WEB_K2-2_s6_et5_6_attempt1.json","Pixel-native AI подтверждён после повторного открытия; обводки 0.75 px; s_raw=1.204623827."
"180_184_20260727_140001","182","1","OK","2026-07-27T14:01:58","Корпус 2.2/POZD_WEB_K2-2_s6_et6_1.ai","Корпус 2.2","D:\AI\AITRASH\LIBRARY\02_CATALOG\02_PRESALE_Поздняково\01_ARTIFACTS\МКД2\Корпус 2.2\POZD_WEB_K2-2_s6_et6_1.ai","D:\AI\AITRASH\LIBRARY\02_CATALOG\02_PRESALE_Поздняково\01_ARTIFACTS\МКД2\Корпус 2.2\POZD_WEB_K2-2_s6_et6_1.png","272331","ea85c9d4e9f23665c3b3e7bb3c6fc9ccfb329d06ec60a045a3e5958a7c33df54","true","calculated","120","120","1.156553518","1","[-20.139509,878.236221,616.264509,-35.111221]","636.404018","913.347442","4491","11","[{""width_pt"":0.75,""count"":2016},{""width_pt"":1,""count"":197}]","2213","[{""width_pt"":0.75,""count"":2213}]","[{""width_pt"":0.75,""count"":2213}]","0","[218.30759,1147.858465,981.69241,52.141535]","763.38482","1095.71693","600","600","[{""index"":0,""name"":""Монтажная область 1"",""rect"":[0,1200,1200,0],""width"":1200,""height"":1200}]","true","true","true","true","true","D:\AI\AITRASH\workspaces\project - Изменение масштаба для планировок квартир\09_outputs\_full_wip\20260727_full_mkd2\Корпус 2.2\х120_POZD_WEB_K2-2_s6_et6_1.ai","D:\AI\AITRASH\workspaces\project - Изменение масштаба для планировок квартир\09_outputs\_full_wip\20260727_full_mkd2\Корпус 2.2\х120_POZD_WEB_K2-2_s6_et6_1.png","D:\AI\AITRASH\workspaces\project - Изменение масштаба для планировок квартир\09_outputs\_diagnostics\full_20260727_full_mkd2\details\182_POZD_WEB_K2-2_s6_et6_1_attempt1.json","Pixel-native AI подтверждён после повторного открытия; обводки 0.75 px; s_raw=1.156553518."
"180_184_20260727_140001","183","1","OK","2026-07-27T14:02:52","Корпус 2.2/POZD_WEB_K2-2_s6_et6_6.ai","Корпус 2.2","D:\AI\AITRASH\LIBRARY\02_CATALOG\02_PRESALE_Поздняково\01_ARTIFACTS\МКД2\Корпус 2.2\POZD_WEB_K2-2_s6_et6_6.ai","D:\AI\AITRASH\LIBRARY\02_CATALOG\02_PRESALE_Поздняково\01_ARTIFACTS\МКД2\Корпус 2.2\POZD_WEB_K2-2_s6_et6_6.png","312044","4d15241106e056f78f45310d8fb68f2781703dee8890b21041abe056f31150c5","true","calculated","110","110","1.136743395","1","[-172.142717,700.3622,769.142717,142.6378]","941.285434","557.7244","4767","16","[{""width_pt"":0.75,""count"":2154},{""width_pt"":1,""count"":198}]","2352","[{""width_pt"":0.75,""count"":2352}]","[{""width_pt"":0.75,""count"":2352}]","0","[82.330512,906.57342,1117.669488,293.42658]","1035.338976","613.14684","600","600","[{""index"":0,""name"":""Монтажная область 1"",""rect"":[0,1200,1200,0],""width"":1200,""height"":1200}]","true","true","true","true","true","D:\AI\AITRASH\workspaces\project - Изменение масштаба для планировок квартир\09_outputs\_full_wip\20260727_full_mkd2\Корпус 2.2\х110_POZD_WEB_K2-2_s6_et6_6.ai","D:\AI\AITRASH\workspaces\project - Изменение масштаба для планировок квартир\09_outputs\_full_wip\20260727_full_mkd2\Корпус 2.2\х110_POZD_WEB_K2-2_s6_et6_6.png","D:\AI\AITRASH\workspaces\project - Изменение масштаба для планировок квартир\09_outputs\_diagnostics\full_20260727_full_mkd2\details\183_POZD_WEB_K2-2_s6_et6_6_attempt1.json","Pixel-native AI подтверждён после повторного открытия; обводки 0.75 px; s_raw=1.136743395."
"180_184_20260727_140001","184","1","OK","2026-07-27T14:03:59","Корпус 2.2/POZD_WEB_K2-2_s7_et1,4_1.ai","Корпус 2.2","D:\AI\AITRASH\LIBRARY\02_CATALOG\02_PRESALE_Поздняково\01_ARTIFACTS\МКД2\Корпус 2.2\POZD_WEB_K2-2_s7_et1,4_1.ai","D:\AI\AITRASH\LIBRARY\02_CATALOG\02_PRESALE_Поздняково\01_ARTIFACTS\МКД2\Корпус 2.2\POZD_WEB_K2-2_s7_et1,4_1.png","172508","4ff974bbae78d3673e99589358ef4fd3d97fc729d3924d586916da99629af7b8","true","calculated","170","170","1.829358984","1","[31.54331,639.133858,565.45669,203.991142]","533.91338","435.142716","1883","10","[{""width_pt"":0.75,""count"":828},{""width_pt"":1,""count"":103}]","931","[{""width_pt"":0.75,""count"":931}]","[{""width_pt"":0.75,""count"":931}]","0","[146.648628,969.502559,1053.351372,230.497441]","906.702744","739.005118","600","600","[{""index"":0,""name"":""Монтажная область 1"",""rect"":[0,1200,1200,0],""width"":1200,""height"":1200}]","true","true","true","true","true","D:\AI\AITRASH\workspaces\project - Изменение масштаба для планировок квартир\09_outputs\_full_wip\20260727_full_mkd2\Корпус 2.2\х170_POZD_WEB_K2-2_s7_et1,4_1.ai","D:\AI\AITRASH\workspaces\project - Изменение масштаба для планировок квартир\09_outputs\_full_wip\20260727_full_mkd2\Корпус 2.2\х170_POZD_WEB_K2-2_s7_et1,4_1.png","D:\AI\AITRASH\workspaces\project - Изменение масштаба для планировок квартир\09_outputs\_diagnostics\full_20260727_full_mkd2\details\184_POZD_WEB_K2-2_s7_et1,4_1_attempt1.json","Pixel-native AI подтверждён после повторного открытия; обводки 0.75 px; s_raw=1.829358984."
"185_189_20260727_140457","185","1","OK","2026-07-27T14:04:57","Корпус 2.2/POZD_WEB_K2-2_s7_et1_2.ai","Корпус 2.2","D:\AI\AITRASH\LIBRARY\02_CATALOG\02_PRESALE_Поздняково\01_ARTIFACTS\МКД2\Корпус 2.2\POZD_WEB_K2-2_s7_et1_2.ai","D:\AI\AITRASH\LIBRARY\02_CATALOG\02_PRESALE_Поздняково\01_ARTIFACTS\МКД2\Корпус 2.2\POZD_WEB_K2-2_s7_et1_2.png","187892","632d0cc942da8d054f8bbbf026ab48395ca0b4d63d0f72152d61ed06a62d1771","true","calculated","150","150","1.550716435","1","[43.732283,738.271624,553.267717,103.728376]","509.535434","634.543248","2321","10","[{""width_pt"":0.75,""count"":1029},{""width_pt"":1,""count"":120}]","1149","[{""width_pt"":0.75,""count"":1149}]","[{""width_pt"":0.75,""count"":1149}]","0","[218.223425,1075.532437,981.776575,124.467563]","763.55315","951.064874","600","600","[{""index"":0,""name"":""Монтажная область 1"",""rect"":[0,1200,1200,0],""width"":1200,""height"":1200}]","true","true","true","true","true","D:\AI\AITRASH\workspaces\project - Изменение масштаба для планировок квартир\09_outputs\_full_wip\20260727_full_mkd2\Корпус 2.2\х150_POZD_WEB_K2-2_s7_et1_2.ai","D:\AI\AITRASH\workspaces\project - Изменение масштаба для планировок квартир\09_outputs\_full_wip\20260727_full_mkd2\Корпус 2.2\х150_POZD_WEB_K2-2_s7_et1_2.png","D:\AI\AITRASH\workspaces\project - Изменение масштаба для планировок квартир\09_outputs\_diagnostics\full_20260727_full_mkd2\details\185_POZD_WEB_K2-2_s7_et1_2_attempt1.json","Pixel-native AI подтверждён после повторного открытия; обводки 0.75 px; s_raw=1.550716435."
"185_189_20260727_140457","186","1","OK","2026-07-27T14:05:29","Корпус 2.2/POZD_WEB_K2-2_s7_et1_3.ai","Корпус 2.2","D:\AI\AITRASH\LIBRARY\02_CATALOG\02_PRESALE_Поздняково\01_ARTIFACTS\МКД2\Корпус 2.2\POZD_WEB_K2-2_s7_et1_3.ai","D:\AI\AITRASH\LIBRARY\02_CATALOG\02_PRESALE_Поздняково\01_ARTIFACTS\МКД2\Корпус 2.2\POZD_WEB_K2-2_s7_et1_3.png","173807","f6c3c738077b31400c56a43b93ab07e5c9946b390e6a844fac01d7b2b8fe40d9","true","calculated","200","200","1.901760873","1","[58.539372,645.437008,537.460628,196.562989]","478.921256","448.874019","1841","11","[{""width_pt"":0.75,""count"":809},{""width_pt"":1,""count"":102}]","911","[{""width_pt"":0.75,""count"":911}]","[{""width_pt"":0.75,""count"":911}]","0","[121.703745,1048.249017,1078.296255,151.750983]","956.59251","896.498034","600","600","[{""index"":0,""name"":""Монтажная область 1"",""rect"":[0,1200,1200,0],""width"":1200,""height"":1200}]","true","true","true","true","true","D:\AI\AITRASH\workspaces\project - Изменение масштаба для планировок квартир\09_outputs\_full_wip\20260727_full_mkd2\Корпус 2.2\х200_POZD_WEB_K2-2_s7_et1_3.ai","D:\AI\AITRASH\workspaces\project - Изменение масштаба для планировок квартир\09_outputs\_full_wip\20260727_full_mkd2\Корпус 2.2\х200_POZD_WEB_K2-2_s7_et1_3.png","D:\AI\AITRASH\workspaces\project - Изменение масштаба для планировок квартир\09_outputs\_diagnostics\full_20260727_full_mkd2\details\186_POZD_WEB_K2-2_s7_et1_3_attempt1.json","Pixel-native AI подтверждён после повторного открытия; обводки 0.75 px; s_raw=1.901760873."
"185_189_20260727_140457","187","1","OK","2026-07-27T14:05:57","Корпус 2.2/POZD_WEB_K2-2_s7_et1_4.ai","Корпус 2.2","D:\AI\AITRASH\LIBRARY\02_CATALOG\02_PRESALE_Поздняково\01_ARTIFACTS\МКД2\Корпус 2.2\POZD_WEB_K2-2_s7_et1_4.ai","D:\AI\AITRASH\LIBRARY\02_CATALOG\02_PRESALE_Поздняково\01_ARTIFACTS\МКД2\Корпус 2.2\POZD_WEB_K2-2_s7_et1_4.png","173994","4e19d057f0ee671b582c0dc7b8afbcd9b92def432e6c956ffc7f7c32b22ad139","true","calculated","200","200","1.884394766","1","[72.645666,663.95374,524.070864,178.92126]","451.425198","485.03248","1771","11","[{""width_pt"":0.75,""count"":775},{""width_pt"":1,""count"":99}]","874","[{""width_pt"":0.75,""count"":874}]","[{""width_pt"":0.75,""count"":874}]","0","[149.103833,1084.53248,1050.896167,115.46752]","901.792334","969.06496","600","600","[{""index"":0,""name"":""Монтажная область 1"",""rect"":[0,1200,1200,0],""width"":1200,""height"":1200}]","true","true","true","true","true","D:\AI\AITRASH\workspaces\project - Изменение масштаба для планировок квартир\09_outputs\_full_wip\20260727_full_mkd2\Корпус 2.2\х200_POZD_WEB_K2-2_s7_et1_4.ai","D:\AI\AITRASH\workspaces\project - Изменение масштаба для планировок квартир\09_outputs\_full_wip\20260727_full_mkd2\Корпус 2.2\х200_POZD_WEB_K2-2_s7_et1_4.png","D:\AI\AITRASH\workspaces\project - Изменение масштаба для планировок квартир\09_outputs\_diagnostics\full_20260727_full_mkd2\details\187_POZD_WEB_K2-2_s7_et1_4_attempt1.json","Pixel-native AI подтверждён после повторного открытия; обводки 0.75 px; s_raw=1.884394766."
"185_189_20260727_140457","188","1","OK","2026-07-27T14:06:26","Корпус 2.2/POZD_WEB_K2-2_s7_et1_5.ai","Корпус 2.2","D:\AI\AITRASH\LIBRARY\02_CATALOG\02_PRESALE_Поздняково\01_ARTIFACTS\МКД2\Корпус 2.2\POZD_WEB_K2-2_s7_et1_5.ai","D:\AI\AITRASH\LIBRARY\02_CATALOG\02_PRESALE_Поздняково\01_ARTIFACTS\МКД2\Корпус 2.2\POZD_WEB_K2-2_s7_et1_5.png","207501","a63efdd041f75dec228e619b47018925f68fe2b2dd9b48caf3f27f5cdfaf3271","true","calculated","170","170","1.607058635","1","[11.700794,683.42126,585.299206,158.57874]","573.598412","524.84252","2636","11","[{""width_pt"":0.75,""count"":1171},{""width_pt"":1,""count"":133}]","1304","[{""width_pt"":0.75,""count"":1304}]","[{""width_pt"":0.75,""count"":1304}]","0","[112.91635,1045.641142,1087.08365,154.358858]","974.1673","891.282284","600","600","[{""index"":0,""name"":""Монтажная область 1"",""rect"":[0,1200,1200,0],""width"":1200,""height"":1200}]","true","true","true","true","true","D:\AI\AITRASH\workspaces\project - Изменение масштаба для планировок квартир\09_outputs\_full_wip\20260727_full_mkd2\Корпус 2.2\х170_POZD_WEB_K2-2_s7_et1_5.ai","D:\AI\AITRASH\workspaces\project - Изменение масштаба для планировок квартир\09_outputs\_full_wip\20260727_full_mkd2\Корпус 2.2\х170_POZD_WEB_K2-2_s7_et1_5.png","D:\AI\AITRASH\workspaces\project - Изменение масштаба для планировок квартир\09_outputs\_diagnostics\full_20260727_full_mkd2\details\188_POZD_WEB_K2-2_s7_et1_5_attempt1.json","Pixel-native AI подтверждён после повторного открытия; обводки 0.75 px; s_raw=1.607058635."
"185_189_20260727_140457","189","1","OK","2026-07-27T14:07:01","Корпус 2.2/POZD_WEB_K2-2_s7_et2,5_2.ai","Корпус 2.2","D:\AI\AITRASH\LIBRARY\02_CATALOG\02_PRESALE_Поздняково\01_ARTIFACTS\МКД2\Корпус 2.2\POZD_WEB_K2-2_s7_et2,5_2.ai","D:\AI\AITRASH\LIBRARY\02_CATALOG\02_PRESALE_Поздняково\01_ARTIFACTS\МКД2\Корпус 2.2\POZD_WEB_K2-2_s7_et2,5_2.png","171082","037a572577ca3de1c74bb49c4ee2ec94d0a88f8e45b2b4a49dc6884c54353e86","true","calculated","170","170","1.843744622","1","[43.732283,645.437012,553.267717,196.562988]","509.535434","448.874024","1891","10","[{""width_pt"":0.75,""count"":828},{""width_pt"":1,""count"":105}]","933","[{""width_pt"":0.75,""count"":933}]","[{""width_pt"":0.75,""count"":933}]","0","[167.369882,981.067921,1032.630118,218.932079]","865.260236","762.135842","600","600","[{""index"":0,""name"":""Монтажная область 1"",""rect"":[0,1200,1200,0],""width"":1200,""height"":1200}]","true","true","true","true","true","D:\AI\AITRASH\workspaces\project - Изменение масштаба для планировок квартир\09_outputs\_full_wip\20260727_full_mkd2\Корпус 2.2\х170_POZD_WEB_K2-2_s7_et2,5_2.ai","D:\AI\AITRASH\workspaces\project - Изменение масштаба для планировок квартир\09_outputs\_full_wip\20260727_full_mkd2\Корпус 2.2\х170_POZD_WEB_K2-2_s7_et2,5_2.png","D:\AI\AITRASH\workspaces\project - Изменение масштаба для планировок квартир\09_outputs\_diagnostics\full_20260727_full_mkd2\details\189_POZD_WEB_K2-2_s7_et2,5_2_attempt1.json","Pixel-native AI подтверждён после повторного открытия; обводки 0.75 px; s_raw=1.843744622."
"190_194_20260727_140746","190","1","OK","2026-07-27T14:07:47","Корпус 2.2/POZD_WEB_K2-2_s7_et2,6_4.ai","Корпус 2.2","D:\AI\AITRASH\LIBRARY\02_CATALOG\02_PRESALE_Поздняково\01_ARTIFACTS\МКД2\Корпус 2.2\POZD_WEB_K2-2_s7_et2,6_4.ai","D:\AI\AITRASH\LIBRARY\02_CATALOG\02_PRESALE_Поздняково\01_ARTIFACTS\МКД2\Корпус 2.2\POZD_WEB_K2-2_s7_et2,6_4.png","205748","9423fab096b2080668819be8c279ee172c72f492b414ba6f4b61191dc5285f64","true","calculated","170","170","1.625548931","1","[11.700796,677.985236,585.299204,165.014764]","573.598408","512.970472","2515","11","[{""width_pt"":0.75,""count"":1118},{""width_pt"":1,""count"":122}]","1240","[{""width_pt"":0.75,""count"":1240}]","[{""width_pt"":0.75,""count"":1240}]","0","[112.916353,1035.762402,1087.083647,164.237598]","974.167294","871.524804","600","600","[{""index"":0,""name"":""Монтажная область 1"",""rect"":[0,1200,1200,0],""width"":1200,""height"":1200}]","true","true","true","true","true","D:\AI\AITRASH\workspaces\project - Изменение масштаба для планировок квартир\09_outputs\_full_wip\20260727_full_mkd2\Корпус 2.2\х170_POZD_WEB_K2-2_s7_et2,6_4.ai","D:\AI\AITRASH\workspaces\project - Изменение масштаба для планировок квартир\09_outputs\_full_wip\20260727_full_mkd2\Корпус 2.2\х170_POZD_WEB_K2-2_s7_et2,6_4.png","D:\AI\AITRASH\workspaces\project - Изменение масштаба для планировок квартир\09_outputs\_diagnostics\full_20260727_full_mkd2\details\190_POZD_WEB_K2-2_s7_et2,6_4_attempt1.json","Pixel-native AI подтверждён после повторного открытия; обводки 0.75 px; s_raw=1.625548931."
"190_194_20260727_140746","191","1","OK","2026-07-27T14:08:23","Корпус 2.2/POZD_WEB_K2-2_s7_et2_1.ai","Корпус 2.2","D:\AI\AITRASH\LIBRARY\02_CATALOG\02_PRESALE_Поздняково\01_ARTIFACTS\МКД2\Корпус 2.2\POZD_WEB_K2-2_s7_et2_1.ai","D:\AI\AITRASH\LIBRARY\02_CATALOG\02_PRESALE_Поздняково\01_ARTIFACTS\МКД2\Корпус 2.2\POZD_WEB_K2-2_s7_et2_1.png","172290","80bcf11328c39ad80c3a9f03cd1779723a57bf86ff49471de438507fd05b59f2","true","calculated","170","170","1.773732611","1","[31.668307,653.040354,565.331693,189.959646]","533.663386","463.080708","1910","11","[{""width_pt"":0.75,""count"":841}]","841","[{""width_pt"":0.75,""count"":841}]","[{""width_pt"":0.75,""count"":841}]","0","[146.648622,993.356102,1053.351378,206.643898]","906.702756","786.712204","600","600","[{""index"":0,""name"":""Монтажная область 1"",""rect"":[0,1200,1200,0],""width"":1200,""height"":1200}]","true","true","true","true","true","D:\AI\AITRASH\workspaces\project - Изменение масштаба для планировок квартир\09_outputs\_full_wip\20260727_full_mkd2\Корпус 2.2\х170_POZD_WEB_K2-2_s7_et2_1.ai","D:\AI\AITRASH\workspaces\project - Изменение масштаба для планировок квартир\09_outputs\_full_wip\20260727_full_mkd2\Корпус 2.2\х170_POZD_WEB_K2-2_s7_et2_1.png","D:\AI\AITRASH\workspaces\project - Изменение масштаба для планировок квартир\09_outputs\_diagnostics\full_20260727_full_mkd2\details\191_POZD_WEB_K2-2_s7_et2_1_attempt1.json","Pixel-native AI подтверждён после повторного открытия; обводки 0.75 px; s_raw=1.773732611."
"190_194_20260727_140746","192","1","OK","2026-07-27T14:08:52","Корпус 2.2/POZD_WEB_K2-2_s7_et2_3.ai","Корпус 2.2","D:\AI\AITRASH\LIBRARY\02_CATALOG\02_PRESALE_Поздняково\01_ARTIFACTS\МКД2\Корпус 2.2\POZD_WEB_K2-2_s7_et2_3.ai","D:\AI\AITRASH\LIBRARY\02_CATALOG\02_PRESALE_Поздняково\01_ARTIFACTS\МКД2\Корпус 2.2\POZD_WEB_K2-2_s7_et2_3.png","197486","c1d2fb47593ccf8b1274ef1c8fdad1a431a712aeb3d0e6a51f837b2eeb60866d","true","calculated","170","170","1.843600085","1","[43.7016,645.445836,553.2984,196.555489]","509.5968","448.890347","2380","9","[{""width_pt"":0.75,""count"":1052},{""width_pt"":1,""count"":130}]","1182","[{""width_pt"":0.75,""count"":1182}]","[{""width_pt"":0.75,""count"":1182}]","0","[167.31772,981.081165,1032.68228,218.918835]","865.36456","762.16233","600","600","[{""index"":0,""name"":""Монтажная область 1"",""rect"":[0,1200,1200,0],""width"":1200,""height"":1200}]","true","true","true","true","true","D:\AI\AITRASH\workspaces\project - Изменение масштаба для планировок квартир\09_outputs\_full_wip\20260727_full_mkd2\Корпус 2.2\х170_POZD_WEB_K2-2_s7_et2_3.ai","D:\AI\AITRASH\workspaces\project - Изменение масштаба для планировок квартир\09_outputs\_full_wip\20260727_full_mkd2\Корпус 2.2\х170_POZD_WEB_K2-2_s7_et2_3.png","D:\AI\AITRASH\workspaces\project - Изменение масштаба для планировок квартир\09_outputs\_diagnostics\full_20260727_full_mkd2\details\192_POZD_WEB_K2-2_s7_et2_3_attempt1.json","Pixel-native AI подтверждён после повторного открытия; обводки 0.75 px; s_raw=1.843600085."
"190_194_20260727_140746","193","1","OK","2026-07-27T14:09:23","Корпус 2.2/POZD_WEB_K2-2_s7_et2_5.ai","Корпус 2.2","D:\AI\AITRASH\LIBRARY\02_CATALOG\02_PRESALE_Поздняково\01_ARTIFACTS\МКД2\Корпус 2.2\POZD_WEB_K2-2_s7_et2_5.ai","D:\AI\AITRASH\LIBRARY\02_CATALOG\02_PRESALE_Поздняково\01_ARTIFACTS\МКД2\Корпус 2.2\POZD_WEB_K2-2_s7_et2_5.png","209521","2422023ac83a062e4bace1469969211b87830a5d2278b31926f808d69e52a967","true","calculated","170","170","1.625010122","1","[11.700788,678.155344,585.299212,164.844656]","573.598424","513.310688","2680","13","[{""width_pt"":0.75,""count"":1193},{""width_pt"":1,""count"":130}]","1323","[{""width_pt"":0.75,""count"":1323}]","[{""width_pt"":0.75,""count"":1323}]","0","[112.916339,1036.051584,1087.083661,163.948416]","974.167322","872.103168","600","600","[{""index"":0,""name"":""Монтажная область 1"",""rect"":[0,1200,1200,0],""width"":1200,""height"":1200}]","true","true","true","true","true","D:\AI\AITRASH\workspaces\project - Изменение масштаба для планировок квартир\09_outputs\_full_wip\20260727_full_mkd2\Корпус 2.2\х170_POZD_WEB_K2-2_s7_et2_5.ai","D:\AI\AITRASH\workspaces\project - Изменение масштаба для планировок квартир\09_outputs\_full_wip\20260727_full_mkd2\Корпус 2.2\х170_POZD_WEB_K2-2_s7_et2_5.png","D:\AI\AITRASH\workspaces\project - Изменение масштаба для планировок квартир\09_outputs\_diagnostics\full_20260727_full_mkd2\details\193_POZD_WEB_K2-2_s7_et2_5_attempt1.json","Pixel-native AI подтверждён после повторного открытия; обводки 0.75 px; s_raw=1.625010122."
"190_194_20260727_140746","194","1","OK","2026-07-27T14:10:02","Корпус 2.2/POZD_WEB_K2-2_s7_et2_6.ai","Корпус 2.2","D:\AI\AITRASH\LIBRARY\02_CATALOG\02_PRESALE_Поздняково\01_ARTIFACTS\МКД2\Корпус 2.2\POZD_WEB_K2-2_s7_et2_6.ai","D:\AI\AITRASH\LIBRARY\02_CATALOG\02_PRESALE_Поздняково\01_ARTIFACTS\МКД2\Корпус 2.2\POZD_WEB_K2-2_s7_et2_6.png","223409","b6feffcd38cf492f583be2c4a24321117fd69e03b66df0c6af37eb924ed7bc70","true","calculated","110","110","1.142786259","1","[11.700796,889.091536,585.299204,-47.216537]","573.598408","936.308073","3328","11","[{""width_pt"":0.75,""count"":1483},{""width_pt"":1,""count"":162}]","1645","[{""width_pt"":0.75,""count"":1645}]","[{""width_pt"":0.75,""count"":1645}]","0","[284.695875,1114.863189,915.304125,85.13681]","630.60825","1029.726379","600","600","[{""index"":0,""name"":""Монтажная область 1"",""rect"":[0,1200,1200,0],""width"":1200,""height"":1200}]","true","true","true","true","true","D:\AI\AITRASH\workspaces\project - Изменение масштаба для планировок квартир\09_outputs\_full_wip\20260727_full_mkd2\Корпус 2.2\х110_POZD_WEB_K2-2_s7_et2_6.ai","D:\AI\AITRASH\workspaces\project - Изменение масштаба для планировок квартир\09_outputs\_full_wip\20260727_full_mkd2\Корпус 2.2\х110_POZD_WEB_K2-2_s7_et2_6.png","D:\AI\AITRASH\workspaces\project - Изменение масштаба для планировок квартир\09_outputs\_diagnostics\full_20260727_full_mkd2\details\194_POZD_WEB_K2-2_s7_et2_6_attempt1.json","Pixel-native AI подтверждён после повторного открытия; обводки 0.75 px; s_raw=1.142786259."
"195_214_20260727_141747","195","1","OK","2026-07-27T14:17:47","Корпус 2.2/POZD_WEB_K2-2_s7_et3,5_1.ai","Корпус 2.2","D:\AI\AITRASH\LIBRARY\02_CATALOG\02_PRESALE_Поздняково\01_ARTIFACTS\МКД2\Корпус 2.2\POZD_WEB_K2-2_s7_et3,5_1.ai","D:\AI\AITRASH\LIBRARY\02_CATALOG\02_PRESALE_Поздняково\01_ARTIFACTS\МКД2\Корпус 2.2\POZD_WEB_K2-2_s7_et3,5_1.png","171786","efbe229ddf142114d762689a194caddb92ddcb13425b427303e2d6da529f0ff2","true","calculated","170","170","1.829359018","1","[31.54332,639.133858,565.45668,203.991142]","533.91336","435.142716","1895","10","[{""width_pt"":0.75,""count"":834},{""width_pt"":1,""count"":103}]","937","[{""width_pt"":0.75,""count"":937}]","[{""width_pt"":0.75,""count"":937}]","0","[146.648644,969.502559,1053.351356,230.497441]","906.702712","739.005118","600","600","[{""index"":0,""name"":""Монтажная область 1"",""rect"":[0,1200,1200,0],""width"":1200,""height"":1200}]","true","true","true","true","true","D:\AI\AITRASH\workspaces\project - Изменение масштаба для планировок квартир\09_outputs\_full_wip\20260727_full_mkd2\Корпус 2.2\х170_POZD_WEB_K2-2_s7_et3,5_1.ai","D:\AI\AITRASH\workspaces\project - Изменение масштаба для планировок квартир\09_outputs\_full_wip\20260727_full_mkd2\Корпус 2.2\х170_POZD_WEB_K2-2_s7_et3,5_1.png","D:\AI\AITRASH\workspaces\project - Изменение масштаба для планировок квартир\09_outputs\_diagnostics\full_20260727_full_mkd2\details\195_POZD_WEB_K2-2_s7_et3,5_1_attempt1.json","Pixel-native AI подтверждён после повторного открытия; обводки 0.75 px; s_raw=1.829359018."
"195_214_20260727_141747","196","1","OK","2026-07-27T14:18:15","Корпус 2.2/POZD_WEB_K2-2_s7_et3,5_3.ai","Корпус 2.2","D:\AI\AITRASH\LIBRARY\02_CATALOG\02_PRESALE_Поздняково\01_ARTIFACTS\МКД2\Корпус 2.2\POZD_WEB_K2-2_s7_et3,5_3.ai","D:\AI\AITRASH\LIBRARY\02_CATALOG\02_PRESALE_Поздняково\01_ARTIFACTS\МКД2\Корпус 2.2\POZD_WEB_K2-2_s7_et3,5_3.png","200068","0c9adb6270c8f0f6f3fd4dcd425493218ea4a0e747a4552f467d0f15ce48079e","true","calculated","170","170","1.843600085","1","[43.7016,645.445836,553.2984,196.555489]","509.5968","448.890347","2436","10","[{""width_pt"":0.75,""count"":1069},{""width_pt"":1,""count"":134}]","1203","[{""width_pt"":0.75,""count"":1203}]","[{""width_pt"":0.75,""count"":1203}]","0","[167.31772,981.081165,1032.68228,218.918835]","865.36456","762.16233","600","600","[{""index"":0,""name"":""Монтажная область 1"",""rect"":[0,1200,1200,0],""width"":1200,""height"":1200}]","true","true","true","true","true","D:\AI\AITRASH\workspaces\project - Изменение масштаба для планировок квартир\09_outputs\_full_wip\20260727_full_mkd2\Корпус 2.2\х170_POZD_WEB_K2-2_s7_et3,5_3.ai","D:\AI\AITRASH\workspaces\project - Изменение масштаба для планировок квартир\09_outputs\_full_wip\20260727_full_mkd2\Корпус 2.2\х170_POZD_WEB_K2-2_s7_et3,5_3.png","D:\AI\AITRASH\workspaces\project - Изменение масштаба для планировок квартир\09_outputs\_diagnostics\full_20260727_full_mkd2\details\196_POZD_WEB_K2-2_s7_et3,5_3_attempt1.json","Pixel-native AI подтверждён после повторного открытия; обводки 0.75 px; s_raw=1.843600085."
"195_214_20260727_141747","197","1","OK","2026-07-27T14:18:48","Корпус 2.2/POZD_WEB_K2-2_s7_et3,5_4.ai","Корпус 2.2","D:\AI\AITRASH\LIBRARY\02_CATALOG\02_PRESALE_Поздняково\01_ARTIFACTS\МКД2\Корпус 2.2\POZD_WEB_K2-2_s7_et3,5_4.ai","D:\AI\AITRASH\LIBRARY\02_CATALOG\02_PRESALE_Поздняково\01_ARTIFACTS\МКД2\Корпус 2.2\POZD_WEB_K2-2_s7_et3,5_4.png","202155","95530577dcabd639e1b5962f37288aa673802bee703bbeb1d7e40b40cf486b48","true","calculated","170","170","1.671709499","1","[11.700784,663.95374,585.299216,178.92126]","573.598432","485.03248","2477","10","[{""width_pt"":0.75,""count"":1100},{""width_pt"":1,""count"":123}]","1223","[{""width_pt"":0.75,""count"":1223}]","[{""width_pt"":0.75,""count"":1223}]","0","[112.916332,1011.908858,1087.083668,188.091142]","974.167336","823.817716","600","600","[{""index"":0,""name"":""Монтажная область 1"",""rect"":[0,1200,1200,0],""width"":1200,""height"":1200}]","true","true","true","true","true","D:\AI\AITRASH\workspaces\project - Изменение масштаба для планировок квартир\09_outputs\_full_wip\20260727_full_mkd2\Корпус 2.2\х170_POZD_WEB_K2-2_s7_et3,5_4.ai","D:\AI\AITRASH\workspaces\project - Изменение масштаба для планировок квартир\09_outputs\_full_wip\20260727_full_mkd2\Корпус 2.2\х170_POZD_WEB_K2-2_s7_et3,5_4.png","D:\AI\AITRASH\workspaces\project - Изменение масштаба для планировок квартир\09_outputs\_diagnostics\full_20260727_full_mkd2\details\197_POZD_WEB_K2-2_s7_et3,5_4_attempt1.json","Pixel-native AI подтверждён после повторного открытия; обводки 0.75 px; s_raw=1.671709499."
"195_214_20260727_141747","198","1","OK","2026-07-27T14:19:19","Корпус 2.2/POZD_WEB_K2-2_s7_et3,5_5.ai","Корпус 2.2","D:\AI\AITRASH\LIBRARY\02_CATALOG\02_PRESALE_Поздняково\01_ARTIFACTS\МКД2\Корпус 2.2\POZD_WEB_K2-2_s7_et3,5_5.ai","D:\AI\AITRASH\LIBRARY\02_CATALOG\02_PRESALE_Поздняково\01_ARTIFACTS\МКД2\Корпус 2.2\POZD_WEB_K2-2_s7_et3,5_5.png","205086","a1ca669b0b57419366c1188b1f562e835c3dfeba411a2d791f9c0380f8096074","true","calculated","170","170","1.671709548","1","[11.700801,663.95374,585.299199,178.92126]","573.598398","485.03248","2608","10","[{""width_pt"":0.75,""count"":1163},{""width_pt"":1,""count"":127}]","1290","[{""width_pt"":0.75,""count"":1290}]","[{""width_pt"":0.75,""count"":1290}]","0","[112.916362,1011.908858,1087.083638,188.091142]","974.167276","823.817716","600","600","[{""index"":0,""name"":""Монтажная область 1"",""rect"":[0,1200,1200,0],""width"":1200,""height"":1200}]","true","true","true","true","true","D:\AI\AITRASH\workspaces\project - Изменение масштаба для планировок квартир\09_outputs\_full_wip\20260727_full_mkd2\Корпус 2.2\х170_POZD_WEB_K2-2_s7_et3,5_5.ai","D:\AI\AITRASH\workspaces\project - Изменение масштаба для планировок квартир\09_outputs\_full_wip\20260727_full_mkd2\Корпус 2.2\х170_POZD_WEB_K2-2_s7_et3,5_5.png","D:\AI\AITRASH\workspaces\project - Изменение масштаба для планировок квартир\09_outputs\_diagnostics\full_20260727_full_mkd2\details\198_POZD_WEB_K2-2_s7_et3,5_5_attempt1.json","Pixel-native AI подтверждён после повторного открытия; обводки 0.75 px; s_raw=1.671709548."
"195_214_20260727_141747","199","1","OK","2026-07-27T14:19:51","Корпус 2.2/POZD_WEB_K2-2_s7_et3,5_6.ai","Корпус 2.2","D:\AI\AITRASH\LIBRARY\02_CATALOG\02_PRESALE_Поздняково\01_ARTIFACTS\МКД2\Корпус 2.2\POZD_WEB_K2-2_s7_et3,5_6.ai","D:\AI\AITRASH\LIBRARY\02_CATALOG\02_PRESALE_Поздняково\01_ARTIFACTS\МКД2\Корпус 2.2\POZD_WEB_K2-2_s7_et3,5_6.png","228662","153611d8b0daea44341e46bc4d8d05abe920c0cc99a84020f7e0869dc67caec1","true","calculated","120","120","1.208480471","1","[11.578497,864.204713,585.421503,-21.204713]","573.843006","885.409426","3433","11","[{""width_pt"":0.75,""count"":1521},{""width_pt"":1,""count"":170}]","1691","[{""width_pt"":0.75,""count"":1691}]","[{""width_pt"":0.75,""count"":1691}]","0","[255.919197,1131.020655,944.080803,68.979345]","688.161606","1062.04131","600","600","[{""index"":0,""name"":""Монтажная область 1"",""rect"":[0,1200,1200,0],""width"":1200,""height"":1200}]","true","true","true","true","true","D:\AI\AITRASH\workspaces\project - Изменение масштаба для планировок квартир\09_outputs\_full_wip\20260727_full_mkd2\Корпус 2.2\х120_POZD_WEB_K2-2_s7_et3,5_6.ai","D:\AI\AITRASH\workspaces\project - Изменение масштаба для планировок квартир\09_outputs\_full_wip\20260727_full_mkd2\Корпус 2.2\х120_POZD_WEB_K2-2_s7_et3,5_6.png","D:\AI\AITRASH\workspaces\project - Изменение масштаба для планировок квартир\09_outputs\_diagnostics\full_20260727_full_mkd2\details\199_POZD_WEB_K2-2_s7_et3,5_6_attempt1.json","Pixel-native AI подтверждён после повторного открытия; обводки 0.75 px; s_raw=1.208480471."
"195_214_20260727_141747","200","1","OK","2026-07-27T14:20:35","Корпус 2.2/POZD_WEB_K2-2_s7_et3,6_2.ai","Корпус 2.2","D:\AI\AITRASH\LIBRARY\02_CATALOG\02_PRESALE_Поздняково\01_ARTIFACTS\МКД2\Корпус 2.2\POZD_WEB_K2-2_s7_et3,6_2.ai","D:\AI\AITRASH\LIBRARY\02_CATALOG\02_PRESALE_Поздняково\01_ARTIFACTS\МКД2\Корпус 2.2\POZD_WEB_K2-2_s7_et3,6_2.png","171596","1ad982fe58e5340fd6ae7cf4185e471bc6a8d8736e15f2087dfd31533d3f08ee","true","calculated","170","170","1.84374465","1","[43.732283,645.437005,553.267717,196.562995]","509.535434","448.87401","1903","10","[{""width_pt"":0.75,""count"":832},{""width_pt"":1,""count"":107}]","939","[{""width_pt"":0.75,""count"":939}]","[{""width_pt"":0.75,""count"":939}]","0","[167.369882,981.067909,1032.630118,218.932091]","865.260236","762.135818","600","600","[{""index"":0,""name"":""Монтажная область 1"",""rect"":[0,1200,1200,0],""width"":1200,""height"":1200}]","true","true","true","true","true","D:\AI\AITRASH\workspaces\project - Изменение масштаба для планировок квартир\09_outputs\_full_wip\20260727_full_mkd2\Корпус 2.2\х170_POZD_WEB_K2-2_s7_et3,6_2.ai","D:\AI\AITRASH\workspaces\project - Изменение масштаба для планировок квартир\09_outputs\_full_wip\20260727_full_mkd2\Корпус 2.2\х170_POZD_WEB_K2-2_s7_et3,6_2.png","D:\AI\AITRASH\workspaces\project - Изменение масштаба для планировок квартир\09_outputs\_diagnostics\full_20260727_full_mkd2\details\200_POZD_WEB_K2-2_s7_et3,6_2_attempt1.json","Pixel-native AI подтверждён после повторного открытия; обводки 0.75 px; s_raw=1.84374465."
"195_214_20260727_141747","201","1","OK","2026-07-27T14:21:01","Корпус 2.2/POZD_WEB_K2-2_s7_et4_2.ai","Корпус 2.2","D:\AI\AITRASH\LIBRARY\02_CATALOG\02_PRESALE_Поздняково\01_ARTIFACTS\МКД2\Корпус 2.2\POZD_WEB_K2-2_s7_et4_2.ai","D:\AI\AITRASH\LIBRARY\02_CATALOG\02_PRESALE_Поздняково\01_ARTIFACTS\МКД2\Корпус 2.2\POZD_WEB_K2-2_s7_et4_2.png","174805","eee9f2a0ff8abe0b3fd8dc91585e342f6d7e5e6ef90f4488a6da5dd6acb3f502","true","calculated","170","170","1.788913885","1","[43.732283,659.343478,553.267717,182.531522]","509.535434","476.811956","1949","11","[{""width_pt"":0.75,""count"":853},{""width_pt"":1,""count"":105}]","958","[{""width_pt"":0.75,""count"":958}]","[{""width_pt"":0.75,""count"":958}]","0","[167.369882,1004.921413,1032.630118,195.078587]","865.260236","809.842826","600","600","[{""index"":0,""name"":""Монтажная область 1"",""rect"":[0,1200,1200,0],""width"":1200,""height"":1200}]","true","true","true","true","true","D:\AI\AITRASH\workspaces\project - Изменение масштаба для планировок квартир\09_outputs\_full_wip\20260727_full_mkd2\Корпус 2.2\х170_POZD_WEB_K2-2_s7_et4_2.ai","D:\AI\AITRASH\workspaces\project - Изменение масштаба для планировок квартир\09_outputs\_full_wip\20260727_full_mkd2\Корпус 2.2\х170_POZD_WEB_K2-2_s7_et4_2.png","D:\AI\AITRASH\workspaces\project - Изменение масштаба для планировок квартир\09_outputs\_diagnostics\full_20260727_full_mkd2\details\201_POZD_WEB_K2-2_s7_et4_2_attempt1.json","Pixel-native AI подтверждён после повторного открытия; обводки 0.75 px; s_raw=1.788913885."
"195_214_20260727_141747","202","1","OK","2026-07-27T14:21:31","Корпус 2.2/POZD_WEB_K2-2_s7_et4_3.ai","Корпус 2.2","D:\AI\AITRASH\LIBRARY\02_CATALOG\02_PRESALE_Поздняково\01_ARTIFACTS\МКД2\Корпус 2.2\POZD_WEB_K2-2_s7_et4_3.ai","D:\AI\AITRASH\LIBRARY\02_CATALOG\02_PRESALE_Поздняково\01_ARTIFACTS\МКД2\Корпус 2.2\POZD_WEB_K2-2_s7_et4_3.png","201981","fb6d6ccadd6c9d127ae4e6438efd1a5ef0f7a2442845fa50524723963a602178","true","calculated","170","170","1.787872576","1","[42.944354,659.477635,553.055646,182.648993]","510.111292","476.828642","2448","11","[{""width_pt"":0.75,""count"":1074},{""width_pt"":1,""count"":134}]","1208","[{""width_pt"":0.75,""count"":1208}]","[{""width_pt"":0.75,""count"":1208}]","0","[166.880401,1004.934823,1033.119599,195.065178]","866.239198","809.869645","600","600.000001","[{""index"":0,""name"":""Монтажная область 1"",""rect"":[0,1200,1200,0],""width"":1200,""height"":1200}]","true","true","true","true","true","D:\AI\AITRASH\workspaces\project - Изменение масштаба для планировок квартир\09_outputs\_full_wip\20260727_full_mkd2\Корпус 2.2\х170_POZD_WEB_K2-2_s7_et4_3.ai","D:\AI\AITRASH\workspaces\project - Изменение масштаба для планировок квартир\09_outputs\_full_wip\20260727_full_mkd2\Корпус 2.2\х170_POZD_WEB_K2-2_s7_et4_3.png","D:\AI\AITRASH\workspaces\project - Изменение масштаба для планировок квартир\09_outputs\_diagnostics\full_20260727_full_mkd2\details\202_POZD_WEB_K2-2_s7_et4_3_attempt1.json","Pixel-native AI подтверждён после повторного открытия; обводки 0.75 px; s_raw=1.787872576."
"195_214_20260727_141747","203","1","OK","2026-07-27T14:22:04","Корпус 2.2/POZD_WEB_K2-2_s7_et4_4.ai","Корпус 2.2","D:\AI\AITRASH\LIBRARY\02_CATALOG\02_PRESALE_Поздняково\01_ARTIFACTS\МКД2\Корпус 2.2\POZD_WEB_K2-2_s7_et4_4.ai","D:\AI\AITRASH\LIBRARY\02_CATALOG\02_PRESALE_Поздняково\01_ARTIFACTS\МКД2\Корпус 2.2\POZD_WEB_K2-2_s7_et4_4.png","202400","ded51f3ae7f99b68d237d05e6c45d3af1b1249f9524cf96b3bdab624a605a0d7","true","calculated","170","170","1.671709531","1","[11.700795,663.95374,585.299205,178.92126]","573.59841","485.03248","2454","10","[{""width_pt"":0.75,""count"":1091},{""width_pt"":1,""count"":122}]","1213","[{""width_pt"":0.75,""count"":1213}]","[{""width_pt"":0.75,""count"":1213}]","0","[112.916352,1011.908858,1087.083648,188.091142]","974.167296","823.817716","600","600","[{""index"":0,""name"":""Монтажная область 1"",""rect"":[0,1200,1200,0],""width"":1200,""height"":1200}]","true","true","true","true","true","D:\AI\AITRASH\workspaces\project - Изменение масштаба для планировок квартир\09_outputs\_full_wip\20260727_full_mkd2\Корпус 2.2\х170_POZD_WEB_K2-2_s7_et4_4.ai","D:\AI\AITRASH\workspaces\project - Изменение масштаба для планировок квартир\09_outputs\_full_wip\20260727_full_mkd2\Корпус 2.2\х170_POZD_WEB_K2-2_s7_et4_4.png","D:\AI\AITRASH\workspaces\project - Изменение масштаба для планировок квартир\09_outputs\_diagnostics\full_20260727_full_mkd2\details\203_POZD_WEB_K2-2_s7_et4_4_attempt1.json","Pixel-native AI подтверждён после повторного открытия; обводки 0.75 px; s_raw=1.671709531."
"195_214_20260727_141747","204","1","OK","2026-07-27T14:22:35","Корпус 2.2/POZD_WEB_K2-2_s7_et4_5.ai","Корпус 2.2","D:\AI\AITRASH\LIBRARY\02_CATALOG\02_PRESALE_Поздняково\01_ARTIFACTS\МКД2\Корпус 2.2\POZD_WEB_K2-2_s7_et4_5.ai","D:\AI\AITRASH\LIBRARY\02_CATALOG\02_PRESALE_Поздняково\01_ARTIFACTS\МКД2\Корпус 2.2\POZD_WEB_K2-2_s7_et4_5.png","205272","ee22f5f546e4ba07a8866d792399fce8a70d18a3f1bff00d7b5768faa67c9e18","true","calculated","170","170","1.625548945","1","[11.700801,677.985236,585.299199,165.014764]","573.598398","512.970472","2595","11","[{""width_pt"":0.75,""count"":1157},{""width_pt"":1,""count"":125}]","1282","[{""width_pt"":0.75,""count"":1282}]","[{""width_pt"":0.75,""count"":1282}]","0","[112.916362,1035.762402,1087.083638,164.237598]","974.167276","871.524804","600","600","[{""index"":0,""name"":""Монтажная область 1"",""rect"":[0,1200,1200,0],""width"":1200,""height"":1200}]","true","true","true","true","true","D:\AI\AITRASH\workspaces\project - Изменение масштаба для планировок квартир\09_outputs\_full_wip\20260727_full_mkd2\Корпус 2.2\х170_POZD_WEB_K2-2_s7_et4_5.ai","D:\AI\AITRASH\workspaces\project - Изменение масштаба для планировок квартир\09_outputs\_full_wip\20260727_full_mkd2\Корпус 2.2\х170_POZD_WEB_K2-2_s7_et4_5.png","D:\AI\AITRASH\workspaces\project - Изменение масштаба для планировок квартир\09_outputs\_diagnostics\full_20260727_full_mkd2\details\204_POZD_WEB_K2-2_s7_et4_5_attempt1.json","Pixel-native AI подтверждён после повторного открытия; обводки 0.75 px; s_raw=1.625548945."
"195_214_20260727_141747","205","1","OK","2026-07-27T14:23:09","Корпус 2.2/POZD_WEB_K2-2_s7_et4_6.ai","Корпус 2.2","D:\AI\AITRASH\LIBRARY\02_CATALOG\02_PRESALE_Поздняково\01_ARTIFACTS\МКД2\Корпус 2.2\POZD_WEB_K2-2_s7_et4_6.ai","D:\AI\AITRASH\LIBRARY\02_CATALOG\02_PRESALE_Поздняково\01_ARTIFACTS\МКД2\Корпус 2.2\POZD_WEB_K2-2_s7_et4_6.png","228024","a2209d4a9c64088e291e5832af00c8b3776b0d235b0d3e43a7b5439bcf988ff3","true","calculated","120","120","1.208480438","1","[11.700778,864.204725,585.299222,-21.204725]","573.598444","885.40945","3387","11","[{""width_pt"":0.75,""count"":1508},{""width_pt"":1,""count"":164}]","1672","[{""width_pt"":0.75,""count"":1672}]","[{""width_pt"":0.75,""count"":1672}]","0","[256.065934,1131.020669,943.934066,68.979331]","687.868132","1062.041338","600","600","[{""index"":0,""name"":""Монтажная область 1"",""rect"":[0,1200,1200,0],""width"":1200,""height"":1200}]","true","true","true","true","true","D:\AI\AITRASH\workspaces\project - Изменение масштаба для планировок квартир\09_outputs\_full_wip\20260727_full_mkd2\Корпус 2.2\х120_POZD_WEB_K2-2_s7_et4_6.ai","D:\AI\AITRASH\workspaces\project - Изменение масштаба для планировок квартир\09_outputs\_full_wip\20260727_full_mkd2\Корпус 2.2\х120_POZD_WEB_K2-2_s7_et4_6.png","D:\AI\AITRASH\workspaces\project - Изменение масштаба для планировок квартир\09_outputs\_diagnostics\full_20260727_full_mkd2\details\205_POZD_WEB_K2-2_s7_et4_6_attempt1.json","Pixel-native AI подтверждён после повторного открытия; обводки 0.75 px; s_raw=1.208480438."
"195_214_20260727_141747","206","1","OK","2026-07-27T14:23:52","Корпус 2.2/POZD_WEB_K2-2_s7_et6_1.ai","Корпус 2.2","D:\AI\AITRASH\LIBRARY\02_CATALOG\02_PRESALE_Поздняково\01_ARTIFACTS\МКД2\Корпус 2.2\POZD_WEB_K2-2_s7_et6_1.ai","D:\AI\AITRASH\LIBRARY\02_CATALOG\02_PRESALE_Поздняково\01_ARTIFACTS\МКД2\Корпус 2.2\POZD_WEB_K2-2_s7_et6_1.png","175181","7afc76e1e8703cdbfe9eb2ac2da99189341bac345a1d9d1e4654b76ca1b8cce2","true","calculated","170","170","1.773317262","1","[31.543297,653.040354,565.456703,189.959646]","533.913406","463.080708","1918","11","[{""width_pt"":0.75,""count"":844},{""width_pt"":1,""count"":103}]","947","[{""width_pt"":0.75,""count"":947}]","[{""width_pt"":0.75,""count"":947}]","0","[146.648605,993.356102,1053.351394,206.643898]","906.702789","786.712204","600","600","[{""index"":0,""name"":""Монтажная область 1"",""rect"":[0,1200,1200,0],""width"":1200,""height"":1200}]","true","true","true","true","true","D:\AI\AITRASH\workspaces\project - Изменение масштаба для планировок квартир\09_outputs\_full_wip\20260727_full_mkd2\Корпус 2.2\х170_POZD_WEB_K2-2_s7_et6_1.ai","D:\AI\AITRASH\workspaces\project - Изменение масштаба для планировок квартир\09_outputs\_full_wip\20260727_full_mkd2\Корпус 2.2\х170_POZD_WEB_K2-2_s7_et6_1.png","D:\AI\AITRASH\workspaces\project - Изменение масштаба для планировок квартир\09_outputs\_diagnostics\full_20260727_full_mkd2\details\206_POZD_WEB_K2-2_s7_et6_1_attempt1.json","Pixel-native AI подтверждён после повторного открытия; обводки 0.75 px; s_raw=1.773317262."
"195_214_20260727_141747","207","1","OK","2026-07-27T14:24:20","Корпус 2.2/POZD_WEB_K2-2_s7_et6_3.ai","Корпус 2.2","D:\AI\AITRASH\LIBRARY\02_CATALOG\02_PRESALE_Поздняково\01_ARTIFACTS\МКД2\Корпус 2.2\POZD_WEB_K2-2_s7_et6_3.ai","D:\AI\AITRASH\LIBRARY\02_CATALOG\02_PRESALE_Поздняково\01_ARTIFACTS\МКД2\Корпус 2.2\POZD_WEB_K2-2_s7_et6_3.png","199201","1606a95180f08638a58c8858d89283398c2fb0c58d72b14217240f016fcd7c63","true","calculated","170","170","1.843698741","1","[43.729056,645.446168,553.270944,196.555489]","509.541888","448.890679","2408","10","[{""width_pt"":0.75,""count"":1063},{""width_pt"":1,""count"":129}]","1192","[{""width_pt"":0.75,""count"":1192}]","[{""width_pt"":0.75,""count"":1192}]","0","[167.364395,981.081291,1032.635605,218.91871]","865.27121","762.162581","600","600.000001","[{""index"":0,""name"":""Монтажная область 1"",""rect"":[0,1200,1200,0],""width"":1200,""height"":1200}]","true","true","true","true","true","D:\AI\AITRASH\workspaces\project - Изменение масштаба для планировок квартир\09_outputs\_full_wip\20260727_full_mkd2\Корпус 2.2\х170_POZD_WEB_K2-2_s7_et6_3.ai","D:\AI\AITRASH\workspaces\project - Изменение масштаба для планировок квартир\09_outputs\_full_wip\20260727_full_mkd2\Корпус 2.2\х170_POZD_WEB_K2-2_s7_et6_3.png","D:\AI\AITRASH\workspaces\project - Изменение масштаба для планировок квартир\09_outputs\_diagnostics\full_20260727_full_mkd2\details\207_POZD_WEB_K2-2_s7_et6_3_attempt1.json","Pixel-native AI подтверждён после повторного открытия; обводки 0.75 px; s_raw=1.843698741."
"195_214_20260727_141747","208","1","OK","2026-07-27T14:24:52","Корпус 2.2/POZD_WEB_K2-2_s7_et6_5.ai","Корпус 2.2","D:\AI\AITRASH\LIBRARY\02_CATALOG\02_PRESALE_Поздняково\01_ARTIFACTS\МКД2\Корпус 2.2\POZD_WEB_K2-2_s7_et6_5.ai","D:\AI\AITRASH\LIBRARY\02_CATALOG\02_PRESALE_Поздняково\01_ARTIFACTS\МКД2\Корпус 2.2\POZD_WEB_K2-2_s7_et6_5.png","209126","60ae215e26a72865423120a5bc08ae2e5ec56a25a9e41db84cff795eb735b8c7","true","calculated","170","170","1.625010108","1","[11.700783,678.155344,585.299217,164.844656]","573.598434","513.310688","2675","13","[{""width_pt"":0.75,""count"":1190},{""width_pt"":1,""count"":129}]","1319","[{""width_pt"":0.75,""count"":1319}]","[{""width_pt"":0.75,""count"":1319}]","0","[112.916332,1036.051584,1087.083668,163.948416]","974.167336","872.103168","600","600","[{""index"":0,""name"":""Монтажная область 1"",""rect"":[0,1200,1200,0],""width"":1200,""height"":1200}]","true","true","true","true","true","D:\AI\AITRASH\workspaces\project - Изменение масштаба для планировок квартир\09_outputs\_full_wip\20260727_full_mkd2\Корпус 2.2\х170_POZD_WEB_K2-2_s7_et6_5.ai","D:\AI\AITRASH\workspaces\project - Изменение масштаба для планировок квартир\09_outputs\_full_wip\20260727_full_mkd2\Корпус 2.2\х170_POZD_WEB_K2-2_s7_et6_5.png","D:\AI\AITRASH\workspaces\project - Изменение масштаба для планировок квартир\09_outputs\_diagnostics\full_20260727_full_mkd2\details\208_POZD_WEB_K2-2_s7_et6_5_attempt1.json","Pixel-native AI подтверждён после повторного открытия; обводки 0.75 px; s_raw=1.625010108."
"195_214_20260727_141747","209","1","OK","2026-07-27T14:25:30","Корпус 2.2/POZD_WEB_K2-2_s7_et6_6.ai","Корпус 2.2","D:\AI\AITRASH\LIBRARY\02_CATALOG\02_PRESALE_Поздняково\01_ARTIFACTS\МКД2\Корпус 2.2\POZD_WEB_K2-2_s7_et6_6.ai","D:\AI\AITRASH\LIBRARY\02_CATALOG\02_PRESALE_Поздняково\01_ARTIFACTS\МКД2\Корпус 2.2\POZD_WEB_K2-2_s7_et6_6.png","228050","671160bb94fa8a31481a052cd424d9c8e6b1f52bd3adf09f952d38ee803a8cf1","true","calculated","120","120","1.171514711","1","[11.70079,878.111235,585.29921,-35.236237]","573.59842","913.347472","3397","12","[{""width_pt"":0.75,""count"":1510},{""width_pt"":1,""count"":164}]","1674","[{""width_pt"":0.75,""count"":1674}]","[{""width_pt"":0.75,""count"":1674}]","0","[256.065948,1147.858483,943.934052,52.141517]","687.868104","1095.716966","600","600","[{""index"":0,""name"":""Монтажная область 1"",""rect"":[0,1200,1200,0],""width"":1200,""height"":1200}]","true","true","true","true","true","D:\AI\AITRASH\workspaces\project - Изменение масштаба для планировок квартир\09_outputs\_full_wip\20260727_full_mkd2\Корпус 2.2\х120_POZD_WEB_K2-2_s7_et6_6.ai","D:\AI\AITRASH\workspaces\project - Изменение масштаба для планировок квартир\09_outputs\_full_wip\20260727_full_mkd2\Корпус 2.2\х120_POZD_WEB_K2-2_s7_et6_6.png","D:\AI\AITRASH\workspaces\project - Изменение масштаба для планировок квартир\09_outputs\_diagnostics\full_20260727_full_mkd2\details\209_POZD_WEB_K2-2_s7_et6_6_attempt1.json","Pixel-native AI подтверждён после повторного открытия; обводки 0.75 px; s_raw=1.171514711."
"195_214_20260727_141747","210","1","OK","2026-07-27T14:26:13","Корпус 2.3/POZD_WEB_K2-3_s10_et1_1.ai","Корпус 2.3","D:\AI\AITRASH\LIBRARY\02_CATALOG\02_PRESALE_Поздняково\01_ARTIFACTS\МКД2\Корпус 2.3\POZD_WEB_K2-3_s10_et1_1.ai","D:\AI\AITRASH\LIBRARY\02_CATALOG\02_PRESALE_Поздняково\01_ARTIFACTS\МКД2\Корпус 2.3\POZD_WEB_K2-3_s10_et1_1.png","206618","60e4be773478ef42b5abefc9cd27e58423e3b33fde1fffc0636d23ce0b87ce6c","true","calculated","170","170","1.695662343","1","[673.700789,776.275591,1247.299211,304.849409]","573.598422","471.426182","2579","10","[{""width_pt"":0.75,""count"":1145},{""width_pt"":1,""count"":129}]","1274","[{""width_pt"":0.75,""count"":1274}]","[{""width_pt"":0.75,""count"":1274}]","0","[112.91634,1000.343504,1087.08366,199.656496]","974.16732","800.687008","600","600","[{""index"":0,""name"":""Монтажная область 1"",""rect"":[0,1200,1200,0],""width"":1200,""height"":1200}]","true","true","true","true","true","D:\AI\AITRASH\workspaces\project - Изменение масштаба для планировок квартир\09_outputs\_full_wip\20260727_full_mkd2\Корпус 2.3\х170_POZD_WEB_K2-3_s10_et1_1.ai","D:\AI\AITRASH\workspaces\project - Изменение масштаба для планировок квартир\09_outputs\_full_wip\20260727_full_mkd2\Корпус 2.3\х170_POZD_WEB_K2-3_s10_et1_1.png","D:\AI\AITRASH\workspaces\project - Изменение масштаба для планировок квартир\09_outputs\_diagnostics\full_20260727_full_mkd2\details\210_POZD_WEB_K2-3_s10_et1_1_attempt1.json","Pixel-native AI подтверждён после повторного открытия; обводки 0.75 px; s_raw=1.695662343."
"195_214_20260727_141747","211","1","OK","2026-07-27T14:26:44","Корпус 2.3/POZD_WEB_K2-3_s10_et1_2.ai","Корпус 2.3","D:\AI\AITRASH\LIBRARY\02_CATALOG\02_PRESALE_Поздняково\01_ARTIFACTS\МКД2\Корпус 2.3\POZD_WEB_K2-3_s10_et1_2.ai","D:\AI\AITRASH\LIBRARY\02_CATALOG\02_PRESALE_Поздняково\01_ARTIFACTS\МКД2\Корпус 2.3\POZD_WEB_K2-3_s10_et1_2.png","237025","72accf6516636cc5f3ee9f0f9ac42b540dad414158c4d2e0cf2dad39a5d31eb3","true","calculated","150","150","1.394217653","1","[670.582677,885.409449,1250.417323,195.590561]","579.834646","689.818888","3437","10","[{""width_pt"":0.75,""count"":1530},{""width_pt"":1,""count"":175}]","1705","[{""width_pt"":0.75,""count"":1705}]","[{""width_pt"":0.75,""count"":1705}]","0","[165.499016,1116.989173,1034.500984,83.010827]","869.001968","1033.978346","600","600","[{""index"":0,""name"":""Монтажная область 1"",""rect"":[0,1200,1200,0],""width"":1200,""height"":1200}]","true","true","true","true","true","D:\AI\AITRASH\workspaces\project - Изменение масштаба для планировок квартир\09_outputs\_full_wip\20260727_full_mkd2\Корпус 2.3\х150_POZD_WEB_K2-3_s10_et1_2.ai","D:\AI\AITRASH\workspaces\project - Изменение масштаба для планировок квартир\09_outputs\_full_wip\20260727_full_mkd2\Корпус 2.3\х150_POZD_WEB_K2-3_s10_et1_2.png","D:\AI\AITRASH\workspaces\project - Изменение масштаба для планировок квартир\09_outputs\_diagnostics\full_20260727_full_mkd2\details\211_POZD_WEB_K2-3_s10_et1_2_attempt1.json","Pixel-native AI подтверждён после повторного открытия; обводки 0.75 px; s_raw=1.394217653."
"195_214_20260727_141747","212","1","OK","2026-07-27T14:27:27","Корпус 2.3/POZD_WEB_K2-3_s10_et1_3.ai","Корпус 2.3","D:\AI\AITRASH\LIBRARY\02_CATALOG\02_PRESALE_Поздняково\01_ARTIFACTS\МКД2\Корпус 2.3\POZD_WEB_K2-3_s10_et1_3.ai","D:\AI\AITRASH\LIBRARY\02_CATALOG\02_PRESALE_Поздняково\01_ARTIFACTS\МКД2\Корпус 2.3\POZD_WEB_K2-3_s10_et1_3.png","279534","ad19978201b71aeb9e4a02c60f60200926889988dbdd827a60b40adf0e89188d","true","calculated","110","110","1.088277928","1","[468.897638,762.028882,1452.102362,317.973764]","983.204724","444.055118","4317","14","[{""width_pt"":0.75,""count"":1977},{""width_pt"":1,""count"":157}]","2134","[{""width_pt"":0.75,""count"":2134}]","[{""width_pt"":0.75,""count"":2134}]","0","[59.412401,844.05677,1140.587599,355.94323]","1081.175198","488.11354","600","600","[{""index"":0,""name"":""Монтажная область 1"",""rect"":[0,1200,1200,0],""width"":1200,""height"":1200}]","true","true","true","true","true","D:\AI\AITRASH\workspaces\project - Изменение масштаба для планировок квартир\09_outputs\_full_wip\20260727_full_mkd2\Корпус 2.3\х110_POZD_WEB_K2-3_s10_et1_3.ai","D:\AI\AITRASH\workspaces\project - Изменение масштаба для планировок квартир\09_outputs\_full_wip\20260727_full_mkd2\Корпус 2.3\х110_POZD_WEB_K2-3_s10_et1_3.png","D:\AI\AITRASH\workspaces\project - Изменение масштаба для планировок квартир\09_outputs\_diagnostics\full_20260727_full_mkd2\details\212_POZD_WEB_K2-3_s10_et1_3_attempt1.json","Pixel-native AI подтверждён после повторного открытия; обводки 0.75 px; s_raw=1.088277928."
"195_214_20260727_141747","213","1","OK","2026-07-27T14:28:25","Корпус 2.3/POZD_WEB_K2-3_s10_et2,6_1.ai","Корпус 2.3","D:\AI\AITRASH\LIBRARY\02_CATALOG\02_PRESALE_Поздняково\01_ARTIFACTS\МКД2\Корпус 2.3\POZD_WEB_K2-3_s10_et2,6_1.ai","D:\AI\AITRASH\LIBRARY\02_CATALOG\02_PRESALE_Поздняково\01_ARTIFACTS\МКД2\Корпус 2.3\POZD_WEB_K2-3_s10_et2,6_1.png","173527","7a8b51fa09dc5d92b57c32c353ee9b8f3666ad3d0f9f86f19864279ded061680","true","calculated","200","200","1.878471689","1","[714.928154,764.312008,1206.071846,315.687992]","491.143692","448.624016","2006","11","[{""width_pt"":0.75,""count"":895}]","895","[{""width_pt"":0.75,""count"":895}]","[{""width_pt"":0.75,""count"":895}]","0","[109.231308,1048.249016,1090.768692,151.750984]","981.537384","896.498032","600","600","[{""index"":0,""name"":""Монтажная область 1"",""rect"":[0,1200,1200,0],""width"":1200,""height"":1200}]","true","true","true","true","true","D:\AI\AITRASH\workspaces\project - Изменение масштаба для планировок квартир\09_outputs\_full_wip\20260727_full_mkd2\Корпус 2.3\х200_POZD_WEB_K2-3_s10_et2,6_1.ai","D:\AI\AITRASH\workspaces\project - Изменение масштаба для планировок квартир\09_outputs\_full_wip\20260727_full_mkd2\Корпус 2.3\х200_POZD_WEB_K2-3_s10_et2,6_1.png","D:\AI\AITRASH\workspaces\project - Изменение масштаба для планировок квартир\09_outputs\_diagnostics\full_20260727_full_mkd2\details\213_POZD_WEB_K2-3_s10_et2,6_1_attempt1.json","Pixel-native AI подтверждён после повторного открытия; обводки 0.75 px; s_raw=1.878471689."
"195_214_20260727_141747","214","1","OK","2026-07-27T14:28:54","Корпус 2.3/POZD_WEB_K2-3_s10_et2,6_2.ai","Корпус 2.3","D:\AI\AITRASH\LIBRARY\02_CATALOG\02_PRESALE_Поздняково\01_ARTIFACTS\МКД2\Корпус 2.3\POZD_WEB_K2-3_s10_et2,6_2.ai","D:\AI\AITRASH\LIBRARY\02_CATALOG\02_PRESALE_Поздняково\01_ARTIFACTS\МКД2\Корпус 2.3\POZD_WEB_K2-3_s10_et2,6_2.png","143459","cf0b7055401fa52da55ae400b2d9f96d9e94f602e659d27914aa2c59cb881ad8","true","calculated","200","200","2.071647852","1","[809.763779,798.311024,1111.111221,281.813976]","301.347442","516.497048","1389","11","[{""width_pt"":0.75,""count"":612},{""width_pt"":1,""count"":69}]","681","[{""width_pt"":0.75,""count"":681}]","[{""width_pt"":0.75,""count"":681}]","0","[299.152559,1115.997048,900.847441,84.002952]","601.694882","1031.994096","600","600","[{""index"":0,""name"":""Монтажная область 1"",""rect"":[0,1200,1200,0],""width"":1200,""height"":1200}]","true","true","true","true","true","D:\AI\AITRASH\workspaces\project - Изменение масштаба для планировок квартир\09_outputs\_full_wip\20260727_full_mkd2\Корпус 2.3\х200_POZD_WEB_K2-3_s10_et2,6_2.ai","D:\AI\AITRASH\workspaces\project - Изменение масштаба для планировок квартир\09_outputs\_full_wip\20260727_full_mkd2\Корпус 2.3\х200_POZD_WEB_K2-3_s10_et2,6_2.png","D:\AI\AITRASH\workspaces\project - Изменение масштаба для планировок квартир\09_outputs\_diagnostics\full_20260727_full_mkd2\details\214_POZD_WEB_K2-3_s10_et2,6_2_attempt1.json","Pixel-native AI подтверждён после повторного открытия; обводки 0.75 px; s_raw=2.071647852."
"215_235_20260727_143245","215","1","OK","2026-07-27T14:32:48","Корпус 2.3/POZD_WEB_K2-3_s10_et2_3.ai","Корпус 2.3","D:\AI\AITRASH\LIBRARY\02_CATALOG\02_PRESALE_Поздняково\01_ARTIFACTS\МКД2\Корпус 2.3\POZD_WEB_K2-3_s10_et2_3.ai","D:\AI\AITRASH\LIBRARY\02_CATALOG\02_PRESALE_Поздняково\01_ARTIFACTS\МКД2\Корпус 2.3\POZD_WEB_K2-3_s10_et2_3.png","199376","3953c2b854ff7d3f8bd75829e48262e1489d0a665672f345a4868f70edb09cb8","true","calculated","170","170","1.647409434","1","[673.700794,790.223472,1247.299206,290.776528]","573.598412","499.446944","2491","11","[{""width_pt"":0.75,""count"":1116},{""width_pt"":1,""count"":111}]","1227","[{""width_pt"":0.75,""count"":1227}]","[{""width_pt"":0.75,""count"":1227}]","0","[112.916349,1024.267403,1087.083651,175.732597]","974.167302","848.534806","600","600","[{""index"":0,""name"":""Монтажная область 1"",""rect"":[0,1200,1200,0],""width"":1200,""height"":1200}]","true","true","true","true","true","D:\AI\AITRASH\workspaces\project - Изменение масштаба для планировок квартир\09_outputs\_full_wip\20260727_full_mkd2\Корпус 2.3\х170_POZD_WEB_K2-3_s10_et2_3.ai","D:\AI\AITRASH\workspaces\project - Изменение масштаба для планировок квартир\09_outputs\_full_wip\20260727_full_mkd2\Корпус 2.3\х170_POZD_WEB_K2-3_s10_et2_3.png","D:\AI\AITRASH\workspaces\project - Изменение масштаба для планировок квартир\09_outputs\_diagnostics\full_20260727_full_mkd2\details\215_POZD_WEB_K2-3_s10_et2_3_attempt1.json","Pixel-native AI подтверждён после повторного открытия; обводки 0.75 px; s_raw=1.647409434."
"215_235_20260727_143245","216","1","OK","2026-07-27T14:33:23","Корпус 2.3/POZD_WEB_K2-3_s10_et2_4.ai","Корпус 2.3","D:\AI\AITRASH\LIBRARY\02_CATALOG\02_PRESALE_Поздняково\01_ARTIFACTS\МКД2\Корпус 2.3\POZD_WEB_K2-3_s10_et2_4.ai","D:\AI\AITRASH\LIBRARY\02_CATALOG\02_PRESALE_Поздняково\01_ARTIFACTS\МКД2\Корпус 2.3\POZD_WEB_K2-3_s10_et2_4.png","208726","8494fe1a2e92ab98807abf7820e1761c9278592d0f8793340448f72601ad4fd7","true","calculated","170","170","1.647409399","1","[673.700782,790.223472,1247.299218,290.776528]","573.598436","499.446944","2546","11","[{""width_pt"":0.75,""count"":1132},{""width_pt"":1,""count"":125}]","1257","[{""width_pt"":0.75,""count"":1257}]","[{""width_pt"":0.75,""count"":1257}]","0","[112.91633,1024.267403,1087.08367,175.732597]","974.16734","848.534806","600","600","[{""index"":0,""name"":""Монтажная область 1"",""rect"":[0,1200,1200,0],""width"":1200,""height"":1200}]","true","true","true","true","true","D:\AI\AITRASH\workspaces\project - Изменение масштаба для планировок квартир\09_outputs\_full_wip\20260727_full_mkd2\Корпус 2.3\х170_POZD_WEB_K2-3_s10_et2_4.ai","D:\AI\AITRASH\workspaces\project - Изменение масштаба для планировок квартир\09_outputs\_full_wip\20260727_full_mkd2\Корпус 2.3\х170_POZD_WEB_K2-3_s10_et2_4.png","D:\AI\AITRASH\workspaces\project - Изменение масштаба для планировок квартир\09_outputs\_diagnostics\full_20260727_full_mkd2\details\216_POZD_WEB_K2-3_s10_et2_4_attempt1.json","Pixel-native AI подтверждён после повторного открытия; обводки 0.75 px; s_raw=1.647409399."
"215_235_20260727_143245","217","1","OK","2026-07-27T14:33:57","Корпус 2.3/POZD_WEB_K2-3_s10_et2_5.ai","Корпус 2.3","D:\AI\AITRASH\LIBRARY\02_CATALOG\02_PRESALE_Поздняково\01_ARTIFACTS\МКД2\Корпус 2.3\POZD_WEB_K2-3_s10_et2_5.ai","D:\AI\AITRASH\LIBRARY\02_CATALOG\02_PRESALE_Поздняково\01_ARTIFACTS\МКД2\Корпус 2.3\POZD_WEB_K2-3_s10_et2_5.png","239608","b9c102bfe9013c43c8a2870a8542e3c076e6d76bad51b2c18dfd35b2ce0868cc","true","calculated","120","120","1.281330519","1","[656.836453,931.080712,1264.042163,151.174805]","607.20571","779.905907","3538","13","[{""width_pt"":0.75,""count"":1588},{""width_pt"":1,""count"":165}]","1753","[{""width_pt"":0.75,""count"":1753}]","[{""width_pt"":0.75,""count"":1753}]","0","[235.824405,1067.906337,964.175595,132.09375]","728.35119","935.812587","600","600.000044","[{""index"":0,""name"":""Монтажная область 1"",""rect"":[0,1200,1200,0],""width"":1200,""height"":1200}]","true","true","true","true","true","D:\AI\AITRASH\workspaces\project - Изменение масштаба для планировок квартир\09_outputs\_full_wip\20260727_full_mkd2\Корпус 2.3\х120_POZD_WEB_K2-3_s10_et2_5.ai","D:\AI\AITRASH\workspaces\project - Изменение масштаба для планировок квартир\09_outputs\_full_wip\20260727_full_mkd2\Корпус 2.3\х120_POZD_WEB_K2-3_s10_et2_5.png","D:\AI\AITRASH\workspaces\project - Изменение масштаба для планировок квартир\09_outputs\_diagnostics\full_20260727_full_mkd2\details\217_POZD_WEB_K2-3_s10_et2_5_attempt1.json","Pixel-native AI подтверждён после повторного открытия; обводки 0.75 px; s_raw=1.281330519."
"215_235_20260727_143245","218","1","OK","2026-07-27T14:34:44","Корпус 2.3/POZD_WEB_K2-3_s10_et2_6.ai","Корпус 2.3","D:\AI\AITRASH\LIBRARY\02_CATALOG\02_PRESALE_Поздняково\01_ARTIFACTS\МКД2\Корпус 2.3\POZD_WEB_K2-3_s10_et2_6.ai","D:\AI\AITRASH\LIBRARY\02_CATALOG\02_PRESALE_Поздняково\01_ARTIFACTS\МКД2\Корпус 2.3\POZD_WEB_K2-3_s10_et2_6.png","207331","d720245de7fe0d8a2a167d2b616bd603bcb2b5bbe267c0f69e063361daf61f7b","true","calculated","120","120","1.171514755","1","[503.763781,762.027566,1417.111219,317.972434]","913.347438","444.055132","2981","11","[{""width_pt"":0.75,""count"":1328},{""width_pt"":1,""count"":145}]","1473","[{""width_pt"":0.75,""count"":1473}]","[{""width_pt"":0.75,""count"":1473}]","0","[52.141537,866.208079,1147.858463,333.791921]","1095.716926","532.416158","600","600","[{""index"":0,""name"":""Монтажная область 1"",""rect"":[0,1200,1200,0],""width"":1200,""height"":1200}]","true","true","true","true","true","D:\AI\AITRASH\workspaces\project - Изменение масштаба для планировок квартир\09_outputs\_full_wip\20260727_full_mkd2\Корпус 2.3\х120_POZD_WEB_K2-3_s10_et2_6.ai","D:\AI\AITRASH\workspaces\project - Изменение масштаба для планировок квартир\09_outputs\_full_wip\20260727_full_mkd2\Корпус 2.3\х120_POZD_WEB_K2-3_s10_et2_6.png","D:\AI\AITRASH\workspaces\project - Изменение масштаба для планировок квартир\09_outputs\_diagnostics\full_20260727_full_mkd2\details\218_POZD_WEB_K2-3_s10_et2_6_attempt1.json","Pixel-native AI подтверждён после повторного открытия; обводки 0.75 px; s_raw=1.171514755."
"215_235_20260727_143245","219","1","OK","2026-07-27T14:35:20","Корпус 2.3/POZD_WEB_K2-3_s10_et3,5_1.ai","Корпус 2.3","D:\AI\AITRASH\LIBRARY\02_CATALOG\02_PRESALE_Поздняково\01_ARTIFACTS\МКД2\Корпус 2.3\POZD_WEB_K2-3_s10_et3,5_1.ai","D:\AI\AITRASH\LIBRARY\02_CATALOG\02_PRESALE_Поздняково\01_ARTIFACTS\МКД2\Корпус 2.3\POZD_WEB_K2-3_s10_et3,5_1.png","175032","1047c47cdfc751dbcead82b688f42be82d167517f26ce293afe9fb99aeaf5e07","true","calculated","200","200","1.875569556","1","[713.736219,764.312008,1206.263781,315.562992]","492.527562","448.749016","2032","10","[{""width_pt"":0.75,""count"":906},{""width_pt"":1,""count"":100}]","1006","[{""width_pt"":0.75,""count"":1006}]","[{""width_pt"":0.75,""count"":1006}]","0","[108.097438,1048.249016,1091.902562,151.750984]","983.805124","896.498032","600","600","[{""index"":0,""name"":""Монтажная область 1"",""rect"":[0,1200,1200,0],""width"":1200,""height"":1200}]","true","true","true","true","true","D:\AI\AITRASH\workspaces\project - Изменение масштаба для планировок квартир\09_outputs\_full_wip\20260727_full_mkd2\Корпус 2.3\х200_POZD_WEB_K2-3_s10_et3,5_1.ai","D:\AI\AITRASH\workspaces\project - Изменение масштаба для планировок квартир\09_outputs\_full_wip\20260727_full_mkd2\Корпус 2.3\х200_POZD_WEB_K2-3_s10_et3,5_1.png","D:\AI\AITRASH\workspaces\project - Изменение масштаба для планировок квартир\09_outputs\_diagnostics\full_20260727_full_mkd2\details\219_POZD_WEB_K2-3_s10_et3,5_1_attempt1.json","Pixel-native AI подтверждён после повторного открытия; обводки 0.75 px; s_raw=1.875569556."
"215_235_20260727_143245","220","1","OK","2026-07-27T14:35:47","Корпус 2.3/POZD_WEB_K2-3_s10_et3,5_2.ai","Корпус 2.3","D:\AI\AITRASH\LIBRARY\02_CATALOG\02_PRESALE_Поздняково\01_ARTIFACTS\МКД2\Корпус 2.3\POZD_WEB_K2-3_s10_et3,5_2.ai","D:\AI\AITRASH\LIBRARY\02_CATALOG\02_PRESALE_Поздняково\01_ARTIFACTS\МКД2\Корпус 2.3\POZD_WEB_K2-3_s10_et3,5_2.png","143426","25215302edca2146c40a29e540c8731b23502e009bbc20756de60fdab801e204","true","calculated","200","200","2.190113942","1","[809.763779,784.279528,1111.111221,295.720472]","301.347442","488.559056","1381","10","[{""width_pt"":0.75,""count"":609},{""width_pt"":1,""count"":69}]","678","[{""width_pt"":0.75,""count"":678}]","[{""width_pt"":0.75,""count"":678}]","0","[299.152559,1087.934056,900.847441,112.065944]","601.694882","975.868112","600","600","[{""index"":0,""name"":""Монтажная область 1"",""rect"":[0,1200,1200,0],""width"":1200,""height"":1200}]","true","true","true","true","true","D:\AI\AITRASH\workspaces\project - Изменение масштаба для планировок квартир\09_outputs\_full_wip\20260727_full_mkd2\Корпус 2.3\х200_POZD_WEB_K2-3_s10_et3,5_2.ai","D:\AI\AITRASH\workspaces\project - Изменение масштаба для планировок квартир\09_outputs\_full_wip\20260727_full_mkd2\Корпус 2.3\х200_POZD_WEB_K2-3_s10_et3,5_2.png","D:\AI\AITRASH\workspaces\project - Изменение масштаба для планировок квартир\09_outputs\_diagnostics\full_20260727_full_mkd2\details\220_POZD_WEB_K2-3_s10_et3,5_2_attempt1.json","Pixel-native AI подтверждён после повторного открытия; обводки 0.75 px; s_raw=2.190113942."
"215_235_20260727_143245","221","1","OK","2026-07-27T14:36:12","Корпус 2.3/POZD_WEB_K2-3_s10_et3,5_4.ai","Корпус 2.3","D:\AI\AITRASH\LIBRARY\02_CATALOG\02_PRESALE_Поздняково\01_ARTIFACTS\МКД2\Корпус 2.3\POZD_WEB_K2-3_s10_et3,5_4.ai","D:\AI\AITRASH\LIBRARY\02_CATALOG\02_PRESALE_Поздняково\01_ARTIFACTS\МКД2\Корпус 2.3\POZD_WEB_K2-3_s10_et3,5_4.png","203813","3f75a1cd56ed884c45599970ab1ad02f0f5185225b99a15b7d085acbed40f17d","true","calculated","170","170","1.695662299","1","[673.700774,776.275591,1247.299226,304.849409]","573.598452","471.426182","2527","10","[{""width_pt"":0.75,""count"":1123},{""width_pt"":1,""count"":126}]","1249","[{""width_pt"":0.75,""count"":1249}]","[{""width_pt"":0.75,""count"":1249}]","0","[112.916317,1000.343504,1087.083683,199.656496]","974.167366","800.687008","600","600","[{""index"":0,""name"":""Монтажная область 1"",""rect"":[0,1200,1200,0],""width"":1200,""height"":1200}]","true","true","true","true","true","D:\AI\AITRASH\workspaces\project - Изменение масштаба для планировок квартир\09_outputs\_full_wip\20260727_full_mkd2\Корпус 2.3\х170_POZD_WEB_K2-3_s10_et3,5_4.ai","D:\AI\AITRASH\workspaces\project - Изменение масштаба для планировок квартир\09_outputs\_full_wip\20260727_full_mkd2\Корпус 2.3\х170_POZD_WEB_K2-3_s10_et3,5_4.png","D:\AI\AITRASH\workspaces\project - Изменение масштаба для планировок квартир\09_outputs\_diagnostics\full_20260727_full_mkd2\details\221_POZD_WEB_K2-3_s10_et3,5_4_attempt1.json","Pixel-native AI подтверждён после повторного открытия; обводки 0.75 px; s_raw=1.695662299."
"215_235_20260727_143245","222","1","OK","2026-07-27T14:36:44","Корпус 2.3/POZD_WEB_K2-3_s10_et3,5_6.ai","Корпус 2.3","D:\AI\AITRASH\LIBRARY\02_CATALOG\02_PRESALE_Поздняково\01_ARTIFACTS\МКД2\Корпус 2.3\POZD_WEB_K2-3_s10_et3,5_6.ai","D:\AI\AITRASH\LIBRARY\02_CATALOG\02_PRESALE_Поздняково\01_ARTIFACTS\МКД2\Корпус 2.3\POZD_WEB_K2-3_s10_et3,5_6.png","205177","db3639e38a98902691940124a87acd46e917a18e0c66fa29df6c8609df55eb9c","true","calculated","120","120","1.208480438","1","[517.795275,762.027562,1403.204725,317.972438]","885.40945","444.055124","2927","10","[{""width_pt"":0.75,""count"":1306},{""width_pt"":1,""count"":143}]","1449","[{""width_pt"":0.75,""count"":1449}]","[{""width_pt"":0.75,""count"":1449}]","0","[68.979331,866.208074,1131.020669,333.791926]","1062.041338","532.416148","600","600","[{""index"":0,""name"":""Монтажная область 1"",""rect"":[0,1200,1200,0],""width"":1200,""height"":1200}]","true","true","true","true","true","D:\AI\AITRASH\workspaces\project - Изменение масштаба для планировок квартир\09_outputs\_full_wip\20260727_full_mkd2\Корпус 2.3\х120_POZD_WEB_K2-3_s10_et3,5_6.ai","D:\AI\AITRASH\workspaces\project - Изменение масштаба для планировок квартир\09_outputs\_full_wip\20260727_full_mkd2\Корпус 2.3\х120_POZD_WEB_K2-3_s10_et3,5_6.png","D:\AI\AITRASH\workspaces\project - Изменение масштаба для планировок квартир\09_outputs\_diagnostics\full_20260727_full_mkd2\details\222_POZD_WEB_K2-3_s10_et3,5_6_attempt1.json","Pixel-native AI подтверждён после повторного открытия; обводки 0.75 px; s_raw=1.208480438."
"215_235_20260727_143245","223","1","OK","2026-07-27T14:37:19","Корпус 2.3/POZD_WEB_K2-3_s10_et3_3.ai","Корпус 2.3","D:\AI\AITRASH\LIBRARY\02_CATALOG\02_PRESALE_Поздняково\01_ARTIFACTS\МКД2\Корпус 2.3\POZD_WEB_K2-3_s10_et3_3.ai","D:\AI\AITRASH\LIBRARY\02_CATALOG\02_PRESALE_Поздняково\01_ARTIFACTS\МКД2\Корпус 2.3\POZD_WEB_K2-3_s10_et3_3.png","193857","7f651c53eba60416017dc461398c24df718e4ec2c7d4cc29ff0875a217148424","true","calculated","170","170","1.695662296","1","[673.700773,776.275591,1247.299227,304.849409]","573.598454","471.426182","2420","10","[{""width_pt"":0.75,""count"":1087},{""width_pt"":1,""count"":108}]","1195","[{""width_pt"":0.75,""count"":1195}]","[{""width_pt"":0.75,""count"":1195}]","0","[112.916314,1000.343504,1087.083686,199.656496]","974.167372","800.687008","600","600","[{""index"":0,""name"":""Монтажная область 1"",""rect"":[0,1200,1200,0],""width"":1200,""height"":1200}]","true","true","true","true","true","D:\AI\AITRASH\workspaces\project - Изменение масштаба для планировок квартир\09_outputs\_full_wip\20260727_full_mkd2\Корпус 2.3\х170_POZD_WEB_K2-3_s10_et3_3.ai","D:\AI\AITRASH\workspaces\project - Изменение масштаба для планировок квартир\09_outputs\_full_wip\20260727_full_mkd2\Корпус 2.3\х170_POZD_WEB_K2-3_s10_et3_3.png","D:\AI\AITRASH\workspaces\project - Изменение масштаба для планировок квартир\09_outputs\_diagnostics\full_20260727_full_mkd2\details\223_POZD_WEB_K2-3_s10_et3_3_attempt1.json","Pixel-native AI подтверждён после повторного открытия; обводки 0.75 px; s_raw=1.695662296."
"215_235_20260727_143245","224","1","OK","2026-07-27T14:37:49","Корпус 2.3/POZD_WEB_K2-3_s10_et4_1.ai","Корпус 2.3","D:\AI\AITRASH\LIBRARY\02_CATALOG\02_PRESALE_Поздняково\01_ARTIFACTS\МКД2\Корпус 2.3\POZD_WEB_K2-3_s10_et4_1.ai","D:\AI\AITRASH\LIBRARY\02_CATALOG\02_PRESALE_Поздняково\01_ARTIFACTS\МКД2\Корпус 2.3\POZD_WEB_K2-3_s10_et4_1.png","178902","f56ddf8cc464ae005756614dc626cc3027cfa5404690fe1b4ff9d97f2ad5f802","true","calculated","170","170","1.806312963","1","[710.551181,778.343504,1210.448819,301.656496]","499.897638","476.687008","2062","11","[{""width_pt"":0.75,""count"":920},{""width_pt"":1,""count"":99}]","1019","[{""width_pt"":0.75,""count"":1019}]","[{""width_pt"":0.75,""count"":1019}]","0","[175.562007,1004.921457,1024.437993,195.078543]","848.875986","809.842914","600","600","[{""index"":0,""name"":""Монтажная область 1"",""rect"":[0,1200,1200,0],""width"":1200,""height"":1200}]","true","true","true","true","true","D:\AI\AITRASH\workspaces\project - Изменение масштаба для планировок квартир\09_outputs\_full_wip\20260727_full_mkd2\Корпус 2.3\х170_POZD_WEB_K2-3_s10_et4_1.ai","D:\AI\AITRASH\workspaces\project - Изменение масштаба для планировок квартир\09_outputs\_full_wip\20260727_full_mkd2\Корпус 2.3\х170_POZD_WEB_K2-3_s10_et4_1.png","D:\AI\AITRASH\workspaces\project - Изменение масштаба для планировок квартир\09_outputs\_diagnostics\full_20260727_full_mkd2\details\224_POZD_WEB_K2-3_s10_et4_1_attempt1.json","Pixel-native AI подтверждён после повторного открытия; обводки 0.75 px; s_raw=1.806312963."
"215_235_20260727_143245","225","1","OK","2026-07-27T14:38:19","Корпус 2.3/POZD_WEB_K2-3_s10_et4_2.ai","Корпус 2.3","D:\AI\AITRASH\LIBRARY\02_CATALOG\02_PRESALE_Поздняково\01_ARTIFACTS\МКД2\Корпус 2.3\POZD_WEB_K2-3_s10_et4_2.ai","D:\AI\AITRASH\LIBRARY\02_CATALOG\02_PRESALE_Поздняково\01_ARTIFACTS\МКД2\Корпус 2.3\POZD_WEB_K2-3_s10_et4_2.png","143233","7ca2674e210633806a47709d9c74db46ea3f8de97f529e500ff1399b97c45dd5","true","calculated","200","200","2.190113942","1","[809.763779,784.279528,1111.111221,295.720472]","301.347442","488.559056","1381","10","[{""width_pt"":0.75,""count"":609},{""width_pt"":1,""count"":69}]","678","[{""width_pt"":0.75,""count"":678}]","[{""width_pt"":0.75,""count"":678}]","0","[299.152559,1087.934056,900.847441,112.065944]","601.694882","975.868112","600","600","[{""index"":0,""name"":""Монтажная область 1"",""rect"":[0,1200,1200,0],""width"":1200,""height"":1200}]","true","true","true","true","true","D:\AI\AITRASH\workspaces\project - Изменение масштаба для планировок квартир\09_outputs\_full_wip\20260727_full_mkd2\Корпус 2.3\х200_POZD_WEB_K2-3_s10_et4_2.ai","D:\AI\AITRASH\workspaces\project - Изменение масштаба для планировок квартир\09_outputs\_full_wip\20260727_full_mkd2\Корпус 2.3\х200_POZD_WEB_K2-3_s10_et4_2.png","D:\AI\AITRASH\workspaces\project - Изменение масштаба для планировок квартир\09_outputs\_diagnostics\full_20260727_full_mkd2\details\225_POZD_WEB_K2-3_s10_et4_2_attempt1.json","Pixel-native AI подтверждён после повторного открытия; обводки 0.75 px; s_raw=2.190113942."
"215_235_20260727_143245","226","1","OK","2026-07-27T14:38:43","Корпус 2.3/POZD_WEB_K2-3_s10_et4_3.ai","Корпус 2.3","D:\AI\AITRASH\LIBRARY\02_CATALOG\02_PRESALE_Поздняково\01_ARTIFACTS\МКД2\Корпус 2.3\POZD_WEB_K2-3_s10_et4_3.ai","D:\AI\AITRASH\LIBRARY\02_CATALOG\02_PRESALE_Поздняково\01_ARTIFACTS\МКД2\Корпус 2.3\POZD_WEB_K2-3_s10_et4_3.png","193426","96be20ab5b68aa5c8b39cf36f1ee866627bf1fd627e5f2c668c47d8817c2308f","true","calculated","170","170","1.69566229","1","[673.700771,776.275591,1247.299229,304.849409]","573.598458","471.426182","2420","10","[{""width_pt"":0.75,""count"":1087},{""width_pt"":1,""count"":108}]","1195","[{""width_pt"":0.75,""count"":1195}]","[{""width_pt"":0.75,""count"":1195}]","0","[112.916311,1000.343504,1087.083689,199.656496]","974.167378","800.687008","600","600","[{""index"":0,""name"":""Монтажная область 1"",""rect"":[0,1200,1200,0],""width"":1200,""height"":1200}]","true","true","true","true","true","D:\AI\AITRASH\workspaces\project - Изменение масштаба для планировок квартир\09_outputs\_full_wip\20260727_full_mkd2\Корпус 2.3\х170_POZD_WEB_K2-3_s10_et4_3.ai","D:\AI\AITRASH\workspaces\project - Изменение масштаба для планировок квартир\09_outputs\_full_wip\20260727_full_mkd2\Корпус 2.3\х170_POZD_WEB_K2-3_s10_et4_3.png","D:\AI\AITRASH\workspaces\project - Изменение масштаба для планировок квартир\09_outputs\_diagnostics\full_20260727_full_mkd2\details\226_POZD_WEB_K2-3_s10_et4_3_attempt1.json","Pixel-native AI подтверждён после повторного открытия; обводки 0.75 px; s_raw=1.69566229."
"215_235_20260727_143245","227","1","OK","2026-07-27T14:39:15","Корпус 2.3/POZD_WEB_K2-3_s10_et4_4.ai","Корпус 2.3","D:\AI\AITRASH\LIBRARY\02_CATALOG\02_PRESALE_Поздняково\01_ARTIFACTS\МКД2\Корпус 2.3\POZD_WEB_K2-3_s10_et4_4.ai","D:\AI\AITRASH\LIBRARY\02_CATALOG\02_PRESALE_Поздняково\01_ARTIFACTS\МКД2\Корпус 2.3\POZD_WEB_K2-3_s10_et4_4.png","213078","ed3a1dce5abc744f34338848e706565fc0c5221ee6c6b45307ce1cb54230ed6f","true","calculated","170","170","1.647545892","1","[673.700771,790.182087,1247.299229,290.817913]","573.598458","499.364174","2701","12","[{""width_pt"":0.75,""count"":1195},{""width_pt"":1,""count"":138}]","1333","[{""width_pt"":0.75,""count"":1333}]","[{""width_pt"":0.75,""count"":1333}]","0","[112.916311,1024.197047,1087.083689,175.802953]","974.167378","848.394094","600","600","[{""index"":0,""name"":""Монтажная область 1"",""rect"":[0,1200,1200,0],""width"":1200,""height"":1200}]","true","true","true","true","true","D:\AI\AITRASH\workspaces\project - Изменение масштаба для планировок квартир\09_outputs\_full_wip\20260727_full_mkd2\Корпус 2.3\х170_POZD_WEB_K2-3_s10_et4_4.ai","D:\AI\AITRASH\workspaces\project - Изменение масштаба для планировок квартир\09_outputs\_full_wip\20260727_full_mkd2\Корпус 2.3\х170_POZD_WEB_K2-3_s10_et4_4.png","D:\AI\AITRASH\workspaces\project - Изменение масштаба для планировок квартир\09_outputs\_diagnostics\full_20260727_full_mkd2\details\227_POZD_WEB_K2-3_s10_et4_4_attempt1.json","Pixel-native AI подтверждён после повторного открытия; обводки 0.75 px; s_raw=1.647545892."
"215_235_20260727_143245","228","1","OK","2026-07-27T14:39:52","Корпус 2.3/POZD_WEB_K2-3_s10_et4_5.ai","Корпус 2.3","D:\AI\AITRASH\LIBRARY\02_CATALOG\02_PRESALE_Поздняково\01_ARTIFACTS\МКД2\Корпус 2.3\POZD_WEB_K2-3_s10_et4_5.ai","D:\AI\AITRASH\LIBRARY\02_CATALOG\02_PRESALE_Поздняково\01_ARTIFACTS\МКД2\Корпус 2.3\POZD_WEB_K2-3_s10_et4_5.png","239236","9e8502c0b4665e2b1ae9e1b2a636a2d2766b6de0c22ab0143bda42836a3ce4b7","true","calculated","120","120","1.335652807","1","[656.834645,899.31596,1264.040355,181.55904]","607.20571","717.75692","3451","11","[{""width_pt"":0.75,""count"":1542},{""width_pt"":1,""count"":169}]","1711","[{""width_pt"":0.75,""count"":1711}]","[{""width_pt"":0.75,""count"":1711}]","0","[235.826574,1030.504152,964.173426,169.495848]","728.346852","861.008304","600","600","[{""index"":0,""name"":""Монтажная область 1"",""rect"":[0,1200,1200,0],""width"":1200,""height"":1200}]","true","true","true","true","true","D:\AI\AITRASH\workspaces\project - Изменение масштаба для планировок квартир\09_outputs\_full_wip\20260727_full_mkd2\Корпус 2.3\х120_POZD_WEB_K2-3_s10_et4_5.ai","D:\AI\AITRASH\workspaces\project - Изменение масштаба для планировок квартир\09_outputs\_full_wip\20260727_full_mkd2\Корпус 2.3\х120_POZD_WEB_K2-3_s10_et4_5.png","D:\AI\AITRASH\workspaces\project - Изменение масштаба для планировок квартир\09_outputs\_diagnostics\full_20260727_full_mkd2\details\228_POZD_WEB_K2-3_s10_et4_5_attempt1.json","Pixel-native AI подтверждён после повторного открытия; обводки 0.75 px; s_raw=1.335652807."
"215_235_20260727_143245","229","1","OK","2026-07-27T14:40:36","Корпус 2.3/POZD_WEB_K2-3_s10_et4_6.ai","Корпус 2.3","D:\AI\AITRASH\LIBRARY\02_CATALOG\02_PRESALE_Поздняково\01_ARTIFACTS\МКД2\Корпус 2.3\POZD_WEB_K2-3_s10_et4_6.ai","D:\AI\AITRASH\LIBRARY\02_CATALOG\02_PRESALE_Поздняково\01_ARTIFACTS\МКД2\Корпус 2.3\POZD_WEB_K2-3_s10_et4_6.png","204643","066c43f82ce7f3fae3d593751406a067de6bb5b41537ed3ddf6f6b6ade462659","true","calculated","120","120","1.208480438","1","[517.795275,762.102355,1403.204725,318.897645]","885.40945","443.20471","2905","10","[{""width_pt"":0.75,""count"":1297},{""width_pt"":1,""count"":141}]","1438","[{""width_pt"":0.75,""count"":1438}]","[{""width_pt"":0.75,""count"":1438}]","0","[68.979331,865.697826,1131.020669,334.302174]","1062.041338","531.395652","600","600","[{""index"":0,""name"":""Монтажная область 1"",""rect"":[0,1200,1200,0],""width"":1200,""height"":1200}]","true","true","true","true","true","D:\AI\AITRASH\workspaces\project - Изменение масштаба для планировок квартир\09_outputs\_full_wip\20260727_full_mkd2\Корпус 2.3\х120_POZD_WEB_K2-3_s10_et4_6.ai","D:\AI\AITRASH\workspaces\project - Изменение масштаба для планировок квартир\09_outputs\_full_wip\20260727_full_mkd2\Корпус 2.3\х120_POZD_WEB_K2-3_s10_et4_6.png","D:\AI\AITRASH\workspaces\project - Изменение масштаба для планировок квартир\09_outputs\_diagnostics\full_20260727_full_mkd2\details\229_POZD_WEB_K2-3_s10_et4_6_attempt1.json","Pixel-native AI подтверждён после повторного открытия; обводки 0.75 px; s_raw=1.208480438."
"215_235_20260727_143245","230","1","OK","2026-07-27T14:41:10","Корпус 2.3/POZD_WEB_K2-3_s10_et6_3.ai","Корпус 2.3","D:\AI\AITRASH\LIBRARY\02_CATALOG\02_PRESALE_Поздняково\01_ARTIFACTS\МКД2\Корпус 2.3\POZD_WEB_K2-3_s10_et6_3.ai","D:\AI\AITRASH\LIBRARY\02_CATALOG\02_PRESALE_Поздняково\01_ARTIFACTS\МКД2\Корпус 2.3\POZD_WEB_K2-3_s10_et6_3.png","197972","a886e6ea8e2bc0129cb84c0d92ba4aa491cfb83589bc7b6fa8fd6ddc45e2e03d","true","calculated","170","170","1.647409391","1","[673.700779,790.223472,1247.299221,290.776528]","573.598442","499.446944","2450","11","[{""width_pt"":0.75,""count"":1100},{""width_pt"":1,""count"":108}]","1208","[{""width_pt"":0.75,""count"":1208}]","[{""width_pt"":0.75,""count"":1208}]","0","[112.916324,1024.267403,1087.083676,175.732597]","974.167352","848.534806","600","600","[{""index"":0,""name"":""Монтажная область 1"",""rect"":[0,1200,1200,0],""width"":1200,""height"":1200}]","true","true","true","true","true","D:\AI\AITRASH\workspaces\project - Изменение масштаба для планировок квартир\09_outputs\_full_wip\20260727_full_mkd2\Корпус 2.3\х170_POZD_WEB_K2-3_s10_et6_3.ai","D:\AI\AITRASH\workspaces\project - Изменение масштаба для планировок квартир\09_outputs\_full_wip\20260727_full_mkd2\Корпус 2.3\х170_POZD_WEB_K2-3_s10_et6_3.png","D:\AI\AITRASH\workspaces\project - Изменение масштаба для планировок квартир\09_outputs\_diagnostics\full_20260727_full_mkd2\details\230_POZD_WEB_K2-3_s10_et6_3_attempt1.json","Pixel-native AI подтверждён после повторного открытия; обводки 0.75 px; s_raw=1.647409391."
"215_235_20260727_143245","231","1","OK","2026-07-27T14:41:42","Корпус 2.3/POZD_WEB_K2-3_s10_et6_4.ai","Корпус 2.3","D:\AI\AITRASH\LIBRARY\02_CATALOG\02_PRESALE_Поздняково\01_ARTIFACTS\МКД2\Корпус 2.3\POZD_WEB_K2-3_s10_et6_4.ai","D:\AI\AITRASH\LIBRARY\02_CATALOG\02_PRESALE_Поздняково\01_ARTIFACTS\МКД2\Корпус 2.3\POZD_WEB_K2-3_s10_et6_4.png","209516","afbaea7f98366f7e13fc1202affcad4be079fd6ca66b2156468793bdf5343c48","true","calculated","170","170","1.647409391","1","[673.700779,790.223472,1247.299221,290.776528]","573.598442","499.446944","2550","11","[{""width_pt"":0.75,""count"":1132},{""width_pt"":1,""count"":126}]","1258","[{""width_pt"":0.75,""count"":1258}]","[{""width_pt"":0.75,""count"":1258}]","0","[112.916324,1024.267403,1087.083676,175.732597]","974.167352","848.534806","600","600","[{""index"":0,""name"":""Монтажная область 1"",""rect"":[0,1200,1200,0],""width"":1200,""height"":1200}]","true","true","true","true","true","D:\AI\AITRASH\workspaces\project - Изменение масштаба для планировок квартир\09_outputs\_full_wip\20260727_full_mkd2\Корпус 2.3\х170_POZD_WEB_K2-3_s10_et6_4.ai","D:\AI\AITRASH\workspaces\project - Изменение масштаба для планировок квартир\09_outputs\_full_wip\20260727_full_mkd2\Корпус 2.3\х170_POZD_WEB_K2-3_s10_et6_4.png","D:\AI\AITRASH\workspaces\project - Изменение масштаба для планировок квартир\09_outputs\_diagnostics\full_20260727_full_mkd2\details\231_POZD_WEB_K2-3_s10_et6_4_attempt1.json","Pixel-native AI подтверждён после повторного открытия; обводки 0.75 px; s_raw=1.647409391."
"215_235_20260727_143245","232","1","OK","2026-07-27T14:42:16","Корпус 2.3/POZD_WEB_K2-3_s10_et6_5.ai","Корпус 2.3","D:\AI\AITRASH\LIBRARY\02_CATALOG\02_PRESALE_Поздняково\01_ARTIFACTS\МКД2\Корпус 2.3\POZD_WEB_K2-3_s10_et6_5.ai","D:\AI\AITRASH\LIBRARY\02_CATALOG\02_PRESALE_Поздняково\01_ARTIFACTS\МКД2\Корпус 2.3\POZD_WEB_K2-3_s10_et6_5.png","160972","2ea7d1d9d2face815efc7c6d88681b6e23ad8377db7e2c04be9a658477266749","true","calculated","200","200","2.148412892","1","[781.84252,776.275591,1139.15748,304.849409]","357.31496","471.426182","1747","10","[{""width_pt"":0.75,""count"":784},{""width_pt"":1,""count"":79}]","863","[{""width_pt"":0.75,""count"":863}]","[{""width_pt"":0.75,""count"":863}]","0","[243.31004,1070.926181,956.68996,129.073819]","713.37992","941.852362","600","600","[{""index"":0,""name"":""Монтажная область 1"",""rect"":[0,1200,1200,0],""width"":1200,""height"":1200}]","true","true","true","true","true","D:\AI\AITRASH\workspaces\project - Изменение масштаба для планировок квартир\09_outputs\_full_wip\20260727_full_mkd2\Корпус 2.3\х200_POZD_WEB_K2-3_s10_et6_5.ai","D:\AI\AITRASH\workspaces\project - Изменение масштаба для планировок квартир\09_outputs\_full_wip\20260727_full_mkd2\Корпус 2.3\х200_POZD_WEB_K2-3_s10_et6_5.png","D:\AI\AITRASH\workspaces\project - Изменение масштаба для планировок квартир\09_outputs\_diagnostics\full_20260727_full_mkd2\details\232_POZD_WEB_K2-3_s10_et6_5_attempt1.json","Pixel-native AI подтверждён после повторного открытия; обводки 0.75 px; s_raw=2.148412892."
"215_235_20260727_143245","234","1","OK","2026-07-27T14:42:41","Корпус 2.3/POZD_WEB_K2-3_s11_et1_4.ai","Корпус 2.3","D:\AI\AITRASH\LIBRARY\02_CATALOG\02_PRESALE_Поздняково\01_ARTIFACTS\МКД2\Корпус 2.3\POZD_WEB_K2-3_s11_et1_4.ai","D:\AI\AITRASH\LIBRARY\02_CATALOG\02_PRESALE_Поздняково\01_ARTIFACTS\МКД2\Корпус 2.3\POZD_WEB_K2-3_s11_et1_4.png","261197","33e1f73872ca17c9aff26e183b91f322a54b0ab7863a44cc0162d7a242cea05d","true","calculated","170","170","1.651307857","1","[636.51438,736.088039,1284.48562,343.906941]","647.97124","392.181098","3529","14","[{""width_pt"":0.75,""count"":1621},{""width_pt"":1,""count"":121}]","1742","[{""width_pt"":0.75,""count"":1742}]","[{""width_pt"":0.75,""count"":1742}]","0","[49.699447,932.8832,1150.300553,267.1168]","1100.601106","665.7664","600","600","[{""index"":0,""name"":""Монтажная область 1"",""rect"":[0,1200,1200,0],""width"":1200,""height"":1200}]","true","true","true","true","true","D:\AI\AITRASH\workspaces\project - Изменение масштаба для планировок квартир\09_outputs\_full_wip\20260727_full_mkd2\Корпус 2.3\х170_POZD_WEB_K2-3_s11_et1_4.ai","D:\AI\AITRASH\workspaces\project - Изменение масштаба для планировок квартир\09_outputs\_full_wip\20260727_full_mkd2\Корпус 2.3\х170_POZD_WEB_K2-3_s11_et1_4.png","D:\AI\AITRASH\workspaces\project - Изменение масштаба для планировок квартир\09_outputs\_diagnostics\full_20260727_full_mkd2\details\234_POZD_WEB_K2-3_s11_et1_4_attempt1.json","Pixel-native AI подтверждён после повторного открытия; обводки 0.75 px; s_raw=1.651307857."
"215_235_20260727_143245","235","1","OK","2026-07-27T14:43:31","Корпус 2.3/POZD_WEB_K2-3_s11_et1_5.ai","Корпус 2.3","D:\AI\AITRASH\LIBRARY\02_CATALOG\02_PRESALE_Поздняково\01_ARTIFACTS\МКД2\Корпус 2.3\POZD_WEB_K2-3_s11_et1_5.ai","D:\AI\AITRASH\LIBRARY\02_CATALOG\02_PRESALE_Поздняково\01_ARTIFACTS\МКД2\Корпус 2.3\POZD_WEB_K2-3_s11_et1_5.png","251711","4b1c0cb585b7c98dc95b9d93b905e1018e1b1204616679788300082091944f1c","true","calculated","170","170","1.813657223","1","[667.553759,742.262701,1253.321241,338.743022]","585.767482","403.519679","3343","15","[{""width_pt"":0.75,""count"":1536},{""width_pt"":1,""count"":120}]","1656","[{""width_pt"":0.75,""count"":1656}]","[{""width_pt"":0.75,""count"":1656}]","0","[102.466391,942.521591,1097.533609,257.478409]","995.067218","685.043182","600","600","[{""index"":0,""name"":""Монтажная область 1"",""rect"":[0,1200,1200,0],""width"":1200,""height"":1200}]","true","true","true","true","true","D:\AI\AITRASH\workspaces\project - Изменение масштаба для планировок квартир\09_outputs\_full_wip\20260727_full_mkd2\Корпус 2.3\х170_POZD_WEB_K2-3_s11_et1_5.ai","D:\AI\AITRASH\workspaces\project - Изменение масштаба для планировок квартир\09_outputs\_full_wip\20260727_full_mkd2\Корпус 2.3\х170_POZD_WEB_K2-3_s11_et1_5.png","D:\AI\AITRASH\workspaces\project - Изменение масштаба для планировок квартир\09_outputs\_diagnostics\full_20260727_full_mkd2\details\235_POZD_WEB_K2-3_s11_et1_5_attempt1.json","Pixel-native AI подтверждён после повторного открытия; обводки 0.75 px; s_raw=1.813657223."
"233_233_20260727_113658","233","1","OK","2026-07-27T11:37:01","Корпус 2.3/POZD_WEB_K2-3_s10_et6_6.ai","Корпус 2.3","D:\AI\AITRASH\LIBRARY\02_CATALOG\02_PRESALE_Поздняково\01_ARTIFACTS\МКД2\Корпус 2.3\POZD_WEB_K2-3_s10_et6_6.ai","D:\AI\AITRASH\LIBRARY\02_CATALOG\02_PRESALE_Поздняково\01_ARTIFACTS\МКД2\Корпус 2.3\POZD_WEB_K2-3_s10_et6_6.png","446354","5dd086afca2f288af8e795e6f5ffa1407ff2b2f7465f140b3d2727828eb5a305","true","calculated","100","100","0.892090718","1","[503.763779,1075.330719,1417.111221,5.669281]","913.347442","1069.661438","7729","16","[{""width_pt"":0.75,""count"":3604},{""width_pt"":1,""count"":226}]","3830","[{""width_pt"":0.75,""count"":3830}]","[{""width_pt"":0.75,""count"":3830}]","0","[143.388779,1134.705719,1056.611221,65.294281]","913.222442","1069.411438","600","600","[{""index"":0,""name"":""Монтажная область 1"",""rect"":[0,1200,1200,0],""width"":1200,""height"":1200}]","true","true","true","regression_proven","true","D:\AI\AITRASH\workspaces\project - Изменение масштаба для планировок квартир\09_outputs\_full_wip\20260727_full_mkd2\Корпус 2.3\х100_POZD_WEB_K2-3_s10_et6_6.ai","D:\AI\AITRASH\workspaces\project - Изменение масштаба для планировок квартир\09_outputs\_full_wip\20260727_full_mkd2\Корпус 2.3\х100_POZD_WEB_K2-3_s10_et6_6.png","D:\AI\AITRASH\workspaces\project - Изменение масштаба для планировок квартир\09_outputs\_diagnostics\full_20260727_full_mkd2\details\233_POZD_WEB_K2-3_s10_et6_6_attempt1.json","Pixel-native AI подтверждён после повторного открытия; обводки 0.75 px; s_raw=0.892090718."
"233_233_20260727_162820","233","2","OK","2026-07-27T16:28:20","Корпус 2.3/POZD_WEB_K2-3_s10_et6_6.ai","Корпус 2.3","D:\AI\AITRASH\LIBRARY\02_CATALOG\02_PRESALE_Поздняково\01_ARTIFACTS\МКД2\Корпус 2.3\POZD_WEB_K2-3_s10_et6_6.ai","D:\AI\AITRASH\LIBRARY\02_CATALOG\02_PRESALE_Поздняково\01_ARTIFACTS\МКД2\Корпус 2.3\POZD_WEB_K2-3_s10_et6_6.png","446354","5dd086afca2f288af8e795e6f5ffa1407ff2b2f7465f140b3d2727828eb5a305","true","calculated","100","100","0.892090718","1","[503.763779,1075.330719,1417.111221,5.669281]","913.347442","1069.661438","7729","16","[{""width_pt"":0.75,""count"":3604},{""width_pt"":1,""count"":226}]","3830","[{""width_pt"":0.75,""count"":3830}]","[{""width_pt"":0.75,""count"":3830}]","0","[143.388779,1134.705719,1056.611221,65.294281]","913.222442","1069.411438","600","600","[{""index"":0,""name"":""Монтажная область 1"",""rect"":[0,1200,1200,0],""width"":1200,""height"":1200}]","true","true","true","true","true","D:\AI\AITRASH\workspaces\project - Изменение масштаба для планировок квартир\09_outputs\_full_wip\20260727_full_mkd2\Корпус 2.3\х100_POZD_WEB_K2-3_s10_et6_6.ai","D:\AI\AITRASH\workspaces\project - Изменение масштаба для планировок квартир\09_outputs\_full_wip\20260727_full_mkd2\Корпус 2.3\х100_POZD_WEB_K2-3_s10_et6_6.png","D:\AI\AITRASH\workspaces\project - Изменение масштаба для планировок квартир\09_outputs\_diagnostics\full_20260727_full_mkd2\details\233_POZD_WEB_K2-3_s10_et6_6_attempt2.json","Pixel-native AI подтверждён после повторного открытия; обводки 0.75 px; s_raw=0.892090718."
"236_256_20260727_144532","236","1","OK","2026-07-27T14:45:32","Корпус 2.3/POZD_WEB_K2-3_s11_et1_6.ai","Корпус 2.3","D:\AI\AITRASH\LIBRARY\02_CATALOG\02_PRESALE_Поздняково\01_ARTIFACTS\МКД2\Корпус 2.3\POZD_WEB_K2-3_s11_et1_6.ai","D:\AI\AITRASH\LIBRARY\02_CATALOG\02_PRESALE_Поздняково\01_ARTIFACTS\МКД2\Корпус 2.3\POZD_WEB_K2-3_s11_et1_6.png","281280","9ac87d31d087a4c9afbe78525b1329b74d8bb2b3f25a7a3c236c70950c5694fb","true","calculated","200","200","1.945969249","1","[698.734862,736.088793,1222.265138,343.907703]","523.530276","392.18109","4017","14","[{""width_pt"":0.75,""count"":1868},{""width_pt"":1,""count"":117}]","1985","[{""width_pt"":0.75,""count"":1985}]","[{""width_pt"":0.75,""count"":1985}]","0","[77.094723,991.559594,1122.905277,208.440406]","1045.810554","783.119188","600","600","[{""index"":0,""name"":""Монтажная область 1"",""rect"":[0,1200,1200,0],""width"":1200,""height"":1200}]","true","true","true","true","true","D:\AI\AITRASH\workspaces\project - Изменение масштаба для планировок квартир\09_outputs\_full_wip\20260727_full_mkd2\Корпус 2.3\х200_POZD_WEB_K2-3_s11_et1_6.ai","D:\AI\AITRASH\workspaces\project - Изменение масштаба для планировок квартир\09_outputs\_full_wip\20260727_full_mkd2\Корпус 2.3\х200_POZD_WEB_K2-3_s11_et1_6.png","D:\AI\AITRASH\workspaces\project - Изменение масштаба для планировок квартир\09_outputs\_diagnostics\full_20260727_full_mkd2\details\236_POZD_WEB_K2-3_s11_et1_6_attempt1.json","Pixel-native AI подтверждён после повторного открытия; обводки 0.75 px; s_raw=1.945969249."
"236_256_20260727_144532","237","1","OK","2026-07-27T14:46:30","Корпус 2.3/POZD_WEB_K2-3_s11_et1_7.ai","Корпус 2.3","D:\AI\AITRASH\LIBRARY\02_CATALOG\02_PRESALE_Поздняково\01_ARTIFACTS\МКД2\Корпус 2.3\POZD_WEB_K2-3_s11_et1_7.ai","D:\AI\AITRASH\LIBRARY\02_CATALOG\02_PRESALE_Поздняково\01_ARTIFACTS\МКД2\Корпус 2.3\POZD_WEB_K2-3_s11_et1_7.png","359177","df616be3c845ddb78b90a738c9fc45d43fea2e31d33aa1098e582b2c42727a88","true","calculated","110","110","1.089848981","1","[469.606299,841.471017,1451.393701,239.52611]","981.787402","601.944907","5998","14","[{""width_pt"":0.75,""count"":2739},{""width_pt"":1,""count"":225}]","2964","[{""width_pt"":0.75,""count"":2964}]","[{""width_pt"":0.75,""count"":2964}]","0","[60.191929,930.896278,1139.808071,269.103721]","1079.616142","661.792557","600","600","[{""index"":0,""name"":""Монтажная область 1"",""rect"":[0,1200,1200,0],""width"":1200,""height"":1200}]","true","true","true","true","true","D:\AI\AITRASH\workspaces\project - Изменение масштаба для планировок квартир\09_outputs\_full_wip\20260727_full_mkd2\Корпус 2.3\х110_POZD_WEB_K2-3_s11_et1_7.ai","D:\AI\AITRASH\workspaces\project - Изменение масштаба для планировок квартир\09_outputs\_full_wip\20260727_full_mkd2\Корпус 2.3\х110_POZD_WEB_K2-3_s11_et1_7.png","D:\AI\AITRASH\workspaces\project - Изменение масштаба для планировок квартир\09_outputs\_diagnostics\full_20260727_full_mkd2\details\237_POZD_WEB_K2-3_s11_et1_7_attempt1.json","Pixel-native AI подтверждён после повторного открытия; обводки 0.75 px; s_raw=1.089848981."
"236_256_20260727_144532","238","1","OK","2026-07-27T14:48:00","Корпус 2.3/POZD_WEB_K2-3_s11_et2,4_2.ai","Корпус 2.3","D:\AI\AITRASH\LIBRARY\02_CATALOG\02_PRESALE_Поздняково\01_ARTIFACTS\МКД2\Корпус 2.3\POZD_WEB_K2-3_s11_et2,4_2.ai","D:\AI\AITRASH\LIBRARY\02_CATALOG\02_PRESALE_Поздняково\01_ARTIFACTS\МКД2\Корпус 2.3\POZD_WEB_K2-3_s11_et2,4_2.png","168110","ab26d6cfca5d5d560cad2f5c9eb8efc35daf921f6e5f945cd2a015b4ec8db60f","true","calculated","200","200","2.132634547","1","[748.677155,742.259842,1172.322845,338.740158]","423.64569","403.519684","1658","10","[{""width_pt"":0.75,""count"":733},{""width_pt"":1,""count"":92}]","825","[{""width_pt"":0.75,""count"":825}]","[{""width_pt"":0.75,""count"":825}]","0","[176.97931,1002.894683,1023.02069,197.105317]","846.04138","805.789366","600","600","[{""index"":0,""name"":""Монтажная область 1"",""rect"":[0,1200,1200,0],""width"":1200,""height"":1200}]","true","true","true","true","true","D:\AI\AITRASH\workspaces\project - Изменение масштаба для планировок квартир\09_outputs\_full_wip\20260727_full_mkd2\Корпус 2.3\х200_POZD_WEB_K2-3_s11_et2,4_2.ai","D:\AI\AITRASH\workspaces\project - Изменение масштаба для планировок квартир\09_outputs\_full_wip\20260727_full_mkd2\Корпус 2.3\х200_POZD_WEB_K2-3_s11_et2,4_2.png","D:\AI\AITRASH\workspaces\project - Изменение масштаба для планировок квартир\09_outputs\_diagnostics\full_20260727_full_mkd2\details\238_POZD_WEB_K2-3_s11_et2,4_2_attempt1.json","Pixel-native AI подтверждён после повторного открытия; обводки 0.75 px; s_raw=2.132634547."
"236_256_20260727_144532","239","1","OK","2026-07-27T14:48:27","Корпус 2.3/POZD_WEB_K2-3_s11_et2,6_1.ai","Корпус 2.3","D:\AI\AITRASH\LIBRARY\02_CATALOG\02_PRESALE_Поздняково\01_ARTIFACTS\МКД2\Корпус 2.3\POZD_WEB_K2-3_s11_et2,6_1.ai","D:\AI\AITRASH\LIBRARY\02_CATALOG\02_PRESALE_Поздняково\01_ARTIFACTS\МКД2\Корпус 2.3\POZD_WEB_K2-3_s11_et2,6_1.png","254226","93bcde347dc390abfafc92aebe7492c5b706564fdcdc640a9d3404026f1f82d0","true","calculated","120","120","1.17151475","1","[503.763779,827.299208,1417.111221,253.700792]","913.347442","573.598416","4063","12","[{""width_pt"":0.75,""count"":1821},{""width_pt"":1,""count"":185}]","2006","[{""width_pt"":0.75,""count"":2006}]","[{""width_pt"":0.75,""count"":2006}]","0","[52.141535,943.934049,1147.858465,256.065951]","1095.71693","687.868098","600","600","[{""index"":0,""name"":""Монтажная область 1"",""rect"":[0,1200,1200,0],""width"":1200,""height"":1200}]","true","true","true","true","true","D:\AI\AITRASH\workspaces\project - Изменение масштаба для планировок квартир\09_outputs\_full_wip\20260727_full_mkd2\Корпус 2.3\х120_POZD_WEB_K2-3_s11_et2,6_1.ai","D:\AI\AITRASH\workspaces\project - Изменение масштаба для планировок квартир\09_outputs\_full_wip\20260727_full_mkd2\Корпус 2.3\х120_POZD_WEB_K2-3_s11_et2,6_1.png","D:\AI\AITRASH\workspaces\project - Изменение масштаба для планировок квартир\09_outputs\_diagnostics\full_20260727_full_mkd2\details\239_POZD_WEB_K2-3_s11_et2,6_1_attempt1.json","Pixel-native AI подтверждён после повторного открытия; обводки 0.75 px; s_raw=1.17151475."
"236_256_20260727_144532","240","1","OK","2026-07-27T14:49:20","Корпус 2.3/POZD_WEB_K2-3_s11_et2,6_4.ai","Корпус 2.3","D:\AI\AITRASH\LIBRARY\02_CATALOG\02_PRESALE_Поздняково\01_ARTIFACTS\МКД2\Корпус 2.3\POZD_WEB_K2-3_s11_et2,6_4.ai","D:\AI\AITRASH\LIBRARY\02_CATALOG\02_PRESALE_Поздняково\01_ARTIFACTS\МКД2\Корпус 2.3\POZD_WEB_K2-3_s11_et2,6_4.png","266176","154b917f6f8f84aef60fc5c09f39570b9286f58e7f079c281a29c613ea0c38da","true","calculated","120","120","1.17151475","1","[503.888779,841.255913,1417.236221,238.744087]","913.347442","602.511826","4277","11","[{""width_pt"":0.75,""count"":1919},{""width_pt"":1,""count"":199}]","2118","[{""width_pt"":0.75,""count"":2118}]","[{""width_pt"":0.75,""count"":2118}]","0","[52.141535,961.282096,1147.858465,238.717904]","1095.71693","722.564192","600","600","[{""index"":0,""name"":""Монтажная область 1"",""rect"":[0,1200,1200,0],""width"":1200,""height"":1200}]","true","true","true","true","true","D:\AI\AITRASH\workspaces\project - Изменение масштаба для планировок квартир\09_outputs\_full_wip\20260727_full_mkd2\Корпус 2.3\х120_POZD_WEB_K2-3_s11_et2,6_4.ai","D:\AI\AITRASH\workspaces\project - Изменение масштаба для планировок квартир\09_outputs\_full_wip\20260727_full_mkd2\Корпус 2.3\х120_POZD_WEB_K2-3_s11_et2,6_4.png","D:\AI\AITRASH\workspaces\project - Изменение масштаба для планировок квартир\09_outputs\_diagnostics\full_20260727_full_mkd2\details\240_POZD_WEB_K2-3_s11_et2,6_4_attempt1.json","Pixel-native AI подтверждён после повторного открытия; обводки 0.75 px; s_raw=1.17151475."
"236_256_20260727_144532","241","1","OK","2026-07-27T14:50:12","Корпус 2.3/POZD_WEB_K2-3_s11_et2_3.ai","Корпус 2.3","D:\AI\AITRASH\LIBRARY\02_CATALOG\02_PRESALE_Поздняково\01_ARTIFACTS\МКД2\Корпус 2.3\POZD_WEB_K2-3_s11_et2_3.ai","D:\AI\AITRASH\LIBRARY\02_CATALOG\02_PRESALE_Поздняково\01_ARTIFACTS\МКД2\Корпус 2.3\POZD_WEB_K2-3_s11_et2_3.png","170322","911444934709c322d17f47a153941bce9db81fe3ffb2899f4659393725099e7f","true","calculated","200","200","2.165418303","1","[748.602362,736.090552,1171.397638,343.909448]","422.795276","392.181104","1788","10","[{""width_pt"":0.75,""count"":794},{""width_pt"":1,""count"":95}]","889","[{""width_pt"":0.75,""count"":889}]","[{""width_pt"":0.75,""count"":889}]","0","[177.829724,991.556104,1022.170276,208.443896]","844.340552","783.112208","600","600","[{""index"":0,""name"":""Монтажная область 1"",""rect"":[0,1200,1200,0],""width"":1200,""height"":1200}]","true","true","true","true","true","D:\AI\AITRASH\workspaces\project - Изменение масштаба для планировок квартир\09_outputs\_full_wip\20260727_full_mkd2\Корпус 2.3\х200_POZD_WEB_K2-3_s11_et2_3.ai","D:\AI\AITRASH\workspaces\project - Изменение масштаба для планировок квартир\09_outputs\_full_wip\20260727_full_mkd2\Корпус 2.3\х200_POZD_WEB_K2-3_s11_et2_3.png","D:\AI\AITRASH\workspaces\project - Изменение масштаба для планировок квартир\09_outputs\_diagnostics\full_20260727_full_mkd2\details\241_POZD_WEB_K2-3_s11_et2_3_attempt1.json","Pixel-native AI подтверждён после повторного открытия; обводки 0.75 px; s_raw=2.165418303."
"236_256_20260727_144532","242","1","OK","2026-07-27T14:50:38","Корпус 2.3/POZD_WEB_K2-3_s11_et3,5_1.ai","Корпус 2.3","D:\AI\AITRASH\LIBRARY\02_CATALOG\02_PRESALE_Поздняково\01_ARTIFACTS\МКД2\Корпус 2.3\POZD_WEB_K2-3_s11_et3,5_1.ai","D:\AI\AITRASH\LIBRARY\02_CATALOG\02_PRESALE_Поздняково\01_ARTIFACTS\МКД2\Корпус 2.3\POZD_WEB_K2-3_s11_et3,5_1.png","251360","f04d113e29c1d665a4c8e266b0996622b073e825f172bfe98d4f00cd0adc2442","true","calculated","120","120","1.208480435","1","[517.795274,827.299216,1403.204726,253.700784]","885.409452","573.598432","4008","11","[{""width_pt"":0.75,""count"":1799},{""width_pt"":1,""count"":182}]","1981","[{""width_pt"":0.75,""count"":1981}]","[{""width_pt"":0.75,""count"":1981}]","0","[68.979329,943.934059,1131.020671,256.065941]","1062.041342","687.868118","600","600","[{""index"":0,""name"":""Монтажная область 1"",""rect"":[0,1200,1200,0],""width"":1200,""height"":1200}]","true","true","true","true","true","D:\AI\AITRASH\workspaces\project - Изменение масштаба для планировок квартир\09_outputs\_full_wip\20260727_full_mkd2\Корпус 2.3\х120_POZD_WEB_K2-3_s11_et3,5_1.ai","D:\AI\AITRASH\workspaces\project - Изменение масштаба для планировок квартир\09_outputs\_full_wip\20260727_full_mkd2\Корпус 2.3\х120_POZD_WEB_K2-3_s11_et3,5_1.png","D:\AI\AITRASH\workspaces\project - Изменение масштаба для планировок квартир\09_outputs\_diagnostics\full_20260727_full_mkd2\details\242_POZD_WEB_K2-3_s11_et3,5_1_attempt1.json","Pixel-native AI подтверждён после повторного открытия; обводки 0.75 px; s_raw=1.208480435."
"236_256_20260727_144532","243","1","OK","2026-07-27T14:51:29","Корпус 2.3/POZD_WEB_K2-3_s11_et3,5_2.ai","Корпус 2.3","D:\AI\AITRASH\LIBRARY\02_CATALOG\02_PRESALE_Поздняково\01_ARTIFACTS\МКД2\Корпус 2.3\POZD_WEB_K2-3_s11_et3,5_2.ai","D:\AI\AITRASH\LIBRARY\02_CATALOG\02_PRESALE_Поздняково\01_ARTIFACTS\МКД2\Корпус 2.3\POZD_WEB_K2-3_s11_et3,5_2.png","168075","5b59c845a071c74a073cacaab378267fd9af030644933d85b9ec04c4fca5ac08","true","calculated","200","200","2.133634154","1","[748.87558,742.259836,1172.12442,338.740164]","423.24884","403.519672","1674","10","[{""width_pt"":0.75,""count"":739},{""width_pt"":1,""count"":93}]","832","[{""width_pt"":0.75,""count"":832}]","[{""width_pt"":0.75,""count"":832}]","0","[177.37616,1002.894672,1022.62384,197.105328]","845.24768","805.789344","600","600","[{""index"":0,""name"":""Монтажная область 1"",""rect"":[0,1200,1200,0],""width"":1200,""height"":1200}]","true","true","true","true","true","D:\AI\AITRASH\workspaces\project - Изменение масштаба для планировок квартир\09_outputs\_full_wip\20260727_full_mkd2\Корпус 2.3\х200_POZD_WEB_K2-3_s11_et3,5_2.ai","D:\AI\AITRASH\workspaces\project - Изменение масштаба для планировок квартир\09_outputs\_full_wip\20260727_full_mkd2\Корпус 2.3\х200_POZD_WEB_K2-3_s11_et3,5_2.png","D:\AI\AITRASH\workspaces\project - Изменение масштаба для планировок квартир\09_outputs\_diagnostics\full_20260727_full_mkd2\details\243_POZD_WEB_K2-3_s11_et3,5_2_attempt1.json","Pixel-native AI подтверждён после повторного открытия; обводки 0.75 px; s_raw=2.133634154."
"236_256_20260727_144532","244","1","OK","2026-07-27T14:51:55","Корпус 2.3/POZD_WEB_K2-3_s11_et3,5_3.ai","Корпус 2.3","D:\AI\AITRASH\LIBRARY\02_CATALOG\02_PRESALE_Поздняково\01_ARTIFACTS\МКД2\Корпус 2.3\POZD_WEB_K2-3_s11_et3,5_3.ai","D:\AI\AITRASH\LIBRARY\02_CATALOG\02_PRESALE_Поздняково\01_ARTIFACTS\МКД2\Корпус 2.3\POZD_WEB_K2-3_s11_et3,5_3.png","171134","39fbc49e6d615e48ebc3c0694d3e1f9dd1301da3e1e6752377b8ec764cb71b6c","true","calculated","200","200","2.168137504","1","[748.602362,736.099001,1171.397638,344.900999]","422.795276","391.198002","1779","10","[{""width_pt"":0.75,""count"":791},{""width_pt"":1,""count"":94}]","885","[{""width_pt"":0.75,""count"":885}]","[{""width_pt"":0.75,""count"":885}]","0","[177.829724,990.573002,1022.170276,209.426998]","844.340552","781.146004","600","600","[{""index"":0,""name"":""Монтажная область 1"",""rect"":[0,1200,1200,0],""width"":1200,""height"":1200}]","true","true","true","true","true","D:\AI\AITRASH\workspaces\project - Изменение масштаба для планировок квартир\09_outputs\_full_wip\20260727_full_mkd2\Корпус 2.3\х200_POZD_WEB_K2-3_s11_et3,5_3.ai","D:\AI\AITRASH\workspaces\project - Изменение масштаба для планировок квартир\09_outputs\_full_wip\20260727_full_mkd2\Корпус 2.3\х200_POZD_WEB_K2-3_s11_et3,5_3.png","D:\AI\AITRASH\workspaces\project - Изменение масштаба для планировок квартир\09_outputs\_diagnostics\full_20260727_full_mkd2\details\244_POZD_WEB_K2-3_s11_et3,5_3_attempt1.json","Pixel-native AI подтверждён после повторного открытия; обводки 0.75 px; s_raw=2.168137504."
"236_256_20260727_144532","245","1","OK","2026-07-27T14:52:22","Корпус 2.3/POZD_WEB_K2-3_s11_et3,5_4.ai","Корпус 2.3","D:\AI\AITRASH\LIBRARY\02_CATALOG\02_PRESALE_Поздняково\01_ARTIFACTS\МКД2\Корпус 2.3\POZD_WEB_K2-3_s11_et3,5_4.ai","D:\AI\AITRASH\LIBRARY\02_CATALOG\02_PRESALE_Поздняково\01_ARTIFACTS\МКД2\Корпус 2.3\POZD_WEB_K2-3_s11_et3,5_4.png","263690","b268054ca1712cf12d30a7ad17abf6e9c76663fbd9cd45096b7a09b9d2789539","true","calculated","120","120","1.207813188","1","[517.795275,841.47243,1403.204725,239.52757]","885.40945","601.94486","4245","10","[{""width_pt"":0.75,""count"":1905},{""width_pt"":1,""count"":199}]","2104","[{""width_pt"":0.75,""count"":2104}]","[{""width_pt"":0.75,""count"":2104}]","0","[68.979331,960.941915,1131.020669,239.058085]","1062.041338","721.88383","600","600","[{""index"":0,""name"":""Монтажная область 1"",""rect"":[0,1200,1200,0],""width"":1200,""height"":1200}]","true","true","true","true","true","D:\AI\AITRASH\workspaces\project - Изменение масштаба для планировок квартир\09_outputs\_full_wip\20260727_full_mkd2\Корпус 2.3\х120_POZD_WEB_K2-3_s11_et3,5_4.ai","D:\AI\AITRASH\workspaces\project - Изменение масштаба для планировок квартир\09_outputs\_full_wip\20260727_full_mkd2\Корпус 2.3\х120_POZD_WEB_K2-3_s11_et3,5_4.png","D:\AI\AITRASH\workspaces\project - Изменение масштаба для планировок квартир\09_outputs\_diagnostics\full_20260727_full_mkd2\details\245_POZD_WEB_K2-3_s11_et3,5_4_attempt1.json","Pixel-native AI подтверждён после повторного открытия; обводки 0.75 px; s_raw=1.207813188."
"236_256_20260727_144532","246","1","OK","2026-07-27T14:53:14","Корпус 2.3/POZD_WEB_K2-3_s11_et4_1.ai","Корпус 2.3","D:\AI\AITRASH\LIBRARY\02_CATALOG\02_PRESALE_Поздняково\01_ARTIFACTS\МКД2\Корпус 2.3\POZD_WEB_K2-3_s11_et4_1.ai","D:\AI\AITRASH\LIBRARY\02_CATALOG\02_PRESALE_Поздняково\01_ARTIFACTS\МКД2\Корпус 2.3\POZD_WEB_K2-3_s11_et4_1.png","255602","d3f70d1169b5ae7a79dc484010ab6502f8ffb542778a251c5066d63a1fa37401","true","calculated","110","110","1.136743395","1","[489.857283,827.299205,1431.142717,253.700795]","941.285434","573.59841","4070","12","[{""width_pt"":0.75,""count"":1827},{""width_pt"":1,""count"":182}]","2009","[{""width_pt"":0.75,""count"":2009}]","[{""width_pt"":0.75,""count"":2009}]","0","[82.330512,915.304126,1117.669488,284.695874]","1035.338976","630.608252","600","600","[{""index"":0,""name"":""Монтажная область 1"",""rect"":[0,1200,1200,0],""width"":1200,""height"":1200}]","true","true","true","true","true","D:\AI\AITRASH\workspaces\project - Изменение масштаба для планировок квартир\09_outputs\_full_wip\20260727_full_mkd2\Корпус 2.3\х110_POZD_WEB_K2-3_s11_et4_1.ai","D:\AI\AITRASH\workspaces\project - Изменение масштаба для планировок квартир\09_outputs\_full_wip\20260727_full_mkd2\Корпус 2.3\х110_POZD_WEB_K2-3_s11_et4_1.png","D:\AI\AITRASH\workspaces\project - Изменение масштаба для планировок квартир\09_outputs\_diagnostics\full_20260727_full_mkd2\details\246_POZD_WEB_K2-3_s11_et4_1_attempt1.json","Pixel-native AI подтверждён после повторного открытия; обводки 0.75 px; s_raw=1.136743395."
"236_256_20260727_144532","247","1","OK","2026-07-27T14:54:05","Корпус 2.3/POZD_WEB_K2-3_s11_et4_3.ai","Корпус 2.3","D:\AI\AITRASH\LIBRARY\02_CATALOG\02_PRESALE_Поздняково\01_ARTIFACTS\МКД2\Корпус 2.3\POZD_WEB_K2-3_s11_et4_3.ai","D:\AI\AITRASH\LIBRARY\02_CATALOG\02_PRESALE_Поздняково\01_ARTIFACTS\МКД2\Корпус 2.3\POZD_WEB_K2-3_s11_et4_3.png","172789","3a0ef3db9e54b8218332575a3481be52a02895aa37452066592294bb8f4533f1","true","calculated","200","200","2.097234798","1","[734.695866,736.090556,1185.429134,343.909444]","450.733268","392.181112","1818","11","[{""width_pt"":0.75,""count"":807},{""width_pt"":1,""count"":95}]","902","[{""width_pt"":0.75,""count"":902}]","[{""width_pt"":0.75,""count"":902}]","0","[149.766732,991.556112,1050.233268,208.443888]","900.466536","783.112224","600","600","[{""index"":0,""name"":""Монтажная область 1"",""rect"":[0,1200,1200,0],""width"":1200,""height"":1200}]","true","true","true","true","true","D:\AI\AITRASH\workspaces\project - Изменение масштаба для планировок квартир\09_outputs\_full_wip\20260727_full_mkd2\Корпус 2.3\х200_POZD_WEB_K2-3_s11_et4_3.ai","D:\AI\AITRASH\workspaces\project - Изменение масштаба для планировок квартир\09_outputs\_full_wip\20260727_full_mkd2\Корпус 2.3\х200_POZD_WEB_K2-3_s11_et4_3.png","D:\AI\AITRASH\workspaces\project - Изменение масштаба для планировок квартир\09_outputs\_diagnostics\full_20260727_full_mkd2\details\247_POZD_WEB_K2-3_s11_et4_3_attempt1.json","Pixel-native AI подтверждён после повторного открытия; обводки 0.75 px; s_raw=2.097234798."
"236_256_20260727_144532","248","1","OK","2026-07-27T14:54:33","Корпус 2.3/POZD_WEB_K2-3_s11_et4_4.ai","Корпус 2.3","D:\AI\AITRASH\LIBRARY\02_CATALOG\02_PRESALE_Поздняково\01_ARTIFACTS\МКД2\Корпус 2.3\POZD_WEB_K2-3_s11_et4_4.ai","D:\AI\AITRASH\LIBRARY\02_CATALOG\02_PRESALE_Поздняково\01_ARTIFACTS\МКД2\Корпус 2.3\POZD_WEB_K2-3_s11_et4_4.png","266071","443d9bf254cd05477eef32033fa83c777e90fbe47db3503d7f4eb67b2dbed13d","true","calculated","120","120","1.17151475","1","[503.763779,841.472443,1417.111221,239.527557]","913.347442","601.944886","4267","11","[{""width_pt"":0.75,""count"":1914},{""width_pt"":1,""count"":199}]","2113","[{""width_pt"":0.75,""count"":2113}]","[{""width_pt"":0.75,""count"":2113}]","0","[52.141535,960.941931,1147.858465,239.058069]","1095.71693","721.883862","600","600","[{""index"":0,""name"":""Монтажная область 1"",""rect"":[0,1200,1200,0],""width"":1200,""height"":1200}]","true","true","true","true","true","D:\AI\AITRASH\workspaces\project - Изменение масштаба для планировок квартир\09_outputs\_full_wip\20260727_full_mkd2\Корпус 2.3\х120_POZD_WEB_K2-3_s11_et4_4.ai","D:\AI\AITRASH\workspaces\project - Изменение масштаба для планировок квартир\09_outputs\_full_wip\20260727_full_mkd2\Корпус 2.3\х120_POZD_WEB_K2-3_s11_et4_4.png","D:\AI\AITRASH\workspaces\project - Изменение масштаба для планировок квартир\09_outputs\_diagnostics\full_20260727_full_mkd2\details\248_POZD_WEB_K2-3_s11_et4_4_attempt1.json","Pixel-native AI подтверждён после повторного открытия; обводки 0.75 px; s_raw=1.17151475."
"236_256_20260727_144532","249","1","OK","2026-07-27T14:55:32","Корпус 2.3/POZD_WEB_K2-3_s11_et6_2.ai","Корпус 2.3","D:\AI\AITRASH\LIBRARY\02_CATALOG\02_PRESALE_Поздняково\01_ARTIFACTS\МКД2\Корпус 2.3\POZD_WEB_K2-3_s11_et6_2.ai","D:\AI\AITRASH\LIBRARY\02_CATALOG\02_PRESALE_Поздняково\01_ARTIFACTS\МКД2\Корпус 2.3\POZD_WEB_K2-3_s11_et6_2.png","169518","b299d277e43ed37bab002c4daec1787dc530f81a5b9882f53c70fa30c1443ca7","true","calculated","200","200","2.067559626","1","[734.695881,742.259843,1185.429119,338.740157]","450.733238","403.519686","1688","11","[{""width_pt"":0.75,""count"":745},{""width_pt"":1,""count"":93}]","838","[{""width_pt"":0.75,""count"":838}]","[{""width_pt"":0.75,""count"":838}]","0","[149.766761,1002.894687,1050.233239,197.105313]","900.466478","805.789374","600","600","[{""index"":0,""name"":""Монтажная область 1"",""rect"":[0,1200,1200,0],""width"":1200,""height"":1200}]","true","true","true","true","true","D:\AI\AITRASH\workspaces\project - Изменение масштаба для планировок квартир\09_outputs\_full_wip\20260727_full_mkd2\Корпус 2.3\х200_POZD_WEB_K2-3_s11_et6_2.ai","D:\AI\AITRASH\workspaces\project - Изменение масштаба для планировок квартир\09_outputs\_full_wip\20260727_full_mkd2\Корпус 2.3\х200_POZD_WEB_K2-3_s11_et6_2.png","D:\AI\AITRASH\workspaces\project - Изменение масштаба для планировок квартир\09_outputs\_diagnostics\full_20260727_full_mkd2\details\249_POZD_WEB_K2-3_s11_et6_2_attempt1.json","Pixel-native AI подтверждён после повторного открытия; обводки 0.75 px; s_raw=2.067559626."
"236_256_20260727_144532","250","1","OK","2026-07-27T14:56:02","Корпус 2.3/POZD_WEB_K2-3_s11_et6_3.ai","Корпус 2.3","D:\AI\AITRASH\LIBRARY\02_CATALOG\02_PRESALE_Поздняково\01_ARTIFACTS\МКД2\Корпус 2.3\POZD_WEB_K2-3_s11_et6_3.ai","D:\AI\AITRASH\LIBRARY\02_CATALOG\02_PRESALE_Поздняково\01_ARTIFACTS\МКД2\Корпус 2.3\POZD_WEB_K2-3_s11_et6_3.png","170887","643952898bffcf8c5b02f94575f18004b46db63f4cc83e8dcb6e70a5c5b65f8f","true","calculated","200","200","2.168555469","1","[748.602377,736.023623,1171.397623,344.976377]","422.795246","391.047246","1770","10","[{""width_pt"":0.75,""count"":786},{""width_pt"":1,""count"":94}]","880","[{""width_pt"":0.75,""count"":880}]","[{""width_pt"":0.75,""count"":880}]","0","[177.829754,990.422246,1022.170246,209.577754]","844.340492","780.844492","600","600","[{""index"":0,""name"":""Монтажная область 1"",""rect"":[0,1200,1200,0],""width"":1200,""height"":1200}]","true","true","true","true","true","D:\AI\AITRASH\workspaces\project - Изменение масштаба для планировок квартир\09_outputs\_full_wip\20260727_full_mkd2\Корпус 2.3\х200_POZD_WEB_K2-3_s11_et6_3.ai","D:\AI\AITRASH\workspaces\project - Изменение масштаба для планировок квартир\09_outputs\_full_wip\20260727_full_mkd2\Корпус 2.3\х200_POZD_WEB_K2-3_s11_et6_3.png","D:\AI\AITRASH\workspaces\project - Изменение масштаба для планировок квартир\09_outputs\_diagnostics\full_20260727_full_mkd2\details\250_POZD_WEB_K2-3_s11_et6_3_attempt1.json","Pixel-native AI подтверждён после повторного открытия; обводки 0.75 px; s_raw=2.168555469."
"236_256_20260727_144532","251","1","OK","2026-07-27T14:56:31","Корпус 2.3/POZD_WEB_K2-3_s12_et1,4_2.ai","Корпус 2.3","D:\AI\AITRASH\LIBRARY\02_CATALOG\02_PRESALE_Поздняково\01_ARTIFACTS\МКД2\Корпус 2.3\POZD_WEB_K2-3_s12_et1,4_2.ai","D:\AI\AITRASH\LIBRARY\02_CATALOG\02_PRESALE_Поздняково\01_ARTIFACTS\МКД2\Корпус 2.3\POZD_WEB_K2-3_s12_et1,4_2.png","258581","303ed1eabda58dbe82176d747995e441b567280f44922a34468240c901599b4a","true","calculated","170","170","1.804373896","1","[668.523622,739.068915,1251.351378,329.330106]","582.827756","409.738809","3450","14","[{""width_pt"":0.75,""count"":1584},{""width_pt"":1,""count"":119}]","1703","[{""width_pt"":0.75,""count"":1703}]","[{""width_pt"":0.75,""count"":1703}]","0","[104.965157,947.802987,1095.034843,252.197013]","990.069686","695.605974","600","600","[{""index"":0,""name"":""Монтажная область 1"",""rect"":[0,1200,1200,0],""width"":1200,""height"":1200}]","true","true","true","true","true","D:\AI\AITRASH\workspaces\project - Изменение масштаба для планировок квартир\09_outputs\_full_wip\20260727_full_mkd2\Корпус 2.3\х170_POZD_WEB_K2-3_s12_et1,4_2.ai","D:\AI\AITRASH\workspaces\project - Изменение масштаба для планировок квартир\09_outputs\_full_wip\20260727_full_mkd2\Корпус 2.3\х170_POZD_WEB_K2-3_s12_et1,4_2.png","D:\AI\AITRASH\workspaces\project - Изменение масштаба для планировок квартир\09_outputs\_diagnostics\full_20260727_full_mkd2\details\251_POZD_WEB_K2-3_s12_et1,4_2_attempt1.json","Pixel-native AI подтверждён после повторного открытия; обводки 0.75 px; s_raw=1.804373896."
"236_256_20260727_144532","252","1","OK","2026-07-27T14:57:19","Корпус 2.3/POZD_WEB_K2-3_s12_et1_1.ai","Корпус 2.3","D:\AI\AITRASH\LIBRARY\02_CATALOG\02_PRESALE_Поздняково\01_ARTIFACTS\МКД2\Корпус 2.3\POZD_WEB_K2-3_s12_et1_1.ai","D:\AI\AITRASH\LIBRARY\02_CATALOG\02_PRESALE_Поздняково\01_ARTIFACTS\МКД2\Корпус 2.3\POZD_WEB_K2-3_s12_et1_1.png","282525","1c0819c10d854b69298b9360f3151939ea25c000ba6cb0d54ff64416fdbc5860","true","calculated","110","110","1.0891749","1","[468.72027,748.284513,1451.115292,332.773876]","982.395022","415.510637","4390","16","[{""width_pt"":0.75,""count"":2003},{""width_pt"":1,""count"":163}]","2166","[{""width_pt"":0.75,""count"":2166}]","[{""width_pt"":0.75,""count"":2166}]","0","[59.939269,828.387964,1140.060732,371.612036]","1080.121463","456.775928","600.000001","600","[{""index"":0,""name"":""Монтажная область 1"",""rect"":[0,1200,1200,0],""width"":1200,""height"":1200}]","true","true","true","true","true","D:\AI\AITRASH\workspaces\project - Изменение масштаба для планировок квартир\09_outputs\_full_wip\20260727_full_mkd2\Корпус 2.3\х110_POZD_WEB_K2-3_s12_et1_1.ai","D:\AI\AITRASH\workspaces\project - Изменение масштаба для планировок квартир\09_outputs\_full_wip\20260727_full_mkd2\Корпус 2.3\х110_POZD_WEB_K2-3_s12_et1_1.png","D:\AI\AITRASH\workspaces\project - Изменение масштаба для планировок квартир\09_outputs\_diagnostics\full_20260727_full_mkd2\details\252_POZD_WEB_K2-3_s12_et1_1_attempt1.json","Pixel-native AI подтверждён после повторного открытия; обводки 0.75 px; s_raw=1.0891749."
"236_256_20260727_144532","253","1","OK","2026-07-27T14:58:21","Корпус 2.3/POZD_WEB_K2-3_s12_et1_2.ai","Корпус 2.3","D:\AI\AITRASH\LIBRARY\02_CATALOG\02_PRESALE_Поздняково\01_ARTIFACTS\МКД2\Корпус 2.3\POZD_WEB_K2-3_s12_et1_2.ai","D:\AI\AITRASH\LIBRARY\02_CATALOG\02_PRESALE_Поздняково\01_ARTIFACTS\МКД2\Корпус 2.3\POZD_WEB_K2-3_s12_et1_2.png","257864","5cd903fa8a228af5a00cdfe03c157a33bb7e7e376827ea1d592f828ecb0212df","true","calculated","170","170","1.80558577","1","[668.523622,745.097392,1251.351378,335.908416]","582.827756","409.188976","3434","14","[{""width_pt"":0.75,""count"":1577},{""width_pt"":1,""count"":118}]","1695","[{""width_pt"":0.75,""count"":1695}]","[{""width_pt"":0.75,""count"":1695}]","0","[104.965157,947.340567,1095.034843,252.659433]","990.069686","694.681134","600","600","[{""index"":0,""name"":""Монтажная область 1"",""rect"":[0,1200,1200,0],""width"":1200,""height"":1200}]","true","true","true","true","true","D:\AI\AITRASH\workspaces\project - Изменение масштаба для планировок квартир\09_outputs\_full_wip\20260727_full_mkd2\Корпус 2.3\х170_POZD_WEB_K2-3_s12_et1_2.ai","D:\AI\AITRASH\workspaces\project - Изменение масштаба для планировок квартир\09_outputs\_full_wip\20260727_full_mkd2\Корпус 2.3\х170_POZD_WEB_K2-3_s12_et1_2.png","D:\AI\AITRASH\workspaces\project - Изменение масштаба для планировок квартир\09_outputs\_diagnostics\full_20260727_full_mkd2\details\253_POZD_WEB_K2-3_s12_et1_2_attempt1.json","Pixel-native AI подтверждён после повторного открытия; обводки 0.75 px; s_raw=1.80558577."
"236_256_20260727_144532","255","1","OK","2026-07-27T14:59:06","Корпус 2.3/POZD_WEB_K2-3_s12_et2_1.ai","Корпус 2.3","D:\AI\AITRASH\LIBRARY\02_CATALOG\02_PRESALE_Поздняково\01_ARTIFACTS\МКД2\Корпус 2.3\POZD_WEB_K2-3_s12_et2_1.ai","D:\AI\AITRASH\LIBRARY\02_CATALOG\02_PRESALE_Поздняково\01_ARTIFACTS\МКД2\Корпус 2.3\POZD_WEB_K2-3_s12_et2_1.png","204450","cb9ab82be2214be097ba05b197d0f63c54212d9136d0c820a9475716cc0eae25","true","calculated","120","120","1.208480438","1","[517.795275,747.429137,1403.204725,332.570863]","885.40945","414.858274","2871","11","[{""width_pt"":0.75,""count"":1274},{""width_pt"":1,""count"":144}]","1418","[{""width_pt"":0.75,""count"":1418}]","[{""width_pt"":0.75,""count"":1418}]","0","[68.979331,848.689964,1131.020669,351.310036]","1062.041338","497.379928","600","600","[{""index"":0,""name"":""Монтажная область 1"",""rect"":[0,1200,1200,0],""width"":1200,""height"":1200}]","true","true","true","true","true","D:\AI\AITRASH\workspaces\project - Изменение масштаба для планировок квартир\09_outputs\_full_wip\20260727_full_mkd2\Корпус 2.3\х120_POZD_WEB_K2-3_s12_et2_1.ai","D:\AI\AITRASH\workspaces\project - Изменение масштаба для планировок квартир\09_outputs\_full_wip\20260727_full_mkd2\Корпус 2.3\х120_POZD_WEB_K2-3_s12_et2_1.png","D:\AI\AITRASH\workspaces\project - Изменение масштаба для планировок квартир\09_outputs\_diagnostics\full_20260727_full_mkd2\details\255_POZD_WEB_K2-3_s12_et2_1_attempt1.json","Pixel-native AI подтверждён после повторного открытия; обводки 0.75 px; s_raw=1.208480438."
"236_256_20260727_144532","256","1","OK","2026-07-27T14:59:41","Корпус 2.3/POZD_WEB_K2-3_s12_et2_3.ai","Корпус 2.3","D:\AI\AITRASH\LIBRARY\02_CATALOG\02_PRESALE_Поздняково\01_ARTIFACTS\МКД2\Корпус 2.3\POZD_WEB_K2-3_s12_et2_3.ai","D:\AI\AITRASH\LIBRARY\02_CATALOG\02_PRESALE_Поздняково\01_ARTIFACTS\МКД2\Корпус 2.3\POZD_WEB_K2-3_s12_et2_3.png","158546","5129ad2bc416ffd395417664059f65a6ef891d1ddb7990df118a6432f6a31591","true","calculated","200","200","2.02172205","1","[717.92126,736.090559,1202.95374,343.909441]","485.03248","392.181118","1577","10","[{""width_pt"":0.75,""count"":693},{""width_pt"":1,""count"":92}]","785","[{""width_pt"":0.75,""count"":785}]","[{""width_pt"":0.75,""count"":785}]","0","[115.46752,991.556118,1084.53248,208.443882]","969.06496","783.112236","600","600","[{""index"":0,""name"":""Монтажная область 1"",""rect"":[0,1200,1200,0],""width"":1200,""height"":1200}]","true","true","true","true","true","D:\AI\AITRASH\workspaces\project - Изменение масштаба для планировок квартир\09_outputs\_full_wip\20260727_full_mkd2\Корпус 2.3\х200_POZD_WEB_K2-3_s12_et2_3.ai","D:\AI\AITRASH\workspaces\project - Изменение масштаба для планировок квартир\09_outputs\_full_wip\20260727_full_mkd2\Корпус 2.3\х200_POZD_WEB_K2-3_s12_et2_3.png","D:\AI\AITRASH\workspaces\project - Изменение масштаба для планировок квартир\09_outputs\_diagnostics\full_20260727_full_mkd2\details\256_POZD_WEB_K2-3_s12_et2_3_attempt1.json","Pixel-native AI подтверждён после повторного открытия; обводки 0.75 px; s_raw=2.02172205."
"254_254_20260727_115713","254","1","OK","2026-07-27T11:57:16","Корпус 2.3/POZD_WEB_K2-3_s12_et1_3.ai","Корпус 2.3","D:\AI\AITRASH\LIBRARY\02_CATALOG\02_PRESALE_Поздняково\01_ARTIFACTS\МКД2\Корпус 2.3\POZD_WEB_K2-3_s12_et1_3.ai","D:\AI\AITRASH\LIBRARY\02_CATALOG\02_PRESALE_Поздняково\01_ARTIFACTS\МКД2\Корпус 2.3\POZD_WEB_K2-3_s12_et1_3.png","305701","6b30067c6704f1d090107d53ad79f94a92dfb70fa47c635665c14931f260e35c","true","calculated","150","150","1.449828823","1","[667.814961,862.70567,1252.060039,229.606307]","584.245078","633.099363","4410","15","[{""width_pt"":0.75,""count"":2019},{""width_pt"":1,""count"":158}]","2177","[{""width_pt"":0.75,""count"":2177}]","[{""width_pt"":0.75,""count"":2177}]","0","[162.097441,1074.637022,1037.902559,125.362978]","875.805118","949.274044","600","600","[{""index"":0,""name"":""Монтажная область 1"",""rect"":[0,1200,1200,0],""width"":1200,""height"":1200}]","true","true","true","true","true","D:\AI\AITRASH\workspaces\project - Изменение масштаба для планировок квартир\09_outputs\_full_wip\20260727_full_mkd2\Корпус 2.3\х150_POZD_WEB_K2-3_s12_et1_3.ai","D:\AI\AITRASH\workspaces\project - Изменение масштаба для планировок квартир\09_outputs\_full_wip\20260727_full_mkd2\Корпус 2.3\х150_POZD_WEB_K2-3_s12_et1_3.png","D:\AI\AITRASH\workspaces\project - Изменение масштаба для планировок квартир\09_outputs\_diagnostics\full_20260727_full_mkd2\details\254_POZD_WEB_K2-3_s12_et1_3_attempt1.json","Pixel-native AI подтверждён после повторного открытия; обводки 0.75 px; s_raw=1.449828823."
"257_276_20260727_150137","257","1","OK","2026-07-27T15:01:38","Корпус 2.3/POZD_WEB_K2-3_s12_et2_4.ai","Корпус 2.3","D:\AI\AITRASH\LIBRARY\02_CATALOG\02_PRESALE_Поздняково\01_ARTIFACTS\МКД2\Корпус 2.3\POZD_WEB_K2-3_s12_et2_4.ai","D:\AI\AITRASH\LIBRARY\02_CATALOG\02_PRESALE_Поздняково\01_ARTIFACTS\МКД2\Корпус 2.3\POZD_WEB_K2-3_s12_et2_4.png","258929","6944bab040c238d9cc3a5bed3062ca9a18c46f3cd428641dae6274d86bce1641","true","calculated","120","120","1.17151475","1","[503.763779,830.133871,1417.111221,250.866128]","913.347442","579.267743","4191","12","[{""width_pt"":0.75,""count"":1882},{""width_pt"":1,""count"":189}]","2071","[{""width_pt"":0.75,""count"":2071}]","[{""width_pt"":0.75,""count"":2071}]","0","[52.141535,947.335645,1147.858465,252.664354]","1095.71693","694.671291","600","600","[{""index"":0,""name"":""Монтажная область 1"",""rect"":[0,1200,1200,0],""width"":1200,""height"":1200}]","true","true","true","true","true","D:\AI\AITRASH\workspaces\project - Изменение масштаба для планировок квартир\09_outputs\_full_wip\20260727_full_mkd2\Корпус 2.3\х120_POZD_WEB_K2-3_s12_et2_4.ai","D:\AI\AITRASH\workspaces\project - Изменение масштаба для планировок квартир\09_outputs\_full_wip\20260727_full_mkd2\Корпус 2.3\х120_POZD_WEB_K2-3_s12_et2_4.png","D:\AI\AITRASH\workspaces\project - Изменение масштаба для планировок квартир\09_outputs\_diagnostics\full_20260727_full_mkd2\details\257_POZD_WEB_K2-3_s12_et2_4_attempt1.json","Pixel-native AI подтверждён после повторного открытия; обводки 0.75 px; s_raw=1.17151475."
"257_276_20260727_150137","258","1","OK","2026-07-27T15:02:34","Корпус 2.3/POZD_WEB_K2-3_s12_et3,5_1.ai","Корпус 2.3","D:\AI\AITRASH\LIBRARY\02_CATALOG\02_PRESALE_Поздняково\01_ARTIFACTS\МКД2\Корпус 2.3\POZD_WEB_K2-3_s12_et3,5_1.ai","D:\AI\AITRASH\LIBRARY\02_CATALOG\02_PRESALE_Поздняково\01_ARTIFACTS\МКД2\Корпус 2.3\POZD_WEB_K2-3_s12_et3,5_1.png","204298","ffe93b3d40fa013f886c232ec8062d49d1d2ed0f4836df9986f77f068a46b099","true","calculated","120","120","1.208480403","1","[517.795263,747.429137,1403.204739,332.570863]","885.409476","414.858274","2878","11","[{""width_pt"":0.75,""count"":1277},{""width_pt"":1,""count"":144}]","1421","[{""width_pt"":0.75,""count"":1421}]","[{""width_pt"":0.75,""count"":1421}]","0","[68.979315,848.689964,1131.020685,351.310036]","1062.04137","497.379928","600","600","[{""index"":0,""name"":""Монтажная область 1"",""rect"":[0,1200,1200,0],""width"":1200,""height"":1200}]","true","true","true","true","true","D:\AI\AITRASH\workspaces\project - Изменение масштаба для планировок квартир\09_outputs\_full_wip\20260727_full_mkd2\Корпус 2.3\х120_POZD_WEB_K2-3_s12_et3,5_1.ai","D:\AI\AITRASH\workspaces\project - Изменение масштаба для планировок квартир\09_outputs\_full_wip\20260727_full_mkd2\Корпус 2.3\х120_POZD_WEB_K2-3_s12_et3,5_1.png","D:\AI\AITRASH\workspaces\project - Изменение масштаба для планировок квартир\09_outputs\_diagnostics\full_20260727_full_mkd2\details\258_POZD_WEB_K2-3_s12_et3,5_1_attempt1.json","Pixel-native AI подтверждён после повторного открытия; обводки 0.75 px; s_raw=1.208480403."
"257_276_20260727_150137","259","1","OK","2026-07-27T15:03:09","Корпус 2.3/POZD_WEB_K2-3_s12_et3,5_2.ai","Корпус 2.3","D:\AI\AITRASH\LIBRARY\02_CATALOG\02_PRESALE_Поздняково\01_ARTIFACTS\МКД2\Корпус 2.3\POZD_WEB_K2-3_s12_et3,5_2.ai","D:\AI\AITRASH\LIBRARY\02_CATALOG\02_PRESALE_Поздняково\01_ARTIFACTS\МКД2\Корпус 2.3\POZD_WEB_K2-3_s12_et3,5_2.png","173246","7e67c9f3443bc01d1a603560f234b72ebad9d402b25c7c195ba5acef934ae608","true","calculated","200","200","1.979259908","1","[717.92126,745.094486,1202.95374,335.905514]","485.03248","409.188972","1758","10","[{""width_pt"":0.75,""count"":781},{""width_pt"":1,""count"":93}]","874","[{""width_pt"":0.75,""count"":874}]","[{""width_pt"":0.75,""count"":874}]","0","[115.46752,1008.563973,1084.53248,191.436027]","969.06496","817.127946","600","600","[{""index"":0,""name"":""Монтажная область 1"",""rect"":[0,1200,1200,0],""width"":1200,""height"":1200}]","true","true","true","true","true","D:\AI\AITRASH\workspaces\project - Изменение масштаба для планировок квартир\09_outputs\_full_wip\20260727_full_mkd2\Корпус 2.3\х200_POZD_WEB_K2-3_s12_et3,5_2.ai","D:\AI\AITRASH\workspaces\project - Изменение масштаба для планировок квартир\09_outputs\_full_wip\20260727_full_mkd2\Корпус 2.3\х200_POZD_WEB_K2-3_s12_et3,5_2.png","D:\AI\AITRASH\workspaces\project - Изменение масштаба для планировок квартир\09_outputs\_diagnostics\full_20260727_full_mkd2\details\259_POZD_WEB_K2-3_s12_et3,5_2_attempt1.json","Pixel-native AI подтверждён после повторного открытия; обводки 0.75 px; s_raw=1.979259908."
"257_276_20260727_150137","260","1","OK","2026-07-27T15:03:34","Корпус 2.3/POZD_WEB_K2-3_s12_et3,5_3.ai","Корпус 2.3","D:\AI\AITRASH\LIBRARY\02_CATALOG\02_PRESALE_Поздняково\01_ARTIFACTS\МКД2\Корпус 2.3\POZD_WEB_K2-3_s12_et3,5_3.ai","D:\AI\AITRASH\LIBRARY\02_CATALOG\02_PRESALE_Поздняково\01_ARTIFACTS\МКД2\Корпус 2.3\POZD_WEB_K2-3_s12_et3,5_3.png","158165","95c08c735f6d7c7a5e13bdd12a4144446dd888b9d21c6cf4cc03815d5fd26e1e","true","calculated","200","200","2.021692592","1","[717.92126,736.101997,1202.95374,343.90945]","485.03248","392.192547","1579","10","[{""width_pt"":0.75,""count"":693},{""width_pt"":1,""count"":92}]","785","[{""width_pt"":0.75,""count"":785}]","[{""width_pt"":0.75,""count"":785}]","0","[115.46752,991.560391,1084.53248,208.439608]","969.06496","783.120783","600","600","[{""index"":0,""name"":""Монтажная область 1"",""rect"":[0,1200,1200,0],""width"":1200,""height"":1200}]","true","true","true","true","true","D:\AI\AITRASH\workspaces\project - Изменение масштаба для планировок квартир\09_outputs\_full_wip\20260727_full_mkd2\Корпус 2.3\х200_POZD_WEB_K2-3_s12_et3,5_3.ai","D:\AI\AITRASH\workspaces\project - Изменение масштаба для планировок квартир\09_outputs\_full_wip\20260727_full_mkd2\Корпус 2.3\х200_POZD_WEB_K2-3_s12_et3,5_3.png","D:\AI\AITRASH\workspaces\project - Изменение масштаба для планировок квартир\09_outputs\_diagnostics\full_20260727_full_mkd2\details\260_POZD_WEB_K2-3_s12_et3,5_3_attempt1.json","Pixel-native AI подтверждён после повторного открытия; обводки 0.75 px; s_raw=2.021692592."
"257_276_20260727_150137","261","1","OK","2026-07-27T15:03:59","Корпус 2.3/POZD_WEB_K2-3_s12_et3_4.ai","Корпус 2.3","D:\AI\AITRASH\LIBRARY\02_CATALOG\02_PRESALE_Поздняково\01_ARTIFACTS\МКД2\Корпус 2.3\POZD_WEB_K2-3_s12_et3_4.ai","D:\AI\AITRASH\LIBRARY\02_CATALOG\02_PRESALE_Поздняково\01_ARTIFACTS\МКД2\Корпус 2.3\POZD_WEB_K2-3_s12_et3_4.png","258213","5bc042e9605729c68d43f3e8c3b48fa6499fafec29564f0dd44b1f4524bd7a16","true","calculated","120","120","1.208480438","1","[517.795275,830.13386,1403.204725,250.86614]","885.40945","579.26772","4202","11","[{""width_pt"":0.75,""count"":1886},{""width_pt"":1,""count"":190}]","2076","[{""width_pt"":0.75,""count"":2076}]","[{""width_pt"":0.75,""count"":2076}]","0","[68.979331,947.335632,1131.020669,252.664368]","1062.041338","694.671264","600","600","[{""index"":0,""name"":""Монтажная область 1"",""rect"":[0,1200,1200,0],""width"":1200,""height"":1200}]","true","true","true","true","true","D:\AI\AITRASH\workspaces\project - Изменение масштаба для планировок квартир\09_outputs\_full_wip\20260727_full_mkd2\Корпус 2.3\х120_POZD_WEB_K2-3_s12_et3_4.ai","D:\AI\AITRASH\workspaces\project - Изменение масштаба для планировок квартир\09_outputs\_full_wip\20260727_full_mkd2\Корпус 2.3\х120_POZD_WEB_K2-3_s12_et3_4.png","D:\AI\AITRASH\workspaces\project - Изменение масштаба для планировок квартир\09_outputs\_diagnostics\full_20260727_full_mkd2\details\261_POZD_WEB_K2-3_s12_et3_4_attempt1.json","Pixel-native AI подтверждён после повторного открытия; обводки 0.75 px; s_raw=1.208480438."
"257_276_20260727_150137","262","1","OK","2026-07-27T15:04:52","Корпус 2.3/POZD_WEB_K2-3_s12_et4_1.ai","Корпус 2.3","D:\AI\AITRASH\LIBRARY\02_CATALOG\02_PRESALE_Поздняково\01_ARTIFACTS\МКД2\Корпус 2.3\POZD_WEB_K2-3_s12_et4_1.ai","D:\AI\AITRASH\LIBRARY\02_CATALOG\02_PRESALE_Поздняково\01_ARTIFACTS\МКД2\Корпус 2.3\POZD_WEB_K2-3_s12_et4_1.png","208323","19788aac65ea6619e9abf5f5659d188b8ec05f01743b6092b56fdfe26f22430b","true","calculated","110","110","1.136743395","1","[489.857283,747.429135,1431.142717,332.570865]","941.285434","414.85827","2943","12","[{""width_pt"":0.75,""count"":1306},{""width_pt"":1,""count"":144}]","1450","[{""width_pt"":0.75,""count"":1450}]","[{""width_pt"":0.75,""count"":1450}]","0","[82.330512,827.997048,1117.669488,372.002952]","1035.338976","455.994096","600","600","[{""index"":0,""name"":""Монтажная область 1"",""rect"":[0,1200,1200,0],""width"":1200,""height"":1200}]","true","true","true","true","true","D:\AI\AITRASH\workspaces\project - Изменение масштаба для планировок квартир\09_outputs\_full_wip\20260727_full_mkd2\Корпус 2.3\х110_POZD_WEB_K2-3_s12_et4_1.ai","D:\AI\AITRASH\workspaces\project - Изменение масштаба для планировок квартир\09_outputs\_full_wip\20260727_full_mkd2\Корпус 2.3\х110_POZD_WEB_K2-3_s12_et4_1.png","D:\AI\AITRASH\workspaces\project - Изменение масштаба для планировок квартир\09_outputs\_diagnostics\full_20260727_full_mkd2\details\262_POZD_WEB_K2-3_s12_et4_1_attempt1.json","Pixel-native AI подтверждён после повторного открытия; обводки 0.75 px; s_raw=1.136743395."
"257_276_20260727_150137","263","1","OK","2026-07-27T15:05:29","Корпус 2.3/POZD_WEB_K2-3_s12_et4_3.ai","Корпус 2.3","D:\AI\AITRASH\LIBRARY\02_CATALOG\02_PRESALE_Поздняково\01_ARTIFACTS\МКД2\Корпус 2.3\POZD_WEB_K2-3_s12_et4_3.ai","D:\AI\AITRASH\LIBRARY\02_CATALOG\02_PRESALE_Поздняково\01_ARTIFACTS\МКД2\Корпус 2.3\POZD_WEB_K2-3_s12_et4_3.png","159871","60ac2888e1b141be108a0d691a9474548bb5373a3692e0ff5fbfd7006bc5b341","true","calculated","200","200","1.965896657","1","[704.014764,736.090551,1216.985236,343.909449]","512.970472","392.181102","1607","11","[{""width_pt"":0.75,""count"":706},{""width_pt"":1,""count"":92}]","798","[{""width_pt"":0.75,""count"":798}]","[{""width_pt"":0.75,""count"":798}]","0","[87.404527,991.556103,1112.595473,208.443897]","1025.190946","783.112206","600","600","[{""index"":0,""name"":""Монтажная область 1"",""rect"":[0,1200,1200,0],""width"":1200,""height"":1200}]","true","true","true","true","true","D:\AI\AITRASH\workspaces\project - Изменение масштаба для планировок квартир\09_outputs\_full_wip\20260727_full_mkd2\Корпус 2.3\х200_POZD_WEB_K2-3_s12_et4_3.ai","D:\AI\AITRASH\workspaces\project - Изменение масштаба для планировок квартир\09_outputs\_full_wip\20260727_full_mkd2\Корпус 2.3\х200_POZD_WEB_K2-3_s12_et4_3.png","D:\AI\AITRASH\workspaces\project - Изменение масштаба для планировок квартир\09_outputs\_diagnostics\full_20260727_full_mkd2\details\263_POZD_WEB_K2-3_s12_et4_3_attempt1.json","Pixel-native AI подтверждён после повторного открытия; обводки 0.75 px; s_raw=1.965896657."
"257_276_20260727_150137","264","1","OK","2026-07-27T15:05:56","Корпус 2.3/POZD_WEB_K2-3_s12_et4_4.ai","Корпус 2.3","D:\AI\AITRASH\LIBRARY\02_CATALOG\02_PRESALE_Поздняково\01_ARTIFACTS\МКД2\Корпус 2.3\POZD_WEB_K2-3_s12_et4_4.ai","D:\AI\AITRASH\LIBRARY\02_CATALOG\02_PRESALE_Поздняково\01_ARTIFACTS\МКД2\Корпус 2.3\POZD_WEB_K2-3_s12_et4_4.png","257538","c288496a006cb5b2d2a7eb96989db7bd743f9e37b0fa3d50d540c97b0c70069f","true","calculated","120","120","1.208480438","1","[517.795275,830.133868,1403.204725,250.866131]","885.40945","579.267737","4167","11","[{""width_pt"":0.75,""count"":1874},{""width_pt"":1,""count"":190}]","2064","[{""width_pt"":0.75,""count"":2064}]","[{""width_pt"":0.75,""count"":2064}]","0","[68.979331,947.335642,1131.020669,252.664357]","1062.041338","694.671285","600","600","[{""index"":0,""name"":""Монтажная область 1"",""rect"":[0,1200,1200,0],""width"":1200,""height"":1200}]","true","true","true","true","true","D:\AI\AITRASH\workspaces\project - Изменение масштаба для планировок квартир\09_outputs\_full_wip\20260727_full_mkd2\Корпус 2.3\х120_POZD_WEB_K2-3_s12_et4_4.ai","D:\AI\AITRASH\workspaces\project - Изменение масштаба для планировок квартир\09_outputs\_full_wip\20260727_full_mkd2\Корпус 2.3\х120_POZD_WEB_K2-3_s12_et4_4.png","D:\AI\AITRASH\workspaces\project - Изменение масштаба для планировок квартир\09_outputs\_diagnostics\full_20260727_full_mkd2\details\264_POZD_WEB_K2-3_s12_et4_4_attempt1.json","Pixel-native AI подтверждён после повторного открытия; обводки 0.75 px; s_raw=1.208480438."
"257_276_20260727_150137","265","1","OK","2026-07-27T15:06:49","Корпус 2.3/POZD_WEB_K2-3_s12_et5_4.ai","Корпус 2.3","D:\AI\AITRASH\LIBRARY\02_CATALOG\02_PRESALE_Поздняково\01_ARTIFACTS\МКД2\Корпус 2.3\POZD_WEB_K2-3_s12_et5_4.ai","D:\AI\AITRASH\LIBRARY\02_CATALOG\02_PRESALE_Поздняково\01_ARTIFACTS\МКД2\Корпус 2.3\POZD_WEB_K2-3_s12_et5_4.png","257825","e4cfb83802de0f08962aa35832c51fd3bcc0b4f340d8c1f88ae1a9eef5986584","true","calculated","120","120","1.208480438","1","[517.795275,830.133874,1403.204725,250.866124]","885.40945","579.26775","4204","11","[{""width_pt"":0.75,""count"":1887},{""width_pt"":1,""count"":191}]","2078","[{""width_pt"":0.75,""count"":2078}]","[{""width_pt"":0.75,""count"":2078}]","0","[68.979331,947.335649,1131.020669,252.66435]","1062.041338","694.671299","600","600","[{""index"":0,""name"":""Монтажная область 1"",""rect"":[0,1200,1200,0],""width"":1200,""height"":1200}]","true","true","true","true","true","D:\AI\AITRASH\workspaces\project - Изменение масштаба для планировок квартир\09_outputs\_full_wip\20260727_full_mkd2\Корпус 2.3\х120_POZD_WEB_K2-3_s12_et5_4.ai","D:\AI\AITRASH\workspaces\project - Изменение масштаба для планировок квартир\09_outputs\_full_wip\20260727_full_mkd2\Корпус 2.3\х120_POZD_WEB_K2-3_s12_et5_4.png","D:\AI\AITRASH\workspaces\project - Изменение масштаба для планировок квартир\09_outputs\_diagnostics\full_20260727_full_mkd2\details\265_POZD_WEB_K2-3_s12_et5_4_attempt1.json","Pixel-native AI подтверждён после повторного открытия; обводки 0.75 px; s_raw=1.208480438."
"257_276_20260727_150137","266","1","OK","2026-07-27T15:07:40","Корпус 2.3/POZD_WEB_K2-3_s12_et6_1.ai","Корпус 2.3","D:\AI\AITRASH\LIBRARY\02_CATALOG\02_PRESALE_Поздняково\01_ARTIFACTS\МКД2\Корпус 2.3\POZD_WEB_K2-3_s12_et6_1.ai","D:\AI\AITRASH\LIBRARY\02_CATALOG\02_PRESALE_Поздняково\01_ARTIFACTS\МКД2\Корпус 2.3\POZD_WEB_K2-3_s12_et6_1.png","424715","7a752285339863225b729c8c5d193533d3f8b3727b85277658090aa76cac2f25","true","calculated","110","110","1.083729011","1","[466.771653,834.385824,1454.103347,246.614176]","987.331694","587.771648","7699","15","[{""width_pt"":0.75,""count"":3595},{""width_pt"":1,""count"":198}]","3793","[{""width_pt"":0.75,""count"":3793}]","[{""width_pt"":0.75,""count"":3793}]","0","[57.073819,923.099406,1142.926181,276.900594]","1085.852362","646.198812","600","600","[{""index"":0,""name"":""Монтажная область 1"",""rect"":[0,1200,1200,0],""width"":1200,""height"":1200}]","true","true","true","true","true","D:\AI\AITRASH\workspaces\project - Изменение масштаба для планировок квартир\09_outputs\_full_wip\20260727_full_mkd2\Корпус 2.3\х110_POZD_WEB_K2-3_s12_et6_1.ai","D:\AI\AITRASH\workspaces\project - Изменение масштаба для планировок квартир\09_outputs\_full_wip\20260727_full_mkd2\Корпус 2.3\х110_POZD_WEB_K2-3_s12_et6_1.png","D:\AI\AITRASH\workspaces\project - Изменение масштаба для планировок квартир\09_outputs\_diagnostics\full_20260727_full_mkd2\details\266_POZD_WEB_K2-3_s12_et6_1_attempt1.json","Pixel-native AI подтверждён после повторного открытия; обводки 0.75 px; s_raw=1.083729011."
"257_276_20260727_150137","267","1","OK","2026-07-27T15:09:51","Корпус 2.3/POZD_WEB_K2-3_s12_et6_2.ai","Корпус 2.3","D:\AI\AITRASH\LIBRARY\02_CATALOG\02_PRESALE_Поздняково\01_ARTIFACTS\МКД2\Корпус 2.3\POZD_WEB_K2-3_s12_et6_2.ai","D:\AI\AITRASH\LIBRARY\02_CATALOG\02_PRESALE_Поздняково\01_ARTIFACTS\МКД2\Корпус 2.3\POZD_WEB_K2-3_s12_et6_2.png","173812","caf702328d30613d2d3b5db650f7dd874880ee98122d29c71c0dc1f275a22151","true","calculated","200","200","1.924606946","1","[704.014764,745.094492,1216.985236,335.905508]","512.970472","409.188984","1790","11","[{""width_pt"":0.75,""count"":795},{""width_pt"":1,""count"":93}]","888","[{""width_pt"":0.75,""count"":888}]","[{""width_pt"":0.75,""count"":888}]","0","[87.404527,1008.563985,1112.595473,191.436015]","1025.190946","817.12797","600","600","[{""index"":0,""name"":""Монтажная область 1"",""rect"":[0,1200,1200,0],""width"":1200,""height"":1200}]","true","true","true","true","true","D:\AI\AITRASH\workspaces\project - Изменение масштаба для планировок квартир\09_outputs\_full_wip\20260727_full_mkd2\Корпус 2.3\х200_POZD_WEB_K2-3_s12_et6_2.ai","D:\AI\AITRASH\workspaces\project - Изменение масштаба для планировок квартир\09_outputs\_full_wip\20260727_full_mkd2\Корпус 2.3\х200_POZD_WEB_K2-3_s12_et6_2.png","D:\AI\AITRASH\workspaces\project - Изменение масштаба для планировок квартир\09_outputs\_diagnostics\full_20260727_full_mkd2\details\267_POZD_WEB_K2-3_s12_et6_2_attempt1.json","Pixel-native AI подтверждён после повторного открытия; обводки 0.75 px; s_raw=1.924606946."
"257_276_20260727_150137","268","1","OK","2026-07-27T15:10:19","Корпус 2.3/POZD_WEB_K2-3_s12_et6_3.ai","Корпус 2.3","D:\AI\AITRASH\LIBRARY\02_CATALOG\02_PRESALE_Поздняково\01_ARTIFACTS\МКД2\Корпус 2.3\POZD_WEB_K2-3_s12_et6_3.ai","D:\AI\AITRASH\LIBRARY\02_CATALOG\02_PRESALE_Поздняково\01_ARTIFACTS\МКД2\Корпус 2.3\POZD_WEB_K2-3_s12_et6_3.png","159744","3a5003dc1682c85d719a1a4da843611726dd298f2cc05734f274dff2ff0f81e8","true","calculated","200","200","2.021722081","1","[717.92126,736.090553,1202.95374,343.909447]","485.03248","392.181106","1626","10","[{""width_pt"":0.75,""count"":716},{""width_pt"":1,""count"":92}]","808","[{""width_pt"":0.75,""count"":808}]","[{""width_pt"":0.75,""count"":808}]","0","[115.46752,991.556107,1084.53248,208.443893]","969.06496","783.112214","600","600","[{""index"":0,""name"":""Монтажная область 1"",""rect"":[0,1200,1200,0],""width"":1200,""height"":1200}]","true","true","true","true","true","D:\AI\AITRASH\workspaces\project - Изменение масштаба для планировок квартир\09_outputs\_full_wip\20260727_full_mkd2\Корпус 2.3\х200_POZD_WEB_K2-3_s12_et6_3.ai","D:\AI\AITRASH\workspaces\project - Изменение масштаба для планировок квартир\09_outputs\_full_wip\20260727_full_mkd2\Корпус 2.3\х200_POZD_WEB_K2-3_s12_et6_3.png","D:\AI\AITRASH\workspaces\project - Изменение масштаба для планировок квартир\09_outputs\_diagnostics\full_20260727_full_mkd2\details\268_POZD_WEB_K2-3_s12_et6_3_attempt1.json","Pixel-native AI подтверждён после повторного открытия; обводки 0.75 px; s_raw=2.021722081."
"257_276_20260727_150137","269","1","OK","2026-07-27T15:10:45","Корпус 2.3/POZD_WEB_K2-3_s12_et6_4.ai","Корпус 2.3","D:\AI\AITRASH\LIBRARY\02_CATALOG\02_PRESALE_Поздняково\01_ARTIFACTS\МКД2\Корпус 2.3\POZD_WEB_K2-3_s12_et6_4.ai","D:\AI\AITRASH\LIBRARY\02_CATALOG\02_PRESALE_Поздняково\01_ARTIFACTS\МКД2\Корпус 2.3\POZD_WEB_K2-3_s12_et6_4.png","257782","57118133c38eaef8e3bcf82037be08f81221b10d736a4b3f0493332a18c3b8fd","true","calculated","110","110","1.136743395","1","[489.857283,830.133868,1431.142717,250.866131]","941.285434","579.267737","4198","11","[{""width_pt"":0.75,""count"":1885},{""width_pt"":1,""count"":190}]","2075","[{""width_pt"":0.75,""count"":2075}]","[{""width_pt"":0.75,""count"":2075}]","0","[82.330512,918.422255,1117.669488,281.577744]","1035.338976","636.844511","600","600","[{""index"":0,""name"":""Монтажная область 1"",""rect"":[0,1200,1200,0],""width"":1200,""height"":1200}]","true","true","true","true","true","D:\AI\AITRASH\workspaces\project - Изменение масштаба для планировок квартир\09_outputs\_full_wip\20260727_full_mkd2\Корпус 2.3\х110_POZD_WEB_K2-3_s12_et6_4.ai","D:\AI\AITRASH\workspaces\project - Изменение масштаба для планировок квартир\09_outputs\_full_wip\20260727_full_mkd2\Корпус 2.3\х110_POZD_WEB_K2-3_s12_et6_4.png","D:\AI\AITRASH\workspaces\project - Изменение масштаба для планировок квартир\09_outputs\_diagnostics\full_20260727_full_mkd2\details\269_POZD_WEB_K2-3_s12_et6_4_attempt1.json","Pixel-native AI подтверждён после повторного открытия; обводки 0.75 px; s_raw=1.136743395."
"257_276_20260727_150137","270","1","OK","2026-07-27T15:11:38","Корпус 2.3/POZD_WEB_K2-3_s13_et1,3,5_9.ai","Корпус 2.3","D:\AI\AITRASH\LIBRARY\02_CATALOG\02_PRESALE_Поздняково\01_ARTIFACTS\МКД2\Корпус 2.3\POZD_WEB_K2-3_s13_et1,3,5_9.ai","D:\AI\AITRASH\LIBRARY\02_CATALOG\02_PRESALE_Поздняково\01_ARTIFACTS\МКД2\Корпус 2.3\POZD_WEB_K2-3_s13_et1,3,5_9.png","266575","16bef8e3b3ea86aa90c6f70a07ae5c4eb57e835c91697a7180b5b7d4867c4a53","true","calculated","170","170","1.720691054","1","[735.562997,832.77066,1184.437003,247.751433]","448.874006","585.019227","3779","14","[{""width_pt"":0.75,""count"":1749},{""width_pt"":1,""count"":113}]","1862","[{""width_pt"":0.75,""count"":1862}]","[{""width_pt"":0.75,""count"":1862}]","0","[218.932095,1096.543349,981.067905,103.456651]","762.13581","993.086698","600","600","[{""index"":0,""name"":""Монтажная область 1"",""rect"":[0,1200,1200,0],""width"":1200,""height"":1200}]","true","true","true","true","true","D:\AI\AITRASH\workspaces\project - Изменение масштаба для планировок квартир\09_outputs\_full_wip\20260727_full_mkd2\Корпус 2.3\х170_POZD_WEB_K2-3_s13_et1,3,5_9.ai","D:\AI\AITRASH\workspaces\project - Изменение масштаба для планировок квартир\09_outputs\_full_wip\20260727_full_mkd2\Корпус 2.3\х170_POZD_WEB_K2-3_s13_et1,3,5_9.png","D:\AI\AITRASH\workspaces\project - Изменение масштаба для планировок квартир\09_outputs\_diagnostics\full_20260727_full_mkd2\details\270_POZD_WEB_K2-3_s13_et1,3,5_9_attempt1.json","Pixel-native AI подтверждён после повторного открытия; обводки 0.75 px; s_raw=1.720691054."
"257_276_20260727_150137","271","1","OK","2026-07-27T15:12:28","Корпус 2.3/POZD_WEB_K2-3_s13_et1,5_8.ai","Корпус 2.3","D:\AI\AITRASH\LIBRARY\02_CATALOG\02_PRESALE_Поздняково\01_ARTIFACTS\МКД2\Корпус 2.3\POZD_WEB_K2-3_s13_et1,5_8.ai","D:\AI\AITRASH\LIBRARY\02_CATALOG\02_PRESALE_Поздняково\01_ARTIFACTS\МКД2\Корпус 2.3\POZD_WEB_K2-3_s13_et1,5_8.png","162483","1885b982635b5525804bc551a11b3608c2d517c54eb97a462372efb0630f89ac","true","calculated","200","200","2.216228734","1","[766.535429,744.027559,1154.464571,335.972441]","387.929142","408.055118","1637","10","[{""width_pt"":0.75,""count"":727},{""width_pt"":1,""count"":84}]","811","[{""width_pt"":0.75,""count"":811}]","[{""width_pt"":0.75,""count"":811}]","0","[212.695858,1007.430118,987.304142,192.569882]","774.608284","814.860236","600","600","[{""index"":0,""name"":""Монтажная область 1"",""rect"":[0,1200,1200,0],""width"":1200,""height"":1200}]","true","true","true","true","true","D:\AI\AITRASH\workspaces\project - Изменение масштаба для планировок квартир\09_outputs\_full_wip\20260727_full_mkd2\Корпус 2.3\х200_POZD_WEB_K2-3_s13_et1,5_8.ai","D:\AI\AITRASH\workspaces\project - Изменение масштаба для планировок квартир\09_outputs\_full_wip\20260727_full_mkd2\Корпус 2.3\х200_POZD_WEB_K2-3_s13_et1,5_8.png","D:\AI\AITRASH\workspaces\project - Изменение масштаба для планировок квартир\09_outputs\_diagnostics\full_20260727_full_mkd2\details\271_POZD_WEB_K2-3_s13_et1,5_8_attempt1.json","Pixel-native AI подтверждён после повторного открытия; обводки 0.75 px; s_raw=2.216228734."
"257_276_20260727_150137","272","1","OK","2026-07-27T15:12:53","Корпус 2.3/POZD_WEB_K2-3_s13_et1,6_6.ai","Корпус 2.3","D:\AI\AITRASH\LIBRARY\02_CATALOG\02_PRESALE_Поздняково\01_ARTIFACTS\МКД2\Корпус 2.3\POZD_WEB_K2-3_s13_et1,6_6.ai","D:\AI\AITRASH\LIBRARY\02_CATALOG\02_PRESALE_Поздняково\01_ARTIFACTS\МКД2\Корпус 2.3\POZD_WEB_K2-3_s13_et1,6_6.png","220694","933f8f9e4bfd042c1072e6f4181186248db6e4310d5b99ae65382be6737f2ec1","true","calculated","150","150","1.587822871","1","[661.862204,799.094488,1258.137796,281.905512]","596.275592","517.188976","3084","10","[{""width_pt"":0.75,""count"":1363},{""width_pt"":1,""count"":156}]","1519","[{""width_pt"":0.75,""count"":1519}]","[{""width_pt"":0.75,""count"":1519}]","0","[153.168307,987.516732,1046.831693,212.483268]","893.663386","775.033464","600","600","[{""index"":0,""name"":""Монтажная область 1"",""rect"":[0,1200,1200,0],""width"":1200,""height"":1200}]","true","true","true","true","true","D:\AI\AITRASH\workspaces\project - Изменение масштаба для планировок квартир\09_outputs\_full_wip\20260727_full_mkd2\Корпус 2.3\х150_POZD_WEB_K2-3_s13_et1,6_6.ai","D:\AI\AITRASH\workspaces\project - Изменение масштаба для планировок квартир\09_outputs\_full_wip\20260727_full_mkd2\Корпус 2.3\х150_POZD_WEB_K2-3_s13_et1,6_6.png","D:\AI\AITRASH\workspaces\project - Изменение масштаба для планировок квартир\09_outputs\_diagnostics\full_20260727_full_mkd2\details\272_POZD_WEB_K2-3_s13_et1,6_6_attempt1.json","Pixel-native AI подтверждён после повторного открытия; обводки 0.75 px; s_raw=1.587822871."
"257_276_20260727_150137","273","1","OK","2026-07-27T15:13:30","Корпус 2.3/POZD_WEB_K2-3_s13_et1_2.ai","Корпус 2.3","D:\AI\AITRASH\LIBRARY\02_CATALOG\02_PRESALE_Поздняково\01_ARTIFACTS\МКД2\Корпус 2.3\POZD_WEB_K2-3_s13_et1_2.ai","D:\AI\AITRASH\LIBRARY\02_CATALOG\02_PRESALE_Поздняково\01_ARTIFACTS\МКД2\Корпус 2.3\POZD_WEB_K2-3_s13_et1_2.png","242325","098f8a12a233af82f106fa558218390271f77368c5c48a20e8300bc332056317","true","calculated","170","170","1.7314702","1","[659.745247,756.434378,1260.254753,324.566932]","600.509506","431.867446","3275","14","[{""width_pt"":0.75,""count"":1496},{""width_pt"":1,""count"":121}]","1617","[{""width_pt"":0.75,""count"":1617}]","[{""width_pt"":0.75,""count"":1617}]","0","[90.04192,966.611707,1109.95808,233.388292]","1019.91616","733.223415","600","600","[{""index"":0,""name"":""Монтажная область 1"",""rect"":[0,1200,1200,0],""width"":1200,""height"":1200}]","true","true","true","true","true","D:\AI\AITRASH\workspaces\project - Изменение масштаба для планировок квартир\09_outputs\_full_wip\20260727_full_mkd2\Корпус 2.3\х170_POZD_WEB_K2-3_s13_et1_2.ai","D:\AI\AITRASH\workspaces\project - Изменение масштаба для планировок квартир\09_outputs\_full_wip\20260727_full_mkd2\Корпус 2.3\х170_POZD_WEB_K2-3_s13_et1_2.png","D:\AI\AITRASH\workspaces\project - Изменение масштаба для планировок квартир\09_outputs\_diagnostics\full_20260727_full_mkd2\details\273_POZD_WEB_K2-3_s13_et1_2_attempt1.json","Pixel-native AI подтверждён после повторного открытия; обводки 0.75 px; s_raw=1.7314702."
"257_276_20260727_150137","274","1","OK","2026-07-27T15:14:15","Корпус 2.3/POZD_WEB_K2-3_s13_et1_3.ai","Корпус 2.3","D:\AI\AITRASH\LIBRARY\02_CATALOG\02_PRESALE_Поздняково\01_ARTIFACTS\МКД2\Корпус 2.3\POZD_WEB_K2-3_s13_et1_3.ai","D:\AI\AITRASH\LIBRARY\02_CATALOG\02_PRESALE_Поздняково\01_ARTIFACTS\МКД2\Корпус 2.3\POZD_WEB_K2-3_s13_et1_3.png","205151","aab895160946a7937523ebeb20f6e639440b65cea13eaf564903ab3cffcf91a1","true","calculated","150","150","1.591552183","1","[730.018701,874.070864,1190.106299,206.929136]","460.087598","667.141728","2801","10","[{""width_pt"":0.75,""count"":1245},{""width_pt"":1,""count"":142}]","1387","[{""width_pt"":0.75,""count"":1387}]","[{""width_pt"":0.75,""count"":1387}]","0","[255.215551,1099.981296,944.784449,100.018704]","689.568898","999.962592","600","600","[{""index"":0,""name"":""Монтажная область 1"",""rect"":[0,1200,1200,0],""width"":1200,""height"":1200}]","true","true","true","true","true","D:\AI\AITRASH\workspaces\project - Изменение масштаба для планировок квартир\09_outputs\_full_wip\20260727_full_mkd2\Корпус 2.3\х150_POZD_WEB_K2-3_s13_et1_3.ai","D:\AI\AITRASH\workspaces\project - Изменение масштаба для планировок квартир\09_outputs\_full_wip\20260727_full_mkd2\Корпус 2.3\х150_POZD_WEB_K2-3_s13_et1_3.png","D:\AI\AITRASH\workspaces\project - Изменение масштаба для планировок квартир\09_outputs\_diagnostics\full_20260727_full_mkd2\details\274_POZD_WEB_K2-3_s13_et1_3_attempt1.json","Pixel-native AI подтверждён после повторного открытия; обводки 0.75 px; s_raw=1.591552183."
"257_276_20260727_150137","275","1","OK","2026-07-27T15:14:48","Корпус 2.3/POZD_WEB_K2-3_s13_et1_5.ai","Корпус 2.3","D:\AI\AITRASH\LIBRARY\02_CATALOG\02_PRESALE_Поздняково\01_ARTIFACTS\МКД2\Корпус 2.3\POZD_WEB_K2-3_s13_et1_5.ai","D:\AI\AITRASH\LIBRARY\02_CATALOG\02_PRESALE_Поздняково\01_ARTIFACTS\МКД2\Корпус 2.3\POZD_WEB_K2-3_s13_et1_5.png","163216","4e4a603677b1438e5a2ccbe70bfefc52dc8166ed235eee38d5a5766c7576be73","true","calculated","200","200","2.075805273","1","[730.018701,736.090545,1190.106299,343.909455]","460.087598","392.18109","1699","10","[{""width_pt"":0.75,""count"":755},{""width_pt"":1,""count"":86}]","841","[{""width_pt"":0.75,""count"":841}]","[{""width_pt"":0.75,""count"":841}]","0","[140.412401,991.55609,1059.587599,208.44391]","919.175198","783.11218","600","600","[{""index"":0,""name"":""Монтажная область 1"",""rect"":[0,1200,1200,0],""width"":1200,""height"":1200}]","true","true","true","true","true","D:\AI\AITRASH\workspaces\project - Изменение масштаба для планировок квартир\09_outputs\_full_wip\20260727_full_mkd2\Корпус 2.3\х200_POZD_WEB_K2-3_s13_et1_5.ai","D:\AI\AITRASH\workspaces\project - Изменение масштаба для планировок квартир\09_outputs\_full_wip\20260727_full_mkd2\Корпус 2.3\х200_POZD_WEB_K2-3_s13_et1_5.png","D:\AI\AITRASH\workspaces\project - Изменение масштаба для планировок квартир\09_outputs\_diagnostics\full_20260727_full_mkd2\details\275_POZD_WEB_K2-3_s13_et1_5_attempt1.json","Pixel-native AI подтверждён после повторного открытия; обводки 0.75 px; s_raw=2.075805273."
"257_276_20260727_150137","276","1","OK","2026-07-27T15:15:14","Корпус 2.3/POZD_WEB_K2-3_s13_et1_6.ai","Корпус 2.3","D:\AI\AITRASH\LIBRARY\02_CATALOG\02_PRESALE_Поздняково\01_ARTIFACTS\МКД2\Корпус 2.3\POZD_WEB_K2-3_s13_et1_6.ai","D:\AI\AITRASH\LIBRARY\02_CATALOG\02_PRESALE_Поздняково\01_ARTIFACTS\МКД2\Корпус 2.3\POZD_WEB_K2-3_s13_et1_6.png","219518","de4041ae9c3fe3e6318a5f41a76348fd3c2882237f3ec090e07dfa1a7fef57f2","true","calculated","150","150","1.588258184","1","[661.862205,798.452756,1258.137795,281.547244]","596.27559","516.905512","3066","10","[{""width_pt"":0.75,""count"":1357},{""width_pt"":1,""count"":155}]","1512","[{""width_pt"":0.75,""count"":1512}]","[{""width_pt"":0.75,""count"":1512}]","0","[153.168307,987.304133,1046.831693,212.695867]","893.663386","774.608266","600","600","[{""index"":0,""name"":""Монтажная область 1"",""rect"":[0,1200,1200,0],""width"":1200,""height"":1200}]","true","true","true","true","true","D:\AI\AITRASH\workspaces\project - Изменение масштаба для планировок квартир\09_outputs\_full_wip\20260727_full_mkd2\Корпус 2.3\х150_POZD_WEB_K2-3_s13_et1_6.ai","D:\AI\AITRASH\workspaces\project - Изменение масштаба для планировок квартир\09_outputs\_full_wip\20260727_full_mkd2\Корпус 2.3\х150_POZD_WEB_K2-3_s13_et1_6.png","D:\AI\AITRASH\workspaces\project - Изменение масштаба для планировок квартир\09_outputs\_diagnostics\full_20260727_full_mkd2\details\276_POZD_WEB_K2-3_s13_et1_6_attempt1.json","Pixel-native AI подтверждён после повторного открытия; обводки 0.75 px; s_raw=1.588258184."
"277_296_20260727_151723","277","1","OK","2026-07-27T15:17:23","Корпус 2.3/POZD_WEB_K2-3_s13_et1_7.ai","Корпус 2.3","D:\AI\AITRASH\LIBRARY\02_CATALOG\02_PRESALE_Поздняково\01_ARTIFACTS\МКД2\Корпус 2.3\POZD_WEB_K2-3_s13_et1_7.ai","D:\AI\AITRASH\LIBRARY\02_CATALOG\02_PRESALE_Поздняково\01_ARTIFACTS\МКД2\Корпус 2.3\POZD_WEB_K2-3_s13_et1_7.png","169192","b6553f734d96030f6cb85a297309c28f8d0b8fae7f5a238c4299a2e0fad1f532","true","calculated","200","200","2.053160608","1","[763.909449,775.083661,1156.090551,304.791339]","392.181102","470.292322","1809","10","[{""width_pt"":0.75,""count"":801},{""width_pt"":1,""count"":91}]","892","[{""width_pt"":0.75,""count"":892}]","[{""width_pt"":0.75,""count"":892}]","0","[208.443898,1069.792323,991.556102,130.207677]","783.112204","939.584646","600","600","[{""index"":0,""name"":""Монтажная область 1"",""rect"":[0,1200,1200,0],""width"":1200,""height"":1200}]","true","true","true","true","true","D:\AI\AITRASH\workspaces\project - Изменение масштаба для планировок квартир\09_outputs\_full_wip\20260727_full_mkd2\Корпус 2.3\х200_POZD_WEB_K2-3_s13_et1_7.ai","D:\AI\AITRASH\workspaces\project - Изменение масштаба для планировок квартир\09_outputs\_full_wip\20260727_full_mkd2\Корпус 2.3\х200_POZD_WEB_K2-3_s13_et1_7.png","D:\AI\AITRASH\workspaces\project - Изменение масштаба для планировок квартир\09_outputs\_diagnostics\full_20260727_full_mkd2\details\277_POZD_WEB_K2-3_s13_et1_7_attempt1.json","Pixel-native AI подтверждён после повторного открытия; обводки 0.75 px; s_raw=2.053160608."
"277_296_20260727_151723","278","1","OK","2026-07-27T15:17:51","Корпус 2.3/POZD_WEB_K2-3_s13_et1_9.ai","Корпус 2.3","D:\AI\AITRASH\LIBRARY\02_CATALOG\02_PRESALE_Поздняково\01_ARTIFACTS\МКД2\Корпус 2.3\POZD_WEB_K2-3_s13_et1_9.ai","D:\AI\AITRASH\LIBRARY\02_CATALOG\02_PRESALE_Поздняково\01_ARTIFACTS\МКД2\Корпус 2.3\POZD_WEB_K2-3_s13_et1_9.png","265912","5519ee7f6ec81ea30285795b1b7936f32025997ecf20608fc8674135f5695c2b","true","calculated","170","170","1.721525452","1","[735.562992,832.987172,1184.437008,248.534921]","448.874016","584.452251","3768","14","[{""width_pt"":0.75,""count"":1746},{""width_pt"":1,""count"":113}]","1859","[{""width_pt"":0.75,""count"":1859}]","[{""width_pt"":0.75,""count"":1859}]","0","[218.932086,1096.061419,981.067914,103.938581]","762.135828","992.122838","600","600","[{""index"":0,""name"":""Монтажная область 1"",""rect"":[0,1200,1200,0],""width"":1200,""height"":1200}]","true","true","true","true","true","D:\AI\AITRASH\workspaces\project - Изменение масштаба для планировок квартир\09_outputs\_full_wip\20260727_full_mkd2\Корпус 2.3\х170_POZD_WEB_K2-3_s13_et1_9.ai","D:\AI\AITRASH\workspaces\project - Изменение масштаба для планировок квартир\09_outputs\_full_wip\20260727_full_mkd2\Корпус 2.3\х170_POZD_WEB_K2-3_s13_et1_9.png","D:\AI\AITRASH\workspaces\project - Изменение масштаба для планировок квартир\09_outputs\_diagnostics\full_20260727_full_mkd2\details\278_POZD_WEB_K2-3_s13_et1_9_attempt1.json","Pixel-native AI подтверждён после повторного открытия; обводки 0.75 px; s_raw=1.721525452."
"277_296_20260727_151723","279","1","OK","2026-07-27T15:18:42","Корпус 2.3/POZD_WEB_K2-3_s13_et2,4_4.ai","Корпус 2.3","D:\AI\AITRASH\LIBRARY\02_CATALOG\02_PRESALE_Поздняково\01_ARTIFACTS\МКД2\Корпус 2.3\POZD_WEB_K2-3_s13_et2,4_4.ai","D:\AI\AITRASH\LIBRARY\02_CATALOG\02_PRESALE_Поздняково\01_ARTIFACTS\МКД2\Корпус 2.3\POZD_WEB_K2-3_s13_et2,4_4.png","223655","546185d0e1d9ec0366c4d209eee4a3b9e9fffdc9994bb3a0e14c242711b64c61","true","calculated","120","120","1.208651073","1","[517.795275,762.102362,1403.079725,319.022638]","885.28445","443.079724","3362","11","[{""width_pt"":0.75,""count"":1502},{""width_pt"":1,""count"":161}]","1663","[{""width_pt"":0.75,""count"":1663}]","[{""width_pt"":0.75,""count"":1663}]","0","[68.979331,865.697835,1131.020669,334.302165]","1062.041338","531.39567","600","600","[{""index"":0,""name"":""Монтажная область 1"",""rect"":[0,1200,1200,0],""width"":1200,""height"":1200}]","true","true","true","true","true","D:\AI\AITRASH\workspaces\project - Изменение масштаба для планировок квартир\09_outputs\_full_wip\20260727_full_mkd2\Корпус 2.3\х120_POZD_WEB_K2-3_s13_et2,4_4.ai","D:\AI\AITRASH\workspaces\project - Изменение масштаба для планировок квартир\09_outputs\_full_wip\20260727_full_mkd2\Корпус 2.3\х120_POZD_WEB_K2-3_s13_et2,4_4.png","D:\AI\AITRASH\workspaces\project - Изменение масштаба для планировок квартир\09_outputs\_diagnostics\full_20260727_full_mkd2\details\279_POZD_WEB_K2-3_s13_et2,4_4_attempt1.json","Pixel-native AI подтверждён после повторного открытия; обводки 0.75 px; s_raw=1.208651073."
"277_296_20260727_151723","280","1","OK","2026-07-27T15:19:22","Корпус 2.3/POZD_WEB_K2-3_s13_et2,5_2.ai","Корпус 2.3","D:\AI\AITRASH\LIBRARY\02_CATALOG\02_PRESALE_Поздняково\01_ARTIFACTS\МКД2\Корпус 2.3\POZD_WEB_K2-3_s13_et2,5_2.ai","D:\AI\AITRASH\LIBRARY\02_CATALOG\02_PRESALE_Поздняково\01_ARTIFACTS\МКД2\Корпус 2.3\POZD_WEB_K2-3_s13_et2,5_2.png","156123","9e339267bf636dd54f001388387d8930ab1425d1aef81bae2187fe7f09bb6373","true","calculated","200","200","2.075805205","1","[729.893701,736.090558,1189.981299,343.909442]","460.087598","392.181116","1625","10","[{""width_pt"":0.75,""count"":720},{""width_pt"":1,""count"":80}]","800","[{""width_pt"":0.75,""count"":800}]","[{""width_pt"":0.75,""count"":800}]","0","[140.412401,991.556116,1059.587599,208.443884]","919.175198","783.112232","600","600","[{""index"":0,""name"":""Монтажная область 1"",""rect"":[0,1200,1200,0],""width"":1200,""height"":1200}]","true","true","true","true","true","D:\AI\AITRASH\workspaces\project - Изменение масштаба для планировок квартир\09_outputs\_full_wip\20260727_full_mkd2\Корпус 2.3\х200_POZD_WEB_K2-3_s13_et2,5_2.ai","D:\AI\AITRASH\workspaces\project - Изменение масштаба для планировок квартир\09_outputs\_full_wip\20260727_full_mkd2\Корпус 2.3\х200_POZD_WEB_K2-3_s13_et2,5_2.png","D:\AI\AITRASH\workspaces\project - Изменение масштаба для планировок квартир\09_outputs\_diagnostics\full_20260727_full_mkd2\details\280_POZD_WEB_K2-3_s13_et2,5_2_attempt1.json","Pixel-native AI подтверждён после повторного открытия; обводки 0.75 px; s_raw=2.075805205."
"277_296_20260727_151723","281","1","OK","2026-07-27T15:19:47","Корпус 2.3/POZD_WEB_K2-3_s13_et2,6_1.ai","Корпус 2.3","D:\AI\AITRASH\LIBRARY\02_CATALOG\02_PRESALE_Поздняково\01_ARTIFACTS\МКД2\Корпус 2.3\POZD_WEB_K2-3_s13_et2,6_1.ai","D:\AI\AITRASH\LIBRARY\02_CATALOG\02_PRESALE_Поздняково\01_ARTIFACTS\МКД2\Корпус 2.3\POZD_WEB_K2-3_s13_et2,6_1.png","163699","300a979a765387049f8ec648b69517d7d329897d4c3d138fcf86312aa669bb5b","true","calculated","200","200","2.029397377","1","[729.893701,745.161415,1189.981299,334.838585]","460.087598","410.32283","1748","10","[{""width_pt"":0.75,""count"":778},{""width_pt"":1,""count"":89}]","867","[{""width_pt"":0.75,""count"":867}]","[{""width_pt"":0.75,""count"":867}]","0","[140.412401,1009.69783,1059.587599,190.30217]","919.175198","819.39566","600","600","[{""index"":0,""name"":""Монтажная область 1"",""rect"":[0,1200,1200,0],""width"":1200,""height"":1200}]","true","true","true","true","true","D:\AI\AITRASH\workspaces\project - Изменение масштаба для планировок квартир\09_outputs\_full_wip\20260727_full_mkd2\Корпус 2.3\х200_POZD_WEB_K2-3_s13_et2,6_1.ai","D:\AI\AITRASH\workspaces\project - Изменение масштаба для планировок квартир\09_outputs\_full_wip\20260727_full_mkd2\Корпус 2.3\х200_POZD_WEB_K2-3_s13_et2,6_1.png","D:\AI\AITRASH\workspaces\project - Изменение масштаба для планировок квартир\09_outputs\_diagnostics\full_20260727_full_mkd2\details\281_POZD_WEB_K2-3_s13_et2,6_1_attempt1.json","Pixel-native AI подтверждён после повторного открытия; обводки 0.75 px; s_raw=2.029397377."
"277_296_20260727_151723","282","1","OK","2026-07-27T15:20:14","Корпус 2.3/POZD_WEB_K2-3_s13_et2,6_6.ai","Корпус 2.3","D:\AI\AITRASH\LIBRARY\02_CATALOG\02_PRESALE_Поздняково\01_ARTIFACTS\МКД2\Корпус 2.3\POZD_WEB_K2-3_s13_et2,6_6.ai","D:\AI\AITRASH\LIBRARY\02_CATALOG\02_PRESALE_Поздняково\01_ARTIFACTS\МКД2\Корпус 2.3\POZD_WEB_K2-3_s13_et2,6_6.png","201548","f97316dd081f6066d8ab21d00c1d4771d365ad2f0df3221b3f68c3ee99a11562","true","calculated","170","170","1.708009465","1","[730.018701,830.133858,1190.106299,250.866142]","460.087598","579.267716","2560","10","[{""width_pt"":0.75,""count"":1143},{""width_pt"":1,""count"":124}]","1267","[{""width_pt"":0.75,""count"":1267}]","[{""width_pt"":0.75,""count"":1267}]","0","[209.294291,1091.902559,990.705709,108.097441]","781.411418","983.805118","600","600","[{""index"":0,""name"":""Монтажная область 1"",""rect"":[0,1200,1200,0],""width"":1200,""height"":1200}]","true","true","true","true","true","D:\AI\AITRASH\workspaces\project - Изменение масштаба для планировок квартир\09_outputs\_full_wip\20260727_full_mkd2\Корпус 2.3\х170_POZD_WEB_K2-3_s13_et2,6_6.ai","D:\AI\AITRASH\workspaces\project - Изменение масштаба для планировок квартир\09_outputs\_full_wip\20260727_full_mkd2\Корпус 2.3\х170_POZD_WEB_K2-3_s13_et2,6_6.png","D:\AI\AITRASH\workspaces\project - Изменение масштаба для планировок квартир\09_outputs\_diagnostics\full_20260727_full_mkd2\details\282_POZD_WEB_K2-3_s13_et2,6_6_attempt1.json","Pixel-native AI подтверждён после повторного открытия; обводки 0.75 px; s_raw=1.708009465."
"277_296_20260727_151723","283","1","OK","2026-07-27T15:20:46","Корпус 2.3/POZD_WEB_K2-3_s13_et2_11.ai","Корпус 2.3","D:\AI\AITRASH\LIBRARY\02_CATALOG\02_PRESALE_Поздняково\01_ARTIFACTS\МКД2\Корпус 2.3\POZD_WEB_K2-3_s13_et2_11.ai","D:\AI\AITRASH\LIBRARY\02_CATALOG\02_PRESALE_Поздняково\01_ARTIFACTS\МКД2\Корпус 2.3\POZD_WEB_K2-3_s13_et2_11.png","179986","eb2c9cf490d42ff6cbeee3115793c0627b4e3f065cdcd72108d4f3905d0a5a68","true","calculated","170","170","1.82927027","1","[735.562989,799.252938,1184.437011,281.622062]","448.874022","517.630876","2087","11","[{""width_pt"":0.75,""count"":934},{""width_pt"":1,""count"":93}]","1027","[{""width_pt"":0.75,""count"":1027}]","[{""width_pt"":0.75,""count"":1027}]","0","[218.932082,1039.617495,981.067918,160.382505]","762.135836","879.23499","600","600","[{""index"":0,""name"":""Монтажная область 1"",""rect"":[0,1200,1200,0],""width"":1200,""height"":1200}]","true","true","true","true","true","D:\AI\AITRASH\workspaces\project - Изменение масштаба для планировок квартир\09_outputs\_full_wip\20260727_full_mkd2\Корпус 2.3\х170_POZD_WEB_K2-3_s13_et2_11.ai","D:\AI\AITRASH\workspaces\project - Изменение масштаба для планировок квартир\09_outputs\_full_wip\20260727_full_mkd2\Корпус 2.3\х170_POZD_WEB_K2-3_s13_et2_11.png","D:\AI\AITRASH\workspaces\project - Изменение масштаба для планировок квартир\09_outputs\_diagnostics\full_20260727_full_mkd2\details\283_POZD_WEB_K2-3_s13_et2_11_attempt1.json","Pixel-native AI подтверждён после повторного открытия; обводки 0.75 px; s_raw=1.82927027."
"277_296_20260727_151723","284","1","OK","2026-07-27T15:21:15","Корпус 2.3/POZD_WEB_K2-3_s13_et2_3.ai","Корпус 2.3","D:\AI\AITRASH\LIBRARY\02_CATALOG\02_PRESALE_Поздняково\01_ARTIFACTS\МКД2\Корпус 2.3\POZD_WEB_K2-3_s13_et2_3.ai","D:\AI\AITRASH\LIBRARY\02_CATALOG\02_PRESALE_Поздняково\01_ARTIFACTS\МКД2\Корпус 2.3\POZD_WEB_K2-3_s13_et2_3.png","160103","71e216ed4e65de64a9bb7b33854deac8a4afed6f9dfa991e2535a6dd46cde872","true","calculated","200","200","2.075805257","1","[729.893701,736.090548,1189.981299,343.909452]","460.087598","392.181096","1627","10","[{""width_pt"":0.75,""count"":724},{""width_pt"":1,""count"":82}]","806","[{""width_pt"":0.75,""count"":806}]","[{""width_pt"":0.75,""count"":806}]","0","[140.412401,991.556096,1059.587599,208.443904]","919.175198","783.112192","600","600","[{""index"":0,""name"":""Монтажная область 1"",""rect"":[0,1200,1200,0],""width"":1200,""height"":1200}]","true","true","true","true","true","D:\AI\AITRASH\workspaces\project - Изменение масштаба для планировок квартир\09_outputs\_full_wip\20260727_full_mkd2\Корпус 2.3\х200_POZD_WEB_K2-3_s13_et2_3.ai","D:\AI\AITRASH\workspaces\project - Изменение масштаба для планировок квартир\09_outputs\_full_wip\20260727_full_mkd2\Корпус 2.3\х200_POZD_WEB_K2-3_s13_et2_3.png","D:\AI\AITRASH\workspaces\project - Изменение масштаба для планировок квартир\09_outputs\_diagnostics\full_20260727_full_mkd2\details\284_POZD_WEB_K2-3_s13_et2_3_attempt1.json","Pixel-native AI подтверждён после повторного открытия; обводки 0.75 px; s_raw=2.075805257."
"277_296_20260727_151723","285","1","OK","2026-07-27T15:21:41","Корпус 2.3/POZD_WEB_K2-3_s13_et2_5.ai","Корпус 2.3","D:\AI\AITRASH\LIBRARY\02_CATALOG\02_PRESALE_Поздняково\01_ARTIFACTS\МКД2\Корпус 2.3\POZD_WEB_K2-3_s13_et2_5.ai","D:\AI\AITRASH\LIBRARY\02_CATALOG\02_PRESALE_Поздняково\01_ARTIFACTS\МКД2\Корпус 2.3\POZD_WEB_K2-3_s13_et2_5.png","198453","559b65b6dbf2747ff2d92d7604cbba5517195d82922435190f19b53669af037b","true","calculated","150","150","1.58985764","1","[715.987205,855.14566,1204.012795,224.85434]","488.02559","630.29132","2622","11","[{""width_pt"":0.75,""count"":1167},{""width_pt"":1,""count"":126}]","1293","[{""width_pt"":0.75,""count"":1293}]","[{""width_pt"":0.75,""count"":1293}]","0","[234.168307,1072.34349,965.831693,127.65651]","731.663386","944.68698","600","600","[{""index"":0,""name"":""Монтажная область 1"",""rect"":[0,1200,1200,0],""width"":1200,""height"":1200}]","true","true","true","true","true","D:\AI\AITRASH\workspaces\project - Изменение масштаба для планировок квартир\09_outputs\_full_wip\20260727_full_mkd2\Корпус 2.3\х150_POZD_WEB_K2-3_s13_et2_5.ai","D:\AI\AITRASH\workspaces\project - Изменение масштаба для планировок квартир\09_outputs\_full_wip\20260727_full_mkd2\Корпус 2.3\х150_POZD_WEB_K2-3_s13_et2_5.png","D:\AI\AITRASH\workspaces\project - Изменение масштаба для планировок квартир\09_outputs\_diagnostics\full_20260727_full_mkd2\details\285_POZD_WEB_K2-3_s13_et2_5_attempt1.json","Pixel-native AI подтверждён после повторного открытия; обводки 0.75 px; s_raw=1.58985764."
"277_296_20260727_151723","286","1","OK","2026-07-27T15:22:15","Корпус 2.3/POZD_WEB_K2-3_s13_et2_7.ai","Корпус 2.3","D:\AI\AITRASH\LIBRARY\02_CATALOG\02_PRESALE_Поздняково\01_ARTIFACTS\МКД2\Корпус 2.3\POZD_WEB_K2-3_s13_et2_7.ai","D:\AI\AITRASH\LIBRARY\02_CATALOG\02_PRESALE_Поздняково\01_ARTIFACTS\МКД2\Корпус 2.3\POZD_WEB_K2-3_s13_et2_7.png","162998","29d20dbde2e2a22c890174d9fa116395a12f3115a49329d803a41ba7b4565e2e","true","calculated","200","200","2.015512869","1","[715.987205,736.090546,1204.012795,343.909454]","488.02559","392.181092","1665","11","[{""width_pt"":0.75,""count"":742},{""width_pt"":1,""count"":79}]","821","[{""width_pt"":0.75,""count"":821}]","[{""width_pt"":0.75,""count"":821}]","0","[112.349409,991.556092,1087.650591,208.443908]","975.301182","783.112184","600","600","[{""index"":0,""name"":""Монтажная область 1"",""rect"":[0,1200,1200,0],""width"":1200,""height"":1200}]","true","true","true","true","true","D:\AI\AITRASH\workspaces\project - Изменение масштаба для планировок квартир\09_outputs\_full_wip\20260727_full_mkd2\Корпус 2.3\х200_POZD_WEB_K2-3_s13_et2_7.ai","D:\AI\AITRASH\workspaces\project - Изменение масштаба для планировок квартир\09_outputs\_full_wip\20260727_full_mkd2\Корпус 2.3\х200_POZD_WEB_K2-3_s13_et2_7.png","D:\AI\AITRASH\workspaces\project - Изменение масштаба для планировок квартир\09_outputs\_diagnostics\full_20260727_full_mkd2\details\286_POZD_WEB_K2-3_s13_et2_7_attempt1.json","Pixel-native AI подтверждён после повторного открытия; обводки 0.75 px; s_raw=2.015512869."
"277_296_20260727_151723","287","1","OK","2026-07-27T15:22:42","Корпус 2.3/POZD_WEB_K2-3_s13_et2_8.ai","Корпус 2.3","D:\AI\AITRASH\LIBRARY\02_CATALOG\02_PRESALE_Поздняково\01_ARTIFACTS\МКД2\Корпус 2.3\POZD_WEB_K2-3_s13_et2_8.ai","D:\AI\AITRASH\LIBRARY\02_CATALOG\02_PRESALE_Поздняково\01_ARTIFACTS\МКД2\Корпус 2.3\POZD_WEB_K2-3_s13_et2_8.png","217718","fc8e13cfd98f8daf51ea2f146c66482ea223714149c2c7025ae9400aef673231","true","calculated","150","150","1.588258184","1","[661.862204,798.452755,1258.137796,281.547245]","596.275592","516.90551","3034","10","[{""width_pt"":0.75,""count"":1347},{""width_pt"":1,""count"":151}]","1498","[{""width_pt"":0.75,""count"":1498}]","[{""width_pt"":0.75,""count"":1498}]","0","[153.168307,987.304133,1046.831693,212.695867]","893.663386","774.608266","600","600","[{""index"":0,""name"":""Монтажная область 1"",""rect"":[0,1200,1200,0],""width"":1200,""height"":1200}]","true","true","true","true","true","D:\AI\AITRASH\workspaces\project - Изменение масштаба для планировок квартир\09_outputs\_full_wip\20260727_full_mkd2\Корпус 2.3\х150_POZD_WEB_K2-3_s13_et2_8.ai","D:\AI\AITRASH\workspaces\project - Изменение масштаба для планировок квартир\09_outputs\_full_wip\20260727_full_mkd2\Корпус 2.3\х150_POZD_WEB_K2-3_s13_et2_8.png","D:\AI\AITRASH\workspaces\project - Изменение масштаба для планировок квартир\09_outputs\_diagnostics\full_20260727_full_mkd2\details\287_POZD_WEB_K2-3_s13_et2_8_attempt1.json","Pixel-native AI подтверждён после повторного открытия; обводки 0.75 px; s_raw=1.588258184."
"277_296_20260727_151723","288","1","OK","2026-07-27T15:23:18","Корпус 2.3/POZD_WEB_K2-3_s13_et2_9.ai","Корпус 2.3","D:\AI\AITRASH\LIBRARY\02_CATALOG\02_PRESALE_Поздняково\01_ARTIFACTS\МКД2\Корпус 2.3\POZD_WEB_K2-3_s13_et2_9.ai","D:\AI\AITRASH\LIBRARY\02_CATALOG\02_PRESALE_Поздняково\01_ARTIFACTS\МКД2\Корпус 2.3\POZD_WEB_K2-3_s13_et2_9.png","170448","1e99e4c5ab811b44c7079df6ba5ed85cfbc1f3d6b6398ad727e148967255c1ef","true","calculated","200","200","1.994765209","1","[763.909442,789.115158,1156.090558,290.884842]","392.181116","498.230316","1800","11","[{""width_pt"":0.75,""count"":801},{""width_pt"":1,""count"":86}]","887","[{""width_pt"":0.75,""count"":887}]","[{""width_pt"":0.75,""count"":887}]","0","[208.443884,1097.855315,991.556116,102.144685]","783.112232","995.71063","600","600","[{""index"":0,""name"":""Монтажная область 1"",""rect"":[0,1200,1200,0],""width"":1200,""height"":1200}]","true","true","true","true","true","D:\AI\AITRASH\workspaces\project - Изменение масштаба для планировок квартир\09_outputs\_full_wip\20260727_full_mkd2\Корпус 2.3\х200_POZD_WEB_K2-3_s13_et2_9.ai","D:\AI\AITRASH\workspaces\project - Изменение масштаба для планировок квартир\09_outputs\_full_wip\20260727_full_mkd2\Корпус 2.3\х200_POZD_WEB_K2-3_s13_et2_9.png","D:\AI\AITRASH\workspaces\project - Изменение масштаба для планировок квартир\09_outputs\_diagnostics\full_20260727_full_mkd2\details\288_POZD_WEB_K2-3_s13_et2_9_attempt1.json","Pixel-native AI подтверждён после повторного открытия; обводки 0.75 px; s_raw=1.994765209."
"277_296_20260727_151723","289","1","OK","2026-07-27T15:23:46","Корпус 2.3/POZD_WEB_K2-3_s13_et3,5_1.ai","Корпус 2.3","D:\AI\AITRASH\LIBRARY\02_CATALOG\02_PRESALE_Поздняково\01_ARTIFACTS\МКД2\Корпус 2.3\POZD_WEB_K2-3_s13_et3,5_1.ai","D:\AI\AITRASH\LIBRARY\02_CATALOG\02_PRESALE_Поздняково\01_ARTIFACTS\МКД2\Корпус 2.3\POZD_WEB_K2-3_s13_et3,5_1.png","164553","5df2f09a52b89d54b916a21b301fd69db1ddd178cce71092038dd6ea5c882b22","true","calculated","200","200","2.030800814","1","[729.893701,745.377949,1189.981299,335.622051]","460.087598","409.755898","1734","10","[{""width_pt"":0.75,""count"":772},{""width_pt"":1,""count"":88}]","860","[{""width_pt"":0.75,""count"":860}]","[{""width_pt"":0.75,""count"":860}]","0","[140.412401,1009.130899,1059.587599,190.869101]","919.175198","818.261798","600","600","[{""index"":0,""name"":""Монтажная область 1"",""rect"":[0,1200,1200,0],""width"":1200,""height"":1200}]","true","true","true","true","true","D:\AI\AITRASH\workspaces\project - Изменение масштаба для планировок квартир\09_outputs\_full_wip\20260727_full_mkd2\Корпус 2.3\х200_POZD_WEB_K2-3_s13_et3,5_1.ai","D:\AI\AITRASH\workspaces\project - Изменение масштаба для планировок квартир\09_outputs\_full_wip\20260727_full_mkd2\Корпус 2.3\х200_POZD_WEB_K2-3_s13_et3,5_1.png","D:\AI\AITRASH\workspaces\project - Изменение масштаба для планировок квартир\09_outputs\_diagnostics\full_20260727_full_mkd2\details\289_POZD_WEB_K2-3_s13_et3,5_1_attempt1.json","Pixel-native AI подтверждён после повторного открытия; обводки 0.75 px; s_raw=2.030800814."
"277_296_20260727_151723","290","1","OK","2026-07-27T15:24:12","Корпус 2.3/POZD_WEB_K2-3_s13_et3,5_3.ai","Корпус 2.3","D:\AI\AITRASH\LIBRARY\02_CATALOG\02_PRESALE_Поздняково\01_ARTIFACTS\МКД2\Корпус 2.3\POZD_WEB_K2-3_s13_et3,5_3.ai","D:\AI\AITRASH\LIBRARY\02_CATALOG\02_PRESALE_Поздняково\01_ARTIFACTS\МКД2\Корпус 2.3\POZD_WEB_K2-3_s13_et3,5_3.png","159768","c17a36ffdc8f02aa2881b951bc92057438b5a2ea38d7abb7191bebdf765ed379","true","calculated","200","200","2.075805279","1","[729.893701,736.090544,1189.981299,343.909456]","460.087598","392.181088","1627","10","[{""width_pt"":0.75,""count"":724},{""width_pt"":1,""count"":82}]","806","[{""width_pt"":0.75,""count"":806}]","[{""width_pt"":0.75,""count"":806}]","0","[140.412401,991.556089,1059.587599,208.443911]","919.175198","783.112178","600","600","[{""index"":0,""name"":""Монтажная область 1"",""rect"":[0,1200,1200,0],""width"":1200,""height"":1200}]","true","true","true","true","true","D:\AI\AITRASH\workspaces\project - Изменение масштаба для планировок квартир\09_outputs\_full_wip\20260727_full_mkd2\Корпус 2.3\х200_POZD_WEB_K2-3_s13_et3,5_3.ai","D:\AI\AITRASH\workspaces\project - Изменение масштаба для планировок квартир\09_outputs\_full_wip\20260727_full_mkd2\Корпус 2.3\х200_POZD_WEB_K2-3_s13_et3,5_3.png","D:\AI\AITRASH\workspaces\project - Изменение масштаба для планировок квартир\09_outputs\_diagnostics\full_20260727_full_mkd2\details\290_POZD_WEB_K2-3_s13_et3,5_3_attempt1.json","Pixel-native AI подтверждён после повторного открытия; обводки 0.75 px; s_raw=2.075805279."
"277_296_20260727_151723","291","1","OK","2026-07-27T15:24:37","Корпус 2.3/POZD_WEB_K2-3_s13_et3,5_4.ai","Корпус 2.3","D:\AI\AITRASH\LIBRARY\02_CATALOG\02_PRESALE_Поздняково\01_ARTIFACTS\МКД2\Корпус 2.3\POZD_WEB_K2-3_s13_et3,5_4.ai","D:\AI\AITRASH\LIBRARY\02_CATALOG\02_PRESALE_Поздняково\01_ARTIFACTS\МКД2\Корпус 2.3\POZD_WEB_K2-3_s13_et3,5_4.png","227251","87bec1f9ea22d2a5957d47a5181989b2196077efdc929e5a7bf1716987ce158f","true","calculated","120","120","1.208480438","1","[517.795275,762.102362,1403.204725,319.022638]","885.40945","443.079724","3452","11","[{""width_pt"":0.75,""count"":1532},{""width_pt"":1,""count"":174}]","1706","[{""width_pt"":0.75,""count"":1706}]","[{""width_pt"":0.75,""count"":1706}]","0","[68.979331,865.697835,1131.020669,334.302165]","1062.041338","531.39567","600","600","[{""index"":0,""name"":""Монтажная область 1"",""rect"":[0,1200,1200,0],""width"":1200,""height"":1200}]","true","true","true","true","true","D:\AI\AITRASH\workspaces\project - Изменение масштаба для планировок квартир\09_outputs\_full_wip\20260727_full_mkd2\Корпус 2.3\х120_POZD_WEB_K2-3_s13_et3,5_4.ai","D:\AI\AITRASH\workspaces\project - Изменение масштаба для планировок квартир\09_outputs\_full_wip\20260727_full_mkd2\Корпус 2.3\х120_POZD_WEB_K2-3_s13_et3,5_4.png","D:\AI\AITRASH\workspaces\project - Изменение масштаба для планировок квартир\09_outputs\_diagnostics\full_20260727_full_mkd2\details\291_POZD_WEB_K2-3_s13_et3,5_4_attempt1.json","Pixel-native AI подтверждён после повторного открытия; обводки 0.75 px; s_raw=1.208480438."
"277_296_20260727_151723","292","1","OK","2026-07-27T15:25:20","Корпус 2.3/POZD_WEB_K2-3_s13_et3,5_5.ai","Корпус 2.3","D:\AI\AITRASH\LIBRARY\02_CATALOG\02_PRESALE_Поздняково\01_ARTIFACTS\МКД2\Корпус 2.3\POZD_WEB_K2-3_s13_et3,5_5.ai","D:\AI\AITRASH\LIBRARY\02_CATALOG\02_PRESALE_Поздняково\01_ARTIFACTS\МКД2\Корпус 2.3\POZD_WEB_K2-3_s13_et3,5_5.png","195818","3eae096ddaa301d48e419d66377908b7ff54ccc5dc938adf5a6226922509cb74","true","calculated","170","170","1.637416891","1","[730.018701,855.145669,1190.106299,224.854331]","460.087598","630.291338","2622","10","[{""width_pt"":0.75,""count"":1167},{""width_pt"":1,""count"":128}]","1295","[{""width_pt"":0.75,""count"":1295}]","[{""width_pt"":0.75,""count"":1295}]","0","[209.294291,1135.272638,990.705709,64.727362]","781.411418","1070.545276","600","600","[{""index"":0,""name"":""Монтажная область 1"",""rect"":[0,1200,1200,0],""width"":1200,""height"":1200}]","true","true","true","true","true","D:\AI\AITRASH\workspaces\project - Изменение масштаба для планировок квартир\09_outputs\_full_wip\20260727_full_mkd2\Корпус 2.3\х170_POZD_WEB_K2-3_s13_et3,5_5.ai","D:\AI\AITRASH\workspaces\project - Изменение масштаба для планировок квартир\09_outputs\_full_wip\20260727_full_mkd2\Корпус 2.3\х170_POZD_WEB_K2-3_s13_et3,5_5.png","D:\AI\AITRASH\workspaces\project - Изменение масштаба для планировок квартир\09_outputs\_diagnostics\full_20260727_full_mkd2\details\292_POZD_WEB_K2-3_s13_et3,5_5_attempt1.json","Pixel-native AI подтверждён после повторного открытия; обводки 0.75 px; s_raw=1.637416891."
"277_296_20260727_151723","293","1","OK","2026-07-27T15:25:52","Корпус 2.3/POZD_WEB_K2-3_s13_et3,5_6.ai","Корпус 2.3","D:\AI\AITRASH\LIBRARY\02_CATALOG\02_PRESALE_Поздняково\01_ARTIFACTS\МКД2\Корпус 2.3\POZD_WEB_K2-3_s13_et3,5_6.ai","D:\AI\AITRASH\LIBRARY\02_CATALOG\02_PRESALE_Поздняково\01_ARTIFACTS\МКД2\Корпус 2.3\POZD_WEB_K2-3_s13_et3,5_6.png","201900","137e236a6a3410fc23f679b02330c6dfc1a74b64ba774933318a7b97d1d736bd","true","calculated","170","170","1.708009445","1","[730.018701,830.133865,1190.106299,250.866135]","460.087598","579.26773","2569","10","[{""width_pt"":0.75,""count"":1146},{""width_pt"":1,""count"":125}]","1271","[{""width_pt"":0.75,""count"":1271}]","[{""width_pt"":0.75,""count"":1271}]","0","[209.294291,1091.90257,990.705709,108.097429]","781.411418","983.805141","600","600","[{""index"":0,""name"":""Монтажная область 1"",""rect"":[0,1200,1200,0],""width"":1200,""height"":1200}]","true","true","true","true","true","D:\AI\AITRASH\workspaces\project - Изменение масштаба для планировок квартир\09_outputs\_full_wip\20260727_full_mkd2\Корпус 2.3\х170_POZD_WEB_K2-3_s13_et3,5_6.ai","D:\AI\AITRASH\workspaces\project - Изменение масштаба для планировок квартир\09_outputs\_full_wip\20260727_full_mkd2\Корпус 2.3\х170_POZD_WEB_K2-3_s13_et3,5_6.png","D:\AI\AITRASH\workspaces\project - Изменение масштаба для планировок квартир\09_outputs\_diagnostics\full_20260727_full_mkd2\details\293_POZD_WEB_K2-3_s13_et3,5_6_attempt1.json","Pixel-native AI подтверждён после повторного открытия; обводки 0.75 px; s_raw=1.708009445."
"277_296_20260727_151723","294","1","OK","2026-07-27T15:26:23","Корпус 2.3/POZD_WEB_K2-3_s13_et3_7.ai","Корпус 2.3","D:\AI\AITRASH\LIBRARY\02_CATALOG\02_PRESALE_Поздняково\01_ARTIFACTS\МКД2\Корпус 2.3\POZD_WEB_K2-3_s13_et3_7.ai","D:\AI\AITRASH\LIBRARY\02_CATALOG\02_PRESALE_Поздняково\01_ARTIFACTS\МКД2\Корпус 2.3\POZD_WEB_K2-3_s13_et3_7.png","160856","a7259f2cfba982adf819132dc59919664f665d790d3999b6776359c3747e911b","true","calculated","200","200","2.075805268","1","[730.018701,736.090546,1190.106299,343.909454]","460.087598","392.181092","1635","10","[{""width_pt"":0.75,""count"":728},{""width_pt"":1,""count"":81}]","809","[{""width_pt"":0.75,""count"":809}]","[{""width_pt"":0.75,""count"":809}]","0","[140.412401,991.556091,1059.587599,208.443909]","919.175198","783.112182","600","600","[{""index"":0,""name"":""Монтажная область 1"",""rect"":[0,1200,1200,0],""width"":1200,""height"":1200}]","true","true","true","true","true","D:\AI\AITRASH\workspaces\project - Изменение масштаба для планировок квартир\09_outputs\_full_wip\20260727_full_mkd2\Корпус 2.3\х200_POZD_WEB_K2-3_s13_et3_7.ai","D:\AI\AITRASH\workspaces\project - Изменение масштаба для планировок квартир\09_outputs\_full_wip\20260727_full_mkd2\Корпус 2.3\х200_POZD_WEB_K2-3_s13_et3_7.png","D:\AI\AITRASH\workspaces\project - Изменение масштаба для планировок квартир\09_outputs\_diagnostics\full_20260727_full_mkd2\details\294_POZD_WEB_K2-3_s13_et3_7_attempt1.json","Pixel-native AI подтверждён после повторного открытия; обводки 0.75 px; s_raw=2.075805268."
"277_296_20260727_151723","295","1","OK","2026-07-27T15:26:49","Корпус 2.3/POZD_WEB_K2-3_s13_et3_8.ai","Корпус 2.3","D:\AI\AITRASH\LIBRARY\02_CATALOG\02_PRESALE_Поздняково\01_ARTIFACTS\МКД2\Корпус 2.3\POZD_WEB_K2-3_s13_et3_8.ai","D:\AI\AITRASH\LIBRARY\02_CATALOG\02_PRESALE_Поздняково\01_ARTIFACTS\МКД2\Корпус 2.3\POZD_WEB_K2-3_s13_et3_8.png","224708","b8f95ebc8dcdd7ec41d4188740a5f4efcab728cd721c4135cf4e260cf8ad448d","true","calculated","150","150","1.511985768","1","[645.968137,812.484251,1270.181721,267.640749]","624.213584","544.843502","3167","13","[{""width_pt"":0.75,""count"":1415},{""width_pt"":1,""count"":145}]","1560","[{""width_pt"":0.75,""count"":1560}]","[{""width_pt"":0.75,""count"":1560}]","0","[132.121062,1008.351377,1067.878937,191.648623]","935.757875","816.702754","600","600","[{""index"":0,""name"":""Монтажная область 1"",""rect"":[0,1200,1200,0],""width"":1200,""height"":1200}]","true","true","true","true","true","D:\AI\AITRASH\workspaces\project - Изменение масштаба для планировок квартир\09_outputs\_full_wip\20260727_full_mkd2\Корпус 2.3\х150_POZD_WEB_K2-3_s13_et3_8.ai","D:\AI\AITRASH\workspaces\project - Изменение масштаба для планировок квартир\09_outputs\_full_wip\20260727_full_mkd2\Корпус 2.3\х150_POZD_WEB_K2-3_s13_et3_8.png","D:\AI\AITRASH\workspaces\project - Изменение масштаба для планировок квартир\09_outputs\_diagnostics\full_20260727_full_mkd2\details\295_POZD_WEB_K2-3_s13_et3_8_attempt1.json","Pixel-native AI подтверждён после повторного открытия; обводки 0.75 px; s_raw=1.511985768."
"277_296_20260727_151723","296","1","OK","2026-07-27T15:27:32","Корпус 2.3/POZD_WEB_K2-3_s13_et4_1.ai","Корпус 2.3","D:\AI\AITRASH\LIBRARY\02_CATALOG\02_PRESALE_Поздняково\01_ARTIFACTS\МКД2\Корпус 2.3\POZD_WEB_K2-3_s13_et4_1.ai","D:\AI\AITRASH\LIBRARY\02_CATALOG\02_PRESALE_Поздняково\01_ARTIFACTS\МКД2\Корпус 2.3\POZD_WEB_K2-3_s13_et4_1.png","167186","8f06acbf982ecbe8ee8813cd56af939313ae647bc56397e08898b975a41bf73d","true","calculated","200","200","1.968167834","1","[715.920275,745.161419,1205.079725,334.838581]","489.15945","410.322838","1776","11","[{""width_pt"":0.75,""count"":790},{""width_pt"":1,""count"":89}]","879","[{""width_pt"":0.75,""count"":879}]","[{""width_pt"":0.75,""count"":879}]","0","[111.215551,1009.697837,1088.784449,190.302163]","977.568898","819.395674","600","600","[{""index"":0,""name"":""Монтажная область 1"",""rect"":[0,1200,1200,0],""width"":1200,""height"":1200}]","true","true","true","true","true","D:\AI\AITRASH\workspaces\project - Изменение масштаба для планировок квартир\09_outputs\_full_wip\20260727_full_mkd2\Корпус 2.3\х200_POZD_WEB_K2-3_s13_et4_1.ai","D:\AI\AITRASH\workspaces\project - Изменение масштаба для планировок квартир\09_outputs\_full_wip\20260727_full_mkd2\Корпус 2.3\х200_POZD_WEB_K2-3_s13_et4_1.png","D:\AI\AITRASH\workspaces\project - Изменение масштаба для планировок квартир\09_outputs\_diagnostics\full_20260727_full_mkd2\details\296_POZD_WEB_K2-3_s13_et4_1_attempt1.json","Pixel-native AI подтверждён после повторного открытия; обводки 0.75 px; s_raw=1.968167834."
"297_316_20260727_152907","297","1","OK","2026-07-27T15:29:07","Корпус 2.3/POZD_WEB_K2-3_s13_et4_11.ai","Корпус 2.3","D:\AI\AITRASH\LIBRARY\02_CATALOG\02_PRESALE_Поздняково\01_ARTIFACTS\МКД2\Корпус 2.3\POZD_WEB_K2-3_s13_et4_11.ai","D:\AI\AITRASH\LIBRARY\02_CATALOG\02_PRESALE_Поздняково\01_ARTIFACTS\МКД2\Корпус 2.3\POZD_WEB_K2-3_s13_et4_11.png","181854","f3d81fb858956233c11ced44a3410e3f72f6ecb7776ad5dcd3820cd84f322762","true","calculated","200","200","1.880728302","1","[735.562988,785.346448,1184.437012,295.653552]","448.874024","489.692896","2076","10","[{""width_pt"":0.75,""count"":929},{""width_pt"":1,""count"":94}]","1023","[{""width_pt"":0.75,""count"":1023}]","[{""width_pt"":0.75,""count"":1023}]","0","[151.750976,1089.067896,1048.249024,110.932104]","896.498048","978.135792","600","600","[{""index"":0,""name"":""Монтажная область 1"",""rect"":[0,1200,1200,0],""width"":1200,""height"":1200}]","true","true","true","true","true","D:\AI\AITRASH\workspaces\project - Изменение масштаба для планировок квартир\09_outputs\_full_wip\20260727_full_mkd2\Корпус 2.3\х200_POZD_WEB_K2-3_s13_et4_11.ai","D:\AI\AITRASH\workspaces\project - Изменение масштаба для планировок квартир\09_outputs\_full_wip\20260727_full_mkd2\Корпус 2.3\х200_POZD_WEB_K2-3_s13_et4_11.png","D:\AI\AITRASH\workspaces\project - Изменение масштаба для планировок квартир\09_outputs\_diagnostics\full_20260727_full_mkd2\details\297_POZD_WEB_K2-3_s13_et4_11_attempt1.json","Pixel-native AI подтверждён после повторного открытия; обводки 0.75 px; s_raw=1.880728302."
"297_316_20260727_152907","298","1","OK","2026-07-27T15:29:36","Корпус 2.3/POZD_WEB_K2-3_s13_et4_2.ai","Корпус 2.3","D:\AI\AITRASH\LIBRARY\02_CATALOG\02_PRESALE_Поздняково\01_ARTIFACTS\МКД2\Корпус 2.3\POZD_WEB_K2-3_s13_et4_2.ai","D:\AI\AITRASH\LIBRARY\02_CATALOG\02_PRESALE_Поздняково\01_ARTIFACTS\МКД2\Корпус 2.3\POZD_WEB_K2-3_s13_et4_2.png","153899","5fa9fed2250889bf6b8418e4f21b89007d9b11ffa89311c01d5e27c4d3e61dad","true","calculated","200","200","2.076749297","1","[730.018701,735.965554,1189.981299,344.034446]","459.962598","391.931108","1590","10","[{""width_pt"":0.75,""count"":707}]","707","[{""width_pt"":0.75,""count"":707}]","[{""width_pt"":0.75,""count"":707}]","0","[140.412401,991.556107,1059.587599,208.443892]","919.175198","783.112215","600","600","[{""index"":0,""name"":""Монтажная область 1"",""rect"":[0,1200,1200,0],""width"":1200,""height"":1200}]","true","true","true","true","true","D:\AI\AITRASH\workspaces\project - Изменение масштаба для планировок квартир\09_outputs\_full_wip\20260727_full_mkd2\Корпус 2.3\х200_POZD_WEB_K2-3_s13_et4_2.ai","D:\AI\AITRASH\workspaces\project - Изменение масштаба для планировок квартир\09_outputs\_full_wip\20260727_full_mkd2\Корпус 2.3\х200_POZD_WEB_K2-3_s13_et4_2.png","D:\AI\AITRASH\workspaces\project - Изменение масштаба для планировок квартир\09_outputs\_diagnostics\full_20260727_full_mkd2\details\298_POZD_WEB_K2-3_s13_et4_2_attempt1.json","Pixel-native AI подтверждён после повторного открытия; обводки 0.75 px; s_raw=2.076749297."
"297_316_20260727_152907","299","1","OK","2026-07-27T15:30:01","Корпус 2.3/POZD_WEB_K2-3_s13_et4_3.ai","Корпус 2.3","D:\AI\AITRASH\LIBRARY\02_CATALOG\02_PRESALE_Поздняково\01_ARTIFACTS\МКД2\Корпус 2.3\POZD_WEB_K2-3_s13_et4_3.ai","D:\AI\AITRASH\LIBRARY\02_CATALOG\02_PRESALE_Поздняково\01_ARTIFACTS\МКД2\Корпус 2.3\POZD_WEB_K2-3_s13_et4_3.png","160778","ece2018de5716ffd2dfcd59d22549b774ad7f83ae67a24ac12ba92cbc1d48e49","true","calculated","200","200","2.013175507","1","[715.920275,736.090556,1205.079725,343.909444]","489.15945","392.181112","1659","11","[{""width_pt"":0.75,""count"":738},{""width_pt"":1,""count"":82}]","820","[{""width_pt"":0.75,""count"":820}]","[{""width_pt"":0.75,""count"":820}]","0","[111.215551,991.556112,1088.784449,208.443888]","977.568898","783.112224","600","600","[{""index"":0,""name"":""Монтажная область 1"",""rect"":[0,1200,1200,0],""width"":1200,""height"":1200}]","true","true","true","true","true","D:\AI\AITRASH\workspaces\project - Изменение масштаба для планировок квартир\09_outputs\_full_wip\20260727_full_mkd2\Корпус 2.3\х200_POZD_WEB_K2-3_s13_et4_3.ai","D:\AI\AITRASH\workspaces\project - Изменение масштаба для планировок квартир\09_outputs\_full_wip\20260727_full_mkd2\Корпус 2.3\х200_POZD_WEB_K2-3_s13_et4_3.png","D:\AI\AITRASH\workspaces\project - Изменение масштаба для планировок квартир\09_outputs\_diagnostics\full_20260727_full_mkd2\details\299_POZD_WEB_K2-3_s13_et4_3_attempt1.json","Pixel-native AI подтверждён после повторного открытия; обводки 0.75 px; s_raw=2.013175507."
"297_316_20260727_152907","300","1","OK","2026-07-27T15:30:29","Корпус 2.3/POZD_WEB_K2-3_s13_et4_5.ai","Корпус 2.3","D:\AI\AITRASH\LIBRARY\02_CATALOG\02_PRESALE_Поздняково\01_ARTIFACTS\МКД2\Корпус 2.3\POZD_WEB_K2-3_s13_et4_5.ai","D:\AI\AITRASH\LIBRARY\02_CATALOG\02_PRESALE_Поздняково\01_ARTIFACTS\МКД2\Корпус 2.3\POZD_WEB_K2-3_s13_et4_5.png","197969","687e62f43beeb59b19f9e9b0b3538a283620a0b21b44a10eafc96db3f68d01e4","true","calculated","150","150","1.589857617","1","[715.987205,855.145669,1204.012795,224.854331]","488.02559","630.291338","2612","11","[{""width_pt"":0.75,""count"":1163},{""width_pt"":1,""count"":125}]","1288","[{""width_pt"":0.75,""count"":1288}]","[{""width_pt"":0.75,""count"":1288}]","0","[234.168307,1072.343504,965.831693,127.656496]","731.663386","944.687008","600","600","[{""index"":0,""name"":""Монтажная область 1"",""rect"":[0,1200,1200,0],""width"":1200,""height"":1200}]","true","true","true","true","true","D:\AI\AITRASH\workspaces\project - Изменение масштаба для планировок квартир\09_outputs\_full_wip\20260727_full_mkd2\Корпус 2.3\х150_POZD_WEB_K2-3_s13_et4_5.ai","D:\AI\AITRASH\workspaces\project - Изменение масштаба для планировок квартир\09_outputs\_full_wip\20260727_full_mkd2\Корпус 2.3\х150_POZD_WEB_K2-3_s13_et4_5.png","D:\AI\AITRASH\workspaces\project - Изменение масштаба для планировок квартир\09_outputs\_diagnostics\full_20260727_full_mkd2\details\300_POZD_WEB_K2-3_s13_et4_5_attempt1.json","Pixel-native AI подтверждён после повторного открытия; обводки 0.75 px; s_raw=1.589857617."
"297_316_20260727_152907","301","1","OK","2026-07-27T15:31:03","Корпус 2.3/POZD_WEB_K2-3_s13_et4_6.ai","Корпус 2.3","D:\AI\AITRASH\LIBRARY\02_CATALOG\02_PRESALE_Поздняково\01_ARTIFACTS\МКД2\Корпус 2.3\POZD_WEB_K2-3_s13_et4_6.ai","D:\AI\AITRASH\LIBRARY\02_CATALOG\02_PRESALE_Поздняково\01_ARTIFACTS\МКД2\Корпус 2.3\POZD_WEB_K2-3_s13_et4_6.png","205362","80a7986a41188bf3e0020923181816960119bf1ad32e4e8802019923e91d586e","true","calculated","170","170","1.658399851","1","[715.987205,830.133843,1204.012795,250.866157]","488.02559","579.267686","2619","11","[{""width_pt"":0.75,""count"":1168},{""width_pt"":1,""count"":124}]","1292","[{""width_pt"":0.75,""count"":1292}]","[{""width_pt"":0.75,""count"":1292}]","0","[185.440748,1091.902533,1014.559252,108.097467]","829.118504","983.805066","600","600","[{""index"":0,""name"":""Монтажная область 1"",""rect"":[0,1200,1200,0],""width"":1200,""height"":1200}]","true","true","true","true","true","D:\AI\AITRASH\workspaces\project - Изменение масштаба для планировок квартир\09_outputs\_full_wip\20260727_full_mkd2\Корпус 2.3\х170_POZD_WEB_K2-3_s13_et4_6.ai","D:\AI\AITRASH\workspaces\project - Изменение масштаба для планировок квартир\09_outputs\_full_wip\20260727_full_mkd2\Корпус 2.3\х170_POZD_WEB_K2-3_s13_et4_6.png","D:\AI\AITRASH\workspaces\project - Изменение масштаба для планировок квартир\09_outputs\_diagnostics\full_20260727_full_mkd2\details\301_POZD_WEB_K2-3_s13_et4_6_attempt1.json","Pixel-native AI подтверждён после повторного открытия; обводки 0.75 px; s_raw=1.658399851."
"297_316_20260727_152907","302","1","OK","2026-07-27T15:31:36","Корпус 2.3/POZD_WEB_K2-3_s13_et4_7.ai","Корпус 2.3","D:\AI\AITRASH\LIBRARY\02_CATALOG\02_PRESALE_Поздняково\01_ARTIFACTS\МКД2\Корпус 2.3\POZD_WEB_K2-3_s13_et4_7.ai","D:\AI\AITRASH\LIBRARY\02_CATALOG\02_PRESALE_Поздняково\01_ARTIFACTS\МКД2\Корпус 2.3\POZD_WEB_K2-3_s13_et4_7.png","161087","69583df9f55a79807b50104ad97d91be69874f05ba17aa2355416b64fb6c7c04","true","calculated","200","200","2.07580521","1","[730.018701,736.090557,1190.106299,343.909443]","460.087598","392.181114","1658","10","[{""width_pt"":0.75,""count"":738},{""width_pt"":1,""count"":82}]","820","[{""width_pt"":0.75,""count"":820}]","[{""width_pt"":0.75,""count"":820}]","0","[140.412401,991.556114,1059.587599,208.443886]","919.175198","783.112228","600","600","[{""index"":0,""name"":""Монтажная область 1"",""rect"":[0,1200,1200,0],""width"":1200,""height"":1200}]","true","true","true","true","true","D:\AI\AITRASH\workspaces\project - Изменение масштаба для планировок квартир\09_outputs\_full_wip\20260727_full_mkd2\Корпус 2.3\х200_POZD_WEB_K2-3_s13_et4_7.ai","D:\AI\AITRASH\workspaces\project - Изменение масштаба для планировок квартир\09_outputs\_full_wip\20260727_full_mkd2\Корпус 2.3\х200_POZD_WEB_K2-3_s13_et4_7.png","D:\AI\AITRASH\workspaces\project - Изменение масштаба для планировок квартир\09_outputs\_diagnostics\full_20260727_full_mkd2\details\302_POZD_WEB_K2-3_s13_et4_7_attempt1.json","Pixel-native AI подтверждён после повторного открытия; обводки 0.75 px; s_raw=2.07580521."
"297_316_20260727_152907","303","1","OK","2026-07-27T15:32:02","Корпус 2.3/POZD_WEB_K2-3_s13_et4_8.ai","Корпус 2.3","D:\AI\AITRASH\LIBRARY\02_CATALOG\02_PRESALE_Поздняково\01_ARTIFACTS\МКД2\Корпус 2.3\POZD_WEB_K2-3_s13_et4_8.ai","D:\AI\AITRASH\LIBRARY\02_CATALOG\02_PRESALE_Поздняково\01_ARTIFACTS\МКД2\Корпус 2.3\POZD_WEB_K2-3_s13_et4_8.png","221839","b53ca85f3c9a7dff7d1d5b954f281a2460ece067ac47ec2d330069b16bcca500","true","calculated","150","150","1.511985762","1","[647.830708,812.484253,1272.044292,267.640747]","624.213584","544.843506","3101","11","[{""width_pt"":0.75,""count"":1376},{""width_pt"":1,""count"":150}]","1526","[{""width_pt"":0.75,""count"":1526}]","[{""width_pt"":0.75,""count"":1526}]","0","[132.121062,1008.351379,1067.878938,191.648621]","935.757876","816.702758","600","600","[{""index"":0,""name"":""Монтажная область 1"",""rect"":[0,1200,1200,0],""width"":1200,""height"":1200}]","true","true","true","true","true","D:\AI\AITRASH\workspaces\project - Изменение масштаба для планировок квартир\09_outputs\_full_wip\20260727_full_mkd2\Корпус 2.3\х150_POZD_WEB_K2-3_s13_et4_8.ai","D:\AI\AITRASH\workspaces\project - Изменение масштаба для планировок квартир\09_outputs\_full_wip\20260727_full_mkd2\Корпус 2.3\х150_POZD_WEB_K2-3_s13_et4_8.png","D:\AI\AITRASH\workspaces\project - Изменение масштаба для планировок квартир\09_outputs\_diagnostics\full_20260727_full_mkd2\details\303_POZD_WEB_K2-3_s13_et4_8_attempt1.json","Pixel-native AI подтверждён после повторного открытия; обводки 0.75 px; s_raw=1.511985762."
"297_316_20260727_152907","304","1","OK","2026-07-27T15:32:40","Корпус 2.3/POZD_WEB_K2-3_s13_et4_9.ai","Корпус 2.3","D:\AI\AITRASH\LIBRARY\02_CATALOG\02_PRESALE_Поздняково\01_ARTIFACTS\МКД2\Корпус 2.3\POZD_WEB_K2-3_s13_et4_9.ai","D:\AI\AITRASH\LIBRARY\02_CATALOG\02_PRESALE_Поздняково\01_ARTIFACTS\МКД2\Корпус 2.3\POZD_WEB_K2-3_s13_et4_9.png","168197","0a45a8a4c70313a15add16b665b3a22cba0ef1270534d40f324e0dfca3baa88e","true","calculated","200","200","2.053160624","1","[763.909452,775.083661,1156.090548,304.791339]","392.181096","470.292322","1777","10","[{""width_pt"":0.75,""count"":792},{""width_pt"":1,""count"":86}]","878","[{""width_pt"":0.75,""count"":878}]","[{""width_pt"":0.75,""count"":878}]","0","[208.443904,1069.792323,991.556096,130.207677]","783.112192","939.584646","600","600","[{""index"":0,""name"":""Монтажная область 1"",""rect"":[0,1200,1200,0],""width"":1200,""height"":1200}]","true","true","true","true","true","D:\AI\AITRASH\workspaces\project - Изменение масштаба для планировок квартир\09_outputs\_full_wip\20260727_full_mkd2\Корпус 2.3\х200_POZD_WEB_K2-3_s13_et4_9.ai","D:\AI\AITRASH\workspaces\project - Изменение масштаба для планировок квартир\09_outputs\_full_wip\20260727_full_mkd2\Корпус 2.3\х200_POZD_WEB_K2-3_s13_et4_9.png","D:\AI\AITRASH\workspaces\project - Изменение масштаба для планировок квартир\09_outputs\_diagnostics\full_20260727_full_mkd2\details\304_POZD_WEB_K2-3_s13_et4_9_attempt1.json","Pixel-native AI подтверждён после повторного открытия; обводки 0.75 px; s_raw=2.053160624."
"297_316_20260727_152907","305","1","OK","2026-07-27T15:33:07","Корпус 2.3/POZD_WEB_K2-3_s13_et5_5.ai","Корпус 2.3","D:\AI\AITRASH\LIBRARY\02_CATALOG\02_PRESALE_Поздняково\01_ARTIFACTS\МКД2\Корпус 2.3\POZD_WEB_K2-3_s13_et5_5.ai","D:\AI\AITRASH\LIBRARY\02_CATALOG\02_PRESALE_Поздняково\01_ARTIFACTS\МКД2\Корпус 2.3\POZD_WEB_K2-3_s13_et5_5.png","194827","a4142a3f97bc3af3d90b85c7b5ec8b7603bd9fa984690b097e1cc7cb695e9f8c","true","calculated","170","170","1.637416894","1","[730.018701,855.145668,1190.106299,224.854332]","460.087598","630.291336","2592","10","[{""width_pt"":0.75,""count"":1154},{""width_pt"":1,""count"":126}]","1280","[{""width_pt"":0.75,""count"":1280}]","[{""width_pt"":0.75,""count"":1280}]","0","[209.294291,1135.272635,990.705709,64.727365]","781.411418","1070.54527","600","600","[{""index"":0,""name"":""Монтажная область 1"",""rect"":[0,1200,1200,0],""width"":1200,""height"":1200}]","true","true","true","true","true","D:\AI\AITRASH\workspaces\project - Изменение масштаба для планировок квартир\09_outputs\_full_wip\20260727_full_mkd2\Корпус 2.3\х170_POZD_WEB_K2-3_s13_et5_5.ai","D:\AI\AITRASH\workspaces\project - Изменение масштаба для планировок квартир\09_outputs\_full_wip\20260727_full_mkd2\Корпус 2.3\х170_POZD_WEB_K2-3_s13_et5_5.png","D:\AI\AITRASH\workspaces\project - Изменение масштаба для планировок квартир\09_outputs\_diagnostics\full_20260727_full_mkd2\details\305_POZD_WEB_K2-3_s13_et5_5_attempt1.json","Pixel-native AI подтверждён после повторного открытия; обводки 0.75 px; s_raw=1.637416894."
"297_316_20260727_152907","306","1","OK","2026-07-27T15:33:39","Корпус 2.3/POZD_WEB_K2-3_s13_et5_7.ai","Корпус 2.3","D:\AI\AITRASH\LIBRARY\02_CATALOG\02_PRESALE_Поздняково\01_ARTIFACTS\МКД2\Корпус 2.3\POZD_WEB_K2-3_s13_et5_7.ai","D:\AI\AITRASH\LIBRARY\02_CATALOG\02_PRESALE_Поздняково\01_ARTIFACTS\МКД2\Корпус 2.3\POZD_WEB_K2-3_s13_et5_7.png","160348","d62dbdbab3fe87ebf358cd6f0483e6593b91ad5f1fe16d5bd03a10a95b88c5c6","true","calculated","200","200","2.075805226","1","[730.018701,736.090554,1190.106299,343.909446]","460.087598","392.181108","1626","10","[{""width_pt"":0.75,""count"":725},{""width_pt"":1,""count"":79}]","804","[{""width_pt"":0.75,""count"":804}]","[{""width_pt"":0.75,""count"":804}]","0","[140.412401,991.556108,1059.587599,208.443892]","919.175198","783.112216","600","600","[{""index"":0,""name"":""Монтажная область 1"",""rect"":[0,1200,1200,0],""width"":1200,""height"":1200}]","true","true","true","true","true","D:\AI\AITRASH\workspaces\project - Изменение масштаба для планировок квартир\09_outputs\_full_wip\20260727_full_mkd2\Корпус 2.3\х200_POZD_WEB_K2-3_s13_et5_7.ai","D:\AI\AITRASH\workspaces\project - Изменение масштаба для планировок квартир\09_outputs\_full_wip\20260727_full_mkd2\Корпус 2.3\х200_POZD_WEB_K2-3_s13_et5_7.png","D:\AI\AITRASH\workspaces\project - Изменение масштаба для планировок квартир\09_outputs\_diagnostics\full_20260727_full_mkd2\details\306_POZD_WEB_K2-3_s13_et5_7_attempt1.json","Pixel-native AI подтверждён после повторного открытия; обводки 0.75 px; s_raw=2.075805226."
"297_316_20260727_152907","307","1","OK","2026-07-27T15:34:04","Корпус 2.3/POZD_WEB_K2-3_s13_et6_3.ai","Корпус 2.3","D:\AI\AITRASH\LIBRARY\02_CATALOG\02_PRESALE_Поздняково\01_ARTIFACTS\МКД2\Корпус 2.3\POZD_WEB_K2-3_s13_et6_3.ai","D:\AI\AITRASH\LIBRARY\02_CATALOG\02_PRESALE_Поздняково\01_ARTIFACTS\МКД2\Корпус 2.3\POZD_WEB_K2-3_s13_et6_3.png","262961","3d41cba4748eba5671a527038acd329c382ac33f669c7ed769d46dc0f1d8394c","true","calculated","150","150","1.406626848","1","[715.920275,920.34252,1205.079725,159.65748]","489.15945","760.68504","3740","14","[{""width_pt"":0.75,""count"":1701},{""width_pt"":1,""count"":140}]","1841","[{""width_pt"":0.75,""count"":1841}]","[{""width_pt"":0.75,""count"":1841}]","0","[233.317913,1170.13878,966.682087,29.86122]","733.364174","1140.27756","600","600","[{""index"":0,""name"":""Монтажная область 1"",""rect"":[0,1200,1200,0],""width"":1200,""height"":1200}]","true","true","true","true","true","D:\AI\AITRASH\workspaces\project - Изменение масштаба для планировок квартир\09_outputs\_full_wip\20260727_full_mkd2\Корпус 2.3\х150_POZD_WEB_K2-3_s13_et6_3.ai","D:\AI\AITRASH\workspaces\project - Изменение масштаба для планировок квартир\09_outputs\_full_wip\20260727_full_mkd2\Корпус 2.3\х150_POZD_WEB_K2-3_s13_et6_3.png","D:\AI\AITRASH\workspaces\project - Изменение масштаба для планировок квартир\09_outputs\_diagnostics\full_20260727_full_mkd2\details\307_POZD_WEB_K2-3_s13_et6_3_attempt1.json","Pixel-native AI подтверждён после повторного открытия; обводки 0.75 px; s_raw=1.406626848."
"297_316_20260727_152907","308","1","OK","2026-07-27T15:34:55","Корпус 2.3/POZD_WEB_K2-3_s13_et6_5.ai","Корпус 2.3","D:\AI\AITRASH\LIBRARY\02_CATALOG\02_PRESALE_Поздняково\01_ARTIFACTS\МКД2\Корпус 2.3\POZD_WEB_K2-3_s13_et6_5.ai","D:\AI\AITRASH\LIBRARY\02_CATALOG\02_PRESALE_Поздняково\01_ARTIFACTS\МКД2\Корпус 2.3\POZD_WEB_K2-3_s13_et6_5.png","202010","ea8568e923d446880db829e3212821deaea4abb15e7d510a9cff19f6fe8c4c6e","true","calculated","170","170","1.708009474","1","[730.018701,830.133855,1190.106299,250.866145]","460.087598","579.26771","2583","10","[{""width_pt"":0.75,""count"":1152},{""width_pt"":1,""count"":122}]","1274","[{""width_pt"":0.75,""count"":1274}]","[{""width_pt"":0.75,""count"":1274}]","0","[209.294291,1091.902553,990.705709,108.097447]","781.411418","983.805106","600","600","[{""index"":0,""name"":""Монтажная область 1"",""rect"":[0,1200,1200,0],""width"":1200,""height"":1200}]","true","true","true","true","true","D:\AI\AITRASH\workspaces\project - Изменение масштаба для планировок квартир\09_outputs\_full_wip\20260727_full_mkd2\Корпус 2.3\х170_POZD_WEB_K2-3_s13_et6_5.ai","D:\AI\AITRASH\workspaces\project - Изменение масштаба для планировок квартир\09_outputs\_full_wip\20260727_full_mkd2\Корпус 2.3\х170_POZD_WEB_K2-3_s13_et6_5.png","D:\AI\AITRASH\workspaces\project - Изменение масштаба для планировок квартир\09_outputs\_diagnostics\full_20260727_full_mkd2\details\308_POZD_WEB_K2-3_s13_et6_5_attempt1.json","Pixel-native AI подтверждён после повторного открытия; обводки 0.75 px; s_raw=1.708009474."
"297_316_20260727_152907","309","1","OK","2026-07-27T15:35:26","Корпус 2.3/POZD_WEB_K2-3_s13_et6_7.ai","Корпус 2.3","D:\AI\AITRASH\LIBRARY\02_CATALOG\02_PRESALE_Поздняково\01_ARTIFACTS\МКД2\Корпус 2.3\POZD_WEB_K2-3_s13_et6_7.ai","D:\AI\AITRASH\LIBRARY\02_CATALOG\02_PRESALE_Поздняково\01_ARTIFACTS\МКД2\Корпус 2.3\POZD_WEB_K2-3_s13_et6_7.png","297574","0f371912aeefe925f07c49e759e2af591d5ea1060a8fef41e2c86a0c26163133","true","calculated","150","150","1.376912345","1","[471.940945,789.115158,1249.041974,290.884842]","777.101029","498.230316","4729","18","[{""width_pt"":0.75,""count"":2181},{""width_pt"":1,""count"":153}]","2334","[{""width_pt"":0.75,""count"":2334}]","[{""width_pt"":0.75,""count"":2334}]","0","[17.455478,973.485236,1182.544522,226.514764]","1165.089044","746.970472","600","600","[{""index"":0,""name"":""Монтажная область 1"",""rect"":[0,1200,1200,0],""width"":1200,""height"":1200}]","true","true","true","true","true","D:\AI\AITRASH\workspaces\project - Изменение масштаба для планировок квартир\09_outputs\_full_wip\20260727_full_mkd2\Корпус 2.3\х150_POZD_WEB_K2-3_s13_et6_7.ai","D:\AI\AITRASH\workspaces\project - Изменение масштаба для планировок квартир\09_outputs\_full_wip\20260727_full_mkd2\Корпус 2.3\х150_POZD_WEB_K2-3_s13_et6_7.png","D:\AI\AITRASH\workspaces\project - Изменение масштаба для планировок квартир\09_outputs\_diagnostics\full_20260727_full_mkd2\details\309_POZD_WEB_K2-3_s13_et6_7_attempt1.json","Pixel-native AI подтверждён после повторного открытия; обводки 0.75 px; s_raw=1.376912345."
"297_316_20260727_152907","310","1","OK","2026-07-27T15:36:38","Корпус 2.3/POZD_WEB_K2-3_s13_et6_9.ai","Корпус 2.3","D:\AI\AITRASH\LIBRARY\02_CATALOG\02_PRESALE_Поздняково\01_ARTIFACTS\МКД2\Корпус 2.3\POZD_WEB_K2-3_s13_et6_9.ai","D:\AI\AITRASH\LIBRARY\02_CATALOG\02_PRESALE_Поздняково\01_ARTIFACTS\МКД2\Корпус 2.3\POZD_WEB_K2-3_s13_et6_9.png","180652","7b11d482bf22e13284fa48b98b00c89426726b48e87fdc0e0d5af9f0ee11d6af","true","calculated","170","170","1.829270255","1","[735.562993,799.252947,1184.437007,281.622053]","448.874014","517.630894","2100","11","[{""width_pt"":0.75,""count"":940},{""width_pt"":1,""count"":94}]","1034","[{""width_pt"":0.75,""count"":1034}]","[{""width_pt"":0.75,""count"":1034}]","0","[218.932088,1039.61751,981.067912,160.38249]","762.135824","879.23502","600","600","[{""index"":0,""name"":""Монтажная область 1"",""rect"":[0,1200,1200,0],""width"":1200,""height"":1200}]","true","true","true","true","true","D:\AI\AITRASH\workspaces\project - Изменение масштаба для планировок квартир\09_outputs\_full_wip\20260727_full_mkd2\Корпус 2.3\х170_POZD_WEB_K2-3_s13_et6_9.ai","D:\AI\AITRASH\workspaces\project - Изменение масштаба для планировок квартир\09_outputs\_full_wip\20260727_full_mkd2\Корпус 2.3\х170_POZD_WEB_K2-3_s13_et6_9.png","D:\AI\AITRASH\workspaces\project - Изменение масштаба для планировок квартир\09_outputs\_diagnostics\full_20260727_full_mkd2\details\310_POZD_WEB_K2-3_s13_et6_9_attempt1.json","Pixel-native AI подтверждён после повторного открытия; обводки 0.75 px; s_raw=1.829270255."
"297_316_20260727_152907","311","1","OK","2026-07-27T15:37:07","Корпус 2.3/POZD_WEB_K2-3_s14_et1,3,5_2.ai","Корпус 2.3","D:\AI\AITRASH\LIBRARY\02_CATALOG\02_PRESALE_Поздняково\01_ARTIFACTS\МКД2\Корпус 2.3\POZD_WEB_K2-3_s14_et1,3,5_2.ai","D:\AI\AITRASH\LIBRARY\02_CATALOG\02_PRESALE_Поздняково\01_ARTIFACTS\МКД2\Корпус 2.3\POZD_WEB_K2-3_s14_et1,3,5_2.png","205187","e68f70ea126383964d06cfb2500fad9d8bcaf18a81ced07c169dd27511219555","true","calculated","170","170","1.607774682","1","[673.95572,802.42126,1247.043324,277.57874]","573.087604","524.84252","2619","10","[{""width_pt"":0.75,""count"":1158},{""width_pt"":1,""count"":135}]","1293","[{""width_pt"":0.75,""count"":1293}]","[{""width_pt"":0.75,""count"":1293}]","0","[113.349724,1045.641141,1086.650276,154.358859]","973.300552","891.282282","600","600","[{""index"":0,""name"":""Монтажная область 1"",""rect"":[0,1200,1200,0],""width"":1200,""height"":1200}]","true","true","true","true","true","D:\AI\AITRASH\workspaces\project - Изменение масштаба для планировок квартир\09_outputs\_full_wip\20260727_full_mkd2\Корпус 2.3\х170_POZD_WEB_K2-3_s14_et1,3,5_2.ai","D:\AI\AITRASH\workspaces\project - Изменение масштаба для планировок квартир\09_outputs\_full_wip\20260727_full_mkd2\Корпус 2.3\х170_POZD_WEB_K2-3_s14_et1,3,5_2.png","D:\AI\AITRASH\workspaces\project - Изменение масштаба для планировок квартир\09_outputs\_diagnostics\full_20260727_full_mkd2\details\311_POZD_WEB_K2-3_s14_et1,3,5_2_attempt1.json","Pixel-native AI подтверждён после повторного открытия; обводки 0.75 px; s_raw=1.607774682."
"297_316_20260727_152907","312","1","OK","2026-07-27T15:37:39","Корпус 2.3/POZD_WEB_K2-3_s14_et1,3,5_3.ai","Корпус 2.3","D:\AI\AITRASH\LIBRARY\02_CATALOG\02_PRESALE_Поздняково\01_ARTIFACTS\МКД2\Корпус 2.3\POZD_WEB_K2-3_s14_et1,3,5_3.ai","D:\AI\AITRASH\LIBRARY\02_CATALOG\02_PRESALE_Поздняково\01_ARTIFACTS\МКД2\Корпус 2.3\POZD_WEB_K2-3_s14_et1,3,5_3.png","161229","a6d9e4642c55ed1eaebd6e368102850a418b72341982b1d9ed893109d68e65cf","true","calculated","200","200","2.049246622","1","[768.519689,781.036417,1152.480311,298.838583]","383.960622","482.197834","1654","10","[{""width_pt"":0.75,""count"":730},{""width_pt"":1,""count"":90}]","820","[{""width_pt"":0.75,""count"":820}]","[{""width_pt"":0.75,""count"":820}]","0","[216.664378,1081.697835,983.335622,118.302165]","766.671244","963.39567","600","600","[{""index"":0,""name"":""Монтажная область 1"",""rect"":[0,1200,1200,0],""width"":1200,""height"":1200}]","true","true","true","true","true","D:\AI\AITRASH\workspaces\project - Изменение масштаба для планировок квартир\09_outputs\_full_wip\20260727_full_mkd2\Корпус 2.3\х200_POZD_WEB_K2-3_s14_et1,3,5_3.ai","D:\AI\AITRASH\workspaces\project - Изменение масштаба для планировок квартир\09_outputs\_full_wip\20260727_full_mkd2\Корпус 2.3\х200_POZD_WEB_K2-3_s14_et1,3,5_3.png","D:\AI\AITRASH\workspaces\project - Изменение масштаба для планировок квартир\09_outputs\_diagnostics\full_20260727_full_mkd2\details\312_POZD_WEB_K2-3_s14_et1,3,5_3_attempt1.json","Pixel-native AI подтверждён после повторного открытия; обводки 0.75 px; s_raw=2.049246622."
"297_316_20260727_152907","313","1","OK","2026-07-27T15:38:04","Корпус 2.3/POZD_WEB_K2-3_s14_et1_1.ai","Корпус 2.3","D:\AI\AITRASH\LIBRARY\02_CATALOG\02_PRESALE_Поздняково\01_ARTIFACTS\МКД2\Корпус 2.3\POZD_WEB_K2-3_s14_et1_1.ai","D:\AI\AITRASH\LIBRARY\02_CATALOG\02_PRESALE_Поздняково\01_ARTIFACTS\МКД2\Корпус 2.3\POZD_WEB_K2-3_s14_et1_1.png","297815","8d14e076049a2ae88f117b9ec4a32e7f3950bf036b1aa4f7cfb7db5532df1fce","true","calculated","150","150","1.544908206","1","[673.979982,824.974114,1247.067568,256.54798]","573.087586","568.426134","4308","14","[{""width_pt"":0.75,""count"":1981},{""width_pt"":1,""count"":147}]","2128","[{""width_pt"":0.75,""count"":2128}]","[{""width_pt"":0.75,""count"":2128}]","0","[170.523648,1025.748815,1029.476352,174.251185]","858.952704","851.49763","600","600","[{""index"":0,""name"":""Монтажная область 1"",""rect"":[0,1200,1200,0],""width"":1200,""height"":1200}]","true","true","true","true","true","D:\AI\AITRASH\workspaces\project - Изменение масштаба для планировок квартир\09_outputs\_full_wip\20260727_full_mkd2\Корпус 2.3\х150_POZD_WEB_K2-3_s14_et1_1.ai","D:\AI\AITRASH\workspaces\project - Изменение масштаба для планировок квартир\09_outputs\_full_wip\20260727_full_mkd2\Корпус 2.3\х150_POZD_WEB_K2-3_s14_et1_1.png","D:\AI\AITRASH\workspaces\project - Изменение масштаба для планировок квартир\09_outputs\_diagnostics\full_20260727_full_mkd2\details\313_POZD_WEB_K2-3_s14_et1_1_attempt1.json","Pixel-native AI подтверждён после повторного открытия; обводки 0.75 px; s_raw=1.544908206."
"297_316_20260727_152907","314","1","OK","2026-07-27T15:39:05","Корпус 2.3/POZD_WEB_K2-3_s14_et2,6_1.ai","Корпус 2.3","D:\AI\AITRASH\LIBRARY\02_CATALOG\02_PRESALE_Поздняково\01_ARTIFACTS\МКД2\Корпус 2.3\POZD_WEB_K2-3_s14_et2,6_1.ai","D:\AI\AITRASH\LIBRARY\02_CATALOG\02_PRESALE_Поздняково\01_ARTIFACTS\МКД2\Корпус 2.3\POZD_WEB_K2-3_s14_et2,6_1.png","203723","4d3749081b7931a06bb6fddf8876990e41013d727658a2a66f97419a86404ded","true","calculated","170","170","1.689355355","1","[673.700792,777.476387,1247.299208,302.523613]","573.598416","474.952774","2570","10","[{""width_pt"":0.75,""count"":1147},{""width_pt"":1,""count"":126}]","1273","[{""width_pt"":0.75,""count"":1273}]","[{""width_pt"":0.75,""count"":1273}]","0","[112.916347,1003.234858,1087.083653,196.765142]","974.167306","806.469716","600","600","[{""index"":0,""name"":""Монтажная область 1"",""rect"":[0,1200,1200,0],""width"":1200,""height"":1200}]","true","true","true","true","true","D:\AI\AITRASH\workspaces\project - Изменение масштаба для планировок квартир\09_outputs\_full_wip\20260727_full_mkd2\Корпус 2.3\х170_POZD_WEB_K2-3_s14_et2,6_1.ai","D:\AI\AITRASH\workspaces\project - Изменение масштаба для планировок квартир\09_outputs\_full_wip\20260727_full_mkd2\Корпус 2.3\х170_POZD_WEB_K2-3_s14_et2,6_1.png","D:\AI\AITRASH\workspaces\project - Изменение масштаба для планировок квартир\09_outputs\_diagnostics\full_20260727_full_mkd2\details\314_POZD_WEB_K2-3_s14_et2,6_1_attempt1.json","Pixel-native AI подтверждён после повторного открытия; обводки 0.75 px; s_raw=1.689355355."
"297_316_20260727_152907","315","1","OK","2026-07-27T15:39:36","Корпус 2.3/POZD_WEB_K2-3_s14_et2,6_2.ai","Корпус 2.3","D:\AI\AITRASH\LIBRARY\02_CATALOG\02_PRESALE_Поздняково\01_ARTIFACTS\МКД2\Корпус 2.3\POZD_WEB_K2-3_s14_et2,6_2.ai","D:\AI\AITRASH\LIBRARY\02_CATALOG\02_PRESALE_Поздняково\01_ARTIFACTS\МКД2\Корпус 2.3\POZD_WEB_K2-3_s14_et2,6_2.png","204114","94ee2ddf4e2c140bb2cd04a4724cd24390dc57c0dcb167057ee56f7b97d768e1","true","calculated","150","150","1.563517546","1","[673.700772,817.303152,1247.299228,262.82185]","573.598456","554.481302","2552","11","[{""width_pt"":0.75,""count"":1132},{""width_pt"":1,""count"":126}]","1258","[{""width_pt"":0.75,""count"":1258}]","[{""width_pt"":0.75,""count"":1258}]","0","[170.176158,1015.579725,1029.823842,184.420274]","859.647684","831.159451","600","600","[{""index"":0,""name"":""Монтажная область 1"",""rect"":[0,1200,1200,0],""width"":1200,""height"":1200}]","true","true","true","true","true","D:\AI\AITRASH\workspaces\project - Изменение масштаба для планировок квартир\09_outputs\_full_wip\20260727_full_mkd2\Корпус 2.3\х150_POZD_WEB_K2-3_s14_et2,6_2.ai","D:\AI\AITRASH\workspaces\project - Изменение масштаба для планировок квартир\09_outputs\_full_wip\20260727_full_mkd2\Корпус 2.3\х150_POZD_WEB_K2-3_s14_et2,6_2.png","D:\AI\AITRASH\workspaces\project - Изменение масштаба для планировок квартир\09_outputs\_diagnostics\full_20260727_full_mkd2\details\315_POZD_WEB_K2-3_s14_et2,6_2_attempt1.json","Pixel-native AI подтверждён после повторного открытия; обводки 0.75 px; s_raw=1.563517546."
"297_316_20260727_152907","316","1","OK","2026-07-27T15:40:10","Корпус 2.3/POZD_WEB_K2-3_s14_et2,6_3.ai","Корпус 2.3","D:\AI\AITRASH\LIBRARY\02_CATALOG\02_PRESALE_Поздняково\01_ARTIFACTS\МКД2\Корпус 2.3\POZD_WEB_K2-3_s14_et2,6_3.ai","D:\AI\AITRASH\LIBRARY\02_CATALOG\02_PRESALE_Поздняково\01_ARTIFACTS\МКД2\Корпус 2.3\POZD_WEB_K2-3_s14_et2,6_3.png","160700","eee7b11ab11ce2afa1ee680c60027e60846f2ff74b0f35940df9bbd2512ab281","true","calculated","200","200","2.043249714","1","[768.519691,782.95374,1152.480309,297.92126]","383.960618","485.03248","1700","11","[{""width_pt"":0.75,""count"":754},{""width_pt"":1,""count"":87}]","841","[{""width_pt"":0.75,""count"":841}]","[{""width_pt"":0.75,""count"":841}]","0","[216.664381,1084.53248,983.335619,115.46752]","766.671238","969.06496","600","600","[{""index"":0,""name"":""Монтажная область 1"",""rect"":[0,1200,1200,0],""width"":1200,""height"":1200}]","true","true","true","true","true","D:\AI\AITRASH\workspaces\project - Изменение масштаба для планировок квартир\09_outputs\_full_wip\20260727_full_mkd2\Корпус 2.3\х200_POZD_WEB_K2-3_s14_et2,6_3.ai","D:\AI\AITRASH\workspaces\project - Изменение масштаба для планировок квартир\09_outputs\_full_wip\20260727_full_mkd2\Корпус 2.3\х200_POZD_WEB_K2-3_s14_et2,6_3.png","D:\AI\AITRASH\workspaces\project - Изменение масштаба для планировок квартир\09_outputs\_diagnostics\full_20260727_full_mkd2\details\316_POZD_WEB_K2-3_s14_et2,6_3_attempt1.json","Pixel-native AI подтверждён после повторного открытия; обводки 0.75 px; s_raw=2.043249714."
"317_336_20260727_154148","317","1","OK","2026-07-27T15:41:48","Корпус 2.3/POZD_WEB_K2-3_s14_et2_4.ai","Корпус 2.3","D:\AI\AITRASH\LIBRARY\02_CATALOG\02_PRESALE_Поздняково\01_ARTIFACTS\МКД2\Корпус 2.3\POZD_WEB_K2-3_s14_et2_4.ai","D:\AI\AITRASH\LIBRARY\02_CATALOG\02_PRESALE_Поздняково\01_ARTIFACTS\МКД2\Корпус 2.3\POZD_WEB_K2-3_s14_et2_4.png","167920","f85a69d429b3b7ba4c53a98ba7d283a4135c264d59ab216ea100cfc35d61e9e6","true","calculated","200","200","1.886441638","1","[747.543307,796.985236,1173.456687,284.014764]","425.91338","512.970472","1837","11","[{""width_pt"":0.75,""count"":813},{""width_pt"":1,""count"":96}]","909","[{""width_pt"":0.75,""count"":909}]","[{""width_pt"":0.75,""count"":909}]","0","[174.711614,1112.595473,1025.288386,87.404527]","850.576772","1025.190946","600","600","[{""index"":0,""name"":""Монтажная область 1"",""rect"":[0,1200,1200,0],""width"":1200,""height"":1200}]","true","true","true","true","true","D:\AI\AITRASH\workspaces\project - Изменение масштаба для планировок квартир\09_outputs\_full_wip\20260727_full_mkd2\Корпус 2.3\х200_POZD_WEB_K2-3_s14_et2_4.ai","D:\AI\AITRASH\workspaces\project - Изменение масштаба для планировок квартир\09_outputs\_full_wip\20260727_full_mkd2\Корпус 2.3\х200_POZD_WEB_K2-3_s14_et2_4.png","D:\AI\AITRASH\workspaces\project - Изменение масштаба для планировок квартир\09_outputs\_diagnostics\full_20260727_full_mkd2\details\317_POZD_WEB_K2-3_s14_et2_4_attempt1.json","Pixel-native AI подтверждён после повторного открытия; обводки 0.75 px; s_raw=1.886441638."
"317_336_20260727_154148","318","1","OK","2026-07-27T15:42:18","Корпус 2.3/POZD_WEB_K2-3_s14_et2_5.ai","Корпус 2.3","D:\AI\AITRASH\LIBRARY\02_CATALOG\02_PRESALE_Поздняково\01_ARTIFACTS\МКД2\Корпус 2.3\POZD_WEB_K2-3_s14_et2_5.ai","D:\AI\AITRASH\LIBRARY\02_CATALOG\02_PRESALE_Поздняково\01_ARTIFACTS\МКД2\Корпус 2.3\POZD_WEB_K2-3_s14_et2_5.png","173515","ee7b91c40eb09227c7a69f9b7972005ac0557d6f37fe6052fd3898e0b0d8e29e","true","calculated","200","200","1.923910331","1","[751.653538,791.882862,1169.346463,288.992138]","417.692925","502.890724","1930","11","[{""width_pt"":0.75,""count"":854},{""width_pt"":1,""count"":106}]","960","[{""width_pt"":0.75,""count"":960}]","[{""width_pt"":0.75,""count"":960}]","0","[182.932075,1102.390725,1017.067924,97.609275]","834.135849","1004.78145","600","600","[{""index"":0,""name"":""Монтажная область 1"",""rect"":[0,1200,1200,0],""width"":1200,""height"":1200}]","true","true","true","true","true","D:\AI\AITRASH\workspaces\project - Изменение масштаба для планировок квартир\09_outputs\_full_wip\20260727_full_mkd2\Корпус 2.3\х200_POZD_WEB_K2-3_s14_et2_5.ai","D:\AI\AITRASH\workspaces\project - Изменение масштаба для планировок квартир\09_outputs\_full_wip\20260727_full_mkd2\Корпус 2.3\х200_POZD_WEB_K2-3_s14_et2_5.png","D:\AI\AITRASH\workspaces\project - Изменение масштаба для планировок квартир\09_outputs\_diagnostics\full_20260727_full_mkd2\details\318_POZD_WEB_K2-3_s14_et2_5_attempt1.json","Pixel-native AI подтверждён после повторного открытия; обводки 0.75 px; s_raw=1.923910331."
"317_336_20260727_154148","319","1","OK","2026-07-27T15:42:47","Корпус 2.3/POZD_WEB_K2-3_s14_et3,5_1.ai","Корпус 2.3","D:\AI\AITRASH\LIBRARY\02_CATALOG\02_PRESALE_Поздняково\01_ARTIFACTS\МКД2\Корпус 2.3\POZD_WEB_K2-3_s14_et3,5_1.ai","D:\AI\AITRASH\LIBRARY\02_CATALOG\02_PRESALE_Поздняково\01_ARTIFACTS\МКД2\Корпус 2.3\POZD_WEB_K2-3_s14_et3,5_1.png","204425","27339df2e9e8c67246a9ad3f360991c67ac13cb1a061507cbf20ff0b48cb04f4","true","calculated","170","170","1.690123243","1","[673.961343,777.476389,1247.038657,302.523611]","573.077314","474.952778","2590","10","[{""width_pt"":0.75,""count"":1154},{""width_pt"":1,""count"":127}]","1281","[{""width_pt"":0.75,""count"":1281}]","[{""width_pt"":0.75,""count"":1281}]","0","[113.359283,1003.234861,1086.640717,196.765139]","973.281434","806.469722","600","600","[{""index"":0,""name"":""Монтажная область 1"",""rect"":[0,1200,1200,0],""width"":1200,""height"":1200}]","true","true","true","true","true","D:\AI\AITRASH\workspaces\project - Изменение масштаба для планировок квартир\09_outputs\_full_wip\20260727_full_mkd2\Корпус 2.3\х170_POZD_WEB_K2-3_s14_et3,5_1.ai","D:\AI\AITRASH\workspaces\project - Изменение масштаба для планировок квартир\09_outputs\_full_wip\20260727_full_mkd2\Корпус 2.3\х170_POZD_WEB_K2-3_s14_et3,5_1.png","D:\AI\AITRASH\workspaces\project - Изменение масштаба для планировок квартир\09_outputs\_diagnostics\full_20260727_full_mkd2\details\319_POZD_WEB_K2-3_s14_et3,5_1_attempt1.json","Pixel-native AI подтверждён после повторного открытия; обводки 0.75 px; s_raw=1.690123243."
"317_336_20260727_154148","320","1","OK","2026-07-27T15:43:19","Корпус 2.3/POZD_WEB_K2-3_s14_et3,5_5.ai","Корпус 2.3","D:\AI\AITRASH\LIBRARY\02_CATALOG\02_PRESALE_Поздняково\01_ARTIFACTS\МКД2\Корпус 2.3\POZD_WEB_K2-3_s14_et3,5_5.ai","D:\AI\AITRASH\LIBRARY\02_CATALOG\02_PRESALE_Поздняково\01_ARTIFACTS\МКД2\Корпус 2.3\POZD_WEB_K2-3_s14_et3,5_5.png","173105","124559487bbbeb98d4034da4ef5c64d0a1b299f0cb46f254f6f9be0f468786b0","true","calculated","200","200","1.979686588","1","[751.65355,777.476384,1169.34645,302.523616]","417.6929","474.952768","1953","10","[{""width_pt"":0.75,""count"":863},{""width_pt"":1,""count"":107}]","970","[{""width_pt"":0.75,""count"":970}]","[{""width_pt"":0.75,""count"":970}]","0","[182.932099,1074.327768,1017.067901,125.672232]","834.135802","948.655536","600","600","[{""index"":0,""name"":""Монтажная область 1"",""rect"":[0,1200,1200,0],""width"":1200,""height"":1200}]","true","true","true","true","true","D:\AI\AITRASH\workspaces\project - Изменение масштаба для планировок квартир\09_outputs\_full_wip\20260727_full_mkd2\Корпус 2.3\х200_POZD_WEB_K2-3_s14_et3,5_5.ai","D:\AI\AITRASH\workspaces\project - Изменение масштаба для планировок квартир\09_outputs\_full_wip\20260727_full_mkd2\Корпус 2.3\х200_POZD_WEB_K2-3_s14_et3,5_5.png","D:\AI\AITRASH\workspaces\project - Изменение масштаба для планировок квартир\09_outputs\_diagnostics\full_20260727_full_mkd2\details\320_POZD_WEB_K2-3_s14_et3,5_5_attempt1.json","Pixel-native AI подтверждён после повторного открытия; обводки 0.75 px; s_raw=1.979686588."
"317_336_20260727_154148","321","1","OK","2026-07-27T15:43:46","Корпус 2.3/POZD_WEB_K2-3_s14_et3_4.ai","Корпус 2.3","D:\AI\AITRASH\LIBRARY\02_CATALOG\02_PRESALE_Поздняково\01_ARTIFACTS\МКД2\Корпус 2.3\POZD_WEB_K2-3_s14_et3_4.ai","D:\AI\AITRASH\LIBRARY\02_CATALOG\02_PRESALE_Поздняково\01_ARTIFACTS\МКД2\Корпус 2.3\POZD_WEB_K2-3_s14_et3_4.png","167192","ad0ee102fa43870d5d5884f7f14d3ecde459d2ae49dddc72cb7e7472517985da","true","calculated","200","200","1.940010738","1","[747.543298,782.95374,1173.456702,297.92126]","425.913404","485.03248","1830","11","[{""width_pt"":0.75,""count"":809},{""width_pt"":1,""count"":98}]","907","[{""width_pt"":0.75,""count"":907}]","[{""width_pt"":0.75,""count"":907}]","0","[174.711595,1084.53248,1025.288405,115.46752]","850.57681","969.06496","600","600","[{""index"":0,""name"":""Монтажная область 1"",""rect"":[0,1200,1200,0],""width"":1200,""height"":1200}]","true","true","true","true","true","D:\AI\AITRASH\workspaces\project - Изменение масштаба для планировок квартир\09_outputs\_full_wip\20260727_full_mkd2\Корпус 2.3\х200_POZD_WEB_K2-3_s14_et3_4.ai","D:\AI\AITRASH\workspaces\project - Изменение масштаба для планировок квартир\09_outputs\_full_wip\20260727_full_mkd2\Корпус 2.3\х200_POZD_WEB_K2-3_s14_et3_4.png","D:\AI\AITRASH\workspaces\project - Изменение масштаба для планировок квартир\09_outputs\_diagnostics\full_20260727_full_mkd2\details\321_POZD_WEB_K2-3_s14_et3_4_attempt1.json","Pixel-native AI подтверждён после повторного открытия; обводки 0.75 px; s_raw=1.940010738."
"317_336_20260727_154148","322","1","OK","2026-07-27T15:44:14","Корпус 2.3/POZD_WEB_K2-3_s14_et4_1.ai","Корпус 2.3","D:\AI\AITRASH\LIBRARY\02_CATALOG\02_PRESALE_Поздняково\01_ARTIFACTS\МКД2\Корпус 2.3\POZD_WEB_K2-3_s14_et4_1.ai","D:\AI\AITRASH\LIBRARY\02_CATALOG\02_PRESALE_Поздняково\01_ARTIFACTS\МКД2\Корпус 2.3\POZD_WEB_K2-3_s14_et4_1.png","207810","2af8e3db1f3956c5a1629c14ad96802cf275e33112504eab0707c08f4881d1b9","true","calculated","170","170","1.642505268","1","[673.961343,791.88287,1247.038657,288.99213]","573.077314","502.89074","2597","11","[{""width_pt"":0.75,""count"":1155},{""width_pt"":1,""count"":127}]","1282","[{""width_pt"":0.75,""count"":1282}]","[{""width_pt"":0.75,""count"":1282}]","0","[113.359283,1027.088379,1086.640717,172.911621]","973.281434","854.176758","600","600","[{""index"":0,""name"":""Монтажная область 1"",""rect"":[0,1200,1200,0],""width"":1200,""height"":1200}]","true","true","true","true","true","D:\AI\AITRASH\workspaces\project - Изменение масштаба для планировок квартир\09_outputs\_full_wip\20260727_full_mkd2\Корпус 2.3\х170_POZD_WEB_K2-3_s14_et4_1.ai","D:\AI\AITRASH\workspaces\project - Изменение масштаба для планировок квартир\09_outputs\_full_wip\20260727_full_mkd2\Корпус 2.3\х170_POZD_WEB_K2-3_s14_et4_1.png","D:\AI\AITRASH\workspaces\project - Изменение масштаба для планировок квартир\09_outputs\_diagnostics\full_20260727_full_mkd2\details\322_POZD_WEB_K2-3_s14_et4_1_attempt1.json","Pixel-native AI подтверждён после повторного открытия; обводки 0.75 px; s_raw=1.642505268."
"317_336_20260727_154148","323","1","OK","2026-07-27T15:44:49","Корпус 2.3/POZD_WEB_K2-3_s14_et4_2.ai","Корпус 2.3","D:\AI\AITRASH\LIBRARY\02_CATALOG\02_PRESALE_Поздняково\01_ARTIFACTS\МКД2\Корпус 2.3\POZD_WEB_K2-3_s14_et4_2.ai","D:\AI\AITRASH\LIBRARY\02_CATALOG\02_PRESALE_Поздняково\01_ARTIFACTS\МКД2\Корпус 2.3\POZD_WEB_K2-3_s14_et4_2.png","204743","850f2292359fbb980759bcdcd1f94c3fb2f6347b3b3b242bd135a3452d3ec501","true","calculated","170","170","1.604460993","1","[673.700773,803.271656,1247.299227,276.728346]","573.598454","526.54331","2565","10","[{""width_pt"":0.75,""count"":1140},{""width_pt"":1,""count"":129}]","1269","[{""width_pt"":0.75,""count"":1269}]","[{""width_pt"":0.75,""count"":1269}]","0","[112.916315,1047.086812,1087.083685,152.913187]","974.16737","894.173625","600","600","[{""index"":0,""name"":""Монтажная область 1"",""rect"":[0,1200,1200,0],""width"":1200,""height"":1200}]","true","true","true","true","true","D:\AI\AITRASH\workspaces\project - Изменение масштаба для планировок квартир\09_outputs\_full_wip\20260727_full_mkd2\Корпус 2.3\х170_POZD_WEB_K2-3_s14_et4_2.ai","D:\AI\AITRASH\workspaces\project - Изменение масштаба для планировок квартир\09_outputs\_full_wip\20260727_full_mkd2\Корпус 2.3\х170_POZD_WEB_K2-3_s14_et4_2.png","D:\AI\AITRASH\workspaces\project - Изменение масштаба для планировок квартир\09_outputs\_diagnostics\full_20260727_full_mkd2\details\323_POZD_WEB_K2-3_s14_et4_2_attempt1.json","Pixel-native AI подтверждён после повторного открытия; обводки 0.75 px; s_raw=1.604460993."
"317_336_20260727_154148","324","1","OK","2026-07-27T15:45:21","Корпус 2.3/POZD_WEB_K2-3_s14_et4_3.ai","Корпус 2.3","D:\AI\AITRASH\LIBRARY\02_CATALOG\02_PRESALE_Поздняково\01_ARTIFACTS\МКД2\Корпус 2.3\POZD_WEB_K2-3_s14_et4_3.ai","D:\AI\AITRASH\LIBRARY\02_CATALOG\02_PRESALE_Поздняково\01_ARTIFACTS\МКД2\Корпус 2.3\POZD_WEB_K2-3_s14_et4_3.png","156680","3ff2c6aa2fc9e85b22871d7bf5a1c614a97e434917b31d9973a76f191dbe0ff2","true","calculated","200","200","1.986829796","1","[768.519682,796.985236,1152.480318,284.014764]","383.960636","512.970472","1682","11","[{""width_pt"":0.75,""count"":744},{""width_pt"":1,""count"":85}]","829","[{""width_pt"":0.75,""count"":829}]","[{""width_pt"":0.75,""count"":829}]","0","[216.664364,1112.595473,983.335636,87.404527]","766.671272","1025.190946","600","600","[{""index"":0,""name"":""Монтажная область 1"",""rect"":[0,1200,1200,0],""width"":1200,""height"":1200}]","true","true","true","true","true","D:\AI\AITRASH\workspaces\project - Изменение масштаба для планировок квартир\09_outputs\_full_wip\20260727_full_mkd2\Корпус 2.3\х200_POZD_WEB_K2-3_s14_et4_3.ai","D:\AI\AITRASH\workspaces\project - Изменение масштаба для планировок квартир\09_outputs\_full_wip\20260727_full_mkd2\Корпус 2.3\х200_POZD_WEB_K2-3_s14_et4_3.png","D:\AI\AITRASH\workspaces\project - Изменение масштаба для планировок квартир\09_outputs\_diagnostics\full_20260727_full_mkd2\details\324_POZD_WEB_K2-3_s14_et4_3_attempt1.json","Pixel-native AI подтверждён после повторного открытия; обводки 0.75 px; s_raw=1.986829796."
"317_336_20260727_154148","325","1","OK","2026-07-27T15:45:48","Корпус 2.3/POZD_WEB_K2-3_s14_et4_4.ai","Корпус 2.3","D:\AI\AITRASH\LIBRARY\02_CATALOG\02_PRESALE_Поздняково\01_ARTIFACTS\МКД2\Корпус 2.3\POZD_WEB_K2-3_s14_et4_4.ai","D:\AI\AITRASH\LIBRARY\02_CATALOG\02_PRESALE_Поздняково\01_ARTIFACTS\МКД2\Корпус 2.3\POZD_WEB_K2-3_s14_et4_4.png","171669","589a1daf17138b3fb20995b675efb9f9cf14a6dca6638c0f00ab1fb857515f97","true","calculated","200","200","1.878764717","1","[732.995099,782.95374,1187.129901,297.92126]","454.134802","485.03248","1855","11","[{""width_pt"":0.75,""count"":820},{""width_pt"":1,""count"":98}]","918","[{""width_pt"":0.75,""count"":918}]","[{""width_pt"":0.75,""count"":918}]","0","[146.365199,1084.53248,1053.634801,115.46752]","907.269602","969.06496","600","600","[{""index"":0,""name"":""Монтажная область 1"",""rect"":[0,1200,1200,0],""width"":1200,""height"":1200}]","true","true","true","true","true","D:\AI\AITRASH\workspaces\project - Изменение масштаба для планировок квартир\09_outputs\_full_wip\20260727_full_mkd2\Корпус 2.3\х200_POZD_WEB_K2-3_s14_et4_4.ai","D:\AI\AITRASH\workspaces\project - Изменение масштаба для планировок квартир\09_outputs\_full_wip\20260727_full_mkd2\Корпус 2.3\х200_POZD_WEB_K2-3_s14_et4_4.png","D:\AI\AITRASH\workspaces\project - Изменение масштаба для планировок квартир\09_outputs\_diagnostics\full_20260727_full_mkd2\details\325_POZD_WEB_K2-3_s14_et4_4_attempt1.json","Pixel-native AI подтверждён после повторного открытия; обводки 0.75 px; s_raw=1.878764717."
"317_336_20260727_154148","326","1","OK","2026-07-27T15:46:17","Корпус 2.3/POZD_WEB_K2-3_s14_et4_5.ai","Корпус 2.3","D:\AI\AITRASH\LIBRARY\02_CATALOG\02_PRESALE_Поздняково\01_ARTIFACTS\МКД2\Корпус 2.3\POZD_WEB_K2-3_s14_et4_5.ai","D:\AI\AITRASH\LIBRARY\02_CATALOG\02_PRESALE_Поздняково\01_ARTIFACTS\МКД2\Корпус 2.3\POZD_WEB_K2-3_s14_et4_5.png","172170","c5ab8b9d10c90de1e503a07ad733ca2c34305e8c833d05ee38c6cccb26a90091","true","calculated","200","200","1.979686617","1","[751.653551,777.476378,1169.346449,302.523622]","417.692898","474.952756","1941","10","[{""width_pt"":0.75,""count"":857},{""width_pt"":1,""count"":107}]","964","[{""width_pt"":0.75,""count"":964}]","[{""width_pt"":0.75,""count"":964}]","0","[182.932102,1074.327756,1017.067898,125.672244]","834.135796","948.655512","600","600","[{""index"":0,""name"":""Монтажная область 1"",""rect"":[0,1200,1200,0],""width"":1200,""height"":1200}]","true","true","true","true","true","D:\AI\AITRASH\workspaces\project - Изменение масштаба для планировок квартир\09_outputs\_full_wip\20260727_full_mkd2\Корпус 2.3\х200_POZD_WEB_K2-3_s14_et4_5.ai","D:\AI\AITRASH\workspaces\project - Изменение масштаба для планировок квартир\09_outputs\_full_wip\20260727_full_mkd2\Корпус 2.3\х200_POZD_WEB_K2-3_s14_et4_5.png","D:\AI\AITRASH\workspaces\project - Изменение масштаба для планировок квартир\09_outputs\_diagnostics\full_20260727_full_mkd2\details\326_POZD_WEB_K2-3_s14_et4_5_attempt1.json","Pixel-native AI подтверждён после повторного открытия; обводки 0.75 px; s_raw=1.979686617."
"317_336_20260727_154148","327","1","OK","2026-07-27T15:46:45","Корпус 2.3/POZD_WEB_K2-3_s14_et5_4.ai","Корпус 2.3","D:\AI\AITRASH\LIBRARY\02_CATALOG\02_PRESALE_Поздняково\01_ARTIFACTS\МКД2\Корпус 2.3\POZD_WEB_K2-3_s14_et5_4.ai","D:\AI\AITRASH\LIBRARY\02_CATALOG\02_PRESALE_Поздняково\01_ARTIFACTS\МКД2\Корпус 2.3\POZD_WEB_K2-3_s14_et5_4.png","167327","397c0aad9553727deaaa7049582c431799b36862db9daa480e30186da32ae201","true","calculated","200","200","1.940010789","1","[747.543309,782.95374,1173.456691,297.92126]","425.913382","485.03248","1823","10","[{""width_pt"":0.75,""count"":806},{""width_pt"":1,""count"":98}]","904","[{""width_pt"":0.75,""count"":904}]","[{""width_pt"":0.75,""count"":904}]","0","[174.711618,1084.53248,1025.288382,115.46752]","850.576764","969.06496","600","600","[{""index"":0,""name"":""Монтажная область 1"",""rect"":[0,1200,1200,0],""width"":1200,""height"":1200}]","true","true","true","true","true","D:\AI\AITRASH\workspaces\project - Изменение масштаба для планировок квартир\09_outputs\_full_wip\20260727_full_mkd2\Корпус 2.3\х200_POZD_WEB_K2-3_s14_et5_4.ai","D:\AI\AITRASH\workspaces\project - Изменение масштаба для планировок квартир\09_outputs\_full_wip\20260727_full_mkd2\Корпус 2.3\х200_POZD_WEB_K2-3_s14_et5_4.png","D:\AI\AITRASH\workspaces\project - Изменение масштаба для планировок квартир\09_outputs\_diagnostics\full_20260727_full_mkd2\details\327_POZD_WEB_K2-3_s14_et5_4_attempt1.json","Pixel-native AI подтверждён после повторного открытия; обводки 0.75 px; s_raw=1.940010789."
"317_336_20260727_154148","328","1","OK","2026-07-27T15:47:12","Корпус 2.3/POZD_WEB_K2-3_s14_et6_4.ai","Корпус 2.3","D:\AI\AITRASH\LIBRARY\02_CATALOG\02_PRESALE_Поздняково\01_ARTIFACTS\МКД2\Корпус 2.3\POZD_WEB_K2-3_s14_et6_4.ai","D:\AI\AITRASH\LIBRARY\02_CATALOG\02_PRESALE_Поздняково\01_ARTIFACTS\МКД2\Корпус 2.3\POZD_WEB_K2-3_s14_et6_4.png","169077","f53cefba47c9fab4e683961bf795b875fdca42f5948883a63941a66b0b4f2dc2","true","calculated","200","200","1.886441687","1","[747.543321,796.985236,1173.456679,284.014764]","425.913358","512.970472","1865","11","[{""width_pt"":0.75,""count"":824},{""width_pt"":1,""count"":99}]","923","[{""width_pt"":0.75,""count"":923}]","[{""width_pt"":0.75,""count"":923}]","0","[174.711642,1112.595473,1025.288358,87.404527]","850.576716","1025.190946","600","600","[{""index"":0,""name"":""Монтажная область 1"",""rect"":[0,1200,1200,0],""width"":1200,""height"":1200}]","true","true","true","true","true","D:\AI\AITRASH\workspaces\project - Изменение масштаба для планировок квартир\09_outputs\_full_wip\20260727_full_mkd2\Корпус 2.3\х200_POZD_WEB_K2-3_s14_et6_4.ai","D:\AI\AITRASH\workspaces\project - Изменение масштаба для планировок квартир\09_outputs\_full_wip\20260727_full_mkd2\Корпус 2.3\х200_POZD_WEB_K2-3_s14_et6_4.png","D:\AI\AITRASH\workspaces\project - Изменение масштаба для планировок квартир\09_outputs\_diagnostics\full_20260727_full_mkd2\details\328_POZD_WEB_K2-3_s14_et6_4_attempt1.json","Pixel-native AI подтверждён после повторного открытия; обводки 0.75 px; s_raw=1.886441687."
"317_336_20260727_154148","329","1","OK","2026-07-27T15:47:41","Корпус 2.3/POZD_WEB_K2-3_s14_et6_5.ai","Корпус 2.3","D:\AI\AITRASH\LIBRARY\02_CATALOG\02_PRESALE_Поздняково\01_ARTIFACTS\МКД2\Корпус 2.3\POZD_WEB_K2-3_s14_et6_5.ai","D:\AI\AITRASH\LIBRARY\02_CATALOG\02_PRESALE_Поздняково\01_ARTIFACTS\МКД2\Корпус 2.3\POZD_WEB_K2-3_s14_et6_5.png","171808","350c11e0fc5c24aa7fad9094b7cade64b971628dcdad4d98e0b16fd596b2449e","true","calculated","200","200","1.923910313","1","[751.653541,791.882871,1169.346459,288.992129]","417.692918","502.890742","1918","11","[{""width_pt"":0.75,""count"":845},{""width_pt"":1,""count"":105}]","950","[{""width_pt"":0.75,""count"":950}]","[{""width_pt"":0.75,""count"":950}]","0","[182.932082,1102.390742,1017.067918,97.609258]","834.135836","1004.781484","600","600","[{""index"":0,""name"":""Монтажная область 1"",""rect"":[0,1200,1200,0],""width"":1200,""height"":1200}]","true","true","true","true","true","D:\AI\AITRASH\workspaces\project - Изменение масштаба для планировок квартир\09_outputs\_full_wip\20260727_full_mkd2\Корпус 2.3\х200_POZD_WEB_K2-3_s14_et6_5.ai","D:\AI\AITRASH\workspaces\project - Изменение масштаба для планировок квартир\09_outputs\_full_wip\20260727_full_mkd2\Корпус 2.3\х200_POZD_WEB_K2-3_s14_et6_5.png","D:\AI\AITRASH\workspaces\project - Изменение масштаба для планировок квартир\09_outputs\_diagnostics\full_20260727_full_mkd2\details\329_POZD_WEB_K2-3_s14_et6_5_attempt1.json","Pixel-native AI подтверждён после повторного открытия; обводки 0.75 px; s_raw=1.923910313."
"317_336_20260727_154148","330","1","OK","2026-07-27T15:48:10","Корпус 2.3/POZD_WEB_K2-3_s8_et1,2_10.ai","Корпус 2.3","D:\AI\AITRASH\LIBRARY\02_CATALOG\02_PRESALE_Поздняково\01_ARTIFACTS\МКД2\Корпус 2.3\POZD_WEB_K2-3_s8_et1,2_10.ai","D:\AI\AITRASH\LIBRARY\02_CATALOG\02_PRESALE_Поздняково\01_ARTIFACTS\МКД2\Корпус 2.3\POZD_WEB_K2-3_s8_et1,2_10.png","234775","1b7c50e081632add110c88c5010c8066dbf7e3219315cbe4b0f417a8297fed21","true","calculated","200","200","1.86818626","1","[806.929138,826.374015,1114.070862,253.625985]","307.141724","572.74803","2895","15","[{""width_pt"":0.75,""count"":1338},{""width_pt"":1,""count"":91}]","1429","[{""width_pt"":0.75,""count"":1429}]","[{""width_pt"":0.75,""count"":1429}]","0","[293.483277,1172.123031,906.516723,27.876969]","613.033446","1144.246062","600","600","[{""index"":0,""name"":""Монтажная область 1"",""rect"":[0,1200,1200,0],""width"":1200,""height"":1200}]","true","true","true","true","true","D:\AI\AITRASH\workspaces\project - Изменение масштаба для планировок квартир\09_outputs\_full_wip\20260727_full_mkd2\Корпус 2.3\х200_POZD_WEB_K2-3_s8_et1,2_10.ai","D:\AI\AITRASH\workspaces\project - Изменение масштаба для планировок квартир\09_outputs\_full_wip\20260727_full_mkd2\Корпус 2.3\х200_POZD_WEB_K2-3_s8_et1,2_10.png","D:\AI\AITRASH\workspaces\project - Изменение масштаба для планировок квартир\09_outputs\_diagnostics\full_20260727_full_mkd2\details\330_POZD_WEB_K2-3_s8_et1,2_10_attempt1.json","Pixel-native AI подтверждён после повторного открытия; обводки 0.75 px; s_raw=1.86818626."
"317_336_20260727_154148","331","1","OK","2026-07-27T15:48:52","Корпус 2.3/POZD_WEB_K2-3_s8_et1,3_5.ai","Корпус 2.3","D:\AI\AITRASH\LIBRARY\02_CATALOG\02_PRESALE_Поздняково\01_ARTIFACTS\МКД2\Корпус 2.3\POZD_WEB_K2-3_s8_et1,3_5.ai","D:\AI\AITRASH\LIBRARY\02_CATALOG\02_PRESALE_Поздняково\01_ARTIFACTS\МКД2\Корпус 2.3\POZD_WEB_K2-3_s8_et1,3_5.png","173486","6422f25afb56095106842b4dc06978f8542a88b1f8459a3e1474cd2301d133d2","true","calculated","200","200","2.041272698","1","[718.555118,733.25591,1201.319882,346.74409]","482.764764","386.51182","1813","10","[{""width_pt"":0.75,""count"":795},{""width_pt"":1,""count"":98}]","893","[{""width_pt"":0.75,""count"":893}]","[{""width_pt"":0.75,""count"":893}]","0","[117.735236,985.88682,1082.264764,214.11318]","964.529528","771.77364","600","600","[{""index"":0,""name"":""Монтажная область 1"",""rect"":[0,1200,1200,0],""width"":1200,""height"":1200}]","true","true","true","true","true","D:\AI\AITRASH\workspaces\project - Изменение масштаба для планировок квартир\09_outputs\_full_wip\20260727_full_mkd2\Корпус 2.3\х200_POZD_WEB_K2-3_s8_et1,3_5.ai","D:\AI\AITRASH\workspaces\project - Изменение масштаба для планировок квартир\09_outputs\_full_wip\20260727_full_mkd2\Корпус 2.3\х200_POZD_WEB_K2-3_s8_et1,3_5.png","D:\AI\AITRASH\workspaces\project - Изменение масштаба для планировок квартир\09_outputs\_diagnostics\full_20260727_full_mkd2\details\331_POZD_WEB_K2-3_s8_et1,3_5_attempt1.json","Pixel-native AI подтверждён после повторного открытия; обводки 0.75 px; s_raw=2.041272698."
"317_336_20260727_154148","332","1","OK","2026-07-27T15:49:19","Корпус 2.3/POZD_WEB_K2-3_s8_et1_1.ai","Корпус 2.3","D:\AI\AITRASH\LIBRARY\02_CATALOG\02_PRESALE_Поздняково\01_ARTIFACTS\МКД2\Корпус 2.3\POZD_WEB_K2-3_s8_et1_1.ai","D:\AI\AITRASH\LIBRARY\02_CATALOG\02_PRESALE_Поздняково\01_ARTIFACTS\МКД2\Корпус 2.3\POZD_WEB_K2-3_s8_et1_1.png","265352","926de35d3dc21c31534e21485b83a56a6c2e73914dfe82e6219ffca66b58bb54","true","calculated","170","170","1.808794323","1","[701.972441,770.248039,1218.027559,309.751961]","516.055118","460.496078","3504","14","[{""width_pt"":0.75,""count"":1616},{""width_pt"":1,""count"":117}]","1733","[{""width_pt"":0.75,""count"":1733}]","[{""width_pt"":0.75,""count"":1733}]","0","[161.828149,990.946667,1038.171851,209.053333]","876.343702","781.893334","600","600","[{""index"":0,""name"":""Монтажная область 1"",""rect"":[0,1200,1200,0],""width"":1200,""height"":1200}]","true","true","true","true","true","D:\AI\AITRASH\workspaces\project - Изменение масштаба для планировок квартир\09_outputs\_full_wip\20260727_full_mkd2\Корпус 2.3\х170_POZD_WEB_K2-3_s8_et1_1.ai","D:\AI\AITRASH\workspaces\project - Изменение масштаба для планировок квартир\09_outputs\_full_wip\20260727_full_mkd2\Корпус 2.3\х170_POZD_WEB_K2-3_s8_et1_1.png","D:\AI\AITRASH\workspaces\project - Изменение масштаба для планировок квартир\09_outputs\_diagnostics\full_20260727_full_mkd2\details\332_POZD_WEB_K2-3_s8_et1_1_attempt1.json","Pixel-native AI подтверждён после повторного открытия; обводки 0.75 px; s_raw=1.808794323."
"317_336_20260727_154148","333","1","OK","2026-07-27T15:50:07","Корпус 2.3/POZD_WEB_K2-3_s8_et1_10.ai","Корпус 2.3","D:\AI\AITRASH\LIBRARY\02_CATALOG\02_PRESALE_Поздняково\01_ARTIFACTS\МКД2\Корпус 2.3\POZD_WEB_K2-3_s8_et1_10.ai","D:\AI\AITRASH\LIBRARY\02_CATALOG\02_PRESALE_Поздняково\01_ARTIFACTS\МКД2\Корпус 2.3\POZD_WEB_K2-3_s8_et1_10.png","230968","a833ba28aa42368f5d5d8cb78e49b25f65bf2a47ca89577c768ada8ca18f768d","true","calculated","200","200","1.86818626","1","[808.913382,826.374015,1112.086618,253.625985]","303.173236","572.74803","2865","15","[{""width_pt"":0.75,""count"":1325},{""width_pt"":1,""count"":90}]","1415","[{""width_pt"":0.75,""count"":1415}]","[{""width_pt"":0.75,""count"":1415}]","0","[297.451763,1172.123031,902.548237,27.876969]","605.096474","1144.246062","600","600","[{""index"":0,""name"":""Монтажная область 1"",""rect"":[0,1200,1200,0],""width"":1200,""height"":1200}]","true","true","true","true","true","D:\AI\AITRASH\workspaces\project - Изменение масштаба для планировок квартир\09_outputs\_full_wip\20260727_full_mkd2\Корпус 2.3\х200_POZD_WEB_K2-3_s8_et1_10.ai","D:\AI\AITRASH\workspaces\project - Изменение масштаба для планировок квартир\09_outputs\_full_wip\20260727_full_mkd2\Корпус 2.3\х200_POZD_WEB_K2-3_s8_et1_10.png","D:\AI\AITRASH\workspaces\project - Изменение масштаба для планировок квартир\09_outputs\_diagnostics\full_20260727_full_mkd2\details\333_POZD_WEB_K2-3_s8_et1_10_attempt1.json","Pixel-native AI подтверждён после повторного открытия; обводки 0.75 px; s_raw=1.86818626."
"317_336_20260727_154148","334","1","OK","2026-07-27T15:50:48","Корпус 2.3/POZD_WEB_K2-3_s8_et1_2.ai","Корпус 2.3","D:\AI\AITRASH\LIBRARY\02_CATALOG\02_PRESALE_Поздняково\01_ARTIFACTS\МКД2\Корпус 2.3\POZD_WEB_K2-3_s8_et1_2.ai","D:\AI\AITRASH\LIBRARY\02_CATALOG\02_PRESALE_Поздняково\01_ARTIFACTS\МКД2\Корпус 2.3\POZD_WEB_K2-3_s8_et1_2.png","253576","7213e36f82ad111e98c604eb3740d0f8cbdb184a0c3a84fdddf24ec9924b213a","true","calculated","200","200","1.851920099","1","[633.122419,733.255899,1210.901126,346.744102]","577.778707","386.511797","3316","14","[{""width_pt"":0.75,""count"":1526},{""width_pt"":1,""count"":113}]","1639","[{""width_pt"":0.75,""count"":1639}]","[{""width_pt"":0.75,""count"":1639}]","0","[23.047601,985.897866,1176.952399,214.102134]","1153.904798","771.795732","600","600","[{""index"":0,""name"":""Монтажная область 1"",""rect"":[0,1200,1200,0],""width"":1200,""height"":1200}]","true","true","true","true","true","D:\AI\AITRASH\workspaces\project - Изменение масштаба для планировок квартир\09_outputs\_full_wip\20260727_full_mkd2\Корпус 2.3\х200_POZD_WEB_K2-3_s8_et1_2.ai","D:\AI\AITRASH\workspaces\project - Изменение масштаба для планировок квартир\09_outputs\_full_wip\20260727_full_mkd2\Корпус 2.3\х200_POZD_WEB_K2-3_s8_et1_2.png","D:\AI\AITRASH\workspaces\project - Изменение масштаба для планировок квартир\09_outputs\_diagnostics\full_20260727_full_mkd2\details\334_POZD_WEB_K2-3_s8_et1_2_attempt1.json","Pixel-native AI подтверждён после повторного открытия; обводки 0.75 px; s_raw=1.851920099."
"317_336_20260727_154148","335","1","OK","2026-07-27T15:51:34","Корпус 2.3/POZD_WEB_K2-3_s8_et1_3.ai","Корпус 2.3","D:\AI\AITRASH\LIBRARY\02_CATALOG\02_PRESALE_Поздняково\01_ARTIFACTS\МКД2\Корпус 2.3\POZD_WEB_K2-3_s8_et1_3.ai","D:\AI\AITRASH\LIBRARY\02_CATALOG\02_PRESALE_Поздняково\01_ARTIFACTS\МКД2\Корпус 2.3\POZD_WEB_K2-3_s8_et1_3.png","295751","af8d8e482a806ece96ae49af3994dc3d2085e0d278a3f93841464995a234b2ca","true","calculated","150","150","1.354273683","1","[673.84252,910.212598,1247.15748,170.787402]","573.31496","739.425196","4485","14","[{""width_pt"":0.75,""count"":2042},{""width_pt"":1,""count"":175}]","2217","[{""width_pt"":0.75,""count"":2217}]","[{""width_pt"":0.75,""count"":2217}]","0","[170.38878,1154.193898,1029.61122,45.806102]","859.22244","1108.387796","600","600","[{""index"":0,""name"":""Монтажная область 1"",""rect"":[0,1200,1200,0],""width"":1200,""height"":1200}]","true","true","true","true","true","D:\AI\AITRASH\workspaces\project - Изменение масштаба для планировок квартир\09_outputs\_full_wip\20260727_full_mkd2\Корпус 2.3\х150_POZD_WEB_K2-3_s8_et1_3.ai","D:\AI\AITRASH\workspaces\project - Изменение масштаба для планировок квартир\09_outputs\_full_wip\20260727_full_mkd2\Корпус 2.3\х150_POZD_WEB_K2-3_s8_et1_3.png","D:\AI\AITRASH\workspaces\project - Изменение масштаба для планировок квартир\09_outputs\_diagnostics\full_20260727_full_mkd2\details\335_POZD_WEB_K2-3_s8_et1_3_attempt1.json","Pixel-native AI подтверждён после повторного открытия; обводки 0.75 px; s_raw=1.354273683."
"317_336_20260727_154148","336","1","OK","2026-07-27T15:52:34","Корпус 2.3/POZD_WEB_K2-3_s8_et1_4.ai","Корпус 2.3","D:\AI\AITRASH\LIBRARY\02_CATALOG\02_PRESALE_Поздняково\01_ARTIFACTS\МКД2\Корпус 2.3\POZD_WEB_K2-3_s8_et1_4.ai","D:\AI\AITRASH\LIBRARY\02_CATALOG\02_PRESALE_Поздняково\01_ARTIFACTS\МКД2\Корпус 2.3\POZD_WEB_K2-3_s8_et1_4.png","229874","282f74b0fbdc0231b615796b2f4c79aaec23e1bc5e78b1796b4a6b5f9f733ead","true","calculated","150","150","1.455439289","1","[718.555118,908.086614,1201.319882,172.913386]","482.764764","735.173228","3286","10","[{""width_pt"":0.75,""count"":1467},{""width_pt"":1,""count"":162}]","1629","[{""width_pt"":0.75,""count"":1629}]","[{""width_pt"":0.75,""count"":1629}]","0","[238.207677,1151.004921,961.792323,48.995079]","723.584646","1102.009842","600","600","[{""index"":0,""name"":""Монтажная область 1"",""rect"":[0,1200,1200,0],""width"":1200,""height"":1200}]","true","true","true","true","true","D:\AI\AITRASH\workspaces\project - Изменение масштаба для планировок квартир\09_outputs\_full_wip\20260727_full_mkd2\Корпус 2.3\х150_POZD_WEB_K2-3_s8_et1_4.ai","D:\AI\AITRASH\workspaces\project - Изменение масштаба для планировок квартир\09_outputs\_full_wip\20260727_full_mkd2\Корпус 2.3\х150_POZD_WEB_K2-3_s8_et1_4.png","D:\AI\AITRASH\workspaces\project - Изменение масштаба для планировок квартир\09_outputs\_diagnostics\full_20260727_full_mkd2\details\336_POZD_WEB_K2-3_s8_et1_4_attempt1.json","Pixel-native AI подтверждён после повторного открытия; обводки 0.75 px; s_raw=1.455439289."
"337_357_20260727_155420","337","1","OK","2026-07-27T15:54:20","Корпус 2.3/POZD_WEB_K2-3_s8_et1_5.ai","Корпус 2.3","D:\AI\AITRASH\LIBRARY\02_CATALOG\02_PRESALE_Поздняково\01_ARTIFACTS\МКД2\Корпус 2.3\POZD_WEB_K2-3_s8_et1_5.ai","D:\AI\AITRASH\LIBRARY\02_CATALOG\02_PRESALE_Поздняково\01_ARTIFACTS\МКД2\Корпус 2.3\POZD_WEB_K2-3_s8_et1_5.png","173260","dd10dd88f3ad2e937b0429acb19f22fd68ee2dadb5fc506e62f443ef4105bf5f","true","calculated","200","200","2.041272698","1","[718.555118,733.25591,1201.319882,346.74409]","482.764764","386.51182","1809","10","[{""width_pt"":0.75,""count"":794},{""width_pt"":1,""count"":97}]","891","[{""width_pt"":0.75,""count"":891}]","[{""width_pt"":0.75,""count"":891}]","0","[117.735236,985.886821,1082.264764,214.113179]","964.529528","771.773642","600","600","[{""index"":0,""name"":""Монтажная область 1"",""rect"":[0,1200,1200,0],""width"":1200,""height"":1200}]","true","true","true","true","true","D:\AI\AITRASH\workspaces\project - Изменение масштаба для планировок квартир\09_outputs\_full_wip\20260727_full_mkd2\Корпус 2.3\х200_POZD_WEB_K2-3_s8_et1_5.ai","D:\AI\AITRASH\workspaces\project - Изменение масштаба для планировок квартир\09_outputs\_full_wip\20260727_full_mkd2\Корпус 2.3\х200_POZD_WEB_K2-3_s8_et1_5.png","D:\AI\AITRASH\workspaces\project - Изменение масштаба для планировок квартир\09_outputs\_diagnostics\full_20260727_full_mkd2\details\337_POZD_WEB_K2-3_s8_et1_5_attempt1.json","Pixel-native AI подтверждён после повторного открытия; обводки 0.75 px; s_raw=2.041272698."
"337_357_20260727_155420","338","1","OK","2026-07-27T15:54:48","Корпус 2.3/POZD_WEB_K2-3_s8_et1_6.ai","Корпус 2.3","D:\AI\AITRASH\LIBRARY\02_CATALOG\02_PRESALE_Поздняково\01_ARTIFACTS\МКД2\Корпус 2.3\POZD_WEB_K2-3_s8_et1_6.ai","D:\AI\AITRASH\LIBRARY\02_CATALOG\02_PRESALE_Поздняково\01_ARTIFACTS\МКД2\Корпус 2.3\POZD_WEB_K2-3_s8_et1_6.png","171060","86efa59fb0358422c1498a8e619d1eb1615c71dc1e52a19874fda41e9b3e40b7","true","calculated","200","200","2.026464883","1","[718.555118,736.090554,1201.319882,343.909446]","482.764764","392.181108","1813","10","[{""width_pt"":0.75,""count"":802},{""width_pt"":1,""count"":98}]","900","[{""width_pt"":0.75,""count"":900}]","[{""width_pt"":0.75,""count"":900}]","0","[117.735236,991.556109,1082.264764,208.443891]","964.529528","783.112218","600","600","[{""index"":0,""name"":""Монтажная область 1"",""rect"":[0,1200,1200,0],""width"":1200,""height"":1200}]","true","true","true","true","true","D:\AI\AITRASH\workspaces\project - Изменение масштаба для планировок квартир\09_outputs\_full_wip\20260727_full_mkd2\Корпус 2.3\х200_POZD_WEB_K2-3_s8_et1_6.ai","D:\AI\AITRASH\workspaces\project - Изменение масштаба для планировок квартир\09_outputs\_full_wip\20260727_full_mkd2\Корпус 2.3\х200_POZD_WEB_K2-3_s8_et1_6.png","D:\AI\AITRASH\workspaces\project - Изменение масштаба для планировок квартир\09_outputs\_diagnostics\full_20260727_full_mkd2\details\338_POZD_WEB_K2-3_s8_et1_6_attempt1.json","Pixel-native AI подтверждён после повторного открытия; обводки 0.75 px; s_raw=2.026464883."
"337_357_20260727_155420","339","1","OK","2026-07-27T15:55:14","Корпус 2.3/POZD_WEB_K2-3_s8_et1_8.ai","Корпус 2.3","D:\AI\AITRASH\LIBRARY\02_CATALOG\02_PRESALE_Поздняково\01_ARTIFACTS\МКД2\Корпус 2.3\POZD_WEB_K2-3_s8_et1_8.ai","D:\AI\AITRASH\LIBRARY\02_CATALOG\02_PRESALE_Поздняково\01_ARTIFACTS\МКД2\Корпус 2.3\POZD_WEB_K2-3_s8_et1_8.png","210565","332b0e37f3e685193eee939c119fc5b601ec397db32f5e4cf7ba7cea5be6d91f","true","calculated","150","150","1.511869533","1","[623.594476,793.283462,1296.405524,287.716538]","672.811048","505.566924","2877","10","[{""width_pt"":0.75,""count"":1271},{""width_pt"":1,""count"":149}]","1420","[{""width_pt"":0.75,""count"":1420}]","[{""width_pt"":0.75,""count"":1420}]","0","[95.766715,978.800193,1104.233285,221.199807]","1008.46657","757.600386","600","600","[{""index"":0,""name"":""Монтажная область 1"",""rect"":[0,1200,1200,0],""width"":1200,""height"":1200}]","true","true","true","true","true","D:\AI\AITRASH\workspaces\project - Изменение масштаба для планировок квартир\09_outputs\_full_wip\20260727_full_mkd2\Корпус 2.3\х150_POZD_WEB_K2-3_s8_et1_8.ai","D:\AI\AITRASH\workspaces\project - Изменение масштаба для планировок квартир\09_outputs\_full_wip\20260727_full_mkd2\Корпус 2.3\х150_POZD_WEB_K2-3_s8_et1_8.png","D:\AI\AITRASH\workspaces\project - Изменение масштаба для планировок квартир\09_outputs\_diagnostics\full_20260727_full_mkd2\details\339_POZD_WEB_K2-3_s8_et1_8_attempt1.json","Pixel-native AI подтверждён после повторного открытия; обводки 0.75 px; s_raw=1.511869533."
"337_357_20260727_155420","340","1","OK","2026-07-27T15:55:49","Корпус 2.3/POZD_WEB_K2-3_s8_et1_9.ai","Корпус 2.3","D:\AI\AITRASH\LIBRARY\02_CATALOG\02_PRESALE_Поздняково\01_ARTIFACTS\МКД2\Корпус 2.3\POZD_WEB_K2-3_s8_et1_9.ai","D:\AI\AITRASH\LIBRARY\02_CATALOG\02_PRESALE_Поздняково\01_ARTIFACTS\МКД2\Корпус 2.3\POZD_WEB_K2-3_s8_et1_9.png","211117","a50a858089e73ea7d3df5518a293b5ab6a56ba2d0aa2e149d31ab560e9ad8080","true","calculated","170","170","1.705768192","1","[684.539357,783.07874,1235.460643,298.04626]","550.921286","485.03248","2633","10","[{""width_pt"":0.75,""count"":1174},{""width_pt"":1,""count"":124}]","1298","[{""width_pt"":0.75,""count"":1298}]","[{""width_pt"":0.75,""count"":1298}]","0","[132.191907,1011.908858,1067.808093,188.091142]","935.616186","823.817716","600","600","[{""index"":0,""name"":""Монтажная область 1"",""rect"":[0,1200,1200,0],""width"":1200,""height"":1200}]","true","true","true","true","true","D:\AI\AITRASH\workspaces\project - Изменение масштаба для планировок квартир\09_outputs\_full_wip\20260727_full_mkd2\Корпус 2.3\х170_POZD_WEB_K2-3_s8_et1_9.ai","D:\AI\AITRASH\workspaces\project - Изменение масштаба для планировок квартир\09_outputs\_full_wip\20260727_full_mkd2\Корпус 2.3\х170_POZD_WEB_K2-3_s8_et1_9.png","D:\AI\AITRASH\workspaces\project - Изменение масштаба для планировок квартир\09_outputs\_diagnostics\full_20260727_full_mkd2\details\340_POZD_WEB_K2-3_s8_et1_9_attempt1.json","Pixel-native AI подтверждён после повторного открытия; обводки 0.75 px; s_raw=1.705768192."
"337_357_20260727_155420","341","1","OK","2026-07-27T15:56:22","Корпус 2.3/POZD_WEB_K2-3_s8_et2,3,4_11.ai","Корпус 2.3","D:\AI\AITRASH\LIBRARY\02_CATALOG\02_PRESALE_Поздняково\01_ARTIFACTS\МКД2\Корпус 2.3\POZD_WEB_K2-3_s8_et2,3,4_11.ai","D:\AI\AITRASH\LIBRARY\02_CATALOG\02_PRESALE_Поздняково\01_ARTIFACTS\МКД2\Корпус 2.3\POZD_WEB_K2-3_s8_et2,3,4_11.png","160189","0d32fd6b9bf4055ca8578c4e5325789fd6fe22241bc3ce3164d309670e03706c","true","calculated","200","200","2.25285565","1","[808.913387,777.476378,1112.086613,302.523622]","303.173226","474.952756","1562","10","[{""width_pt"":0.75,""count"":691},{""width_pt"":1,""count"":83}]","774","[{""width_pt"":0.75,""count"":774}]","[{""width_pt"":0.75,""count"":774}]","0","[297.451775,1074.327756,902.548225,125.672244]","605.09645","948.655512","600","600","[{""index"":0,""name"":""Монтажная область 1"",""rect"":[0,1200,1200,0],""width"":1200,""height"":1200}]","true","true","true","true","true","D:\AI\AITRASH\workspaces\project - Изменение масштаба для планировок квартир\09_outputs\_full_wip\20260727_full_mkd2\Корпус 2.3\х200_POZD_WEB_K2-3_s8_et2,3,4_11.ai","D:\AI\AITRASH\workspaces\project - Изменение масштаба для планировок квартир\09_outputs\_full_wip\20260727_full_mkd2\Корпус 2.3\х200_POZD_WEB_K2-3_s8_et2,3,4_11.png","D:\AI\AITRASH\workspaces\project - Изменение масштаба для планировок квартир\09_outputs\_diagnostics\full_20260727_full_mkd2\details\341_POZD_WEB_K2-3_s8_et2,3,4_11_attempt1.json","Pixel-native AI подтверждён после повторного открытия; обводки 0.75 px; s_raw=2.25285565."
"337_357_20260727_155420","342","1","OK","2026-07-27T15:56:47","Корпус 2.3/POZD_WEB_K2-3_s8_et2,4_2.ai","Корпус 2.3","D:\AI\AITRASH\LIBRARY\02_CATALOG\02_PRESALE_Поздняково\01_ARTIFACTS\МКД2\Корпус 2.3\POZD_WEB_K2-3_s8_et2,4_2.ai","D:\AI\AITRASH\LIBRARY\02_CATALOG\02_PRESALE_Поздняково\01_ARTIFACTS\МКД2\Корпус 2.3\POZD_WEB_K2-3_s8_et2,4_2.png","168930","528b46b0fece92b9d8cd166c0781f9669954697fa1e335d894b72f95d59992aa","true","calculated","200","200","2.041272692","1","[718.680118,733.255911,1201.444882,346.744089]","482.764764","386.511822","1736","10","[{""width_pt"":0.75,""count"":766},{""width_pt"":1,""count"":96}]","862","[{""width_pt"":0.75,""count"":862}]","[{""width_pt"":0.75,""count"":862}]","0","[117.735236,985.886821,1082.264764,214.113179]","964.529528","771.773642","600","600","[{""index"":0,""name"":""Монтажная область 1"",""rect"":[0,1200,1200,0],""width"":1200,""height"":1200}]","true","true","true","true","true","D:\AI\AITRASH\workspaces\project - Изменение масштаба для планировок квартир\09_outputs\_full_wip\20260727_full_mkd2\Корпус 2.3\х200_POZD_WEB_K2-3_s8_et2,4_2.ai","D:\AI\AITRASH\workspaces\project - Изменение масштаба для планировок квартир\09_outputs\_full_wip\20260727_full_mkd2\Корпус 2.3\х200_POZD_WEB_K2-3_s8_et2,4_2.png","D:\AI\AITRASH\workspaces\project - Изменение масштаба для планировок квартир\09_outputs\_diagnostics\full_20260727_full_mkd2\details\342_POZD_WEB_K2-3_s8_et2,4_2_attempt1.json","Pixel-native AI подтверждён после повторного открытия; обводки 0.75 px; s_raw=2.041272692."
"337_357_20260727_155420","343","1","OK","2026-07-27T15:57:13","Корпус 2.3/POZD_WEB_K2-3_s8_et2,4_6.ai","Корпус 2.3","D:\AI\AITRASH\LIBRARY\02_CATALOG\02_PRESALE_Поздняково\01_ARTIFACTS\МКД2\Корпус 2.3\POZD_WEB_K2-3_s8_et2,4_6.ai","D:\AI\AITRASH\LIBRARY\02_CATALOG\02_PRESALE_Поздняково\01_ARTIFACTS\МКД2\Корпус 2.3\POZD_WEB_K2-3_s8_et2,4_6.png","200785","cc3b62fc260ad63c8e07e11286aae4a96ace07b3fb378961e96cb424769a7774","true","calculated","170","170","1.67563122","1","[718.555118,827.29921,1201.319882,253.70079]","482.764764","573.59842","2414","10","[{""width_pt"":0.75,""count"":1076},{""width_pt"":1,""count"":119}]","1195","[{""width_pt"":0.75,""count"":1195}]","[{""width_pt"":0.75,""count"":1195}]","0","[190.018701,1087.083656,1009.981299,112.916344]","819.962598","974.167312","600","600","[{""index"":0,""name"":""Монтажная область 1"",""rect"":[0,1200,1200,0],""width"":1200,""height"":1200}]","true","true","true","true","true","D:\AI\AITRASH\workspaces\project - Изменение масштаба для планировок квартир\09_outputs\_full_wip\20260727_full_mkd2\Корпус 2.3\х170_POZD_WEB_K2-3_s8_et2,4_6.ai","D:\AI\AITRASH\workspaces\project - Изменение масштаба для планировок квартир\09_outputs\_full_wip\20260727_full_mkd2\Корпус 2.3\х170_POZD_WEB_K2-3_s8_et2,4_6.png","D:\AI\AITRASH\workspaces\project - Изменение масштаба для планировок квартир\09_outputs\_diagnostics\full_20260727_full_mkd2\details\343_POZD_WEB_K2-3_s8_et2,4_6_attempt1.json","Pixel-native AI подтверждён после повторного открытия; обводки 0.75 px; s_raw=1.67563122."
"337_357_20260727_155420","344","1","OK","2026-07-27T15:57:44","Корпус 2.3/POZD_WEB_K2-3_s8_et2_1.ai","Корпус 2.3","D:\AI\AITRASH\LIBRARY\02_CATALOG\02_PRESALE_Поздняково\01_ARTIFACTS\МКД2\Корпус 2.3\POZD_WEB_K2-3_s8_et2_1.ai","D:\AI\AITRASH\LIBRARY\02_CATALOG\02_PRESALE_Поздняково\01_ARTIFACTS\МКД2\Корпус 2.3\POZD_WEB_K2-3_s8_et2_1.png","198626","519ba7c917e6534b1fc6569356cb8a3969acd21ab0c7f8fc4abe91e7da9ae87b","true","calculated","170","170","1.667627948","1","[749.73622,861.314964,1170.26378,219.685036]","420.52756","641.629928","2566","10","[{""width_pt"":0.75,""count"":1140},{""width_pt"":1,""count"":125}]","1265","[{""width_pt"":0.75,""count"":1265}]","[{""width_pt"":0.75,""count"":1265}]","0","[243.026575,1144.910438,956.973425,55.089562]","713.94685","1089.820876","600","600","[{""index"":0,""name"":""Монтажная область 1"",""rect"":[0,1200,1200,0],""width"":1200,""height"":1200}]","true","true","true","true","true","D:\AI\AITRASH\workspaces\project - Изменение масштаба для планировок квартир\09_outputs\_full_wip\20260727_full_mkd2\Корпус 2.3\х170_POZD_WEB_K2-3_s8_et2_1.ai","D:\AI\AITRASH\workspaces\project - Изменение масштаба для планировок квартир\09_outputs\_full_wip\20260727_full_mkd2\Корпус 2.3\х170_POZD_WEB_K2-3_s8_et2_1.png","D:\AI\AITRASH\workspaces\project - Изменение масштаба для планировок квартир\09_outputs\_diagnostics\full_20260727_full_mkd2\details\344_POZD_WEB_K2-3_s8_et2_1_attempt1.json","Pixel-native AI подтверждён после повторного открытия; обводки 0.75 px; s_raw=1.667627948."
"337_357_20260727_155420","345","1","OK","2026-07-27T15:58:16","Корпус 2.3/POZD_WEB_K2-3_s8_et2_10.ai","Корпус 2.3","D:\AI\AITRASH\LIBRARY\02_CATALOG\02_PRESALE_Поздняково\01_ARTIFACTS\МКД2\Корпус 2.3\POZD_WEB_K2-3_s8_et2_10.ai","D:\AI\AITRASH\LIBRARY\02_CATALOG\02_PRESALE_Поздняково\01_ARTIFACTS\МКД2\Корпус 2.3\POZD_WEB_K2-3_s8_et2_10.png","211585","9f001b378c1e264dd9e7ff74fb9fc6eee84d1cdd685db4fbd2d55300efcef9f1","true","calculated","170","170","1.658533354","1","[684.539365,797.026622,1235.460635,283.973378]","550.92127","513.053244","2605","11","[{""width_pt"":0.75,""count"":1163},{""width_pt"":1,""count"":121}]","1284","[{""width_pt"":0.75,""count"":1284}]","[{""width_pt"":0.75,""count"":1284}]","0","[132.191921,1035.832757,1067.808079,164.167243]","935.616158","871.665514","600","600","[{""index"":0,""name"":""Монтажная область 1"",""rect"":[0,1200,1200,0],""width"":1200,""height"":1200}]","true","true","true","true","true","D:\AI\AITRASH\workspaces\project - Изменение масштаба для планировок квартир\09_outputs\_full_wip\20260727_full_mkd2\Корпус 2.3\х170_POZD_WEB_K2-3_s8_et2_10.ai","D:\AI\AITRASH\workspaces\project - Изменение масштаба для планировок квартир\09_outputs\_full_wip\20260727_full_mkd2\Корпус 2.3\х170_POZD_WEB_K2-3_s8_et2_10.png","D:\AI\AITRASH\workspaces\project - Изменение масштаба для планировок квартир\09_outputs\_diagnostics\full_20260727_full_mkd2\details\345_POZD_WEB_K2-3_s8_et2_10_attempt1.json","Pixel-native AI подтверждён после повторного открытия; обводки 0.75 px; s_raw=1.658533354."
"337_357_20260727_155420","346","1","OK","2026-07-27T15:58:49","Корпус 2.3/POZD_WEB_K2-3_s8_et2_2.ai","Корпус 2.3","D:\AI\AITRASH\LIBRARY\02_CATALOG\02_PRESALE_Поздняково\01_ARTIFACTS\МКД2\Корпус 2.3\POZD_WEB_K2-3_s8_et2_2.ai","D:\AI\AITRASH\LIBRARY\02_CATALOG\02_PRESALE_Поздняково\01_ARTIFACTS\МКД2\Корпус 2.3\POZD_WEB_K2-3_s8_et2_2.png","169810","df8c7f44d349727321f4ad697c5d84f4a3f8379d0c728dfa286e0647c4bd593b","true","calculated","200","200","2.040524595","1","[718.680118,733.39764,1201.444882,346.60236]","482.764764","386.79528","1744","10","[{""width_pt"":0.75,""count"":767},{""width_pt"":1,""count"":97}]","864","[{""width_pt"":0.75,""count"":864}]","[{""width_pt"":0.75,""count"":864}]","0","[117.735236,986.170281,1082.264764,213.829719]","964.529528","772.340562","600","600","[{""index"":0,""name"":""Монтажная область 1"",""rect"":[0,1200,1200,0],""width"":1200,""height"":1200}]","true","true","true","true","true","D:\AI\AITRASH\workspaces\project - Изменение масштаба для планировок квартир\09_outputs\_full_wip\20260727_full_mkd2\Корпус 2.3\х200_POZD_WEB_K2-3_s8_et2_2.ai","D:\AI\AITRASH\workspaces\project - Изменение масштаба для планировок квартир\09_outputs\_full_wip\20260727_full_mkd2\Корпус 2.3\х200_POZD_WEB_K2-3_s8_et2_2.png","D:\AI\AITRASH\workspaces\project - Изменение масштаба для планировок квартир\09_outputs\_diagnostics\full_20260727_full_mkd2\details\346_POZD_WEB_K2-3_s8_et2_2_attempt1.json","Pixel-native AI подтверждён после повторного открытия; обводки 0.75 px; s_raw=2.040524595."
"337_357_20260727_155420","347","1","OK","2026-07-27T15:59:15","Корпус 2.3/POZD_WEB_K2-3_s8_et2_3.ai","Корпус 2.3","D:\AI\AITRASH\LIBRARY\02_CATALOG\02_PRESALE_Поздняково\01_ARTIFACTS\МКД2\Корпус 2.3\POZD_WEB_K2-3_s8_et2_3.ai","D:\AI\AITRASH\LIBRARY\02_CATALOG\02_PRESALE_Поздняково\01_ARTIFACTS\МКД2\Корпус 2.3\POZD_WEB_K2-3_s8_et2_3.png","224818","4a3a24ad9f627e055af1b82bc63422a5cebb6cb8ff908755e9929bd83d3f5ba4","true","calculated","150","150","1.455439312","1","[724.724409,908.086608,1196.275591,172.913392]","471.551182","735.173216","3207","10","[{""width_pt"":0.75,""count"":1436},{""width_pt"":1,""count"":153}]","1589","[{""width_pt"":0.75,""count"":1589}]","[{""width_pt"":0.75,""count"":1589}]","0","[246.711614,1151.004912,953.288386,48.995088]","706.576772","1102.009824","600","600","[{""index"":0,""name"":""Монтажная область 1"",""rect"":[0,1200,1200,0],""width"":1200,""height"":1200}]","true","true","true","true","true","D:\AI\AITRASH\workspaces\project - Изменение масштаба для планировок квартир\09_outputs\_full_wip\20260727_full_mkd2\Корпус 2.3\х150_POZD_WEB_K2-3_s8_et2_3.ai","D:\AI\AITRASH\workspaces\project - Изменение масштаба для планировок квартир\09_outputs\_full_wip\20260727_full_mkd2\Корпус 2.3\х150_POZD_WEB_K2-3_s8_et2_3.png","D:\AI\AITRASH\workspaces\project - Изменение масштаба для планировок квартир\09_outputs\_diagnostics\full_20260727_full_mkd2\details\347_POZD_WEB_K2-3_s8_et2_3_attempt1.json","Pixel-native AI подтверждён после повторного открытия; обводки 0.75 px; s_raw=1.455439312."
"337_357_20260727_155420","348","1","OK","2026-07-27T15:59:54","Корпус 2.3/POZD_WEB_K2-3_s8_et2_4.ai","Корпус 2.3","D:\AI\AITRASH\LIBRARY\02_CATALOG\02_PRESALE_Поздняково\01_ARTIFACTS\МКД2\Корпус 2.3\POZD_WEB_K2-3_s8_et2_4.ai","D:\AI\AITRASH\LIBRARY\02_CATALOG\02_PRESALE_Поздняково\01_ARTIFACTS\МКД2\Корпус 2.3\POZD_WEB_K2-3_s8_et2_4.png","230043","9ff030196cb46315b84e2c5f15019d27a04e011224961166d53c2f6ea512653d","true","calculated","150","150","1.402154718","1","[704.014792,922.118111,1216.985208,159.006889]","512.970416","763.111222","3254","11","[{""width_pt"":0.75,""count"":1453},{""width_pt"":1,""count"":157}]","1610","[{""width_pt"":0.75,""count"":1610}]","[{""width_pt"":0.75,""count"":1610}]","0","[215.459688,1172.052167,984.540312,27.947833]","769.080624","1144.104334","600","600","[{""index"":0,""name"":""Монтажная область 1"",""rect"":[0,1200,1200,0],""width"":1200,""height"":1200}]","true","true","true","true","true","D:\AI\AITRASH\workspaces\project - Изменение масштаба для планировок квартир\09_outputs\_full_wip\20260727_full_mkd2\Корпус 2.3\х150_POZD_WEB_K2-3_s8_et2_4.ai","D:\AI\AITRASH\workspaces\project - Изменение масштаба для планировок квартир\09_outputs\_full_wip\20260727_full_mkd2\Корпус 2.3\х150_POZD_WEB_K2-3_s8_et2_4.png","D:\AI\AITRASH\workspaces\project - Изменение масштаба для планировок квартир\09_outputs\_diagnostics\full_20260727_full_mkd2\details\348_POZD_WEB_K2-3_s8_et2_4_attempt1.json","Pixel-native AI подтверждён после повторного открытия; обводки 0.75 px; s_raw=1.402154718."
"337_357_20260727_155420","349","1","OK","2026-07-27T16:00:33","Корпус 2.3/POZD_WEB_K2-3_s8_et2_5.ai","Корпус 2.3","D:\AI\AITRASH\LIBRARY\02_CATALOG\02_PRESALE_Поздняково\01_ARTIFACTS\МКД2\Корпус 2.3\POZD_WEB_K2-3_s8_et2_5.ai","D:\AI\AITRASH\LIBRARY\02_CATALOG\02_PRESALE_Поздняково\01_ARTIFACTS\МКД2\Корпус 2.3\POZD_WEB_K2-3_s8_et2_5.png","170439","201810b9b8b8a08b2ec944cf1d38aaa4da486d226448f2cd4c0c37fd8fe0a3ce","true","calculated","200","200","2.041272729","1","[718.555118,733.255904,1201.319882,346.744096]","482.764764","386.511808","1753","10","[{""width_pt"":0.75,""count"":772},{""width_pt"":1,""count"":95}]","867","[{""width_pt"":0.75,""count"":867}]","[{""width_pt"":0.75,""count"":867}]","0","[117.735236,985.886808,1082.264764,214.113192]","964.529528","771.773616","600","600","[{""index"":0,""name"":""Монтажная область 1"",""rect"":[0,1200,1200,0],""width"":1200,""height"":1200}]","true","true","true","true","true","D:\AI\AITRASH\workspaces\project - Изменение масштаба для планировок квартир\09_outputs\_full_wip\20260727_full_mkd2\Корпус 2.3\х200_POZD_WEB_K2-3_s8_et2_5.ai","D:\AI\AITRASH\workspaces\project - Изменение масштаба для планировок квартир\09_outputs\_full_wip\20260727_full_mkd2\Корпус 2.3\х200_POZD_WEB_K2-3_s8_et2_5.png","D:\AI\AITRASH\workspaces\project - Изменение масштаба для планировок квартир\09_outputs\_diagnostics\full_20260727_full_mkd2\details\349_POZD_WEB_K2-3_s8_et2_5_attempt1.json","Pixel-native AI подтверждён после повторного открытия; обводки 0.75 px; s_raw=2.041272729."
"337_357_20260727_155420","350","1","OK","2026-07-27T16:00:59","Корпус 2.3/POZD_WEB_K2-3_s8_et2_7.ai","Корпус 2.3","D:\AI\AITRASH\LIBRARY\02_CATALOG\02_PRESALE_Поздняково\01_ARTIFACTS\МКД2\Корпус 2.3\POZD_WEB_K2-3_s8_et2_7.ai","D:\AI\AITRASH\LIBRARY\02_CATALOG\02_PRESALE_Поздняково\01_ARTIFACTS\МКД2\Корпус 2.3\POZD_WEB_K2-3_s8_et2_7.png","145681","48f69417bb7453cd3be0ccfd80c249b99a5a832d0ea0f7b716d5fa4114036790","true","calculated","200","200","2.139212749","1","[718.555118,716.465907,1201.319882,364.535431]","482.764764","351.930476","1388","10","[{""width_pt"":0.75,""count"":615},{""width_pt"":1,""count"":67}]","682","[{""width_pt"":0.75,""count"":682}]","[{""width_pt"":0.75,""count"":682}]","0","[117.735236,951.30464,1082.264764,248.69536]","964.529528","702.60928","600","600","[{""index"":0,""name"":""Монтажная область 1"",""rect"":[0,1200,1200,0],""width"":1200,""height"":1200}]","true","true","true","true","true","D:\AI\AITRASH\workspaces\project - Изменение масштаба для планировок квартир\09_outputs\_full_wip\20260727_full_mkd2\Корпус 2.3\х200_POZD_WEB_K2-3_s8_et2_7.ai","D:\AI\AITRASH\workspaces\project - Изменение масштаба для планировок квартир\09_outputs\_full_wip\20260727_full_mkd2\Корпус 2.3\х200_POZD_WEB_K2-3_s8_et2_7.png","D:\AI\AITRASH\workspaces\project - Изменение масштаба для планировок квартир\09_outputs\_diagnostics\full_20260727_full_mkd2\details\350_POZD_WEB_K2-3_s8_et2_7_attempt1.json","Pixel-native AI подтверждён после повторного открытия; обводки 0.75 px; s_raw=2.139212749."
"337_357_20260727_155420","351","1","OK","2026-07-27T16:01:24","Корпус 2.3/POZD_WEB_K2-3_s8_et2_8.ai","Корпус 2.3","D:\AI\AITRASH\LIBRARY\02_CATALOG\02_PRESALE_Поздняково\01_ARTIFACTS\МКД2\Корпус 2.3\POZD_WEB_K2-3_s8_et2_8.ai","D:\AI\AITRASH\LIBRARY\02_CATALOG\02_PRESALE_Поздняково\01_ARTIFACTS\МКД2\Корпус 2.3\POZD_WEB_K2-3_s8_et2_8.png","155668","7c897b49222acfedfa2ab6cb8ba76b7a8cdff20d82bf333a51cc3888db138d07","true","calculated","200","200","2.214195335","1","[745.96756,725.251965,1175.15744,355.748035]","429.18988","369.50393","1533","11","[{""width_pt"":0.75,""count"":688},{""width_pt"":1,""count"":64}]","752","[{""width_pt"":0.75,""count"":752}]","[{""width_pt"":0.75,""count"":752}]","0","[171.31012,968.87893,1028.68988,231.12107]","857.37976","737.75786","600","600","[{""index"":0,""name"":""Монтажная область 1"",""rect"":[0,1200,1200,0],""width"":1200,""height"":1200}]","true","true","true","true","true","D:\AI\AITRASH\workspaces\project - Изменение масштаба для планировок квартир\09_outputs\_full_wip\20260727_full_mkd2\Корпус 2.3\х200_POZD_WEB_K2-3_s8_et2_8.ai","D:\AI\AITRASH\workspaces\project - Изменение масштаба для планировок квартир\09_outputs\_full_wip\20260727_full_mkd2\Корпус 2.3\х200_POZD_WEB_K2-3_s8_et2_8.png","D:\AI\AITRASH\workspaces\project - Изменение масштаба для планировок квартир\09_outputs\_diagnostics\full_20260727_full_mkd2\details\351_POZD_WEB_K2-3_s8_et2_8_attempt1.json","Pixel-native AI подтверждён после повторного открытия; обводки 0.75 px; s_raw=2.214195335."
"337_357_20260727_155420","352","1","OK","2026-07-27T16:01:51","Корпус 2.3/POZD_WEB_K2-3_s8_et2_9.ai","Корпус 2.3","D:\AI\AITRASH\LIBRARY\02_CATALOG\02_PRESALE_Поздняково\01_ARTIFACTS\МКД2\Корпус 2.3\POZD_WEB_K2-3_s8_et2_9.ai","D:\AI\AITRASH\LIBRARY\02_CATALOG\02_PRESALE_Поздняково\01_ARTIFACTS\МКД2\Корпус 2.3\POZD_WEB_K2-3_s8_et2_9.png","217476","e81a1d9bb2e4e29bfad638a16d03f98947995498f978d28ea9940725410dde96","true","calculated","150","150","1.471637157","1","[623.594491,807.231352,1296.405509,273.643648]","672.811018","533.587704","3005","11","[{""width_pt"":0.75,""count"":1334},{""width_pt"":1,""count"":148}]","1482","[{""width_pt"":0.75,""count"":1482}]","[{""width_pt"":0.75,""count"":1482}]","0","[95.766737,999.909528,1104.233263,200.090472]","1008.466526","799.819056","600","600","[{""index"":0,""name"":""Монтажная область 1"",""rect"":[0,1200,1200,0],""width"":1200,""height"":1200}]","true","true","true","true","true","D:\AI\AITRASH\workspaces\project - Изменение масштаба для планировок квартир\09_outputs\_full_wip\20260727_full_mkd2\Корпус 2.3\х150_POZD_WEB_K2-3_s8_et2_9.ai","D:\AI\AITRASH\workspaces\project - Изменение масштаба для планировок квартир\09_outputs\_full_wip\20260727_full_mkd2\Корпус 2.3\х150_POZD_WEB_K2-3_s8_et2_9.png","D:\AI\AITRASH\workspaces\project - Изменение масштаба для планировок квартир\09_outputs\_diagnostics\full_20260727_full_mkd2\details\352_POZD_WEB_K2-3_s8_et2_9_attempt1.json","Pixel-native AI подтверждён после повторного открытия; обводки 0.75 px; s_raw=1.471637157."
"337_357_20260727_155420","353","1","OK","2026-07-27T16:02:29","Корпус 2.3/POZD_WEB_K2-3_s8_et3_1.ai","Корпус 2.3","D:\AI\AITRASH\LIBRARY\02_CATALOG\02_PRESALE_Поздняково\01_ARTIFACTS\МКД2\Корпус 2.3\POZD_WEB_K2-3_s8_et3_1.ai","D:\AI\AITRASH\LIBRARY\02_CATALOG\02_PRESALE_Поздняково\01_ARTIFACTS\МКД2\Корпус 2.3\POZD_WEB_K2-3_s8_et3_1.png","201899","10eca45dc828f3da8fd2fd87b1bc3a449ae81488f68a6238f069cb0b167d5f26","true","calculated","170","170","1.68683012","1","[749.73622,857.16294,1170.26378,222.83706]","420.52756","634.32588","2613","10","[{""width_pt"":0.75,""count"":1164},{""width_pt"":1,""count"":122}]","1286","[{""width_pt"":0.75,""count"":1286}]","[{""width_pt"":0.75,""count"":1286}]","0","[243.026575,1138.701998,956.973425,61.298002]","713.94685","1077.403996","600","600","[{""index"":0,""name"":""Монтажная область 1"",""rect"":[0,1200,1200,0],""width"":1200,""height"":1200}]","true","true","true","true","true","D:\AI\AITRASH\workspaces\project - Изменение масштаба для планировок квартир\09_outputs\_full_wip\20260727_full_mkd2\Корпус 2.3\х170_POZD_WEB_K2-3_s8_et3_1.ai","D:\AI\AITRASH\workspaces\project - Изменение масштаба для планировок квартир\09_outputs\_full_wip\20260727_full_mkd2\Корпус 2.3\х170_POZD_WEB_K2-3_s8_et3_1.png","D:\AI\AITRASH\workspaces\project - Изменение масштаба для планировок квартир\09_outputs\_diagnostics\full_20260727_full_mkd2\details\353_POZD_WEB_K2-3_s8_et3_1_attempt1.json","Pixel-native AI подтверждён после повторного открытия; обводки 0.75 px; s_raw=1.68683012."
"337_357_20260727_155420","354","1","OK","2026-07-27T16:03:01","Корпус 2.3/POZD_WEB_K2-3_s8_et3_2.ai","Корпус 2.3","D:\AI\AITRASH\LIBRARY\02_CATALOG\02_PRESALE_Поздняково\01_ARTIFACTS\МКД2\Корпус 2.3\POZD_WEB_K2-3_s8_et3_2.ai","D:\AI\AITRASH\LIBRARY\02_CATALOG\02_PRESALE_Поздняково\01_ARTIFACTS\МКД2\Корпус 2.3\POZD_WEB_K2-3_s8_et3_2.png","168978","50060b5359332c8faed0056b06097b97796f82e3981b97543fa8a809e174f11c","true","calculated","200","200","2.041272756","1","[718.680118,733.255899,1201.444882,346.744101]","482.764764","386.511798","1745","10","[{""width_pt"":0.75,""count"":771},{""width_pt"":1,""count"":97}]","868","[{""width_pt"":0.75,""count"":868}]","[{""width_pt"":0.75,""count"":868}]","0","[117.735236,985.886799,1082.264764,214.113201]","964.529528","771.773598","600","600","[{""index"":0,""name"":""Монтажная область 1"",""rect"":[0,1200,1200,0],""width"":1200,""height"":1200}]","true","true","true","true","true","D:\AI\AITRASH\workspaces\project - Изменение масштаба для планировок квартир\09_outputs\_full_wip\20260727_full_mkd2\Корпус 2.3\х200_POZD_WEB_K2-3_s8_et3_2.ai","D:\AI\AITRASH\workspaces\project - Изменение масштаба для планировок квартир\09_outputs\_full_wip\20260727_full_mkd2\Корпус 2.3\х200_POZD_WEB_K2-3_s8_et3_2.png","D:\AI\AITRASH\workspaces\project - Изменение масштаба для планировок квартир\09_outputs\_diagnostics\full_20260727_full_mkd2\details\354_POZD_WEB_K2-3_s8_et3_2_attempt1.json","Pixel-native AI подтверждён после повторного открытия; обводки 0.75 px; s_raw=2.041272756."
"337_357_20260727_155420","356","1","OK","2026-07-27T16:03:27","Корпус 2.3/POZD_WEB_K2-3_s8_et3_4.ai","Корпус 2.3","D:\AI\AITRASH\LIBRARY\02_CATALOG\02_PRESALE_Поздняково\01_ARTIFACTS\МКД2\Корпус 2.3\POZD_WEB_K2-3_s8_et3_4.ai","D:\AI\AITRASH\LIBRARY\02_CATALOG\02_PRESALE_Поздняково\01_ARTIFACTS\МКД2\Корпус 2.3\POZD_WEB_K2-3_s8_et3_4.png","225680","a10f17866621c607bd11da9e40fcedbc2c9efda1c188f0d4df3569f462acf5c3","true","calculated","150","150","1.455439285","1","[718.555118,908.086615,1201.319882,172.913385]","482.764764","735.17323","3208","10","[{""width_pt"":0.75,""count"":1432},{""width_pt"":1,""count"":157}]","1589","[{""width_pt"":0.75,""count"":1589}]","[{""width_pt"":0.75,""count"":1589}]","0","[238.207677,1151.004922,961.792323,48.995078]","723.584646","1102.009844","600","600","[{""index"":0,""name"":""Монтажная область 1"",""rect"":[0,1200,1200,0],""width"":1200,""height"":1200}]","true","true","true","true","true","D:\AI\AITRASH\workspaces\project - Изменение масштаба для планировок квартир\09_outputs\_full_wip\20260727_full_mkd2\Корпус 2.3\х150_POZD_WEB_K2-3_s8_et3_4.ai","D:\AI\AITRASH\workspaces\project - Изменение масштаба для планировок квартир\09_outputs\_full_wip\20260727_full_mkd2\Корпус 2.3\х150_POZD_WEB_K2-3_s8_et3_4.png","D:\AI\AITRASH\workspaces\project - Изменение масштаба для планировок квартир\09_outputs\_diagnostics\full_20260727_full_mkd2\details\356_POZD_WEB_K2-3_s8_et3_4_attempt1.json","Pixel-native AI подтверждён после повторного открытия; обводки 0.75 px; s_raw=1.455439285."
"337_357_20260727_155420","357","1","OK","2026-07-27T16:04:06","Корпус 2.3/POZD_WEB_K2-3_s8_et3_6.ai","Корпус 2.3","D:\AI\AITRASH\LIBRARY\02_CATALOG\02_PRESALE_Поздняково\01_ARTIFACTS\МКД2\Корпус 2.3\POZD_WEB_K2-3_s8_et3_6.ai","D:\AI\AITRASH\LIBRARY\02_CATALOG\02_PRESALE_Поздняково\01_ARTIFACTS\МКД2\Корпус 2.3\POZD_WEB_K2-3_s8_et3_6.png","195909","c595a0c9f5ecef816341fb98a15dacb1c5540d7b395323ebfc0cb8b2e9c13953","true","calculated","170","170","1.676213548","1","[718.680118,827.1742,1201.319882,253.8258]","482.639764","573.3484","2381","10","[{""width_pt"":0.75,""count"":1061}]","1061","[{""width_pt"":0.75,""count"":1061}]","[{""width_pt"":0.75,""count"":1061}]","0","[190.018701,1087.083641,1009.981299,112.916359]","819.962598","974.167282","600","600","[{""index"":0,""name"":""Монтажная область 1"",""rect"":[0,1200,1200,0],""width"":1200,""height"":1200}]","true","true","true","true","true","D:\AI\AITRASH\workspaces\project - Изменение масштаба для планировок квартир\09_outputs\_full_wip\20260727_full_mkd2\Корпус 2.3\х170_POZD_WEB_K2-3_s8_et3_6.ai","D:\AI\AITRASH\workspaces\project - Изменение масштаба для планировок квартир\09_outputs\_full_wip\20260727_full_mkd2\Корпус 2.3\х170_POZD_WEB_K2-3_s8_et3_6.png","D:\AI\AITRASH\workspaces\project - Изменение масштаба для планировок квартир\09_outputs\_diagnostics\full_20260727_full_mkd2\details\357_POZD_WEB_K2-3_s8_et3_6_attempt1.json","Pixel-native AI подтверждён после повторного открытия; обводки 0.75 px; s_raw=1.676213548."
"355_355_20260727_113813","355","1","OK","2026-07-27T11:38:16","Корпус 2.3/POZD_WEB_K2-3_s8_et3_3.ai","Корпус 2.3","D:\AI\AITRASH\LIBRARY\02_CATALOG\02_PRESALE_Поздняково\01_ARTIFACTS\МКД2\Корпус 2.3\POZD_WEB_K2-3_s8_et3_3.ai","D:\AI\AITRASH\LIBRARY\02_CATALOG\02_PRESALE_Поздняково\01_ARTIFACTS\МКД2\Корпус 2.3\POZD_WEB_K2-3_s8_et3_3.png","224160","b73b06aa2cecd0830adab8be77794bda4fa01d8d6c42ec485d55707a43a89cc6","true","calculated","150","150","1.455439312","1","[724.724409,908.086608,1196.275591,172.913392]","471.551182","735.173216","3197","10","[{""width_pt"":0.75,""count"":1433},{""width_pt"":1,""count"":153}]","1586","[{""width_pt"":0.75,""count"":1586}]","[{""width_pt"":0.75,""count"":1586}]","0","[246.711614,1151.004912,953.288386,48.995088]","706.576772","1102.009824","600","600","[{""index"":0,""name"":""Монтажная область 1"",""rect"":[0,1200,1200,0],""width"":1200,""height"":1200}]","true","true","true","regression_proven","true","D:\AI\AITRASH\workspaces\project - Изменение масштаба для планировок квартир\09_outputs\_full_wip\20260727_full_mkd2\Корпус 2.3\х150_POZD_WEB_K2-3_s8_et3_3.ai","D:\AI\AITRASH\workspaces\project - Изменение масштаба для планировок квартир\09_outputs\_full_wip\20260727_full_mkd2\Корпус 2.3\х150_POZD_WEB_K2-3_s8_et3_3.png","D:\AI\AITRASH\workspaces\project - Изменение масштаба для планировок квартир\09_outputs\_diagnostics\full_20260727_full_mkd2\details\355_POZD_WEB_K2-3_s8_et3_3_attempt1.json","Pixel-native AI подтверждён после повторного открытия; обводки 0.75 px; s_raw=1.455439312."
"355_355_20260727_163046","355","2","OK","2026-07-27T16:30:47","Корпус 2.3/POZD_WEB_K2-3_s8_et3_3.ai","Корпус 2.3","D:\AI\AITRASH\LIBRARY\02_CATALOG\02_PRESALE_Поздняково\01_ARTIFACTS\МКД2\Корпус 2.3\POZD_WEB_K2-3_s8_et3_3.ai","D:\AI\AITRASH\LIBRARY\02_CATALOG\02_PRESALE_Поздняково\01_ARTIFACTS\МКД2\Корпус 2.3\POZD_WEB_K2-3_s8_et3_3.png","224160","b73b06aa2cecd0830adab8be77794bda4fa01d8d6c42ec485d55707a43a89cc6","true","calculated","150","150","1.455439312","1","[724.724409,908.086608,1196.275591,172.913392]","471.551182","735.173216","3197","10","[{""width_pt"":0.75,""count"":1433},{""width_pt"":1,""count"":153}]","1586","[{""width_pt"":0.75,""count"":1586}]","[{""width_pt"":0.75,""count"":1586}]","0","[246.711614,1151.004912,953.288386,48.995088]","706.576772","1102.009824","600","600","[{""index"":0,""name"":""Монтажная область 1"",""rect"":[0,1200,1200,0],""width"":1200,""height"":1200}]","true","true","true","true","true","D:\AI\AITRASH\workspaces\project - Изменение масштаба для планировок квартир\09_outputs\_full_wip\20260727_full_mkd2\Корпус 2.3\х150_POZD_WEB_K2-3_s8_et3_3.ai","D:\AI\AITRASH\workspaces\project - Изменение масштаба для планировок квартир\09_outputs\_full_wip\20260727_full_mkd2\Корпус 2.3\х150_POZD_WEB_K2-3_s8_et3_3.png","D:\AI\AITRASH\workspaces\project - Изменение масштаба для планировок квартир\09_outputs\_diagnostics\full_20260727_full_mkd2\details\355_POZD_WEB_K2-3_s8_et3_3_attempt2.json","Pixel-native AI подтверждён после повторного открытия; обводки 0.75 px; s_raw=1.455439312."
"358_377_20260727_160544","358","1","OK","2026-07-27T16:05:44","Корпус 2.3/POZD_WEB_K2-3_s8_et3_7.ai","Корпус 2.3","D:\AI\AITRASH\LIBRARY\02_CATALOG\02_PRESALE_Поздняково\01_ARTIFACTS\МКД2\Корпус 2.3\POZD_WEB_K2-3_s8_et3_7.ai","D:\AI\AITRASH\LIBRARY\02_CATALOG\02_PRESALE_Поздняково\01_ARTIFACTS\МКД2\Корпус 2.3\POZD_WEB_K2-3_s8_et3_7.png","145294","d2f3512cc0ae64a3f3e9758725f237b7f1f0a127cc26bbf4d3bd08fde696abb7","true","calculated","200","200","2.13921681","1","[718.555118,716.46457,1201.319882,364.53543]","482.764764","351.92914","1411","10","[{""width_pt"":0.75,""count"":627},{""width_pt"":1,""count"":67}]","694","[{""width_pt"":0.75,""count"":694}]","[{""width_pt"":0.75,""count"":694}]","0","[117.735236,951.304139,1082.264764,248.695861]","964.529528","702.608278","600","600","[{""index"":0,""name"":""Монтажная область 1"",""rect"":[0,1200,1200,0],""width"":1200,""height"":1200}]","true","true","true","true","true","D:\AI\AITRASH\workspaces\project - Изменение масштаба для планировок квартир\09_outputs\_full_wip\20260727_full_mkd2\Корпус 2.3\х200_POZD_WEB_K2-3_s8_et3_7.ai","D:\AI\AITRASH\workspaces\project - Изменение масштаба для планировок квартир\09_outputs\_full_wip\20260727_full_mkd2\Корпус 2.3\х200_POZD_WEB_K2-3_s8_et3_7.png","D:\AI\AITRASH\workspaces\project - Изменение масштаба для планировок квартир\09_outputs\_diagnostics\full_20260727_full_mkd2\details\358_POZD_WEB_K2-3_s8_et3_7_attempt1.json","Pixel-native AI подтверждён после повторного открытия; обводки 0.75 px; s_raw=2.13921681."
"358_377_20260727_160544","359","1","OK","2026-07-27T16:06:09","Корпус 2.3/POZD_WEB_K2-3_s8_et3_8.ai","Корпус 2.3","D:\AI\AITRASH\LIBRARY\02_CATALOG\02_PRESALE_Поздняково\01_ARTIFACTS\МКД2\Корпус 2.3\POZD_WEB_K2-3_s8_et3_8.ai","D:\AI\AITRASH\LIBRARY\02_CATALOG\02_PRESALE_Поздняково\01_ARTIFACTS\МКД2\Корпус 2.3\POZD_WEB_K2-3_s8_et3_8.png","154521","91812119a7c29b469b2466e0c44223e9e74fa0b06813e940af6e55ceab2fe0f2","true","calculated","200","200","2.29648067","1","[760.507889,725.251976,1159.492111,355.748024]","398.984222","369.503952","1510","10","[{""width_pt"":0.75,""count"":679},{""width_pt"":1,""count"":64}]","743","[{""width_pt"":0.75,""count"":743}]","[{""width_pt"":0.75,""count"":743}]","0","[201.640777,968.878951,998.359223,231.121049]","796.718446","737.757902","600","600","[{""index"":0,""name"":""Монтажная область 1"",""rect"":[0,1200,1200,0],""width"":1200,""height"":1200}]","true","true","true","true","true","D:\AI\AITRASH\workspaces\project - Изменение масштаба для планировок квартир\09_outputs\_full_wip\20260727_full_mkd2\Корпус 2.3\х200_POZD_WEB_K2-3_s8_et3_8.ai","D:\AI\AITRASH\workspaces\project - Изменение масштаба для планировок квартир\09_outputs\_full_wip\20260727_full_mkd2\Корпус 2.3\х200_POZD_WEB_K2-3_s8_et3_8.png","D:\AI\AITRASH\workspaces\project - Изменение масштаба для планировок квартир\09_outputs\_diagnostics\full_20260727_full_mkd2\details\359_POZD_WEB_K2-3_s8_et3_8_attempt1.json","Pixel-native AI подтверждён после повторного открытия; обводки 0.75 px; s_raw=2.29648067."
"358_377_20260727_160544","360","1","OK","2026-07-27T16:06:34","Корпус 2.3/POZD_WEB_K2-3_s8_et3_9.ai","Корпус 2.3","D:\AI\AITRASH\LIBRARY\02_CATALOG\02_PRESALE_Поздняково\01_ARTIFACTS\МКД2\Корпус 2.3\POZD_WEB_K2-3_s8_et3_9.ai","D:\AI\AITRASH\LIBRARY\02_CATALOG\02_PRESALE_Поздняково\01_ARTIFACTS\МКД2\Корпус 2.3\POZD_WEB_K2-3_s8_et3_9.png","215608","a65d70ce227f33fdc63e8d9a88e5a2338917ceff7db28bfe6528cc28ca8c961b","true","calculated","150","150","1.511869589","1","[623.594501,793.283462,1296.405499,287.716538]","672.810998","505.566924","2993","10","[{""width_pt"":0.75,""count"":1329},{""width_pt"":1,""count"":149}]","1478","[{""width_pt"":0.75,""count"":1478}]","[{""width_pt"":0.75,""count"":1478}]","0","[95.766752,978.800193,1104.233248,221.199807]","1008.466496","757.600386","600","600","[{""index"":0,""name"":""Монтажная область 1"",""rect"":[0,1200,1200,0],""width"":1200,""height"":1200}]","true","true","true","true","true","D:\AI\AITRASH\workspaces\project - Изменение масштаба для планировок квартир\09_outputs\_full_wip\20260727_full_mkd2\Корпус 2.3\х150_POZD_WEB_K2-3_s8_et3_9.ai","D:\AI\AITRASH\workspaces\project - Изменение масштаба для планировок квартир\09_outputs\_full_wip\20260727_full_mkd2\Корпус 2.3\х150_POZD_WEB_K2-3_s8_et3_9.png","D:\AI\AITRASH\workspaces\project - Изменение масштаба для планировок квартир\09_outputs\_diagnostics\full_20260727_full_mkd2\details\360_POZD_WEB_K2-3_s8_et3_9_attempt1.json","Pixel-native AI подтверждён после повторного открытия; обводки 0.75 px; s_raw=1.511869589."
"358_377_20260727_160544","361","1","OK","2026-07-27T16:07:10","Корпус 2.3/POZD_WEB_K2-3_s8_et4_1.ai","Корпус 2.3","D:\AI\AITRASH\LIBRARY\02_CATALOG\02_PRESALE_Поздняково\01_ARTIFACTS\МКД2\Корпус 2.3\POZD_WEB_K2-3_s8_et4_1.ai","D:\AI\AITRASH\LIBRARY\02_CATALOG\02_PRESALE_Поздняково\01_ARTIFACTS\МКД2\Корпус 2.3\POZD_WEB_K2-3_s8_et4_1.png","202081","8f61b9dfc8e607523984c7623fd54f6c296d6100d096a8995dc091c6f0d16c10","true","calculated","170","170","1.658980987","1","[736.838583,857.062981,1183.036417,223.937019]","446.197834","633.125962","2596","11","[{""width_pt"":0.75,""count"":1153},{""width_pt"":1,""count"":125}]","1278","[{""width_pt"":0.75,""count"":1278}]","[{""width_pt"":0.75,""count"":1278}]","0","[221.10059,1137.682067,978.899409,62.317933]","757.798819","1075.364134","600","600","[{""index"":0,""name"":""Монтажная область 1"",""rect"":[0,1200,1200,0],""width"":1200,""height"":1200}]","true","true","true","true","true","D:\AI\AITRASH\workspaces\project - Изменение масштаба для планировок квартир\09_outputs\_full_wip\20260727_full_mkd2\Корпус 2.3\х170_POZD_WEB_K2-3_s8_et4_1.ai","D:\AI\AITRASH\workspaces\project - Изменение масштаба для планировок квартир\09_outputs\_full_wip\20260727_full_mkd2\Корпус 2.3\х170_POZD_WEB_K2-3_s8_et4_1.png","D:\AI\AITRASH\workspaces\project - Изменение масштаба для планировок квартир\09_outputs\_diagnostics\full_20260727_full_mkd2\details\361_POZD_WEB_K2-3_s8_et4_1_attempt1.json","Pixel-native AI подтверждён после повторного открытия; обводки 0.75 px; s_raw=1.658980987."
"358_377_20260727_160544","362","1","OK","2026-07-27T16:07:43","Корпус 2.3/POZD_WEB_K2-3_s8_et4_10.ai","Корпус 2.3","D:\AI\AITRASH\LIBRARY\02_CATALOG\02_PRESALE_Поздняково\01_ARTIFACTS\МКД2\Корпус 2.3\POZD_WEB_K2-3_s8_et4_10.ai","D:\AI\AITRASH\LIBRARY\02_CATALOG\02_PRESALE_Поздняково\01_ARTIFACTS\МКД2\Корпус 2.3\POZD_WEB_K2-3_s8_et4_10.png","209654","534f812b55aed94c008441fae0a6f080c61e46ad124c085d5221a5c656384262","true","calculated","170","170","1.705768269","1","[684.539382,783.07874,1235.460618,298.04626]","550.921236","485.03248","2571","10","[{""width_pt"":0.75,""count"":1147},{""width_pt"":1,""count"":121}]","1268","[{""width_pt"":0.75,""count"":1268}]","[{""width_pt"":0.75,""count"":1268}]","0","[132.191949,1011.908858,1067.808051,188.091142]","935.616102","823.817716","600","600","[{""index"":0,""name"":""Монтажная область 1"",""rect"":[0,1200,1200,0],""width"":1200,""height"":1200}]","true","true","true","true","true","D:\AI\AITRASH\workspaces\project - Изменение масштаба для планировок квартир\09_outputs\_full_wip\20260727_full_mkd2\Корпус 2.3\х170_POZD_WEB_K2-3_s8_et4_10.ai","D:\AI\AITRASH\workspaces\project - Изменение масштаба для планировок квартир\09_outputs\_full_wip\20260727_full_mkd2\Корпус 2.3\х170_POZD_WEB_K2-3_s8_et4_10.png","D:\AI\AITRASH\workspaces\project - Изменение масштаба для планировок квартир\09_outputs\_diagnostics\full_20260727_full_mkd2\details\362_POZD_WEB_K2-3_s8_et4_10_attempt1.json","Pixel-native AI подтверждён после повторного открытия; обводки 0.75 px; s_raw=1.705768269."
"358_377_20260727_160544","363","1","OK","2026-07-27T16:08:15","Корпус 2.3/POZD_WEB_K2-3_s8_et4_3.ai","Корпус 2.3","D:\AI\AITRASH\LIBRARY\02_CATALOG\02_PRESALE_Поздняково\01_ARTIFACTS\МКД2\Корпус 2.3\POZD_WEB_K2-3_s8_et4_3.ai","D:\AI\AITRASH\LIBRARY\02_CATALOG\02_PRESALE_Поздняково\01_ARTIFACTS\МКД2\Корпус 2.3\POZD_WEB_K2-3_s8_et4_3.png","230010","63dc1307705a73b7b9390a8f7767e634058732aa9644708c9e6f360ca6488dd2","true","calculated","150","150","1.402154718","1","[711.826771,922.118111,1209.048229,159.006889]","497.221458","763.111222","3270","11","[{""width_pt"":0.75,""count"":1465},{""width_pt"":1,""count"":154}]","1619","[{""width_pt"":0.75,""count"":1619}]","[{""width_pt"":0.75,""count"":1619}]","0","[227.365157,1172.052167,972.634843,27.947833]","745.269686","1144.104334","600","600","[{""index"":0,""name"":""Монтажная область 1"",""rect"":[0,1200,1200,0],""width"":1200,""height"":1200}]","true","true","true","true","true","D:\AI\AITRASH\workspaces\project - Изменение масштаба для планировок квартир\09_outputs\_full_wip\20260727_full_mkd2\Корпус 2.3\х150_POZD_WEB_K2-3_s8_et4_3.ai","D:\AI\AITRASH\workspaces\project - Изменение масштаба для планировок квартир\09_outputs\_full_wip\20260727_full_mkd2\Корпус 2.3\х150_POZD_WEB_K2-3_s8_et4_3.png","D:\AI\AITRASH\workspaces\project - Изменение масштаба для планировок квартир\09_outputs\_diagnostics\full_20260727_full_mkd2\details\363_POZD_WEB_K2-3_s8_et4_3_attempt1.json","Pixel-native AI подтверждён после повторного открытия; обводки 0.75 px; s_raw=1.402154718."
"358_377_20260727_160544","364","1","OK","2026-07-27T16:08:56","Корпус 2.3/POZD_WEB_K2-3_s8_et4_4.ai","Корпус 2.3","D:\AI\AITRASH\LIBRARY\02_CATALOG\02_PRESALE_Поздняково\01_ARTIFACTS\МКД2\Корпус 2.3\POZD_WEB_K2-3_s8_et4_4.ai","D:\AI\AITRASH\LIBRARY\02_CATALOG\02_PRESALE_Поздняково\01_ARTIFACTS\МКД2\Корпус 2.3\POZD_WEB_K2-3_s8_et4_4.png","224924","0f731c15a1c22684b153d77a148da89d3e8b702369c17526d12c0e5813ff3ec7","true","calculated","150","150","1.455439289","1","[718.555118,908.086614,1201.319882,172.913386]","482.764764","735.173228","3224","10","[{""width_pt"":0.75,""count"":1439},{""width_pt"":1,""count"":157}]","1596","[{""width_pt"":0.75,""count"":1596}]","[{""width_pt"":0.75,""count"":1596}]","0","[238.207677,1151.004922,961.792323,48.995078]","723.584646","1102.009844","600","600","[{""index"":0,""name"":""Монтажная область 1"",""rect"":[0,1200,1200,0],""width"":1200,""height"":1200}]","true","true","true","true","true","D:\AI\AITRASH\workspaces\project - Изменение масштаба для планировок квартир\09_outputs\_full_wip\20260727_full_mkd2\Корпус 2.3\х150_POZD_WEB_K2-3_s8_et4_4.ai","D:\AI\AITRASH\workspaces\project - Изменение масштаба для планировок квартир\09_outputs\_full_wip\20260727_full_mkd2\Корпус 2.3\х150_POZD_WEB_K2-3_s8_et4_4.png","D:\AI\AITRASH\workspaces\project - Изменение масштаба для планировок квартир\09_outputs\_diagnostics\full_20260727_full_mkd2\details\364_POZD_WEB_K2-3_s8_et4_4_attempt1.json","Pixel-native AI подтверждён после повторного открытия; обводки 0.75 px; s_raw=1.455439289."
"358_377_20260727_160544","365","1","OK","2026-07-27T16:09:34","Корпус 2.3/POZD_WEB_K2-3_s8_et4_5.ai","Корпус 2.3","D:\AI\AITRASH\LIBRARY\02_CATALOG\02_PRESALE_Поздняково\01_ARTIFACTS\МКД2\Корпус 2.3\POZD_WEB_K2-3_s8_et4_5.ai","D:\AI\AITRASH\LIBRARY\02_CATALOG\02_PRESALE_Поздняково\01_ARTIFACTS\МКД2\Корпус 2.3\POZD_WEB_K2-3_s8_et4_5.png","172877","d00f7a62378ed7d337fbc1b90fcc101d6e093dd8de61340be4e9dfc331f118e6","true","calculated","200","200","1.980262026","1","[704.014792,733.255901,1216.985208,346.744099]","512.970416","386.511802","1817","11","[{""width_pt"":0.75,""count"":801},{""width_pt"":1,""count"":97}]","898","[{""width_pt"":0.75,""count"":898}]","[{""width_pt"":0.75,""count"":898}]","0","[87.404584,985.886803,1112.595416,214.113197]","1025.190832","771.773606","600","600","[{""index"":0,""name"":""Монтажная область 1"",""rect"":[0,1200,1200,0],""width"":1200,""height"":1200}]","true","true","true","true","true","D:\AI\AITRASH\workspaces\project - Изменение масштаба для планировок квартир\09_outputs\_full_wip\20260727_full_mkd2\Корпус 2.3\х200_POZD_WEB_K2-3_s8_et4_5.ai","D:\AI\AITRASH\workspaces\project - Изменение масштаба для планировок квартир\09_outputs\_full_wip\20260727_full_mkd2\Корпус 2.3\х200_POZD_WEB_K2-3_s8_et4_5.png","D:\AI\AITRASH\workspaces\project - Изменение масштаба для планировок квартир\09_outputs\_diagnostics\full_20260727_full_mkd2\details\365_POZD_WEB_K2-3_s8_et4_5_attempt1.json","Pixel-native AI подтверждён после повторного открытия; обводки 0.75 px; s_raw=1.980262026."
"358_377_20260727_160544","366","1","OK","2026-07-27T16:10:02","Корпус 2.3/POZD_WEB_K2-3_s8_et4_7.ai","Корпус 2.3","D:\AI\AITRASH\LIBRARY\02_CATALOG\02_PRESALE_Поздняково\01_ARTIFACTS\МКД2\Корпус 2.3\POZD_WEB_K2-3_s8_et4_7.ai","D:\AI\AITRASH\LIBRARY\02_CATALOG\02_PRESALE_Поздняково\01_ARTIFACTS\МКД2\Корпус 2.3\POZD_WEB_K2-3_s8_et4_7.png","144898","dbcb3b7c0afd14180569dae6d681d371e79cfa87d6c1549a4d21dc7d2f1d08e5","true","calculated","200","200","2.075278736","1","[704.014792,716.464561,1216.985208,364.535439]","512.970416","351.929122","1411","11","[{""width_pt"":0.75,""count"":626},{""width_pt"":1,""count"":65}]","691","[{""width_pt"":0.75,""count"":691}]","[{""width_pt"":0.75,""count"":691}]","0","[87.404584,951.304122,1112.595416,248.695878]","1025.190832","702.608244","600","600","[{""index"":0,""name"":""Монтажная область 1"",""rect"":[0,1200,1200,0],""width"":1200,""height"":1200}]","true","true","true","true","true","D:\AI\AITRASH\workspaces\project - Изменение масштаба для планировок квартир\09_outputs\_full_wip\20260727_full_mkd2\Корпус 2.3\х200_POZD_WEB_K2-3_s8_et4_7.ai","D:\AI\AITRASH\workspaces\project - Изменение масштаба для планировок квартир\09_outputs\_full_wip\20260727_full_mkd2\Корпус 2.3\х200_POZD_WEB_K2-3_s8_et4_7.png","D:\AI\AITRASH\workspaces\project - Изменение масштаба для планировок квартир\09_outputs\_diagnostics\full_20260727_full_mkd2\details\366_POZD_WEB_K2-3_s8_et4_7_attempt1.json","Pixel-native AI подтверждён после повторного открытия; обводки 0.75 px; s_raw=2.075278736."
"358_377_20260727_160544","367","1","OK","2026-07-27T16:10:28","Корпус 2.3/POZD_WEB_K2-3_s8_et4_8.ai","Корпус 2.3","D:\AI\AITRASH\LIBRARY\02_CATALOG\02_PRESALE_Поздняково\01_ARTIFACTS\МКД2\Корпус 2.3\POZD_WEB_K2-3_s8_et4_8.ai","D:\AI\AITRASH\LIBRARY\02_CATALOG\02_PRESALE_Поздняково\01_ARTIFACTS\МКД2\Корпус 2.3\POZD_WEB_K2-3_s8_et4_8.png","153868","dd70c0925a4244c0395753a5e165a511dc9b5e72c0a167ef1ce52583f4d97ea0","true","calculated","200","200","2.296480639","1","[760.507874,725.251967,1159.492126,355.748033]","398.984252","369.503934","1508","10","[{""width_pt"":0.75,""count"":678},{""width_pt"":1,""count"":64}]","742","[{""width_pt"":0.75,""count"":742}]","[{""width_pt"":0.75,""count"":742}]","0","[201.640748,968.878934,998.359252,231.121066]","796.718504","737.757868","600","600","[{""index"":0,""name"":""Монтажная область 1"",""rect"":[0,1200,1200,0],""width"":1200,""height"":1200}]","true","true","true","true","true","D:\AI\AITRASH\workspaces\project - Изменение масштаба для планировок квартир\09_outputs\_full_wip\20260727_full_mkd2\Корпус 2.3\х200_POZD_WEB_K2-3_s8_et4_8.ai","D:\AI\AITRASH\workspaces\project - Изменение масштаба для планировок квартир\09_outputs\_full_wip\20260727_full_mkd2\Корпус 2.3\х200_POZD_WEB_K2-3_s8_et4_8.png","D:\AI\AITRASH\workspaces\project - Изменение масштаба для планировок квартир\09_outputs\_diagnostics\full_20260727_full_mkd2\details\367_POZD_WEB_K2-3_s8_et4_8_attempt1.json","Pixel-native AI подтверждён после повторного открытия; обводки 0.75 px; s_raw=2.296480639."
"358_377_20260727_160544","368","1","OK","2026-07-27T16:10:53","Корпус 2.3/POZD_WEB_K2-3_s8_et4_9.ai","Корпус 2.3","D:\AI\AITRASH\LIBRARY\02_CATALOG\02_PRESALE_Поздняково\01_ARTIFACTS\МКД2\Корпус 2.3\POZD_WEB_K2-3_s8_et4_9.ai","D:\AI\AITRASH\LIBRARY\02_CATALOG\02_PRESALE_Поздняково\01_ARTIFACTS\МКД2\Корпус 2.3\POZD_WEB_K2-3_s8_et4_9.png","218985","db5581c7c567889974b3ac8d9e74bb12a333d6ba68239e8778fe80d39cbd9efc","true","calculated","150","150","1.440077008","1","[608.69586,807.189969,1311.42914,273.685031]","702.73328","533.504938","3055","11","[{""width_pt"":0.75,""count"":1356},{""width_pt"":1,""count"":149}]","1505","[{""width_pt"":0.75,""count"":1505}]","[{""width_pt"":0.75,""count"":1505}]","0","[73.23129,999.847454,1126.76871,200.152546]","1053.53742","799.694908","600","600","[{""index"":0,""name"":""Монтажная область 1"",""rect"":[0,1200,1200,0],""width"":1200,""height"":1200}]","true","true","true","true","true","D:\AI\AITRASH\workspaces\project - Изменение масштаба для планировок квартир\09_outputs\_full_wip\20260727_full_mkd2\Корпус 2.3\х150_POZD_WEB_K2-3_s8_et4_9.ai","D:\AI\AITRASH\workspaces\project - Изменение масштаба для планировок квартир\09_outputs\_full_wip\20260727_full_mkd2\Корпус 2.3\х150_POZD_WEB_K2-3_s8_et4_9.png","D:\AI\AITRASH\workspaces\project - Изменение масштаба для планировок квартир\09_outputs\_diagnostics\full_20260727_full_mkd2\details\368_POZD_WEB_K2-3_s8_et4_9_attempt1.json","Pixel-native AI подтверждён после повторного открытия; обводки 0.75 px; s_raw=1.440077008."
"358_377_20260727_160544","369","1","OK","2026-07-27T16:11:33","Корпус 2.3/POZD_WEB_K2-3_s9_et2,4_3.ai","Корпус 2.3","D:\AI\AITRASH\LIBRARY\02_CATALOG\02_PRESALE_Поздняково\01_ARTIFACTS\МКД2\Корпус 2.3\POZD_WEB_K2-3_s9_et2,4_3.ai","D:\AI\AITRASH\LIBRARY\02_CATALOG\02_PRESALE_Поздняково\01_ARTIFACTS\МКД2\Корпус 2.3\POZD_WEB_K2-3_s9_et2,4_3.png","165511","fbe864aeffc0c09db9610b60a4fd29336006c06d802605a4e431ebaa491a74ed","true","calculated","200","200","1.979259893","1","[755.905511,782.95374,1165.094489,297.92126]","409.188978","485.03248","1759","10","[{""width_pt"":0.75,""count"":785},{""width_pt"":1,""count"":87}]","872","[{""width_pt"":0.75,""count"":872}]","[{""width_pt"":0.75,""count"":872}]","0","[191.436022,1084.53248,1008.563978,115.46752]","817.127956","969.06496","600","600","[{""index"":0,""name"":""Монтажная область 1"",""rect"":[0,1200,1200,0],""width"":1200,""height"":1200}]","true","true","true","true","true","D:\AI\AITRASH\workspaces\project - Изменение масштаба для планировок квартир\09_outputs\_full_wip\20260727_full_mkd2\Корпус 2.3\х200_POZD_WEB_K2-3_s9_et2,4_3.ai","D:\AI\AITRASH\workspaces\project - Изменение масштаба для планировок квартир\09_outputs\_full_wip\20260727_full_mkd2\Корпус 2.3\х200_POZD_WEB_K2-3_s9_et2,4_3.png","D:\AI\AITRASH\workspaces\project - Изменение масштаба для планировок квартир\09_outputs\_diagnostics\full_20260727_full_mkd2\details\369_POZD_WEB_K2-3_s9_et2,4_3_attempt1.json","Pixel-native AI подтверждён после повторного открытия; обводки 0.75 px; s_raw=1.979259893."
"358_377_20260727_160544","370","1","OK","2026-07-27T16:11:59","Корпус 2.3/POZD_WEB_K2-3_s9_et2,6_1.ai","Корпус 2.3","D:\AI\AITRASH\LIBRARY\02_CATALOG\02_PRESALE_Поздняково\01_ARTIFACTS\МКД2\Корпус 2.3\POZD_WEB_K2-3_s9_et2,6_1.ai","D:\AI\AITRASH\LIBRARY\02_CATALOG\02_PRESALE_Поздняково\01_ARTIFACTS\МКД2\Корпус 2.3\POZD_WEB_K2-3_s9_et2,6_1.png","203822","f6b61e2d48e5103a385bb3a6267803b0766fddadd9619ec31a186be553939c42","true","calculated","170","170","1.689355363","1","[673.70078,777.476375,1247.29922,302.523625]","573.59844","474.95275","2557","10","[{""width_pt"":0.75,""count"":1136},{""width_pt"":1,""count"":129}]","1265","[{""width_pt"":0.75,""count"":1265}]","[{""width_pt"":0.75,""count"":1265}]","0","[112.916325,1003.234838,1087.083675,196.765162]","974.16735","806.469676","600","600","[{""index"":0,""name"":""Монтажная область 1"",""rect"":[0,1200,1200,0],""width"":1200,""height"":1200}]","true","true","true","true","true","D:\AI\AITRASH\workspaces\project - Изменение масштаба для планировок квартир\09_outputs\_full_wip\20260727_full_mkd2\Корпус 2.3\х170_POZD_WEB_K2-3_s9_et2,6_1.ai","D:\AI\AITRASH\workspaces\project - Изменение масштаба для планировок квартир\09_outputs\_full_wip\20260727_full_mkd2\Корпус 2.3\х170_POZD_WEB_K2-3_s9_et2,6_1.png","D:\AI\AITRASH\workspaces\project - Изменение масштаба для планировок квартир\09_outputs\_diagnostics\full_20260727_full_mkd2\details\370_POZD_WEB_K2-3_s9_et2,6_1_attempt1.json","Pixel-native AI подтверждён после повторного открытия; обводки 0.75 px; s_raw=1.689355363."
"358_377_20260727_160544","371","1","OK","2026-07-27T16:12:32","Корпус 2.3/POZD_WEB_K2-3_s9_et2,6_2.ai","Корпус 2.3","D:\AI\AITRASH\LIBRARY\02_CATALOG\02_PRESALE_Поздняково\01_ARTIFACTS\МКД2\Корпус 2.3\POZD_WEB_K2-3_s9_et2,6_2.ai","D:\AI\AITRASH\LIBRARY\02_CATALOG\02_PRESALE_Поздняково\01_ARTIFACTS\МКД2\Корпус 2.3\POZD_WEB_K2-3_s9_et2,6_2.png","209021","a78dd3802f8b92d42319035a104a21ee6dd72d85cff96e907055c18a82e8d85a","true","calculated","170","170","1.604461055","1","[673.700794,803.271654,1247.299206,276.728346]","573.598412","526.543308","2673","10","[{""width_pt"":0.75,""count"":1186},{""width_pt"":1,""count"":136}]","1322","[{""width_pt"":0.75,""count"":1322}]","[{""width_pt"":0.75,""count"":1322}]","0","[112.916349,1047.086812,1087.083651,152.913188]","974.167302","894.173624","600","600","[{""index"":0,""name"":""Монтажная область 1"",""rect"":[0,1200,1200,0],""width"":1200,""height"":1200}]","true","true","true","true","true","D:\AI\AITRASH\workspaces\project - Изменение масштаба для планировок квартир\09_outputs\_full_wip\20260727_full_mkd2\Корпус 2.3\х170_POZD_WEB_K2-3_s9_et2,6_2.ai","D:\AI\AITRASH\workspaces\project - Изменение масштаба для планировок квартир\09_outputs\_full_wip\20260727_full_mkd2\Корпус 2.3\х170_POZD_WEB_K2-3_s9_et2,6_2.png","D:\AI\AITRASH\workspaces\project - Изменение масштаба для планировок квартир\09_outputs\_diagnostics\full_20260727_full_mkd2\details\371_POZD_WEB_K2-3_s9_et2,6_2_attempt1.json","Pixel-native AI подтверждён после повторного открытия; обводки 0.75 px; s_raw=1.604461055."
"358_377_20260727_160544","372","1","OK","2026-07-27T16:13:05","Корпус 2.3/POZD_WEB_K2-3_s9_et2_4.ai","Корпус 2.3","D:\AI\AITRASH\LIBRARY\02_CATALOG\02_PRESALE_Поздняково\01_ARTIFACTS\МКД2\Корпус 2.3\POZD_WEB_K2-3_s9_et2_4.ai","D:\AI\AITRASH\LIBRARY\02_CATALOG\02_PRESALE_Поздняково\01_ARTIFACTS\МКД2\Корпус 2.3\POZD_WEB_K2-3_s9_et2_4.png","173152","8dd5016295bf20319ab647d8edae424130908622b261517c453d3309cc99b475","true","calculated","200","200","2.088349614","1","[749.669294,751.397638,1171.330706,328.602362]","421.661412","422.795276","1807","10","[{""width_pt"":0.75,""count"":808},{""width_pt"":1,""count"":83}]","891","[{""width_pt"":0.75,""count"":891}]","[{""width_pt"":0.75,""count"":891}]","0","[178.963588,1022.170276,1021.036412,177.829724]","842.072824","844.340552","600","600","[{""index"":0,""name"":""Монтажная область 1"",""rect"":[0,1200,1200,0],""width"":1200,""height"":1200}]","true","true","true","true","true","D:\AI\AITRASH\workspaces\project - Изменение масштаба для планировок квартир\09_outputs\_full_wip\20260727_full_mkd2\Корпус 2.3\х200_POZD_WEB_K2-3_s9_et2_4.ai","D:\AI\AITRASH\workspaces\project - Изменение масштаба для планировок квартир\09_outputs\_full_wip\20260727_full_mkd2\Корпус 2.3\х200_POZD_WEB_K2-3_s9_et2_4.png","D:\AI\AITRASH\workspaces\project - Изменение масштаба для планировок квартир\09_outputs\_diagnostics\full_20260727_full_mkd2\details\372_POZD_WEB_K2-3_s9_et2_4_attempt1.json","Pixel-native AI подтверждён после повторного открытия; обводки 0.75 px; s_raw=2.088349614."
"358_377_20260727_160544","373","1","OK","2026-07-27T16:13:31","Корпус 2.3/POZD_WEB_K2-3_s9_et2_5.ai","Корпус 2.3","D:\AI\AITRASH\LIBRARY\02_CATALOG\02_PRESALE_Поздняково\01_ARTIFACTS\МКД2\Корпус 2.3\POZD_WEB_K2-3_s9_et2_5.ai","D:\AI\AITRASH\LIBRARY\02_CATALOG\02_PRESALE_Поздняково\01_ARTIFACTS\МКД2\Корпус 2.3\POZD_WEB_K2-3_s9_et2_5.png","230509","d5daaa3a920c96a199c51d26eb3a4017cc459570c2adcd11cb63c79ba29b818c","true","calculated","110","110","1.127203785","1","[625.511801,997.236221,1295.4882,83.888779]","669.976399","913.347442","3337","11","[{""width_pt"":0.75,""count"":1489},{""width_pt"":1,""count"":154}]","1643","[{""width_pt"":0.75,""count"":1643}]","[{""width_pt"":0.75,""count"":1643}]","0","[231.687981,1102.234843,968.31202,97.765157]","736.624039","1004.469686","600.000001","600","[{""index"":0,""name"":""Монтажная область 1"",""rect"":[0,1200,1200,0],""width"":1200,""height"":1200}]","true","true","true","true","true","D:\AI\AITRASH\workspaces\project - Изменение масштаба для планировок квартир\09_outputs\_full_wip\20260727_full_mkd2\Корпус 2.3\х110_POZD_WEB_K2-3_s9_et2_5.ai","D:\AI\AITRASH\workspaces\project - Изменение масштаба для планировок квартир\09_outputs\_full_wip\20260727_full_mkd2\Корпус 2.3\х110_POZD_WEB_K2-3_s9_et2_5.png","D:\AI\AITRASH\workspaces\project - Изменение масштаба для планировок квартир\09_outputs\_diagnostics\full_20260727_full_mkd2\details\373_POZD_WEB_K2-3_s9_et2_5_attempt1.json","Pixel-native AI подтверждён после повторного открытия; обводки 0.75 px; s_raw=1.127203785."
"358_377_20260727_160544","374","1","OK","2026-07-27T16:14:13","Корпус 2.3/POZD_WEB_K2-3_s9_et3,5_1.ai","Корпус 2.3","D:\AI\AITRASH\LIBRARY\02_CATALOG\02_PRESALE_Поздняково\01_ARTIFACTS\МКД2\Корпус 2.3\POZD_WEB_K2-3_s9_et3,5_1.ai","D:\AI\AITRASH\LIBRARY\02_CATALOG\02_PRESALE_Поздняково\01_ARTIFACTS\МКД2\Корпус 2.3\POZD_WEB_K2-3_s9_et3,5_1.png","204374","ef317f77f789368336feccf1e442b8f0dea1df3683ae0e4362aca2be1b4db51b","true","calculated","170","170","1.689355349","1","[673.700779,777.476378,1247.299221,302.523622]","573.598442","474.952756","2579","10","[{""width_pt"":0.75,""count"":1148},{""width_pt"":1,""count"":128}]","1276","[{""width_pt"":0.75,""count"":1276}]","[{""width_pt"":0.75,""count"":1276}]","0","[112.916324,1003.234843,1087.083676,196.765157]","974.167352","806.469686","600","600","[{""index"":0,""name"":""Монтажная область 1"",""rect"":[0,1200,1200,0],""width"":1200,""height"":1200}]","true","true","true","true","true","D:\AI\AITRASH\workspaces\project - Изменение масштаба для планировок квартир\09_outputs\_full_wip\20260727_full_mkd2\Корпус 2.3\х170_POZD_WEB_K2-3_s9_et3,5_1.ai","D:\AI\AITRASH\workspaces\project - Изменение масштаба для планировок квартир\09_outputs\_full_wip\20260727_full_mkd2\Корпус 2.3\х170_POZD_WEB_K2-3_s9_et3,5_1.png","D:\AI\AITRASH\workspaces\project - Изменение масштаба для планировок квартир\09_outputs\_diagnostics\full_20260727_full_mkd2\details\374_POZD_WEB_K2-3_s9_et3,5_1_attempt1.json","Pixel-native AI подтверждён после повторного открытия; обводки 0.75 px; s_raw=1.689355349."
"358_377_20260727_160544","375","1","OK","2026-07-27T16:14:44","Корпус 2.3/POZD_WEB_K2-3_s9_et3,5_2.ai","Корпус 2.3","D:\AI\AITRASH\LIBRARY\02_CATALOG\02_PRESALE_Поздняково\01_ARTIFACTS\МКД2\Корпус 2.3\POZD_WEB_K2-3_s9_et3,5_2.ai","D:\AI\AITRASH\LIBRARY\02_CATALOG\02_PRESALE_Поздняково\01_ARTIFACTS\МКД2\Корпус 2.3\POZD_WEB_K2-3_s9_et3,5_2.png","209282","e42acd60c4feeb9a5630be22882e65ff2206710108e734364461220af7a7aa3c","true","calculated","170","170","1.60446101","1","[673.700778,803.271654,1247.299222,276.728346]","573.598444","526.543308","2673","10","[{""width_pt"":0.75,""count"":1187},{""width_pt"":1,""count"":135}]","1322","[{""width_pt"":0.75,""count"":1322}]","[{""width_pt"":0.75,""count"":1322}]","0","[112.916322,1047.086811,1087.083678,152.913189]","974.167356","894.173622","600","600","[{""index"":0,""name"":""Монтажная область 1"",""rect"":[0,1200,1200,0],""width"":1200,""height"":1200}]","true","true","true","true","true","D:\AI\AITRASH\workspaces\project - Изменение масштаба для планировок квартир\09_outputs\_full_wip\20260727_full_mkd2\Корпус 2.3\х170_POZD_WEB_K2-3_s9_et3,5_2.ai","D:\AI\AITRASH\workspaces\project - Изменение масштаба для планировок квартир\09_outputs\_full_wip\20260727_full_mkd2\Корпус 2.3\х170_POZD_WEB_K2-3_s9_et3,5_2.png","D:\AI\AITRASH\workspaces\project - Изменение масштаба для планировок квартир\09_outputs\_diagnostics\full_20260727_full_mkd2\details\375_POZD_WEB_K2-3_s9_et3,5_2_attempt1.json","Pixel-native AI подтверждён после повторного открытия; обводки 0.75 px; s_raw=1.60446101."
"358_377_20260727_160544","376","1","OK","2026-07-27T16:15:17","Корпус 2.3/POZD_WEB_K2-3_s9_et3,5_3.ai","Корпус 2.3","D:\AI\AITRASH\LIBRARY\02_CATALOG\02_PRESALE_Поздняково\01_ARTIFACTS\МКД2\Корпус 2.3\POZD_WEB_K2-3_s9_et3,5_3.ai","D:\AI\AITRASH\LIBRARY\02_CATALOG\02_PRESALE_Поздняково\01_ARTIFACTS\МКД2\Корпус 2.3\POZD_WEB_K2-3_s9_et3,5_3.png","165786","3b1101d95a8dfbed8909b94dd8db2e0e6fc092d1292d150be9ad43fba8aff296","true","calculated","200","200","1.979259859","1","[755.905504,782.95374,1165.094496,297.92126]","409.188992","485.03248","1765","10","[{""width_pt"":0.75,""count"":789},{""width_pt"":1,""count"":86}]","875","[{""width_pt"":0.75,""count"":875}]","[{""width_pt"":0.75,""count"":875}]","0","[191.436008,1084.53248,1008.563992,115.46752]","817.127984","969.06496","600","600","[{""index"":0,""name"":""Монтажная область 1"",""rect"":[0,1200,1200,0],""width"":1200,""height"":1200}]","true","true","true","true","true","D:\AI\AITRASH\workspaces\project - Изменение масштаба для планировок квартир\09_outputs\_full_wip\20260727_full_mkd2\Корпус 2.3\х200_POZD_WEB_K2-3_s9_et3,5_3.ai","D:\AI\AITRASH\workspaces\project - Изменение масштаба для планировок квартир\09_outputs\_full_wip\20260727_full_mkd2\Корпус 2.3\х200_POZD_WEB_K2-3_s9_et3,5_3.png","D:\AI\AITRASH\workspaces\project - Изменение масштаба для планировок квартир\09_outputs\_diagnostics\full_20260727_full_mkd2\details\376_POZD_WEB_K2-3_s9_et3,5_3_attempt1.json","Pixel-native AI подтверждён после повторного открытия; обводки 0.75 px; s_raw=1.979259859."
"358_377_20260727_160544","377","1","OK","2026-07-27T16:15:43","Корпус 2.3/POZD_WEB_K2-3_s9_et3_4.ai","Корпус 2.3","D:\AI\AITRASH\LIBRARY\02_CATALOG\02_PRESALE_Поздняково\01_ARTIFACTS\МКД2\Корпус 2.3\POZD_WEB_K2-3_s9_et3_4.ai","D:\AI\AITRASH\LIBRARY\02_CATALOG\02_PRESALE_Поздняково\01_ARTIFACTS\МКД2\Корпус 2.3\POZD_WEB_K2-3_s9_et3_4.png","173043","057bb49d98badc75fb5ef0433d20f1d4e0fd4c903e940ef417d90b67bb8ea28b","true","calculated","200","200","2.088349599","1","[749.669291,751.397638,1171.330709,328.602362]","421.661418","422.795276","1810","10","[{""width_pt"":0.75,""count"":810},{""width_pt"":1,""count"":83}]","893","[{""width_pt"":0.75,""count"":893}]","[{""width_pt"":0.75,""count"":893}]","0","[178.963583,1022.170276,1021.036417,177.829724]","842.072834","844.340552","600","600","[{""index"":0,""name"":""Монтажная область 1"",""rect"":[0,1200,1200,0],""width"":1200,""height"":1200}]","true","true","true","true","true","D:\AI\AITRASH\workspaces\project - Изменение масштаба для планировок квартир\09_outputs\_full_wip\20260727_full_mkd2\Корпус 2.3\х200_POZD_WEB_K2-3_s9_et3_4.ai","D:\AI\AITRASH\workspaces\project - Изменение масштаба для планировок квартир\09_outputs\_full_wip\20260727_full_mkd2\Корпус 2.3\х200_POZD_WEB_K2-3_s9_et3_4.png","D:\AI\AITRASH\workspaces\project - Изменение масштаба для планировок квартир\09_outputs\_diagnostics\full_20260727_full_mkd2\details\377_POZD_WEB_K2-3_s9_et3_4_attempt1.json","Pixel-native AI подтверждён после повторного открытия; обводки 0.75 px; s_raw=2.088349599."
"378_387_20260727_161715","378","1","OK","2026-07-27T16:17:16","Корпус 2.3/POZD_WEB_K2-3_s9_et3_5.ai","Корпус 2.3","D:\AI\AITRASH\LIBRARY\02_CATALOG\02_PRESALE_Поздняково\01_ARTIFACTS\МКД2\Корпус 2.3\POZD_WEB_K2-3_s9_et3_5.ai","D:\AI\AITRASH\LIBRARY\02_CATALOG\02_PRESALE_Поздняково\01_ARTIFACTS\МКД2\Корпус 2.3\POZD_WEB_K2-3_s9_et3_5.png","231036","5b70a4a96926aac60d4c2ca98aeb11eaabde720edea14092d3c817aaab734d41","true","calculated","110","110","1.144849451","1","[625.511816,983.204725,1295.488184,97.795275]","669.976368","885.40945","3332","10","[{""width_pt"":0.75,""count"":1484},{""width_pt"":1,""count"":157}]","1641","[{""width_pt"":0.75,""count"":1641}]","[{""width_pt"":0.75,""count"":1641}]","0","[231.687998,1086.800197,968.312002,113.199803]","736.624004","973.600394","600","600","[{""index"":0,""name"":""Монтажная область 1"",""rect"":[0,1200,1200,0],""width"":1200,""height"":1200}]","true","true","true","true","true","D:\AI\AITRASH\workspaces\project - Изменение масштаба для планировок квартир\09_outputs\_full_wip\20260727_full_mkd2\Корпус 2.3\х110_POZD_WEB_K2-3_s9_et3_5.ai","D:\AI\AITRASH\workspaces\project - Изменение масштаба для планировок квартир\09_outputs\_full_wip\20260727_full_mkd2\Корпус 2.3\х110_POZD_WEB_K2-3_s9_et3_5.png","D:\AI\AITRASH\workspaces\project - Изменение масштаба для планировок квартир\09_outputs\_diagnostics\full_20260727_full_mkd2\details\378_POZD_WEB_K2-3_s9_et3_5_attempt1.json","Pixel-native AI подтверждён после повторного открытия; обводки 0.75 px; s_raw=1.144849451."
"378_387_20260727_161715","379","1","OK","2026-07-27T16:17:58","Корпус 2.3/POZD_WEB_K2-3_s9_et4_1.ai","Корпус 2.3","D:\AI\AITRASH\LIBRARY\02_CATALOG\02_PRESALE_Поздняково\01_ARTIFACTS\МКД2\Корпус 2.3\POZD_WEB_K2-3_s9_et4_1.ai","D:\AI\AITRASH\LIBRARY\02_CATALOG\02_PRESALE_Поздняково\01_ARTIFACTS\МКД2\Корпус 2.3\POZD_WEB_K2-3_s9_et4_1.png","207375","4fe494942c6462added72707835da1511b821338a14a6fadd2fcb5da14bc7ff3","true","calculated","170","170","1.641758984","1","[673.700785,791.882871,1247.299215,288.992129]","573.59843","502.890742","2582","11","[{""width_pt"":0.75,""count"":1148},{""width_pt"":1,""count"":128}]","1276","[{""width_pt"":0.75,""count"":1276}]","[{""width_pt"":0.75,""count"":1276}]","0","[112.916335,1027.088381,1087.083665,172.911619]","974.16733","854.176762","600","600","[{""index"":0,""name"":""Монтажная область 1"",""rect"":[0,1200,1200,0],""width"":1200,""height"":1200}]","true","true","true","true","true","D:\AI\AITRASH\workspaces\project - Изменение масштаба для планировок квартир\09_outputs\_full_wip\20260727_full_mkd2\Корпус 2.3\х170_POZD_WEB_K2-3_s9_et4_1.ai","D:\AI\AITRASH\workspaces\project - Изменение масштаба для планировок квартир\09_outputs\_full_wip\20260727_full_mkd2\Корпус 2.3\х170_POZD_WEB_K2-3_s9_et4_1.png","D:\AI\AITRASH\workspaces\project - Изменение масштаба для планировок квартир\09_outputs\_diagnostics\full_20260727_full_mkd2\details\379_POZD_WEB_K2-3_s9_et4_1_attempt1.json","Pixel-native AI подтверждён после повторного открытия; обводки 0.75 px; s_raw=1.641758984."
"378_387_20260727_161715","380","1","OK","2026-07-27T16:18:31","Корпус 2.3/POZD_WEB_K2-3_s9_et4_2.ai","Корпус 2.3","D:\AI\AITRASH\LIBRARY\02_CATALOG\02_PRESALE_Поздняково\01_ARTIFACTS\МКД2\Корпус 2.3\POZD_WEB_K2-3_s9_et4_2.ai","D:\AI\AITRASH\LIBRARY\02_CATALOG\02_PRESALE_Поздняково\01_ARTIFACTS\МКД2\Корпус 2.3\POZD_WEB_K2-3_s9_et4_2.png","212445","6422167e19b084059fef3bd2a8b55e10975b627066b3e851698c7ea0a36f1a56","true","calculated","150","150","1.563517584","1","[673.700785,817.30315,1247.299215,262.82185]","573.59843","554.4813","2718","11","[{""width_pt"":0.75,""count"":1206},{""width_pt"":1,""count"":136}]","1342","[{""width_pt"":0.75,""count"":1342}]","[{""width_pt"":0.75,""count"":1342}]","0","[170.176177,1015.579725,1029.823823,184.420275]","859.647646","831.15945","600","600","[{""index"":0,""name"":""Монтажная область 1"",""rect"":[0,1200,1200,0],""width"":1200,""height"":1200}]","true","true","true","true","true","D:\AI\AITRASH\workspaces\project - Изменение масштаба для планировок квартир\09_outputs\_full_wip\20260727_full_mkd2\Корпус 2.3\х150_POZD_WEB_K2-3_s9_et4_2.ai","D:\AI\AITRASH\workspaces\project - Изменение масштаба для планировок квартир\09_outputs\_full_wip\20260727_full_mkd2\Корпус 2.3\х150_POZD_WEB_K2-3_s9_et4_2.png","D:\AI\AITRASH\workspaces\project - Изменение масштаба для планировок квартир\09_outputs\_diagnostics\full_20260727_full_mkd2\details\380_POZD_WEB_K2-3_s9_et4_2_attempt1.json","Pixel-native AI подтверждён после повторного открытия; обводки 0.75 px; s_raw=1.563517584."
"378_387_20260727_161715","381","1","OK","2026-07-27T16:19:05","Корпус 2.3/POZD_WEB_K2-3_s9_et4_4.ai","Корпус 2.3","D:\AI\AITRASH\LIBRARY\02_CATALOG\02_PRESALE_Поздняково\01_ARTIFACTS\МКД2\Корпус 2.3\POZD_WEB_K2-3_s9_et4_4.ai","D:\AI\AITRASH\LIBRARY\02_CATALOG\02_PRESALE_Поздняково\01_ARTIFACTS\МКД2\Корпус 2.3\POZD_WEB_K2-3_s9_et4_4.png","178378","fd664eea0c1ab87cfac76520706d3f0125d70d5a1b3db225a7e997f4a9f6b0f2","true","calculated","200","200","2.018525997","1","[748.818895,765.429134,1172.181105,314.695866]","423.36221","450.733268","1899","11","[{""width_pt"":0.75,""count"":846},{""width_pt"":1,""count"":88}]","934","[{""width_pt"":0.75,""count"":934}]","[{""width_pt"":0.75,""count"":934}]","0","[177.26279,1050.233268,1022.73721,149.766732]","845.47442","900.466536","600","600","[{""index"":0,""name"":""Монтажная область 1"",""rect"":[0,1200,1200,0],""width"":1200,""height"":1200}]","true","true","true","true","true","D:\AI\AITRASH\workspaces\project - Изменение масштаба для планировок квартир\09_outputs\_full_wip\20260727_full_mkd2\Корпус 2.3\х200_POZD_WEB_K2-3_s9_et4_4.ai","D:\AI\AITRASH\workspaces\project - Изменение масштаба для планировок квартир\09_outputs\_full_wip\20260727_full_mkd2\Корпус 2.3\х200_POZD_WEB_K2-3_s9_et4_4.png","D:\AI\AITRASH\workspaces\project - Изменение масштаба для планировок квартир\09_outputs\_diagnostics\full_20260727_full_mkd2\details\381_POZD_WEB_K2-3_s9_et4_4_attempt1.json","Pixel-native AI подтверждён после повторного открытия; обводки 0.75 px; s_raw=2.018525997."
"378_387_20260727_161715","382","1","OK","2026-07-27T16:19:34","Корпус 2.3/POZD_WEB_K2-3_s9_et4_5.ai","Корпус 2.3","D:\AI\AITRASH\LIBRARY\02_CATALOG\02_PRESALE_Поздняково\01_ARTIFACTS\МКД2\Корпус 2.3\POZD_WEB_K2-3_s9_et4_5.ai","D:\AI\AITRASH\LIBRARY\02_CATALOG\02_PRESALE_Поздняково\01_ARTIFACTS\МКД2\Корпус 2.3\POZD_WEB_K2-3_s9_et4_5.png","229791","ba9a0ae81c094962383a4a716777d8a0e1c1b330a5c928734d2d7c390d8b4c3e","true","calculated","110","110","1.13585948","1","[625.511803,990.177677,1295.488198,90.697323]","669.976395","899.480354","3344","12","[{""width_pt"":0.75,""count"":1489},{""width_pt"":1,""count"":157}]","1646","[{""width_pt"":0.75,""count"":1646}]","[{""width_pt"":0.75,""count"":1646}]","0","[231.687983,1094.607945,968.312017,105.392055]","736.624034","989.21589","600","600","[{""index"":0,""name"":""Монтажная область 1"",""rect"":[0,1200,1200,0],""width"":1200,""height"":1200}]","true","true","true","true","true","D:\AI\AITRASH\workspaces\project - Изменение масштаба для планировок квартир\09_outputs\_full_wip\20260727_full_mkd2\Корпус 2.3\х110_POZD_WEB_K2-3_s9_et4_5.ai","D:\AI\AITRASH\workspaces\project - Изменение масштаба для планировок квартир\09_outputs\_full_wip\20260727_full_mkd2\Корпус 2.3\х110_POZD_WEB_K2-3_s9_et4_5.png","D:\AI\AITRASH\workspaces\project - Изменение масштаба для планировок квартир\09_outputs\_diagnostics\full_20260727_full_mkd2\details\382_POZD_WEB_K2-3_s9_et4_5_attempt1.json","Pixel-native AI подтверждён после повторного открытия; обводки 0.75 px; s_raw=1.13585948."
"378_387_20260727_161715","383","1","OK","2026-07-27T16:20:16","Корпус 2.3/POZD_WEB_K2-3_s9_et5_4.ai","Корпус 2.3","D:\AI\AITRASH\LIBRARY\02_CATALOG\02_PRESALE_Поздняково\01_ARTIFACTS\МКД2\Корпус 2.3\POZD_WEB_K2-3_s9_et5_4.ai","D:\AI\AITRASH\LIBRARY\02_CATALOG\02_PRESALE_Поздняково\01_ARTIFACTS\МКД2\Корпус 2.3\POZD_WEB_K2-3_s9_et5_4.png","338215","38e5fd0db3d58814fd6eae15c3657c29081ae5274624734053e4b441b618a258","true","calculated","110","110","1.067356979","1","[458.761885,804.405512,1461.238115,275.594488]","1002.47623","528.811024","5320","15","[{""width_pt"":0.75,""count"":2496},{""width_pt"":1,""count"":143}]","2639","[{""width_pt"":0.75,""count"":2639}]","[{""width_pt"":0.75,""count"":2639}]","0","[48.813073,890.671063,1151.186927,309.328937]","1102.373854","581.342126","600","600","[{""index"":0,""name"":""Монтажная область 1"",""rect"":[0,1200,1200,0],""width"":1200,""height"":1200}]","true","true","true","true","true","D:\AI\AITRASH\workspaces\project - Изменение масштаба для планировок квартир\09_outputs\_full_wip\20260727_full_mkd2\Корпус 2.3\х110_POZD_WEB_K2-3_s9_et5_4.ai","D:\AI\AITRASH\workspaces\project - Изменение масштаба для планировок квартир\09_outputs\_full_wip\20260727_full_mkd2\Корпус 2.3\х110_POZD_WEB_K2-3_s9_et5_4.png","D:\AI\AITRASH\workspaces\project - Изменение масштаба для планировок квартир\09_outputs\_diagnostics\full_20260727_full_mkd2\details\383_POZD_WEB_K2-3_s9_et5_4_attempt1.json","Pixel-native AI подтверждён после повторного открытия; обводки 0.75 px; s_raw=1.067356979."
"378_387_20260727_161715","385","1","OK","2026-07-27T16:21:33","Корпус 2.3/POZD_WEB_K2-3_s9_et6_3.ai","Корпус 2.3","D:\AI\AITRASH\LIBRARY\02_CATALOG\02_PRESALE_Поздняково\01_ARTIFACTS\МКД2\Корпус 2.3\POZD_WEB_K2-3_s9_et6_3.ai","D:\AI\AITRASH\LIBRARY\02_CATALOG\02_PRESALE_Поздняково\01_ARTIFACTS\МКД2\Корпус 2.3\POZD_WEB_K2-3_s9_et6_3.png","163541","6cd357367796d1ac516046adf7e552ce3e9a950a78ae6e69620a6e26d1ccc566","true","calculated","200","200","1.925195191","1","[756.030517,796.985236,1164.969483,284.014764]","408.938966","512.970472","1799","11","[{""width_pt"":0.75,""count"":804}]","804","[{""width_pt"":0.75,""count"":804}]","[{""width_pt"":0.75,""count"":804}]","0","[191.436035,1112.595473,1008.563965,87.404527]","817.12793","1025.190946","600","600","[{""index"":0,""name"":""Монтажная область 1"",""rect"":[0,1200,1200,0],""width"":1200,""height"":1200}]","true","true","true","true","true","D:\AI\AITRASH\workspaces\project - Изменение масштаба для планировок квартир\09_outputs\_full_wip\20260727_full_mkd2\Корпус 2.3\х200_POZD_WEB_K2-3_s9_et6_3.ai","D:\AI\AITRASH\workspaces\project - Изменение масштаба для планировок квартир\09_outputs\_full_wip\20260727_full_mkd2\Корпус 2.3\х200_POZD_WEB_K2-3_s9_et6_3.png","D:\AI\AITRASH\workspaces\project - Изменение масштаба для планировок квартир\09_outputs\_diagnostics\full_20260727_full_mkd2\details\385_POZD_WEB_K2-3_s9_et6_3_attempt1.json","Pixel-native AI подтверждён после повторного открытия; обводки 0.75 px; s_raw=1.925195191."
"378_387_20260727_161715","386","1","OK","2026-07-27T16:22:00","Корпус 2.3/POZD_WEB_K2-3_s9_et6_4.ai","Корпус 2.3","D:\AI\AITRASH\LIBRARY\02_CATALOG\02_PRESALE_Поздняково\01_ARTIFACTS\МКД2\Корпус 2.3\POZD_WEB_K2-3_s9_et6_4.ai","D:\AI\AITRASH\LIBRARY\02_CATALOG\02_PRESALE_Поздняково\01_ARTIFACTS\МКД2\Корпус 2.3\POZD_WEB_K2-3_s9_et6_4.png","171382","f5d31184ddb605bdc3f422340175d99f8b80d2ca13aa6cb3af1b0758dd45b49c","true","calculated","150","150","1.597071295","1","[625.511824,765.429134,1295.488176,314.695866]","669.976352","450.733268","2138","13","[{""width_pt"":0.75,""count"":955},{""width_pt"":1,""count"":99}]","1054","[{""width_pt"":0.75,""count"":1054}]","[{""width_pt"":0.75,""count"":1054}]","0","[97.892736,937.768701,1102.107264,262.231299]","1004.214528","675.537402","600","600","[{""index"":0,""name"":""Монтажная область 1"",""rect"":[0,1200,1200,0],""width"":1200,""height"":1200}]","true","true","true","true","true","D:\AI\AITRASH\workspaces\project - Изменение масштаба для планировок квартир\09_outputs\_full_wip\20260727_full_mkd2\Корпус 2.3\х150_POZD_WEB_K2-3_s9_et6_4.ai","D:\AI\AITRASH\workspaces\project - Изменение масштаба для планировок квартир\09_outputs\_full_wip\20260727_full_mkd2\Корпус 2.3\х150_POZD_WEB_K2-3_s9_et6_4.png","D:\AI\AITRASH\workspaces\project - Изменение масштаба для планировок квартир\09_outputs\_diagnostics\full_20260727_full_mkd2\details\386_POZD_WEB_K2-3_s9_et6_4_attempt1.json","Pixel-native AI подтверждён после повторного открытия; обводки 0.75 px; s_raw=1.597071295."
"378_387_20260727_161715","387","1","OK","2026-07-27T16:22:34","Корпус 2.3/POZD_WEB_K2-3_s9_et6_5.ai","Корпус 2.3","D:\AI\AITRASH\LIBRARY\02_CATALOG\02_PRESALE_Поздняково\01_ARTIFACTS\МКД2\Корпус 2.3\POZD_WEB_K2-3_s9_et6_5.ai","D:\AI\AITRASH\LIBRARY\02_CATALOG\02_PRESALE_Поздняково\01_ARTIFACTS\МКД2\Корпус 2.3\POZD_WEB_K2-3_s9_et6_5.png","180756","7b5ce9c96951cb09edabceaffacd576f769293e4837df5e61e1e5e07823a0dd2","true","calculated","150","150","1.447124355","1","[616.507876,810.216533,1303.492124,269.783467]","686.984248","540.433066","2394","12","[{""width_pt"":0.75,""count"":1067},{""width_pt"":1,""count"":113}]","1180","[{""width_pt"":0.75,""count"":1180}]","[{""width_pt"":0.75,""count"":1180}]","0","[85.136814,1004.949799,1114.863186,195.050201]","1029.726372","809.899598","600","600","[{""index"":0,""name"":""Монтажная область 1"",""rect"":[0,1200,1200,0],""width"":1200,""height"":1200}]","true","true","true","true","true","D:\AI\AITRASH\workspaces\project - Изменение масштаба для планировок квартир\09_outputs\_full_wip\20260727_full_mkd2\Корпус 2.3\х150_POZD_WEB_K2-3_s9_et6_5.ai","D:\AI\AITRASH\workspaces\project - Изменение масштаба для планировок квартир\09_outputs\_full_wip\20260727_full_mkd2\Корпус 2.3\х150_POZD_WEB_K2-3_s9_et6_5.png","D:\AI\AITRASH\workspaces\project - Изменение масштаба для планировок квартир\09_outputs\_diagnostics\full_20260727_full_mkd2\details\387_POZD_WEB_K2-3_s9_et6_5_attempt1.json","Pixel-native AI подтверждён после повторного открытия; обводки 0.75 px; s_raw=1.447124355."
"384_384_20260727_113840","384","1","OK","2026-07-27T11:38:43","Корпус 2.3/POZD_WEB_K2-3_s9_et5_5.ai","Корпус 2.3","D:\AI\AITRASH\LIBRARY\02_CATALOG\02_PRESALE_Поздняково\01_ARTIFACTS\МКД2\Корпус 2.3\POZD_WEB_K2-3_s9_et5_5.ai","D:\AI\AITRASH\LIBRARY\02_CATALOG\02_PRESALE_Поздняково\01_ARTIFACTS\МКД2\Корпус 2.3\POZD_WEB_K2-3_s9_et5_5.png","354439","a46966e705947d2e03a3beaa62fb70eeeffeb9e252892378a71e405a45d32eab","true","calculated","100","100","0.973741548","1","[410.572895,810.216511,1509.427105,269.783489]","1098.85421","540.433022","5709","15","[{""width_pt"":0.75,""count"":2671},{""width_pt"":1,""count"":156}]","2827","[{""width_pt"":0.75,""count"":2827}]","[{""width_pt"":0.75,""count"":2827}]","0","[50.697895,870.091511,1149.302105,329.908489]","1098.60421","540.183022","600","600","[{""index"":0,""name"":""Монтажная область 1"",""rect"":[0,1200,1200,0],""width"":1200,""height"":1200}]","true","true","true","regression_proven","true","D:\AI\AITRASH\workspaces\project - Изменение масштаба для планировок квартир\09_outputs\_full_wip\20260727_full_mkd2\Корпус 2.3\х100_POZD_WEB_K2-3_s9_et5_5.ai","D:\AI\AITRASH\workspaces\project - Изменение масштаба для планировок квартир\09_outputs\_full_wip\20260727_full_mkd2\Корпус 2.3\х100_POZD_WEB_K2-3_s9_et5_5.png","D:\AI\AITRASH\workspaces\project - Изменение масштаба для планировок квартир\09_outputs\_diagnostics\full_20260727_full_mkd2\details\384_POZD_WEB_K2-3_s9_et5_5_attempt1.json","Pixel-native AI подтверждён после повторного открытия; обводки 0.75 px; s_raw=0.973741548."
"384_384_20260727_163133","384","2","OK","2026-07-27T16:31:33","Корпус 2.3/POZD_WEB_K2-3_s9_et5_5.ai","Корпус 2.3","D:\AI\AITRASH\LIBRARY\02_CATALOG\02_PRESALE_Поздняково\01_ARTIFACTS\МКД2\Корпус 2.3\POZD_WEB_K2-3_s9_et5_5.ai","D:\AI\AITRASH\LIBRARY\02_CATALOG\02_PRESALE_Поздняково\01_ARTIFACTS\МКД2\Корпус 2.3\POZD_WEB_K2-3_s9_et5_5.png","354439","a46966e705947d2e03a3beaa62fb70eeeffeb9e252892378a71e405a45d32eab","true","calculated","100","100","0.973741548","1","[410.572895,810.216511,1509.427105,269.783489]","1098.85421","540.433022","5709","15","[{""width_pt"":0.75,""count"":2671},{""width_pt"":1,""count"":156}]","2827","[{""width_pt"":0.75,""count"":2827}]","[{""width_pt"":0.75,""count"":2827}]","0","[50.697895,870.091511,1149.302105,329.908489]","1098.60421","540.183022","600","600","[{""index"":0,""name"":""Монтажная область 1"",""rect"":[0,1200,1200,0],""width"":1200,""height"":1200}]","true","true","true","true","true","D:\AI\AITRASH\workspaces\project - Изменение масштаба для планировок квартир\09_outputs\_full_wip\20260727_full_mkd2\Корпус 2.3\х100_POZD_WEB_K2-3_s9_et5_5.ai","D:\AI\AITRASH\workspaces\project - Изменение масштаба для планировок квартир\09_outputs\_full_wip\20260727_full_mkd2\Корпус 2.3\х100_POZD_WEB_K2-3_s9_et5_5.png","D:\AI\AITRASH\workspaces\project - Изменение масштаба для планировок квартир\09_outputs\_diagnostics\full_20260727_full_mkd2\details\384_POZD_WEB_K2-3_s9_et5_5_attempt2.json","Pixel-native AI подтверждён после повторного открытия; обводки 0.75 px; s_raw=0.973741548."
