"batch_id","index","status","source_relpath","applied_scale_percent","illustrator_status","ruler_units_pixels","artboards","artboard_width","artboard_height","center_x","center_y","inside_artboard","stroke_count","stroke_mismatch_count","source_item_count","output_item_count","source_layer_count","output_layer_count","layer_signature_match","item_structure_match","item_state_match","color_space_match","names_match","pdf_compatible","png_width","png_height","png_has_alpha","png_transparent_pixels","png_nontransparent_pixels","png_corners_transparent","png_no_opaque_white_rectangle","source_hash_match","output_ai_hash_match","output_png_hash_match","output_ai","output_png","process_audit","verify_audit","comment"
"000_000_20260727_163527","0","OK","Корпус 2.1/POZD_WEB_K2-1_s1_et1_1.ai","170","OK","true","1","1200","1200","600","600","true","2323","0","4718","4718","16","16","true","true","true","true","true","True","1200","1200","True","700414","739586","True","True","True","True","True","D:\AI\AITRASH\workspaces\project - Изменение масштаба для планировок квартир\09_outputs\_full_wip\20260727_full_mkd2\Корпус 2.1\х170_POZD_WEB_K2-1_s1_et1_1.ai","D:\AI\AITRASH\workspaces\project - Изменение масштаба для планировок квартир\09_outputs\_full_wip\20260727_full_mkd2\Корпус 2.1\х170_POZD_WEB_K2-1_s1_et1_1.png","D:\AI\AITRASH\workspaces\project - Изменение масштаба для планировок квартир\09_outputs\_diagnostics\full_20260727_full_mkd2\details\000_POZD_WEB_K2-1_s1_et1_1_attempt1.json","D:\AI\AITRASH\workspaces\project - Изменение масштаба для планировок квартир\09_outputs\_diagnostics\full_20260727_full_mkd2\verify_details\000_POZD_WEB_K2-1_s1_et1_1_verify_attempt2.json","Независимая проверка AI/PNG/SHA-256 пройдена."
"000_004_20260727_120253","0","OK","Корпус 2.1/POZD_WEB_K2-1_s1_et1_1.ai","170","OK","true","1","1200","1200","600","600","true","2323","0","4718","4718","16","16","true","true","true","true","true","True","1200","1200","True","700414","739586","True","True","True","True","True","D:\AI\AITRASH\workspaces\project - Изменение масштаба для планировок квартир\09_outputs\_full_wip\20260727_full_mkd2\Корпус 2.1\х170_POZD_WEB_K2-1_s1_et1_1.ai","D:\AI\AITRASH\workspaces\project - Изменение масштаба для планировок квартир\09_outputs\_full_wip\20260727_full_mkd2\Корпус 2.1\х170_POZD_WEB_K2-1_s1_et1_1.png","D:\AI\AITRASH\workspaces\project - Изменение масштаба для планировок квартир\09_outputs\_diagnostics\full_20260727_full_mkd2\details\000_POZD_WEB_K2-1_s1_et1_1_attempt1.json","D:\AI\AITRASH\workspaces\project - Изменение масштаба для планировок квартир\09_outputs\_diagnostics\full_20260727_full_mkd2\verify_details\000_POZD_WEB_K2-1_s1_et1_1_verify_attempt1.json","Независимая проверка AI/PNG/SHA-256 пройдена."
"000_004_20260727_120253","1","OK","Корпус 2.1/POZD_WEB_K2-1_s1_et1_2.ai","170","OK","true","1","1200","1200","600","600","true","1190","0","2411","2411","11","11","true","true","true","true","true","True","1200","1200","True","828081","611919","True","True","True","True","True","D:\AI\AITRASH\workspaces\project - Изменение масштаба для планировок квартир\09_outputs\_full_wip\20260727_full_mkd2\Корпус 2.1\х170_POZD_WEB_K2-1_s1_et1_2.ai","D:\AI\AITRASH\workspaces\project - Изменение масштаба для планировок квартир\09_outputs\_full_wip\20260727_full_mkd2\Корпус 2.1\х170_POZD_WEB_K2-1_s1_et1_2.png","D:\AI\AITRASH\workspaces\project - Изменение масштаба для планировок квартир\09_outputs\_diagnostics\full_20260727_full_mkd2\details\001_POZD_WEB_K2-1_s1_et1_2_attempt1.json","D:\AI\AITRASH\workspaces\project - Изменение масштаба для планировок квартир\09_outputs\_diagnostics\full_20260727_full_mkd2\verify_details\001_POZD_WEB_K2-1_s1_et1_2_verify_attempt1.json","Независимая проверка AI/PNG/SHA-256 пройдена."
"000_004_20260727_120253","2","OK","Корпус 2.1/POZD_WEB_K2-1_s1_et1_3.ai","200","OK","true","1","1200","1200","600","600","true","829","0","1676","1676","11","11","true","true","true","true","true","True","1200","1200","True","895409","544591","True","True","True","True","True","D:\AI\AITRASH\workspaces\project - Изменение масштаба для планировок квартир\09_outputs\_full_wip\20260727_full_mkd2\Корпус 2.1\х200_POZD_WEB_K2-1_s1_et1_3.ai","D:\AI\AITRASH\workspaces\project - Изменение масштаба для планировок квартир\09_outputs\_full_wip\20260727_full_mkd2\Корпус 2.1\х200_POZD_WEB_K2-1_s1_et1_3.png","D:\AI\AITRASH\workspaces\project - Изменение масштаба для планировок квартир\09_outputs\_diagnostics\full_20260727_full_mkd2\details\002_POZD_WEB_K2-1_s1_et1_3_attempt1.json","D:\AI\AITRASH\workspaces\project - Изменение масштаба для планировок квартир\09_outputs\_diagnostics\full_20260727_full_mkd2\verify_details\002_POZD_WEB_K2-1_s1_et1_3_verify_attempt1.json","Независимая проверка AI/PNG/SHA-256 пройдена."
"000_004_20260727_120253","3","OK","Корпус 2.1/POZD_WEB_K2-1_s1_et1_4.ai","200","OK","true","1","1200","1200","600","600","true","825","0","1666","1666","11","11","true","true","true","true","true","True","1200","1200","True","932064","507936","True","True","True","True","True","D:\AI\AITRASH\workspaces\project - Изменение масштаба для планировок квартир\09_outputs\_full_wip\20260727_full_mkd2\Корпус 2.1\х200_POZD_WEB_K2-1_s1_et1_4.ai","D:\AI\AITRASH\workspaces\project - Изменение масштаба для планировок квартир\09_outputs\_full_wip\20260727_full_mkd2\Корпус 2.1\х200_POZD_WEB_K2-1_s1_et1_4.png","D:\AI\AITRASH\workspaces\project - Изменение масштаба для планировок квартир\09_outputs\_diagnostics\full_20260727_full_mkd2\details\003_POZD_WEB_K2-1_s1_et1_4_attempt1.json","D:\AI\AITRASH\workspaces\project - Изменение масштаба для планировок квартир\09_outputs\_diagnostics\full_20260727_full_mkd2\verify_details\003_POZD_WEB_K2-1_s1_et1_4_verify_attempt1.json","Независимая проверка AI/PNG/SHA-256 пройдена."
"000_004_20260727_120253","4","OK","Корпус 2.1/POZD_WEB_K2-1_s1_et1_5.ai","110","OK","true","1","1200","1200","600","600","true","2312","0","4689","4689","16","16","true","true","true","true","true","True","1200","1200","True","1032139","407861","True","True","True","True","True","D:\AI\AITRASH\workspaces\project - Изменение масштаба для планировок квартир\09_outputs\_full_wip\20260727_full_mkd2\Корпус 2.1\х110_POZD_WEB_K2-1_s1_et1_5.ai","D:\AI\AITRASH\workspaces\project - Изменение масштаба для планировок квартир\09_outputs\_full_wip\20260727_full_mkd2\Корпус 2.1\х110_POZD_WEB_K2-1_s1_et1_5.png","D:\AI\AITRASH\workspaces\project - Изменение масштаба для планировок квартир\09_outputs\_diagnostics\full_20260727_full_mkd2\details\004_POZD_WEB_K2-1_s1_et1_5_attempt1.json","D:\AI\AITRASH\workspaces\project - Изменение масштаба для планировок квартир\09_outputs\_diagnostics\full_20260727_full_mkd2\verify_details\004_POZD_WEB_K2-1_s1_et1_5_verify_attempt1.json","Независимая проверка AI/PNG/SHA-256 пройдена."
"001_001_20260727_163944","1","OK","Корпус 2.1/POZD_WEB_K2-1_s1_et1_2.ai","170","OK","true","1","1200","1200","600","600","true","1190","0","2411","2411","11","11","true","true","true","true","true","True","1200","1200","True","828081","611919","True","True","True","True","True","D:\AI\AITRASH\workspaces\project - Изменение масштаба для планировок квартир\09_outputs\_full_wip\20260727_full_mkd2\Корпус 2.1\х170_POZD_WEB_K2-1_s1_et1_2.ai","D:\AI\AITRASH\workspaces\project - Изменение масштаба для планировок квартир\09_outputs\_full_wip\20260727_full_mkd2\Корпус 2.1\х170_POZD_WEB_K2-1_s1_et1_2.png","D:\AI\AITRASH\workspaces\project - Изменение масштаба для планировок квартир\09_outputs\_diagnostics\full_20260727_full_mkd2\details\001_POZD_WEB_K2-1_s1_et1_2_attempt1.json","D:\AI\AITRASH\workspaces\project - Изменение масштаба для планировок квартир\09_outputs\_diagnostics\full_20260727_full_mkd2\verify_details\001_POZD_WEB_K2-1_s1_et1_2_verify_attempt2.json","Независимая проверка AI/PNG/SHA-256 пройдена."
"002_026_20260727_164026","2","OK","Корпус 2.1/POZD_WEB_K2-1_s1_et1_3.ai","200","OK","true","1","1200","1200","600","600","true","829","0","1676","1676","11","11","true","true","true","true","true","True","1200","1200","True","895409","544591","True","True","True","True","True","D:\AI\AITRASH\workspaces\project - Изменение масштаба для планировок квартир\09_outputs\_full_wip\20260727_full_mkd2\Корпус 2.1\х200_POZD_WEB_K2-1_s1_et1_3.ai","D:\AI\AITRASH\workspaces\project - Изменение масштаба для планировок квартир\09_outputs\_full_wip\20260727_full_mkd2\Корпус 2.1\х200_POZD_WEB_K2-1_s1_et1_3.png","D:\AI\AITRASH\workspaces\project - Изменение масштаба для планировок квартир\09_outputs\_diagnostics\full_20260727_full_mkd2\details\002_POZD_WEB_K2-1_s1_et1_3_attempt1.json","D:\AI\AITRASH\workspaces\project - Изменение масштаба для планировок квартир\09_outputs\_diagnostics\full_20260727_full_mkd2\verify_details\002_POZD_WEB_K2-1_s1_et1_3_verify_attempt2.json","Независимая проверка AI/PNG/SHA-256 пройдена."
"002_026_20260727_164026","3","OK","Корпус 2.1/POZD_WEB_K2-1_s1_et1_4.ai","200","OK","true","1","1200","1200","600","600","true","825","0","1666","1666","11","11","true","true","true","true","true","True","1200","1200","True","932064","507936","True","True","True","True","True","D:\AI\AITRASH\workspaces\project - Изменение масштаба для планировок квартир\09_outputs\_full_wip\20260727_full_mkd2\Корпус 2.1\х200_POZD_WEB_K2-1_s1_et1_4.ai","D:\AI\AITRASH\workspaces\project - Изменение масштаба для планировок квартир\09_outputs\_full_wip\20260727_full_mkd2\Корпус 2.1\х200_POZD_WEB_K2-1_s1_et1_4.png","D:\AI\AITRASH\workspaces\project - Изменение масштаба для планировок квартир\09_outputs\_diagnostics\full_20260727_full_mkd2\details\003_POZD_WEB_K2-1_s1_et1_4_attempt1.json","D:\AI\AITRASH\workspaces\project - Изменение масштаба для планировок квартир\09_outputs\_diagnostics\full_20260727_full_mkd2\verify_details\003_POZD_WEB_K2-1_s1_et1_4_verify_attempt2.json","Независимая проверка AI/PNG/SHA-256 пройдена."
"002_026_20260727_164026","4","OK","Корпус 2.1/POZD_WEB_K2-1_s1_et1_5.ai","110","OK","true","1","1200","1200","600","600","true","2312","0","4689","4689","16","16","true","true","true","true","true","True","1200","1200","True","1032139","407861","True","True","True","True","True","D:\AI\AITRASH\workspaces\project - Изменение масштаба для планировок квартир\09_outputs\_full_wip\20260727_full_mkd2\Корпус 2.1\х110_POZD_WEB_K2-1_s1_et1_5.ai","D:\AI\AITRASH\workspaces\project - Изменение масштаба для планировок квартир\09_outputs\_full_wip\20260727_full_mkd2\Корпус 2.1\х110_POZD_WEB_K2-1_s1_et1_5.png","D:\AI\AITRASH\workspaces\project - Изменение масштаба для планировок квартир\09_outputs\_diagnostics\full_20260727_full_mkd2\details\004_POZD_WEB_K2-1_s1_et1_5_attempt1.json","D:\AI\AITRASH\workspaces\project - Изменение масштаба для планировок квартир\09_outputs\_diagnostics\full_20260727_full_mkd2\verify_details\004_POZD_WEB_K2-1_s1_et1_5_verify_attempt2.json","Независимая проверка AI/PNG/SHA-256 пройдена."
"002_026_20260727_164026","5","OK","Корпус 2.1/POZD_WEB_K2-1_s1_et1_6.ai","200","OK","true","1","1200","1200","600","600.000001","true","1601","0","3253","3253","15","15","true","true","true","true","true","True","1200","1200","True","807355","632645","True","True","True","True","True","D:\AI\AITRASH\workspaces\project - Изменение масштаба для планировок квартир\09_outputs\_full_wip\20260727_full_mkd2\Корпус 2.1\х200_POZD_WEB_K2-1_s1_et1_6.ai","D:\AI\AITRASH\workspaces\project - Изменение масштаба для планировок квартир\09_outputs\_full_wip\20260727_full_mkd2\Корпус 2.1\х200_POZD_WEB_K2-1_s1_et1_6.png","D:\AI\AITRASH\workspaces\project - Изменение масштаба для планировок квартир\09_outputs\_diagnostics\full_20260727_full_mkd2\details\005_POZD_WEB_K2-1_s1_et1_6_attempt1.json","D:\AI\AITRASH\workspaces\project - Изменение масштаба для планировок квартир\09_outputs\_diagnostics\full_20260727_full_mkd2\verify_details\005_POZD_WEB_K2-1_s1_et1_6_verify_attempt2.json","Независимая проверка AI/PNG/SHA-256 пройдена."
"002_026_20260727_164026","6","OK","Корпус 2.1/POZD_WEB_K2-1_s1_et2,4_3.ai","170","OK","true","1","1200","1200","600","600","true","1214","0","2454","2454","10","10","true","true","true","true","true","True","1200","1200","True","849069","590931","True","True","True","True","True","D:\AI\AITRASH\workspaces\project - Изменение масштаба для планировок квартир\09_outputs\_full_wip\20260727_full_mkd2\Корпус 2.1\х170_POZD_WEB_K2-1_s1_et2,4_3.ai","D:\AI\AITRASH\workspaces\project - Изменение масштаба для планировок квартир\09_outputs\_full_wip\20260727_full_mkd2\Корпус 2.1\х170_POZD_WEB_K2-1_s1_et2,4_3.png","D:\AI\AITRASH\workspaces\project - Изменение масштаба для планировок квартир\09_outputs\_diagnostics\full_20260727_full_mkd2\details\006_POZD_WEB_K2-1_s1_et2,4_3_attempt1.json","D:\AI\AITRASH\workspaces\project - Изменение масштаба для планировок квартир\09_outputs\_diagnostics\full_20260727_full_mkd2\verify_details\006_POZD_WEB_K2-1_s1_et2,4_3_verify_attempt2.json","Независимая проверка AI/PNG/SHA-256 пройдена."
"002_026_20260727_164026","7","OK","Корпус 2.1/POZD_WEB_K2-1_s1_et2,4_5.ai","120","OK","true","1","1200","1200","600","600","true","1745","0","3534","3534","10","10","true","true","true","true","true","True","1200","1200","True","956995","483005","True","True","True","True","True","D:\AI\AITRASH\workspaces\project - Изменение масштаба для планировок квартир\09_outputs\_full_wip\20260727_full_mkd2\Корпус 2.1\х120_POZD_WEB_K2-1_s1_et2,4_5.ai","D:\AI\AITRASH\workspaces\project - Изменение масштаба для планировок квартир\09_outputs\_full_wip\20260727_full_mkd2\Корпус 2.1\х120_POZD_WEB_K2-1_s1_et2,4_5.png","D:\AI\AITRASH\workspaces\project - Изменение масштаба для планировок квартир\09_outputs\_diagnostics\full_20260727_full_mkd2\details\007_POZD_WEB_K2-1_s1_et2,4_5_attempt1.json","D:\AI\AITRASH\workspaces\project - Изменение масштаба для планировок квартир\09_outputs\_diagnostics\full_20260727_full_mkd2\verify_details\007_POZD_WEB_K2-1_s1_et2,4_5_verify_attempt2.json","Независимая проверка AI/PNG/SHA-256 пройдена."
"002_026_20260727_164026","8","OK","Корпус 2.1/POZD_WEB_K2-1_s1_et2,6_4.ai","200","OK","true","1","1200","1200","600","600","true","824","0","1660","1660","10","10","true","true","true","true","true","True","1200","1200","True","850893","589107","True","True","True","True","True","D:\AI\AITRASH\workspaces\project - Изменение масштаба для планировок квартир\09_outputs\_full_wip\20260727_full_mkd2\Корпус 2.1\х200_POZD_WEB_K2-1_s1_et2,6_4.ai","D:\AI\AITRASH\workspaces\project - Изменение масштаба для планировок квартир\09_outputs\_full_wip\20260727_full_mkd2\Корпус 2.1\х200_POZD_WEB_K2-1_s1_et2,6_4.png","D:\AI\AITRASH\workspaces\project - Изменение масштаба для планировок квартир\09_outputs\_diagnostics\full_20260727_full_mkd2\details\008_POZD_WEB_K2-1_s1_et2,6_4_attempt1.json","D:\AI\AITRASH\workspaces\project - Изменение масштаба для планировок квартир\09_outputs\_diagnostics\full_20260727_full_mkd2\verify_details\008_POZD_WEB_K2-1_s1_et2,6_4_verify_attempt2.json","Независимая проверка AI/PNG/SHA-256 пройдена."
"002_026_20260727_164026","9","OK","Корпус 2.1/POZD_WEB_K2-1_s1_et2_1.ai","170","OK","true","1","1200","1200","600","600","true","1180","0","2394","2394","14","14","true","true","true","true","true","True","1200","1200","True","807387","632613","True","True","True","True","True","D:\AI\AITRASH\workspaces\project - Изменение масштаба для планировок квартир\09_outputs\_full_wip\20260727_full_mkd2\Корпус 2.1\х170_POZD_WEB_K2-1_s1_et2_1.ai","D:\AI\AITRASH\workspaces\project - Изменение масштаба для планировок квартир\09_outputs\_full_wip\20260727_full_mkd2\Корпус 2.1\х170_POZD_WEB_K2-1_s1_et2_1.png","D:\AI\AITRASH\workspaces\project - Изменение масштаба для планировок квартир\09_outputs\_diagnostics\full_20260727_full_mkd2\details\009_POZD_WEB_K2-1_s1_et2_1_attempt1.json","D:\AI\AITRASH\workspaces\project - Изменение масштаба для планировок квартир\09_outputs\_diagnostics\full_20260727_full_mkd2\verify_details\009_POZD_WEB_K2-1_s1_et2_1_verify_attempt2.json","Независимая проверка AI/PNG/SHA-256 пройдена."
"002_026_20260727_164026","10","OK","Корпус 2.1/POZD_WEB_K2-1_s1_et2_2.ai","170","OK","true","1","1200","1200","600","600","true","1208","0","2452","2452","14","14","true","true","true","true","true","True","1200","1200","True","807651","632349","True","True","True","True","True","D:\AI\AITRASH\workspaces\project - Изменение масштаба для планировок квартир\09_outputs\_full_wip\20260727_full_mkd2\Корпус 2.1\х170_POZD_WEB_K2-1_s1_et2_2.ai","D:\AI\AITRASH\workspaces\project - Изменение масштаба для планировок квартир\09_outputs\_full_wip\20260727_full_mkd2\Корпус 2.1\х170_POZD_WEB_K2-1_s1_et2_2.png","D:\AI\AITRASH\workspaces\project - Изменение масштаба для планировок квартир\09_outputs\_diagnostics\full_20260727_full_mkd2\details\010_POZD_WEB_K2-1_s1_et2_2_attempt1.json","D:\AI\AITRASH\workspaces\project - Изменение масштаба для планировок квартир\09_outputs\_diagnostics\full_20260727_full_mkd2\verify_details\010_POZD_WEB_K2-1_s1_et2_2_verify_attempt2.json","Независимая проверка AI/PNG/SHA-256 пройдена."
"002_026_20260727_164026","11","OK","Корпус 2.1/POZD_WEB_K2-1_s1_et2_6.ai","170","OK","true","1","1200","1200","600","600","true","1318","0","2672","2672","10","10","true","true","true","true","true","True","1200","1200","True","823420","616580","True","True","True","True","True","D:\AI\AITRASH\workspaces\project - Изменение масштаба для планировок квартир\09_outputs\_full_wip\20260727_full_mkd2\Корпус 2.1\х170_POZD_WEB_K2-1_s1_et2_6.ai","D:\AI\AITRASH\workspaces\project - Изменение масштаба для планировок квартир\09_outputs\_full_wip\20260727_full_mkd2\Корпус 2.1\х170_POZD_WEB_K2-1_s1_et2_6.png","D:\AI\AITRASH\workspaces\project - Изменение масштаба для планировок квартир\09_outputs\_diagnostics\full_20260727_full_mkd2\details\011_POZD_WEB_K2-1_s1_et2_6_attempt1.json","D:\AI\AITRASH\workspaces\project - Изменение масштаба для планировок квартир\09_outputs\_diagnostics\full_20260727_full_mkd2\verify_details\011_POZD_WEB_K2-1_s1_et2_6_verify_attempt2.json","Независимая проверка AI/PNG/SHA-256 пройдена."
"002_026_20260727_164026","12","OK","Корпус 2.1/POZD_WEB_K2-1_s1_et3,5_1.ai","170","OK","true","1","1200","1200","600","600","true","1155","0","2340","2340","10","10","true","true","true","true","true","True","1200","1200","True","822378","617622","True","True","True","True","True","D:\AI\AITRASH\workspaces\project - Изменение масштаба для планировок квартир\09_outputs\_full_wip\20260727_full_mkd2\Корпус 2.1\х170_POZD_WEB_K2-1_s1_et3,5_1.ai","D:\AI\AITRASH\workspaces\project - Изменение масштаба для планировок квартир\09_outputs\_full_wip\20260727_full_mkd2\Корпус 2.1\х170_POZD_WEB_K2-1_s1_et3,5_1.png","D:\AI\AITRASH\workspaces\project - Изменение масштаба для планировок квартир\09_outputs\_diagnostics\full_20260727_full_mkd2\details\012_POZD_WEB_K2-1_s1_et3,5_1_attempt1.json","D:\AI\AITRASH\workspaces\project - Изменение масштаба для планировок квартир\09_outputs\_diagnostics\full_20260727_full_mkd2\verify_details\012_POZD_WEB_K2-1_s1_et3,5_1_verify_attempt2.json","Независимая проверка AI/PNG/SHA-256 пройдена."
"002_026_20260727_164026","13","OK","Корпус 2.1/POZD_WEB_K2-1_s1_et3,5_2.ai","170","OK","true","1","1200","1200","600","600","true","1182","0","2396","2396","10","10","true","true","true","true","true","True","1200","1200","True","822369","617631","True","True","True","True","True","D:\AI\AITRASH\workspaces\project - Изменение масштаба для планировок квартир\09_outputs\_full_wip\20260727_full_mkd2\Корпус 2.1\х170_POZD_WEB_K2-1_s1_et3,5_2.ai","D:\AI\AITRASH\workspaces\project - Изменение масштаба для планировок квартир\09_outputs\_full_wip\20260727_full_mkd2\Корпус 2.1\х170_POZD_WEB_K2-1_s1_et3,5_2.png","D:\AI\AITRASH\workspaces\project - Изменение масштаба для планировок квартир\09_outputs\_diagnostics\full_20260727_full_mkd2\details\013_POZD_WEB_K2-1_s1_et3,5_2_attempt1.json","D:\AI\AITRASH\workspaces\project - Изменение масштаба для планировок квартир\09_outputs\_diagnostics\full_20260727_full_mkd2\verify_details\013_POZD_WEB_K2-1_s1_et3,5_2_verify_attempt2.json","Независимая проверка AI/PNG/SHA-256 пройдена."
"002_026_20260727_164026","14","OK","Корпус 2.1/POZD_WEB_K2-1_s1_et3,5_3.ai","170","OK","true","1","1200","1200","600","600","true","1216","0","2456","2456","10","10","true","true","true","true","true","True","1200","1200","True","846545","593455","True","True","True","True","True","D:\AI\AITRASH\workspaces\project - Изменение масштаба для планировок квартир\09_outputs\_full_wip\20260727_full_mkd2\Корпус 2.1\х170_POZD_WEB_K2-1_s1_et3,5_3.ai","D:\AI\AITRASH\workspaces\project - Изменение масштаба для планировок квартир\09_outputs\_full_wip\20260727_full_mkd2\Корпус 2.1\х170_POZD_WEB_K2-1_s1_et3,5_3.png","D:\AI\AITRASH\workspaces\project - Изменение масштаба для планировок квартир\09_outputs\_diagnostics\full_20260727_full_mkd2\details\014_POZD_WEB_K2-1_s1_et3,5_3_attempt1.json","D:\AI\AITRASH\workspaces\project - Изменение масштаба для планировок квартир\09_outputs\_diagnostics\full_20260727_full_mkd2\verify_details\014_POZD_WEB_K2-1_s1_et3,5_3_verify_attempt2.json","Независимая проверка AI/PNG/SHA-256 пройдена."
"002_026_20260727_164026","15","OK","Корпус 2.1/POZD_WEB_K2-1_s1_et3,5_4.ai","200","OK","true","1","1200","1200","600","600","true","818","0","1651","1651","10","10","true","true","true","true","true","True","1200","1200","True","850880","589120","True","True","True","True","True","D:\AI\AITRASH\workspaces\project - Изменение масштаба для планировок квартир\09_outputs\_full_wip\20260727_full_mkd2\Корпус 2.1\х200_POZD_WEB_K2-1_s1_et3,5_4.ai","D:\AI\AITRASH\workspaces\project - Изменение масштаба для планировок квартир\09_outputs\_full_wip\20260727_full_mkd2\Корпус 2.1\х200_POZD_WEB_K2-1_s1_et3,5_4.png","D:\AI\AITRASH\workspaces\project - Изменение масштаба для планировок квартир\09_outputs\_diagnostics\full_20260727_full_mkd2\details\015_POZD_WEB_K2-1_s1_et3,5_4_attempt1.json","D:\AI\AITRASH\workspaces\project - Изменение масштаба для планировок квартир\09_outputs\_diagnostics\full_20260727_full_mkd2\verify_details\015_POZD_WEB_K2-1_s1_et3,5_4_verify_attempt2.json","Независимая проверка AI/PNG/SHA-256 пройдена."
"002_026_20260727_164026","16","OK","Корпус 2.1/POZD_WEB_K2-1_s1_et3,5_5.ai","120","OK","true","1","1200","1200","600","600","true","1743","0","3524","3524","10","10","true","true","true","true","true","True","1200","1200","True","957012","482988","True","True","True","True","True","D:\AI\AITRASH\workspaces\project - Изменение масштаба для планировок квартир\09_outputs\_full_wip\20260727_full_mkd2\Корпус 2.1\х120_POZD_WEB_K2-1_s1_et3,5_5.ai","D:\AI\AITRASH\workspaces\project - Изменение масштаба для планировок квартир\09_outputs\_full_wip\20260727_full_mkd2\Корпус 2.1\х120_POZD_WEB_K2-1_s1_et3,5_5.png","D:\AI\AITRASH\workspaces\project - Изменение масштаба для планировок квартир\09_outputs\_diagnostics\full_20260727_full_mkd2\details\016_POZD_WEB_K2-1_s1_et3,5_5_attempt1.json","D:\AI\AITRASH\workspaces\project - Изменение масштаба для планировок квартир\09_outputs\_diagnostics\full_20260727_full_mkd2\verify_details\016_POZD_WEB_K2-1_s1_et3,5_5_verify_attempt2.json","Независимая проверка AI/PNG/SHA-256 пройдена."
"002_026_20260727_164026","17","OK","Корпус 2.1/POZD_WEB_K2-1_s1_et3,5_6.ai","170","OK","true","1","1200","1200","600","600","true","1320","0","2674","2674","10","10","true","true","true","true","true","True","1200","1200","True","820896","619104","True","True","True","True","True","D:\AI\AITRASH\workspaces\project - Изменение масштаба для планировок квартир\09_outputs\_full_wip\20260727_full_mkd2\Корпус 2.1\х170_POZD_WEB_K2-1_s1_et3,5_6.ai","D:\AI\AITRASH\workspaces\project - Изменение масштаба для планировок квартир\09_outputs\_full_wip\20260727_full_mkd2\Корпус 2.1\х170_POZD_WEB_K2-1_s1_et3,5_6.png","D:\AI\AITRASH\workspaces\project - Изменение масштаба для планировок квартир\09_outputs\_diagnostics\full_20260727_full_mkd2\details\017_POZD_WEB_K2-1_s1_et3,5_6_attempt1.json","D:\AI\AITRASH\workspaces\project - Изменение масштаба для планировок квартир\09_outputs\_diagnostics\full_20260727_full_mkd2\verify_details\017_POZD_WEB_K2-1_s1_et3,5_6_verify_attempt2.json","Независимая проверка AI/PNG/SHA-256 пройдена."
"002_026_20260727_164026","18","OK","Корпус 2.1/POZD_WEB_K2-1_s1_et4_1.ai","170","OK","true","1","1200","1200","600","600","true","1040","0","2330","2330","10","10","true","true","true","true","true","True","1200","1200","True","822488","617512","True","True","True","True","True","D:\AI\AITRASH\workspaces\project - Изменение масштаба для планировок квартир\09_outputs\_full_wip\20260727_full_mkd2\Корпус 2.1\х170_POZD_WEB_K2-1_s1_et4_1.ai","D:\AI\AITRASH\workspaces\project - Изменение масштаба для планировок квартир\09_outputs\_full_wip\20260727_full_mkd2\Корпус 2.1\х170_POZD_WEB_K2-1_s1_et4_1.png","D:\AI\AITRASH\workspaces\project - Изменение масштаба для планировок квартир\09_outputs\_diagnostics\full_20260727_full_mkd2\details\018_POZD_WEB_K2-1_s1_et4_1_attempt1.json","D:\AI\AITRASH\workspaces\project - Изменение масштаба для планировок квартир\09_outputs\_diagnostics\full_20260727_full_mkd2\verify_details\018_POZD_WEB_K2-1_s1_et4_1_verify_attempt2.json","Независимая проверка AI/PNG/SHA-256 пройдена."
"002_026_20260727_164026","19","OK","Корпус 2.1/POZD_WEB_K2-1_s1_et4_2.ai","170","OK","true","1","1200","1200","600","600","true","1203","0","2439","2439","14","14","true","true","true","true","true","True","1200","1200","True","807334","632666","True","True","True","True","True","D:\AI\AITRASH\workspaces\project - Изменение масштаба для планировок квартир\09_outputs\_full_wip\20260727_full_mkd2\Корпус 2.1\х170_POZD_WEB_K2-1_s1_et4_2.ai","D:\AI\AITRASH\workspaces\project - Изменение масштаба для планировок квартир\09_outputs\_full_wip\20260727_full_mkd2\Корпус 2.1\х170_POZD_WEB_K2-1_s1_et4_2.png","D:\AI\AITRASH\workspaces\project - Изменение масштаба для планировок квартир\09_outputs\_diagnostics\full_20260727_full_mkd2\details\019_POZD_WEB_K2-1_s1_et4_2_attempt1.json","D:\AI\AITRASH\workspaces\project - Изменение масштаба для планировок квартир\09_outputs\_diagnostics\full_20260727_full_mkd2\verify_details\019_POZD_WEB_K2-1_s1_et4_2_verify_attempt2.json","Независимая проверка AI/PNG/SHA-256 пройдена."
"002_026_20260727_164026","20","OK","Корпус 2.1/POZD_WEB_K2-1_s1_et4_4.ai","200","OK","true","1","1200","1200","600","600","true","845","0","1704","1704","14","14","true","true","true","true","true","True","1200","1200","True","830934","609066","True","True","True","True","True","D:\AI\AITRASH\workspaces\project - Изменение масштаба для планировок квартир\09_outputs\_full_wip\20260727_full_mkd2\Корпус 2.1\х200_POZD_WEB_K2-1_s1_et4_4.ai","D:\AI\AITRASH\workspaces\project - Изменение масштаба для планировок квартир\09_outputs\_full_wip\20260727_full_mkd2\Корпус 2.1\х200_POZD_WEB_K2-1_s1_et4_4.png","D:\AI\AITRASH\workspaces\project - Изменение масштаба для планировок квартир\09_outputs\_diagnostics\full_20260727_full_mkd2\details\020_POZD_WEB_K2-1_s1_et4_4_attempt1.json","D:\AI\AITRASH\workspaces\project - Изменение масштаба для планировок квартир\09_outputs\_diagnostics\full_20260727_full_mkd2\verify_details\020_POZD_WEB_K2-1_s1_et4_4_verify_attempt2.json","Независимая проверка AI/PNG/SHA-256 пройдена."
"002_026_20260727_164026","21","OK","Корпус 2.1/POZD_WEB_K2-1_s1_et4_6.ai","170","OK","true","1","1200","1200","600","600","true","1329","0","2696","2696","13","13","true","true","true","true","true","True","1200","1200","True","808363","631637","True","True","True","True","True","D:\AI\AITRASH\workspaces\project - Изменение масштаба для планировок квартир\09_outputs\_full_wip\20260727_full_mkd2\Корпус 2.1\х170_POZD_WEB_K2-1_s1_et4_6.ai","D:\AI\AITRASH\workspaces\project - Изменение масштаба для планировок квартир\09_outputs\_full_wip\20260727_full_mkd2\Корпус 2.1\х170_POZD_WEB_K2-1_s1_et4_6.png","D:\AI\AITRASH\workspaces\project - Изменение масштаба для планировок квартир\09_outputs\_diagnostics\full_20260727_full_mkd2\details\021_POZD_WEB_K2-1_s1_et4_6_attempt1.json","D:\AI\AITRASH\workspaces\project - Изменение масштаба для планировок квартир\09_outputs\_diagnostics\full_20260727_full_mkd2\verify_details\021_POZD_WEB_K2-1_s1_et4_6_verify_attempt2.json","Независимая проверка AI/PNG/SHA-256 пройдена."
"002_026_20260727_164026","22","OK","Корпус 2.1/POZD_WEB_K2-1_s1_et6_1.ai","170","OK","true","1","1200","1200","600","600","true","1212","0","2461","2461","13","13","true","true","true","true","true","True","1200","1200","True","792629","647371","True","True","True","True","True","D:\AI\AITRASH\workspaces\project - Изменение масштаба для планировок квартир\09_outputs\_full_wip\20260727_full_mkd2\Корпус 2.1\х170_POZD_WEB_K2-1_s1_et6_1.ai","D:\AI\AITRASH\workspaces\project - Изменение масштаба для планировок квартир\09_outputs\_full_wip\20260727_full_mkd2\Корпус 2.1\х170_POZD_WEB_K2-1_s1_et6_1.png","D:\AI\AITRASH\workspaces\project - Изменение масштаба для планировок квартир\09_outputs\_diagnostics\full_20260727_full_mkd2\details\022_POZD_WEB_K2-1_s1_et6_1_attempt1.json","D:\AI\AITRASH\workspaces\project - Изменение масштаба для планировок квартир\09_outputs\_diagnostics\full_20260727_full_mkd2\verify_details\022_POZD_WEB_K2-1_s1_et6_1_verify_attempt2.json","Независимая проверка AI/PNG/SHA-256 пройдена."
"002_026_20260727_164026","23","OK","Корпус 2.1/POZD_WEB_K2-1_s1_et6_2.ai","170","OK","true","1","1200","1200","600","600","true","1203","0","2443","2443","13","13","true","true","true","true","true","True","1200","1200","True","807485","632515","True","True","True","True","True","D:\AI\AITRASH\workspaces\project - Изменение масштаба для планировок квартир\09_outputs\_full_wip\20260727_full_mkd2\Корпус 2.1\х170_POZD_WEB_K2-1_s1_et6_2.ai","D:\AI\AITRASH\workspaces\project - Изменение масштаба для планировок квартир\09_outputs\_full_wip\20260727_full_mkd2\Корпус 2.1\х170_POZD_WEB_K2-1_s1_et6_2.png","D:\AI\AITRASH\workspaces\project - Изменение масштаба для планировок квартир\09_outputs\_diagnostics\full_20260727_full_mkd2\details\023_POZD_WEB_K2-1_s1_et6_2_attempt1.json","D:\AI\AITRASH\workspaces\project - Изменение масштаба для планировок квартир\09_outputs\_diagnostics\full_20260727_full_mkd2\verify_details\023_POZD_WEB_K2-1_s1_et6_2_verify_attempt2.json","Независимая проверка AI/PNG/SHA-256 пройдена."
"002_026_20260727_164026","24","OK","Корпус 2.1/POZD_WEB_K2-1_s1_et6_3.ai","170","OK","true","1","1200","1200","600","600","true","1221","0","2465","2465","13","13","true","true","true","true","true","True","1200","1200","True","834288","605712","True","True","True","True","True","D:\AI\AITRASH\workspaces\project - Изменение масштаба для планировок квартир\09_outputs\_full_wip\20260727_full_mkd2\Корпус 2.1\х170_POZD_WEB_K2-1_s1_et6_3.ai","D:\AI\AITRASH\workspaces\project - Изменение масштаба для планировок квартир\09_outputs\_full_wip\20260727_full_mkd2\Корпус 2.1\х170_POZD_WEB_K2-1_s1_et6_3.png","D:\AI\AITRASH\workspaces\project - Изменение масштаба для планировок квартир\09_outputs\_diagnostics\full_20260727_full_mkd2\details\024_POZD_WEB_K2-1_s1_et6_3_attempt1.json","D:\AI\AITRASH\workspaces\project - Изменение масштаба для планировок квартир\09_outputs\_diagnostics\full_20260727_full_mkd2\verify_details\024_POZD_WEB_K2-1_s1_et6_3_verify_attempt2.json","Независимая проверка AI/PNG/SHA-256 пройдена."
"002_026_20260727_164026","25","OK","Корпус 2.1/POZD_WEB_K2-1_s1_et6_5.ai","110","OK","true","1","1200","1200","600","600","true","1803","0","3653","3653","13","13","true","true","true","true","true","True","1200","1200","True","1021473","418527","True","True","True","True","True","D:\AI\AITRASH\workspaces\project - Изменение масштаба для планировок квартир\09_outputs\_full_wip\20260727_full_mkd2\Корпус 2.1\х110_POZD_WEB_K2-1_s1_et6_5.ai","D:\AI\AITRASH\workspaces\project - Изменение масштаба для планировок квартир\09_outputs\_full_wip\20260727_full_mkd2\Корпус 2.1\х110_POZD_WEB_K2-1_s1_et6_5.png","D:\AI\AITRASH\workspaces\project - Изменение масштаба для планировок квартир\09_outputs\_diagnostics\full_20260727_full_mkd2\details\025_POZD_WEB_K2-1_s1_et6_5_attempt1.json","D:\AI\AITRASH\workspaces\project - Изменение масштаба для планировок квартир\09_outputs\_diagnostics\full_20260727_full_mkd2\verify_details\025_POZD_WEB_K2-1_s1_et6_5_verify_attempt2.json","Независимая проверка AI/PNG/SHA-256 пройдена."
"002_026_20260727_164026","26","OK","Корпус 2.1/POZD_WEB_K2-1_s1_et6_6.ai","170","OK","true","1","1200","1200","600","600","true","1344","0","2725","2725","13","13","true","true","true","true","true","True","1200","1200","True","808697","631303","True","True","True","True","True","D:\AI\AITRASH\workspaces\project - Изменение масштаба для планировок квартир\09_outputs\_full_wip\20260727_full_mkd2\Корпус 2.1\х170_POZD_WEB_K2-1_s1_et6_6.ai","D:\AI\AITRASH\workspaces\project - Изменение масштаба для планировок квартир\09_outputs\_full_wip\20260727_full_mkd2\Корпус 2.1\х170_POZD_WEB_K2-1_s1_et6_6.png","D:\AI\AITRASH\workspaces\project - Изменение масштаба для планировок квартир\09_outputs\_diagnostics\full_20260727_full_mkd2\details\026_POZD_WEB_K2-1_s1_et6_6_attempt1.json","D:\AI\AITRASH\workspaces\project - Изменение масштаба для планировок квартир\09_outputs\_diagnostics\full_20260727_full_mkd2\verify_details\026_POZD_WEB_K2-1_s1_et6_6_verify_attempt2.json","Независимая проверка AI/PNG/SHA-256 пройдена."
"005_009_20260727_120622","5","OK","Корпус 2.1/POZD_WEB_K2-1_s1_et1_6.ai","200","OK","true","1","1200","1200","600","600.000001","true","1601","0","3253","3253","15","15","true","true","true","true","true","True","1200","1200","True","807355","632645","True","True","True","True","True","D:\AI\AITRASH\workspaces\project - Изменение масштаба для планировок квартир\09_outputs\_full_wip\20260727_full_mkd2\Корпус 2.1\х200_POZD_WEB_K2-1_s1_et1_6.ai","D:\AI\AITRASH\workspaces\project - Изменение масштаба для планировок квартир\09_outputs\_full_wip\20260727_full_mkd2\Корпус 2.1\х200_POZD_WEB_K2-1_s1_et1_6.png","D:\AI\AITRASH\workspaces\project - Изменение масштаба для планировок квартир\09_outputs\_diagnostics\full_20260727_full_mkd2\details\005_POZD_WEB_K2-1_s1_et1_6_attempt1.json","D:\AI\AITRASH\workspaces\project - Изменение масштаба для планировок квартир\09_outputs\_diagnostics\full_20260727_full_mkd2\verify_details\005_POZD_WEB_K2-1_s1_et1_6_verify_attempt1.json","Независимая проверка AI/PNG/SHA-256 пройдена."
"005_009_20260727_120622","6","OK","Корпус 2.1/POZD_WEB_K2-1_s1_et2,4_3.ai","170","OK","true","1","1200","1200","600","600","true","1214","0","2454","2454","10","10","true","true","true","true","true","True","1200","1200","True","849069","590931","True","True","True","True","True","D:\AI\AITRASH\workspaces\project - Изменение масштаба для планировок квартир\09_outputs\_full_wip\20260727_full_mkd2\Корпус 2.1\х170_POZD_WEB_K2-1_s1_et2,4_3.ai","D:\AI\AITRASH\workspaces\project - Изменение масштаба для планировок квартир\09_outputs\_full_wip\20260727_full_mkd2\Корпус 2.1\х170_POZD_WEB_K2-1_s1_et2,4_3.png","D:\AI\AITRASH\workspaces\project - Изменение масштаба для планировок квартир\09_outputs\_diagnostics\full_20260727_full_mkd2\details\006_POZD_WEB_K2-1_s1_et2,4_3_attempt1.json","D:\AI\AITRASH\workspaces\project - Изменение масштаба для планировок квартир\09_outputs\_diagnostics\full_20260727_full_mkd2\verify_details\006_POZD_WEB_K2-1_s1_et2,4_3_verify_attempt1.json","Независимая проверка AI/PNG/SHA-256 пройдена."
"005_009_20260727_120622","7","OK","Корпус 2.1/POZD_WEB_K2-1_s1_et2,4_5.ai","120","OK","true","1","1200","1200","600","600","true","1745","0","3534","3534","10","10","true","true","true","true","true","True","1200","1200","True","956995","483005","True","True","True","True","True","D:\AI\AITRASH\workspaces\project - Изменение масштаба для планировок квартир\09_outputs\_full_wip\20260727_full_mkd2\Корпус 2.1\х120_POZD_WEB_K2-1_s1_et2,4_5.ai","D:\AI\AITRASH\workspaces\project - Изменение масштаба для планировок квартир\09_outputs\_full_wip\20260727_full_mkd2\Корпус 2.1\х120_POZD_WEB_K2-1_s1_et2,4_5.png","D:\AI\AITRASH\workspaces\project - Изменение масштаба для планировок квартир\09_outputs\_diagnostics\full_20260727_full_mkd2\details\007_POZD_WEB_K2-1_s1_et2,4_5_attempt1.json","D:\AI\AITRASH\workspaces\project - Изменение масштаба для планировок квартир\09_outputs\_diagnostics\full_20260727_full_mkd2\verify_details\007_POZD_WEB_K2-1_s1_et2,4_5_verify_attempt1.json","Независимая проверка AI/PNG/SHA-256 пройдена."
"005_009_20260727_120622","8","OK","Корпус 2.1/POZD_WEB_K2-1_s1_et2,6_4.ai","200","OK","true","1","1200","1200","600","600","true","824","0","1660","1660","10","10","true","true","true","true","true","True","1200","1200","True","850893","589107","True","True","True","True","True","D:\AI\AITRASH\workspaces\project - Изменение масштаба для планировок квартир\09_outputs\_full_wip\20260727_full_mkd2\Корпус 2.1\х200_POZD_WEB_K2-1_s1_et2,6_4.ai","D:\AI\AITRASH\workspaces\project - Изменение масштаба для планировок квартир\09_outputs\_full_wip\20260727_full_mkd2\Корпус 2.1\х200_POZD_WEB_K2-1_s1_et2,6_4.png","D:\AI\AITRASH\workspaces\project - Изменение масштаба для планировок квартир\09_outputs\_diagnostics\full_20260727_full_mkd2\details\008_POZD_WEB_K2-1_s1_et2,6_4_attempt1.json","D:\AI\AITRASH\workspaces\project - Изменение масштаба для планировок квартир\09_outputs\_diagnostics\full_20260727_full_mkd2\verify_details\008_POZD_WEB_K2-1_s1_et2,6_4_verify_attempt1.json","Независимая проверка AI/PNG/SHA-256 пройдена."
"005_009_20260727_120622","9","OK","Корпус 2.1/POZD_WEB_K2-1_s1_et2_1.ai","170","OK","true","1","1200","1200","600","600","true","1180","0","2394","2394","14","14","true","true","true","true","true","True","1200","1200","True","807387","632613","True","True","True","True","True","D:\AI\AITRASH\workspaces\project - Изменение масштаба для планировок квартир\09_outputs\_full_wip\20260727_full_mkd2\Корпус 2.1\х170_POZD_WEB_K2-1_s1_et2_1.ai","D:\AI\AITRASH\workspaces\project - Изменение масштаба для планировок квартир\09_outputs\_full_wip\20260727_full_mkd2\Корпус 2.1\х170_POZD_WEB_K2-1_s1_et2_1.png","D:\AI\AITRASH\workspaces\project - Изменение масштаба для планировок квартир\09_outputs\_diagnostics\full_20260727_full_mkd2\details\009_POZD_WEB_K2-1_s1_et2_1_attempt1.json","D:\AI\AITRASH\workspaces\project - Изменение масштаба для планировок квартир\09_outputs\_diagnostics\full_20260727_full_mkd2\verify_details\009_POZD_WEB_K2-1_s1_et2_1_verify_attempt1.json","Независимая проверка AI/PNG/SHA-256 пройдена."
"010_014_20260727_120927","10","OK","Корпус 2.1/POZD_WEB_K2-1_s1_et2_2.ai","170","OK","true","1","1200","1200","600","600","true","1208","0","2452","2452","14","14","true","true","true","true","true","True","1200","1200","True","807651","632349","True","True","True","True","True","D:\AI\AITRASH\workspaces\project - Изменение масштаба для планировок квартир\09_outputs\_full_wip\20260727_full_mkd2\Корпус 2.1\х170_POZD_WEB_K2-1_s1_et2_2.ai","D:\AI\AITRASH\workspaces\project - Изменение масштаба для планировок квартир\09_outputs\_full_wip\20260727_full_mkd2\Корпус 2.1\х170_POZD_WEB_K2-1_s1_et2_2.png","D:\AI\AITRASH\workspaces\project - Изменение масштаба для планировок квартир\09_outputs\_diagnostics\full_20260727_full_mkd2\details\010_POZD_WEB_K2-1_s1_et2_2_attempt1.json","D:\AI\AITRASH\workspaces\project - Изменение масштаба для планировок квартир\09_outputs\_diagnostics\full_20260727_full_mkd2\verify_details\010_POZD_WEB_K2-1_s1_et2_2_verify_attempt1.json","Независимая проверка AI/PNG/SHA-256 пройдена."
"010_014_20260727_120927","11","OK","Корпус 2.1/POZD_WEB_K2-1_s1_et2_6.ai","170","OK","true","1","1200","1200","600","600","true","1318","0","2672","2672","10","10","true","true","true","true","true","True","1200","1200","True","823420","616580","True","True","True","True","True","D:\AI\AITRASH\workspaces\project - Изменение масштаба для планировок квартир\09_outputs\_full_wip\20260727_full_mkd2\Корпус 2.1\х170_POZD_WEB_K2-1_s1_et2_6.ai","D:\AI\AITRASH\workspaces\project - Изменение масштаба для планировок квартир\09_outputs\_full_wip\20260727_full_mkd2\Корпус 2.1\х170_POZD_WEB_K2-1_s1_et2_6.png","D:\AI\AITRASH\workspaces\project - Изменение масштаба для планировок квартир\09_outputs\_diagnostics\full_20260727_full_mkd2\details\011_POZD_WEB_K2-1_s1_et2_6_attempt1.json","D:\AI\AITRASH\workspaces\project - Изменение масштаба для планировок квартир\09_outputs\_diagnostics\full_20260727_full_mkd2\verify_details\011_POZD_WEB_K2-1_s1_et2_6_verify_attempt1.json","Независимая проверка AI/PNG/SHA-256 пройдена."
"010_014_20260727_120927","12","OK","Корпус 2.1/POZD_WEB_K2-1_s1_et3,5_1.ai","170","OK","true","1","1200","1200","600","600","true","1155","0","2340","2340","10","10","true","true","true","true","true","True","1200","1200","True","822378","617622","True","True","True","True","True","D:\AI\AITRASH\workspaces\project - Изменение масштаба для планировок квартир\09_outputs\_full_wip\20260727_full_mkd2\Корпус 2.1\х170_POZD_WEB_K2-1_s1_et3,5_1.ai","D:\AI\AITRASH\workspaces\project - Изменение масштаба для планировок квартир\09_outputs\_full_wip\20260727_full_mkd2\Корпус 2.1\х170_POZD_WEB_K2-1_s1_et3,5_1.png","D:\AI\AITRASH\workspaces\project - Изменение масштаба для планировок квартир\09_outputs\_diagnostics\full_20260727_full_mkd2\details\012_POZD_WEB_K2-1_s1_et3,5_1_attempt1.json","D:\AI\AITRASH\workspaces\project - Изменение масштаба для планировок квартир\09_outputs\_diagnostics\full_20260727_full_mkd2\verify_details\012_POZD_WEB_K2-1_s1_et3,5_1_verify_attempt1.json","Независимая проверка AI/PNG/SHA-256 пройдена."
"010_014_20260727_120927","13","OK","Корпус 2.1/POZD_WEB_K2-1_s1_et3,5_2.ai","170","OK","true","1","1200","1200","600","600","true","1182","0","2396","2396","10","10","true","true","true","true","true","True","1200","1200","True","822369","617631","True","True","True","True","True","D:\AI\AITRASH\workspaces\project - Изменение масштаба для планировок квартир\09_outputs\_full_wip\20260727_full_mkd2\Корпус 2.1\х170_POZD_WEB_K2-1_s1_et3,5_2.ai","D:\AI\AITRASH\workspaces\project - Изменение масштаба для планировок квартир\09_outputs\_full_wip\20260727_full_mkd2\Корпус 2.1\х170_POZD_WEB_K2-1_s1_et3,5_2.png","D:\AI\AITRASH\workspaces\project - Изменение масштаба для планировок квартир\09_outputs\_diagnostics\full_20260727_full_mkd2\details\013_POZD_WEB_K2-1_s1_et3,5_2_attempt1.json","D:\AI\AITRASH\workspaces\project - Изменение масштаба для планировок квартир\09_outputs\_diagnostics\full_20260727_full_mkd2\verify_details\013_POZD_WEB_K2-1_s1_et3,5_2_verify_attempt1.json","Независимая проверка AI/PNG/SHA-256 пройдена."
"010_014_20260727_120927","14","OK","Корпус 2.1/POZD_WEB_K2-1_s1_et3,5_3.ai","170","OK","true","1","1200","1200","600","600","true","1216","0","2456","2456","10","10","true","true","true","true","true","True","1200","1200","True","846545","593455","True","True","True","True","True","D:\AI\AITRASH\workspaces\project - Изменение масштаба для планировок квартир\09_outputs\_full_wip\20260727_full_mkd2\Корпус 2.1\х170_POZD_WEB_K2-1_s1_et3,5_3.ai","D:\AI\AITRASH\workspaces\project - Изменение масштаба для планировок квартир\09_outputs\_full_wip\20260727_full_mkd2\Корпус 2.1\х170_POZD_WEB_K2-1_s1_et3,5_3.png","D:\AI\AITRASH\workspaces\project - Изменение масштаба для планировок квартир\09_outputs\_diagnostics\full_20260727_full_mkd2\details\014_POZD_WEB_K2-1_s1_et3,5_3_attempt1.json","D:\AI\AITRASH\workspaces\project - Изменение масштаба для планировок квартир\09_outputs\_diagnostics\full_20260727_full_mkd2\verify_details\014_POZD_WEB_K2-1_s1_et3,5_3_verify_attempt1.json","Независимая проверка AI/PNG/SHA-256 пройдена."
"015_019_20260727_121236","15","OK","Корпус 2.1/POZD_WEB_K2-1_s1_et3,5_4.ai","200","OK","true","1","1200","1200","600","600","true","818","0","1651","1651","10","10","true","true","true","true","true","True","1200","1200","True","850880","589120","True","True","True","True","True","D:\AI\AITRASH\workspaces\project - Изменение масштаба для планировок квартир\09_outputs\_full_wip\20260727_full_mkd2\Корпус 2.1\х200_POZD_WEB_K2-1_s1_et3,5_4.ai","D:\AI\AITRASH\workspaces\project - Изменение масштаба для планировок квартир\09_outputs\_full_wip\20260727_full_mkd2\Корпус 2.1\х200_POZD_WEB_K2-1_s1_et3,5_4.png","D:\AI\AITRASH\workspaces\project - Изменение масштаба для планировок квартир\09_outputs\_diagnostics\full_20260727_full_mkd2\details\015_POZD_WEB_K2-1_s1_et3,5_4_attempt1.json","D:\AI\AITRASH\workspaces\project - Изменение масштаба для планировок квартир\09_outputs\_diagnostics\full_20260727_full_mkd2\verify_details\015_POZD_WEB_K2-1_s1_et3,5_4_verify_attempt1.json","Независимая проверка AI/PNG/SHA-256 пройдена."
"015_019_20260727_121236","16","OK","Корпус 2.1/POZD_WEB_K2-1_s1_et3,5_5.ai","120","OK","true","1","1200","1200","600","600","true","1743","0","3524","3524","10","10","true","true","true","true","true","True","1200","1200","True","957012","482988","True","True","True","True","True","D:\AI\AITRASH\workspaces\project - Изменение масштаба для планировок квартир\09_outputs\_full_wip\20260727_full_mkd2\Корпус 2.1\х120_POZD_WEB_K2-1_s1_et3,5_5.ai","D:\AI\AITRASH\workspaces\project - Изменение масштаба для планировок квартир\09_outputs\_full_wip\20260727_full_mkd2\Корпус 2.1\х120_POZD_WEB_K2-1_s1_et3,5_5.png","D:\AI\AITRASH\workspaces\project - Изменение масштаба для планировок квартир\09_outputs\_diagnostics\full_20260727_full_mkd2\details\016_POZD_WEB_K2-1_s1_et3,5_5_attempt1.json","D:\AI\AITRASH\workspaces\project - Изменение масштаба для планировок квартир\09_outputs\_diagnostics\full_20260727_full_mkd2\verify_details\016_POZD_WEB_K2-1_s1_et3,5_5_verify_attempt1.json","Независимая проверка AI/PNG/SHA-256 пройдена."
"015_019_20260727_121236","17","OK","Корпус 2.1/POZD_WEB_K2-1_s1_et3,5_6.ai","170","OK","true","1","1200","1200","600","600","true","1320","0","2674","2674","10","10","true","true","true","true","true","True","1200","1200","True","820896","619104","True","True","True","True","True","D:\AI\AITRASH\workspaces\project - Изменение масштаба для планировок квартир\09_outputs\_full_wip\20260727_full_mkd2\Корпус 2.1\х170_POZD_WEB_K2-1_s1_et3,5_6.ai","D:\AI\AITRASH\workspaces\project - Изменение масштаба для планировок квартир\09_outputs\_full_wip\20260727_full_mkd2\Корпус 2.1\х170_POZD_WEB_K2-1_s1_et3,5_6.png","D:\AI\AITRASH\workspaces\project - Изменение масштаба для планировок квартир\09_outputs\_diagnostics\full_20260727_full_mkd2\details\017_POZD_WEB_K2-1_s1_et3,5_6_attempt1.json","D:\AI\AITRASH\workspaces\project - Изменение масштаба для планировок квартир\09_outputs\_diagnostics\full_20260727_full_mkd2\verify_details\017_POZD_WEB_K2-1_s1_et3,5_6_verify_attempt1.json","Независимая проверка AI/PNG/SHA-256 пройдена."
"015_019_20260727_121236","18","OK","Корпус 2.1/POZD_WEB_K2-1_s1_et4_1.ai","170","OK","true","1","1200","1200","600","600","true","1040","0","2330","2330","10","10","true","true","true","true","true","True","1200","1200","True","822488","617512","True","True","True","True","True","D:\AI\AITRASH\workspaces\project - Изменение масштаба для планировок квартир\09_outputs\_full_wip\20260727_full_mkd2\Корпус 2.1\х170_POZD_WEB_K2-1_s1_et4_1.ai","D:\AI\AITRASH\workspaces\project - Изменение масштаба для планировок квартир\09_outputs\_full_wip\20260727_full_mkd2\Корпус 2.1\х170_POZD_WEB_K2-1_s1_et4_1.png","D:\AI\AITRASH\workspaces\project - Изменение масштаба для планировок квартир\09_outputs\_diagnostics\full_20260727_full_mkd2\details\018_POZD_WEB_K2-1_s1_et4_1_attempt1.json","D:\AI\AITRASH\workspaces\project - Изменение масштаба для планировок квартир\09_outputs\_diagnostics\full_20260727_full_mkd2\verify_details\018_POZD_WEB_K2-1_s1_et4_1_verify_attempt1.json","Независимая проверка AI/PNG/SHA-256 пройдена."
"015_019_20260727_121236","19","OK","Корпус 2.1/POZD_WEB_K2-1_s1_et4_2.ai","170","OK","true","1","1200","1200","600","600","true","1203","0","2439","2439","14","14","true","true","true","true","true","True","1200","1200","True","807334","632666","True","True","True","True","True","D:\AI\AITRASH\workspaces\project - Изменение масштаба для планировок квартир\09_outputs\_full_wip\20260727_full_mkd2\Корпус 2.1\х170_POZD_WEB_K2-1_s1_et4_2.ai","D:\AI\AITRASH\workspaces\project - Изменение масштаба для планировок квартир\09_outputs\_full_wip\20260727_full_mkd2\Корпус 2.1\х170_POZD_WEB_K2-1_s1_et4_2.png","D:\AI\AITRASH\workspaces\project - Изменение масштаба для планировок квартир\09_outputs\_diagnostics\full_20260727_full_mkd2\details\019_POZD_WEB_K2-1_s1_et4_2_attempt1.json","D:\AI\AITRASH\workspaces\project - Изменение масштаба для планировок квартир\09_outputs\_diagnostics\full_20260727_full_mkd2\verify_details\019_POZD_WEB_K2-1_s1_et4_2_verify_attempt1.json","Независимая проверка AI/PNG/SHA-256 пройдена."
"020_024_20260727_121556","20","OK","Корпус 2.1/POZD_WEB_K2-1_s1_et4_4.ai","200","OK","true","1","1200","1200","600","600","true","845","0","1704","1704","14","14","true","true","true","true","true","True","1200","1200","True","830934","609066","True","True","True","True","True","D:\AI\AITRASH\workspaces\project - Изменение масштаба для планировок квартир\09_outputs\_full_wip\20260727_full_mkd2\Корпус 2.1\х200_POZD_WEB_K2-1_s1_et4_4.ai","D:\AI\AITRASH\workspaces\project - Изменение масштаба для планировок квартир\09_outputs\_full_wip\20260727_full_mkd2\Корпус 2.1\х200_POZD_WEB_K2-1_s1_et4_4.png","D:\AI\AITRASH\workspaces\project - Изменение масштаба для планировок квартир\09_outputs\_diagnostics\full_20260727_full_mkd2\details\020_POZD_WEB_K2-1_s1_et4_4_attempt1.json","D:\AI\AITRASH\workspaces\project - Изменение масштаба для планировок квартир\09_outputs\_diagnostics\full_20260727_full_mkd2\verify_details\020_POZD_WEB_K2-1_s1_et4_4_verify_attempt1.json","Независимая проверка AI/PNG/SHA-256 пройдена."
"020_024_20260727_121556","21","OK","Корпус 2.1/POZD_WEB_K2-1_s1_et4_6.ai","170","OK","true","1","1200","1200","600","600","true","1329","0","2696","2696","13","13","true","true","true","true","true","True","1200","1200","True","808363","631637","True","True","True","True","True","D:\AI\AITRASH\workspaces\project - Изменение масштаба для планировок квартир\09_outputs\_full_wip\20260727_full_mkd2\Корпус 2.1\х170_POZD_WEB_K2-1_s1_et4_6.ai","D:\AI\AITRASH\workspaces\project - Изменение масштаба для планировок квартир\09_outputs\_full_wip\20260727_full_mkd2\Корпус 2.1\х170_POZD_WEB_K2-1_s1_et4_6.png","D:\AI\AITRASH\workspaces\project - Изменение масштаба для планировок квартир\09_outputs\_diagnostics\full_20260727_full_mkd2\details\021_POZD_WEB_K2-1_s1_et4_6_attempt1.json","D:\AI\AITRASH\workspaces\project - Изменение масштаба для планировок квартир\09_outputs\_diagnostics\full_20260727_full_mkd2\verify_details\021_POZD_WEB_K2-1_s1_et4_6_verify_attempt1.json","Независимая проверка AI/PNG/SHA-256 пройдена."
"020_024_20260727_121556","22","OK","Корпус 2.1/POZD_WEB_K2-1_s1_et6_1.ai","170","OK","true","1","1200","1200","600","600","true","1212","0","2461","2461","13","13","true","true","true","true","true","True","1200","1200","True","792629","647371","True","True","True","True","True","D:\AI\AITRASH\workspaces\project - Изменение масштаба для планировок квартир\09_outputs\_full_wip\20260727_full_mkd2\Корпус 2.1\х170_POZD_WEB_K2-1_s1_et6_1.ai","D:\AI\AITRASH\workspaces\project - Изменение масштаба для планировок квартир\09_outputs\_full_wip\20260727_full_mkd2\Корпус 2.1\х170_POZD_WEB_K2-1_s1_et6_1.png","D:\AI\AITRASH\workspaces\project - Изменение масштаба для планировок квартир\09_outputs\_diagnostics\full_20260727_full_mkd2\details\022_POZD_WEB_K2-1_s1_et6_1_attempt1.json","D:\AI\AITRASH\workspaces\project - Изменение масштаба для планировок квартир\09_outputs\_diagnostics\full_20260727_full_mkd2\verify_details\022_POZD_WEB_K2-1_s1_et6_1_verify_attempt1.json","Независимая проверка AI/PNG/SHA-256 пройдена."
"020_024_20260727_121556","23","OK","Корпус 2.1/POZD_WEB_K2-1_s1_et6_2.ai","170","OK","true","1","1200","1200","600","600","true","1203","0","2443","2443","13","13","true","true","true","true","true","True","1200","1200","True","807485","632515","True","True","True","True","True","D:\AI\AITRASH\workspaces\project - Изменение масштаба для планировок квартир\09_outputs\_full_wip\20260727_full_mkd2\Корпус 2.1\х170_POZD_WEB_K2-1_s1_et6_2.ai","D:\AI\AITRASH\workspaces\project - Изменение масштаба для планировок квартир\09_outputs\_full_wip\20260727_full_mkd2\Корпус 2.1\х170_POZD_WEB_K2-1_s1_et6_2.png","D:\AI\AITRASH\workspaces\project - Изменение масштаба для планировок квартир\09_outputs\_diagnostics\full_20260727_full_mkd2\details\023_POZD_WEB_K2-1_s1_et6_2_attempt1.json","D:\AI\AITRASH\workspaces\project - Изменение масштаба для планировок квартир\09_outputs\_diagnostics\full_20260727_full_mkd2\verify_details\023_POZD_WEB_K2-1_s1_et6_2_verify_attempt1.json","Независимая проверка AI/PNG/SHA-256 пройдена."
"020_024_20260727_121556","24","OK","Корпус 2.1/POZD_WEB_K2-1_s1_et6_3.ai","170","OK","true","1","1200","1200","600","600","true","1221","0","2465","2465","13","13","true","true","true","true","true","True","1200","1200","True","834288","605712","True","True","True","True","True","D:\AI\AITRASH\workspaces\project - Изменение масштаба для планировок квартир\09_outputs\_full_wip\20260727_full_mkd2\Корпус 2.1\х170_POZD_WEB_K2-1_s1_et6_3.ai","D:\AI\AITRASH\workspaces\project - Изменение масштаба для планировок квартир\09_outputs\_full_wip\20260727_full_mkd2\Корпус 2.1\х170_POZD_WEB_K2-1_s1_et6_3.png","D:\AI\AITRASH\workspaces\project - Изменение масштаба для планировок квартир\09_outputs\_diagnostics\full_20260727_full_mkd2\details\024_POZD_WEB_K2-1_s1_et6_3_attempt1.json","D:\AI\AITRASH\workspaces\project - Изменение масштаба для планировок квартир\09_outputs\_diagnostics\full_20260727_full_mkd2\verify_details\024_POZD_WEB_K2-1_s1_et6_3_verify_attempt1.json","Независимая проверка AI/PNG/SHA-256 пройдена."
"025_029_20260727_122001","25","OK","Корпус 2.1/POZD_WEB_K2-1_s1_et6_5.ai","110","OK","true","1","1200","1200","600","600","true","1803","0","3653","3653","13","13","true","true","true","true","true","True","1200","1200","True","1021473","418527","True","True","True","True","True","D:\AI\AITRASH\workspaces\project - Изменение масштаба для планировок квартир\09_outputs\_full_wip\20260727_full_mkd2\Корпус 2.1\х110_POZD_WEB_K2-1_s1_et6_5.ai","D:\AI\AITRASH\workspaces\project - Изменение масштаба для планировок квартир\09_outputs\_full_wip\20260727_full_mkd2\Корпус 2.1\х110_POZD_WEB_K2-1_s1_et6_5.png","D:\AI\AITRASH\workspaces\project - Изменение масштаба для планировок квартир\09_outputs\_diagnostics\full_20260727_full_mkd2\details\025_POZD_WEB_K2-1_s1_et6_5_attempt1.json","D:\AI\AITRASH\workspaces\project - Изменение масштаба для планировок квартир\09_outputs\_diagnostics\full_20260727_full_mkd2\verify_details\025_POZD_WEB_K2-1_s1_et6_5_verify_attempt1.json","Независимая проверка AI/PNG/SHA-256 пройдена."
"025_029_20260727_122001","26","OK","Корпус 2.1/POZD_WEB_K2-1_s1_et6_6.ai","170","OK","true","1","1200","1200","600","600","true","1344","0","2725","2725","13","13","true","true","true","true","true","True","1200","1200","True","808697","631303","True","True","True","True","True","D:\AI\AITRASH\workspaces\project - Изменение масштаба для планировок квартир\09_outputs\_full_wip\20260727_full_mkd2\Корпус 2.1\х170_POZD_WEB_K2-1_s1_et6_6.ai","D:\AI\AITRASH\workspaces\project - Изменение масштаба для планировок квартир\09_outputs\_full_wip\20260727_full_mkd2\Корпус 2.1\х170_POZD_WEB_K2-1_s1_et6_6.png","D:\AI\AITRASH\workspaces\project - Изменение масштаба для планировок квартир\09_outputs\_diagnostics\full_20260727_full_mkd2\details\026_POZD_WEB_K2-1_s1_et6_6_attempt1.json","D:\AI\AITRASH\workspaces\project - Изменение масштаба для планировок квартир\09_outputs\_diagnostics\full_20260727_full_mkd2\verify_details\026_POZD_WEB_K2-1_s1_et6_6_verify_attempt1.json","Независимая проверка AI/PNG/SHA-256 пройдена."
"025_029_20260727_122001","27","OK","Корпус 2.1/POZD_WEB_K2-1_s2_et1_1.ai","170","OK","true","1","1200","1200","600","600","true","2304","0","4664","4664","16","16","true","true","true","true","true","True","1200","1200","True","708700","731300","True","True","True","True","True","D:\AI\AITRASH\workspaces\project - Изменение масштаба для планировок квартир\09_outputs\_full_wip\20260727_full_mkd2\Корпус 2.1\х170_POZD_WEB_K2-1_s2_et1_1.ai","D:\AI\AITRASH\workspaces\project - Изменение масштаба для планировок квартир\09_outputs\_full_wip\20260727_full_mkd2\Корпус 2.1\х170_POZD_WEB_K2-1_s2_et1_1.png","D:\AI\AITRASH\workspaces\project - Изменение масштаба для планировок квартир\09_outputs\_diagnostics\full_20260727_full_mkd2\details\027_POZD_WEB_K2-1_s2_et1_1_attempt1.json","D:\AI\AITRASH\workspaces\project - Изменение масштаба для планировок квартир\09_outputs\_diagnostics\full_20260727_full_mkd2\verify_details\027_POZD_WEB_K2-1_s2_et1_1_verify_attempt1.json","Независимая проверка AI/PNG/SHA-256 пройдена."
"025_029_20260727_122001","28","OK","Корпус 2.1/POZD_WEB_K2-1_s2_et1_2.ai","200","OK","true","1","1200","1200","600","600","true","1586","0","3228","3228","15","15","true","true","true","true","true","True","1200","1200","True","716890","723110","True","True","True","True","True","D:\AI\AITRASH\workspaces\project - Изменение масштаба для планировок квартир\09_outputs\_full_wip\20260727_full_mkd2\Корпус 2.1\х200_POZD_WEB_K2-1_s2_et1_2.ai","D:\AI\AITRASH\workspaces\project - Изменение масштаба для планировок квартир\09_outputs\_full_wip\20260727_full_mkd2\Корпус 2.1\х200_POZD_WEB_K2-1_s2_et1_2.png","D:\AI\AITRASH\workspaces\project - Изменение масштаба для планировок квартир\09_outputs\_diagnostics\full_20260727_full_mkd2\details\028_POZD_WEB_K2-1_s2_et1_2_attempt1.json","D:\AI\AITRASH\workspaces\project - Изменение масштаба для планировок квартир\09_outputs\_diagnostics\full_20260727_full_mkd2\verify_details\028_POZD_WEB_K2-1_s2_et1_2_verify_attempt1.json","Независимая проверка AI/PNG/SHA-256 пройдена."
"025_029_20260727_122001","29","OK","Корпус 2.1/POZD_WEB_K2-1_s2_et1_3.ai","200","OK","true","1","1200","1200","600","600","true","980","0","1979","1979","10","10","true","true","true","true","true","True","1200","1200","True","762736","677264","True","True","True","True","True","D:\AI\AITRASH\workspaces\project - Изменение масштаба для планировок квартир\09_outputs\_full_wip\20260727_full_mkd2\Корпус 2.1\х200_POZD_WEB_K2-1_s2_et1_3.ai","D:\AI\AITRASH\workspaces\project - Изменение масштаба для планировок квартир\09_outputs\_full_wip\20260727_full_mkd2\Корпус 2.1\х200_POZD_WEB_K2-1_s2_et1_3.png","D:\AI\AITRASH\workspaces\project - Изменение масштаба для планировок квартир\09_outputs\_diagnostics\full_20260727_full_mkd2\details\029_POZD_WEB_K2-1_s2_et1_3_attempt1.json","D:\AI\AITRASH\workspaces\project - Изменение масштаба для планировок квартир\09_outputs\_diagnostics\full_20260727_full_mkd2\verify_details\029_POZD_WEB_K2-1_s2_et1_3_verify_attempt1.json","Независимая проверка AI/PNG/SHA-256 пройдена."
"027_051_20260727_164644","27","OK","Корпус 2.1/POZD_WEB_K2-1_s2_et1_1.ai","170","OK","true","1","1200","1200","600","600","true","2304","0","4664","4664","16","16","true","true","true","true","true","True","1200","1200","True","708700","731300","True","True","True","True","True","D:\AI\AITRASH\workspaces\project - Изменение масштаба для планировок квартир\09_outputs\_full_wip\20260727_full_mkd2\Корпус 2.1\х170_POZD_WEB_K2-1_s2_et1_1.ai","D:\AI\AITRASH\workspaces\project - Изменение масштаба для планировок квартир\09_outputs\_full_wip\20260727_full_mkd2\Корпус 2.1\х170_POZD_WEB_K2-1_s2_et1_1.png","D:\AI\AITRASH\workspaces\project - Изменение масштаба для планировок квартир\09_outputs\_diagnostics\full_20260727_full_mkd2\details\027_POZD_WEB_K2-1_s2_et1_1_attempt1.json","D:\AI\AITRASH\workspaces\project - Изменение масштаба для планировок квартир\09_outputs\_diagnostics\full_20260727_full_mkd2\verify_details\027_POZD_WEB_K2-1_s2_et1_1_verify_attempt2.json","Независимая проверка AI/PNG/SHA-256 пройдена."
"027_051_20260727_164644","28","OK","Корпус 2.1/POZD_WEB_K2-1_s2_et1_2.ai","200","OK","true","1","1200","1200","600","600","true","1586","0","3228","3228","15","15","true","true","true","true","true","True","1200","1200","True","716890","723110","True","True","True","True","True","D:\AI\AITRASH\workspaces\project - Изменение масштаба для планировок квартир\09_outputs\_full_wip\20260727_full_mkd2\Корпус 2.1\х200_POZD_WEB_K2-1_s2_et1_2.ai","D:\AI\AITRASH\workspaces\project - Изменение масштаба для планировок квартир\09_outputs\_full_wip\20260727_full_mkd2\Корпус 2.1\х200_POZD_WEB_K2-1_s2_et1_2.png","D:\AI\AITRASH\workspaces\project - Изменение масштаба для планировок квартир\09_outputs\_diagnostics\full_20260727_full_mkd2\details\028_POZD_WEB_K2-1_s2_et1_2_attempt1.json","D:\AI\AITRASH\workspaces\project - Изменение масштаба для планировок квартир\09_outputs\_diagnostics\full_20260727_full_mkd2\verify_details\028_POZD_WEB_K2-1_s2_et1_2_verify_attempt2.json","Независимая проверка AI/PNG/SHA-256 пройдена."
"027_051_20260727_164644","29","OK","Корпус 2.1/POZD_WEB_K2-1_s2_et1_3.ai","200","OK","true","1","1200","1200","600","600","true","980","0","1979","1979","10","10","true","true","true","true","true","True","1200","1200","True","762736","677264","True","True","True","True","True","D:\AI\AITRASH\workspaces\project - Изменение масштаба для планировок квартир\09_outputs\_full_wip\20260727_full_mkd2\Корпус 2.1\х200_POZD_WEB_K2-1_s2_et1_3.ai","D:\AI\AITRASH\workspaces\project - Изменение масштаба для планировок квартир\09_outputs\_full_wip\20260727_full_mkd2\Корпус 2.1\х200_POZD_WEB_K2-1_s2_et1_3.png","D:\AI\AITRASH\workspaces\project - Изменение масштаба для планировок квартир\09_outputs\_diagnostics\full_20260727_full_mkd2\details\029_POZD_WEB_K2-1_s2_et1_3_attempt1.json","D:\AI\AITRASH\workspaces\project - Изменение масштаба для планировок квартир\09_outputs\_diagnostics\full_20260727_full_mkd2\verify_details\029_POZD_WEB_K2-1_s2_et1_3_verify_attempt2.json","Независимая проверка AI/PNG/SHA-256 пройдена."
"027_051_20260727_164644","30","OK","Корпус 2.1/POZD_WEB_K2-1_s2_et1_4.ai","200","OK","true","1","1200","1200","600","600","true","834","0","1692","1692","10","10","true","true","true","true","true","True","1200","1200","True","850567","589433","True","True","True","True","True","D:\AI\AITRASH\workspaces\project - Изменение масштаба для планировок квартир\09_outputs\_full_wip\20260727_full_mkd2\Корпус 2.1\х200_POZD_WEB_K2-1_s2_et1_4.ai","D:\AI\AITRASH\workspaces\project - Изменение масштаба для планировок квартир\09_outputs\_full_wip\20260727_full_mkd2\Корпус 2.1\х200_POZD_WEB_K2-1_s2_et1_4.png","D:\AI\AITRASH\workspaces\project - Изменение масштаба для планировок квартир\09_outputs\_diagnostics\full_20260727_full_mkd2\details\030_POZD_WEB_K2-1_s2_et1_4_attempt1.json","D:\AI\AITRASH\workspaces\project - Изменение масштаба для планировок квартир\09_outputs\_diagnostics\full_20260727_full_mkd2\verify_details\030_POZD_WEB_K2-1_s2_et1_4_verify_attempt2.json","Независимая проверка AI/PNG/SHA-256 пройдена."
"027_051_20260727_164644","31","OK","Корпус 2.1/POZD_WEB_K2-1_s2_et1_5.ai","200","OK","true","1","1200","1200","600","600","true","793","0","1607","1607","11","11","true","true","true","true","true","True","1200","1200","True","853790","586210","True","True","True","True","True","D:\AI\AITRASH\workspaces\project - Изменение масштаба для планировок квартир\09_outputs\_full_wip\20260727_full_mkd2\Корпус 2.1\х200_POZD_WEB_K2-1_s2_et1_5.ai","D:\AI\AITRASH\workspaces\project - Изменение масштаба для планировок квартир\09_outputs\_full_wip\20260727_full_mkd2\Корпус 2.1\х200_POZD_WEB_K2-1_s2_et1_5.png","D:\AI\AITRASH\workspaces\project - Изменение масштаба для планировок квартир\09_outputs\_diagnostics\full_20260727_full_mkd2\details\031_POZD_WEB_K2-1_s2_et1_5_attempt1.json","D:\AI\AITRASH\workspaces\project - Изменение масштаба для планировок квартир\09_outputs\_diagnostics\full_20260727_full_mkd2\verify_details\031_POZD_WEB_K2-1_s2_et1_5_verify_attempt2.json","Независимая проверка AI/PNG/SHA-256 пройдена."
"027_051_20260727_164644","32","OK","Корпус 2.1/POZD_WEB_K2-1_s2_et1_6.ai","170","OK","true","1","1200","1200","600","600","true","1260","0","2544","2544","11","11","true","true","true","true","true","True","1200","1200","True","754094","685906","True","True","True","True","True","D:\AI\AITRASH\workspaces\project - Изменение масштаба для планировок квартир\09_outputs\_full_wip\20260727_full_mkd2\Корпус 2.1\х170_POZD_WEB_K2-1_s2_et1_6.ai","D:\AI\AITRASH\workspaces\project - Изменение масштаба для планировок квартир\09_outputs\_full_wip\20260727_full_mkd2\Корпус 2.1\х170_POZD_WEB_K2-1_s2_et1_6.png","D:\AI\AITRASH\workspaces\project - Изменение масштаба для планировок квартир\09_outputs\_diagnostics\full_20260727_full_mkd2\details\032_POZD_WEB_K2-1_s2_et1_6_attempt1.json","D:\AI\AITRASH\workspaces\project - Изменение масштаба для планировок квартир\09_outputs\_diagnostics\full_20260727_full_mkd2\verify_details\032_POZD_WEB_K2-1_s2_et1_6_verify_attempt2.json","Независимая проверка AI/PNG/SHA-256 пройдена."
"027_051_20260727_164644","33","OK","Корпус 2.1/POZD_WEB_K2-1_s2_et1_7.ai","170","OK","true","1","1200","1200","600","600","true","1193","0","2405","2405","11","11","true","true","true","true","true","True","1200","1200","True","850506","589494","True","True","True","True","True","D:\AI\AITRASH\workspaces\project - Изменение масштаба для планировок квартир\09_outputs\_full_wip\20260727_full_mkd2\Корпус 2.1\х170_POZD_WEB_K2-1_s2_et1_7.ai","D:\AI\AITRASH\workspaces\project - Изменение масштаба для планировок квартир\09_outputs\_full_wip\20260727_full_mkd2\Корпус 2.1\х170_POZD_WEB_K2-1_s2_et1_7.png","D:\AI\AITRASH\workspaces\project - Изменение масштаба для планировок квартир\09_outputs\_diagnostics\full_20260727_full_mkd2\details\033_POZD_WEB_K2-1_s2_et1_7_attempt1.json","D:\AI\AITRASH\workspaces\project - Изменение масштаба для планировок квартир\09_outputs\_diagnostics\full_20260727_full_mkd2\verify_details\033_POZD_WEB_K2-1_s2_et1_7_verify_attempt2.json","Независимая проверка AI/PNG/SHA-256 пройдена."
"027_051_20260727_164644","34","OK","Корпус 2.1/POZD_WEB_K2-1_s2_et1_8.ai","150","OK","true","1","1200","1200","600","600","true","1363","0","2756","2756","10","10","true","true","true","true","true","True","1200","1200","True","849857","590143","True","True","True","True","True","D:\AI\AITRASH\workspaces\project - Изменение масштаба для планировок квартир\09_outputs\_full_wip\20260727_full_mkd2\Корпус 2.1\х150_POZD_WEB_K2-1_s2_et1_8.ai","D:\AI\AITRASH\workspaces\project - Изменение масштаба для планировок квартир\09_outputs\_full_wip\20260727_full_mkd2\Корпус 2.1\х150_POZD_WEB_K2-1_s2_et1_8.png","D:\AI\AITRASH\workspaces\project - Изменение масштаба для планировок квартир\09_outputs\_diagnostics\full_20260727_full_mkd2\details\034_POZD_WEB_K2-1_s2_et1_8_attempt1.json","D:\AI\AITRASH\workspaces\project - Изменение масштаба для планировок квартир\09_outputs\_diagnostics\full_20260727_full_mkd2\verify_details\034_POZD_WEB_K2-1_s2_et1_8_verify_attempt2.json","Независимая проверка AI/PNG/SHA-256 пройдена."
"027_051_20260727_164644","35","OK","Корпус 2.1/POZD_WEB_K2-1_s2_et2,4_1.ai","200","OK","true","1","1200","1200","600","600","true","1214","0","2453","2453","10","10","true","true","true","true","true","True","1200","1200","True","610935","829065","True","True","True","True","True","D:\AI\AITRASH\workspaces\project - Изменение масштаба для планировок квартир\09_outputs\_full_wip\20260727_full_mkd2\Корпус 2.1\х200_POZD_WEB_K2-1_s2_et2,4_1.ai","D:\AI\AITRASH\workspaces\project - Изменение масштаба для планировок квартир\09_outputs\_full_wip\20260727_full_mkd2\Корпус 2.1\х200_POZD_WEB_K2-1_s2_et2,4_1.png","D:\AI\AITRASH\workspaces\project - Изменение масштаба для планировок квартир\09_outputs\_diagnostics\full_20260727_full_mkd2\details\035_POZD_WEB_K2-1_s2_et2,4_1_attempt1.json","D:\AI\AITRASH\workspaces\project - Изменение масштаба для планировок квартир\09_outputs\_diagnostics\full_20260727_full_mkd2\verify_details\035_POZD_WEB_K2-1_s2_et2,4_1_verify_attempt2.json","Независимая проверка AI/PNG/SHA-256 пройдена."
"027_051_20260727_164644","36","OK","Корпус 2.1/POZD_WEB_K2-1_s2_et2,4_4.ai","200","OK","true","1","1200","1200","600","600","true","858","0","1732","1732","10","10","true","true","true","true","true","True","1200","1200","True","852500","587500","True","True","True","True","True","D:\AI\AITRASH\workspaces\project - Изменение масштаба для планировок квартир\09_outputs\_full_wip\20260727_full_mkd2\Корпус 2.1\х200_POZD_WEB_K2-1_s2_et2,4_4.ai","D:\AI\AITRASH\workspaces\project - Изменение масштаба для планировок квартир\09_outputs\_full_wip\20260727_full_mkd2\Корпус 2.1\х200_POZD_WEB_K2-1_s2_et2,4_4.png","D:\AI\AITRASH\workspaces\project - Изменение масштаба для планировок квартир\09_outputs\_diagnostics\full_20260727_full_mkd2\details\036_POZD_WEB_K2-1_s2_et2,4_4_attempt1.json","D:\AI\AITRASH\workspaces\project - Изменение масштаба для планировок квартир\09_outputs\_diagnostics\full_20260727_full_mkd2\verify_details\036_POZD_WEB_K2-1_s2_et2,4_4_verify_attempt2.json","Независимая проверка AI/PNG/SHA-256 пройдена."
"027_051_20260727_164644","37","OK","Корпус 2.1/POZD_WEB_K2-1_s2_et2,4_8.ai","170","OK","true","1","1200","1200","600","600","true","1315","0","2673","2673","10","10","true","true","true","true","true","True","1200","1200","True","742740","697260","True","True","True","True","True","D:\AI\AITRASH\workspaces\project - Изменение масштаба для планировок квартир\09_outputs\_full_wip\20260727_full_mkd2\Корпус 2.1\х170_POZD_WEB_K2-1_s2_et2,4_8.ai","D:\AI\AITRASH\workspaces\project - Изменение масштаба для планировок квартир\09_outputs\_full_wip\20260727_full_mkd2\Корпус 2.1\х170_POZD_WEB_K2-1_s2_et2,4_8.png","D:\AI\AITRASH\workspaces\project - Изменение масштаба для планировок квартир\09_outputs\_diagnostics\full_20260727_full_mkd2\details\037_POZD_WEB_K2-1_s2_et2,4_8_attempt1.json","D:\AI\AITRASH\workspaces\project - Изменение масштаба для планировок квартир\09_outputs\_diagnostics\full_20260727_full_mkd2\verify_details\037_POZD_WEB_K2-1_s2_et2,4_8_verify_attempt2.json","Независимая проверка AI/PNG/SHA-256 пройдена."
"027_051_20260727_164644","38","OK","Корпус 2.1/POZD_WEB_K2-1_s2_et2,6_2.ai","200","OK","true","1","1200","1200","600","600","true","833","0","1683","1683","10","10","true","true","true","true","true","True","1200","1200","True","848935","591065","True","True","True","True","True","D:\AI\AITRASH\workspaces\project - Изменение масштаба для планировок квартир\09_outputs\_full_wip\20260727_full_mkd2\Корпус 2.1\х200_POZD_WEB_K2-1_s2_et2,6_2.ai","D:\AI\AITRASH\workspaces\project - Изменение масштаба для планировок квартир\09_outputs\_full_wip\20260727_full_mkd2\Корпус 2.1\х200_POZD_WEB_K2-1_s2_et2,6_2.png","D:\AI\AITRASH\workspaces\project - Изменение масштаба для планировок квартир\09_outputs\_diagnostics\full_20260727_full_mkd2\details\038_POZD_WEB_K2-1_s2_et2,6_2_attempt2.json","D:\AI\AITRASH\workspaces\project - Изменение масштаба для планировок квартир\09_outputs\_diagnostics\full_20260727_full_mkd2\verify_details\038_POZD_WEB_K2-1_s2_et2,6_2_verify_attempt2.json","Независимая проверка AI/PNG/SHA-256 пройдена."
"027_051_20260727_164644","39","OK","Корпус 2.1/POZD_WEB_K2-1_s2_et2,6_3.ai","200","OK","true","1","1200","1200","600","600","true","897","0","1813","1813","10","10","true","true","true","true","true","True","1200","1200","True","763772","676228","True","True","True","True","True","D:\AI\AITRASH\workspaces\project - Изменение масштаба для планировок квартир\09_outputs\_full_wip\20260727_full_mkd2\Корпус 2.1\х200_POZD_WEB_K2-1_s2_et2,6_3.ai","D:\AI\AITRASH\workspaces\project - Изменение масштаба для планировок квартир\09_outputs\_full_wip\20260727_full_mkd2\Корпус 2.1\х200_POZD_WEB_K2-1_s2_et2,6_3.png","D:\AI\AITRASH\workspaces\project - Изменение масштаба для планировок квартир\09_outputs\_diagnostics\full_20260727_full_mkd2\details\039_POZD_WEB_K2-1_s2_et2,6_3_attempt1.json","D:\AI\AITRASH\workspaces\project - Изменение масштаба для планировок квартир\09_outputs\_diagnostics\full_20260727_full_mkd2\verify_details\039_POZD_WEB_K2-1_s2_et2,6_3_verify_attempt2.json","Независимая проверка AI/PNG/SHA-256 пройдена."
"027_051_20260727_164644","40","OK","Корпус 2.1/POZD_WEB_K2-1_s2_et2,6_5.ai","200","OK","true","1","1200","1200","600","600","true","839","0","1699","1699","10","10","true","true","true","true","true","True","1200","1200","True","855454","584546","True","True","True","True","True","D:\AI\AITRASH\workspaces\project - Изменение масштаба для планировок квартир\09_outputs\_full_wip\20260727_full_mkd2\Корпус 2.1\х200_POZD_WEB_K2-1_s2_et2,6_5.ai","D:\AI\AITRASH\workspaces\project - Изменение масштаба для планировок квартир\09_outputs\_full_wip\20260727_full_mkd2\Корпус 2.1\х200_POZD_WEB_K2-1_s2_et2,6_5.png","D:\AI\AITRASH\workspaces\project - Изменение масштаба для планировок квартир\09_outputs\_diagnostics\full_20260727_full_mkd2\details\040_POZD_WEB_K2-1_s2_et2,6_5_attempt1.json","D:\AI\AITRASH\workspaces\project - Изменение масштаба для планировок квартир\09_outputs\_diagnostics\full_20260727_full_mkd2\verify_details\040_POZD_WEB_K2-1_s2_et2,6_5_verify_attempt2.json","Независимая проверка AI/PNG/SHA-256 пройдена."
"027_051_20260727_164644","41","OK","Корпус 2.1/POZD_WEB_K2-1_s2_et2_6.ai","150","OK","true","1","1200","1200","600","600","true","1580","0","3200","3200","10","10","true","true","true","true","true","True","1200","1200","True","765414","674586","True","True","True","True","True","D:\AI\AITRASH\workspaces\project - Изменение масштаба для планировок квартир\09_outputs\_full_wip\20260727_full_mkd2\Корпус 2.1\х150_POZD_WEB_K2-1_s2_et2_6.ai","D:\AI\AITRASH\workspaces\project - Изменение масштаба для планировок квартир\09_outputs\_full_wip\20260727_full_mkd2\Корпус 2.1\х150_POZD_WEB_K2-1_s2_et2_6.png","D:\AI\AITRASH\workspaces\project - Изменение масштаба для планировок квартир\09_outputs\_diagnostics\full_20260727_full_mkd2\details\041_POZD_WEB_K2-1_s2_et2_6_attempt1.json","D:\AI\AITRASH\workspaces\project - Изменение масштаба для планировок квартир\09_outputs\_diagnostics\full_20260727_full_mkd2\verify_details\041_POZD_WEB_K2-1_s2_et2_6_verify_attempt2.json","Независимая проверка AI/PNG/SHA-256 пройдена."
"027_051_20260727_164644","42","OK","Корпус 2.1/POZD_WEB_K2-1_s2_et2_7.ai","170","OK","true","1","1200","1200","600","600","true","1142","0","2302","2302","10","10","true","true","true","true","true","True","1200","1200","True","850724","589276","True","True","True","True","True","D:\AI\AITRASH\workspaces\project - Изменение масштаба для планировок квартир\09_outputs\_full_wip\20260727_full_mkd2\Корпус 2.1\х170_POZD_WEB_K2-1_s2_et2_7.ai","D:\AI\AITRASH\workspaces\project - Изменение масштаба для планировок квартир\09_outputs\_full_wip\20260727_full_mkd2\Корпус 2.1\х170_POZD_WEB_K2-1_s2_et2_7.png","D:\AI\AITRASH\workspaces\project - Изменение масштаба для планировок квартир\09_outputs\_diagnostics\full_20260727_full_mkd2\details\042_POZD_WEB_K2-1_s2_et2_7_attempt1.json","D:\AI\AITRASH\workspaces\project - Изменение масштаба для планировок квартир\09_outputs\_diagnostics\full_20260727_full_mkd2\verify_details\042_POZD_WEB_K2-1_s2_et2_7_verify_attempt2.json","Независимая проверка AI/PNG/SHA-256 пройдена."
"027_051_20260727_164644","43","OK","Корпус 2.1/POZD_WEB_K2-1_s2_et2_9.ai","170","OK","true","1","1200","1200","600","600","true","1397","0","2822","2822","10","10","true","true","true","true","true","True","1200","1200","True","695848","744152","True","True","True","True","True","D:\AI\AITRASH\workspaces\project - Изменение масштаба для планировок квартир\09_outputs\_full_wip\20260727_full_mkd2\Корпус 2.1\х170_POZD_WEB_K2-1_s2_et2_9.ai","D:\AI\AITRASH\workspaces\project - Изменение масштаба для планировок квартир\09_outputs\_full_wip\20260727_full_mkd2\Корпус 2.1\х170_POZD_WEB_K2-1_s2_et2_9.png","D:\AI\AITRASH\workspaces\project - Изменение масштаба для планировок квартир\09_outputs\_diagnostics\full_20260727_full_mkd2\details\043_POZD_WEB_K2-1_s2_et2_9_attempt1.json","D:\AI\AITRASH\workspaces\project - Изменение масштаба для планировок квартир\09_outputs\_diagnostics\full_20260727_full_mkd2\verify_details\043_POZD_WEB_K2-1_s2_et2_9_verify_attempt2.json","Независимая проверка AI/PNG/SHA-256 пройдена."
"027_051_20260727_164644","44","OK","Корпус 2.1/POZD_WEB_K2-1_s2_et3,5_1.ai","200","OK","true","1","1200","1200","600","600","true","1221","0","2467","2467","10","10","true","true","true","true","true","True","1200","1200","True","610782","829218","True","True","True","True","True","D:\AI\AITRASH\workspaces\project - Изменение масштаба для планировок квартир\09_outputs\_full_wip\20260727_full_mkd2\Корпус 2.1\х200_POZD_WEB_K2-1_s2_et3,5_1.ai","D:\AI\AITRASH\workspaces\project - Изменение масштаба для планировок квартир\09_outputs\_full_wip\20260727_full_mkd2\Корпус 2.1\х200_POZD_WEB_K2-1_s2_et3,5_1.png","D:\AI\AITRASH\workspaces\project - Изменение масштаба для планировок квартир\09_outputs\_diagnostics\full_20260727_full_mkd2\details\044_POZD_WEB_K2-1_s2_et3,5_1_attempt1.json","D:\AI\AITRASH\workspaces\project - Изменение масштаба для планировок квартир\09_outputs\_diagnostics\full_20260727_full_mkd2\verify_details\044_POZD_WEB_K2-1_s2_et3,5_1_verify_attempt2.json","Независимая проверка AI/PNG/SHA-256 пройдена."
"027_051_20260727_164644","45","OK","Корпус 2.1/POZD_WEB_K2-1_s2_et3,5_2.ai","200","OK","true","1","1200","1200","600","600","true","833","0","1689","1689","10","10","true","true","true","true","true","True","1200","1200","True","848934","591066","True","True","True","True","True","D:\AI\AITRASH\workspaces\project - Изменение масштаба для планировок квартир\09_outputs\_full_wip\20260727_full_mkd2\Корпус 2.1\х200_POZD_WEB_K2-1_s2_et3,5_2.ai","D:\AI\AITRASH\workspaces\project - Изменение масштаба для планировок квартир\09_outputs\_full_wip\20260727_full_mkd2\Корпус 2.1\х200_POZD_WEB_K2-1_s2_et3,5_2.png","D:\AI\AITRASH\workspaces\project - Изменение масштаба для планировок квартир\09_outputs\_diagnostics\full_20260727_full_mkd2\details\045_POZD_WEB_K2-1_s2_et3,5_2_attempt1.json","D:\AI\AITRASH\workspaces\project - Изменение масштаба для планировок квартир\09_outputs\_diagnostics\full_20260727_full_mkd2\verify_details\045_POZD_WEB_K2-1_s2_et3,5_2_verify_attempt2.json","Независимая проверка AI/PNG/SHA-256 пройдена."
"027_051_20260727_164644","46","OK","Корпус 2.1/POZD_WEB_K2-1_s2_et3,5_3.ai","200","OK","true","1","1200","1200","600","600","true","899","0","1812","1812","10","10","true","true","true","true","true","True","1200","1200","True","763678","676322","True","True","True","True","True","D:\AI\AITRASH\workspaces\project - Изменение масштаба для планировок квартир\09_outputs\_full_wip\20260727_full_mkd2\Корпус 2.1\х200_POZD_WEB_K2-1_s2_et3,5_3.ai","D:\AI\AITRASH\workspaces\project - Изменение масштаба для планировок квартир\09_outputs\_full_wip\20260727_full_mkd2\Корпус 2.1\х200_POZD_WEB_K2-1_s2_et3,5_3.png","D:\AI\AITRASH\workspaces\project - Изменение масштаба для планировок квартир\09_outputs\_diagnostics\full_20260727_full_mkd2\details\046_POZD_WEB_K2-1_s2_et3,5_3_attempt1.json","D:\AI\AITRASH\workspaces\project - Изменение масштаба для планировок квартир\09_outputs\_diagnostics\full_20260727_full_mkd2\verify_details\046_POZD_WEB_K2-1_s2_et3,5_3_verify_attempt2.json","Независимая проверка AI/PNG/SHA-256 пройдена."
"027_051_20260727_164644","47","OK","Корпус 2.1/POZD_WEB_K2-1_s2_et3,5_4.ai","200","OK","true","1","1200","1200","600","600","true","850","0","1711","1711","10","10","true","true","true","true","true","True","1200","1200","True","852519","587481","True","True","True","True","True","D:\AI\AITRASH\workspaces\project - Изменение масштаба для планировок квартир\09_outputs\_full_wip\20260727_full_mkd2\Корпус 2.1\х200_POZD_WEB_K2-1_s2_et3,5_4.ai","D:\AI\AITRASH\workspaces\project - Изменение масштаба для планировок квартир\09_outputs\_full_wip\20260727_full_mkd2\Корпус 2.1\х200_POZD_WEB_K2-1_s2_et3,5_4.png","D:\AI\AITRASH\workspaces\project - Изменение масштаба для планировок квартир\09_outputs\_diagnostics\full_20260727_full_mkd2\details\047_POZD_WEB_K2-1_s2_et3,5_4_attempt1.json","D:\AI\AITRASH\workspaces\project - Изменение масштаба для планировок квартир\09_outputs\_diagnostics\full_20260727_full_mkd2\verify_details\047_POZD_WEB_K2-1_s2_et3,5_4_verify_attempt2.json","Независимая проверка AI/PNG/SHA-256 пройдена."
"027_051_20260727_164644","48","OK","Корпус 2.1/POZD_WEB_K2-1_s2_et3,5_5.ai","200","OK","true","1","1200","1200","600","600","true","836","0","1689","1689","10","10","true","true","true","true","true","True","1200","1200","True","855454","584546","True","True","True","True","True","D:\AI\AITRASH\workspaces\project - Изменение масштаба для планировок квартир\09_outputs\_full_wip\20260727_full_mkd2\Корпус 2.1\х200_POZD_WEB_K2-1_s2_et3,5_5.ai","D:\AI\AITRASH\workspaces\project - Изменение масштаба для планировок квартир\09_outputs\_full_wip\20260727_full_mkd2\Корпус 2.1\х200_POZD_WEB_K2-1_s2_et3,5_5.png","D:\AI\AITRASH\workspaces\project - Изменение масштаба для планировок квартир\09_outputs\_diagnostics\full_20260727_full_mkd2\details\048_POZD_WEB_K2-1_s2_et3,5_5_attempt1.json","D:\AI\AITRASH\workspaces\project - Изменение масштаба для планировок квартир\09_outputs\_diagnostics\full_20260727_full_mkd2\verify_details\048_POZD_WEB_K2-1_s2_et3,5_5_verify_attempt2.json","Независимая проверка AI/PNG/SHA-256 пройдена."
"027_051_20260727_164644","49","OK","Корпус 2.1/POZD_WEB_K2-1_s2_et3,5_6.ai","150","OK","true","1","1200","1200","600","600","true","1578","0","3200","3200","10","10","true","true","true","true","true","True","1200","1200","True","766837","673163","True","True","True","True","True","D:\AI\AITRASH\workspaces\project - Изменение масштаба для планировок квартир\09_outputs\_full_wip\20260727_full_mkd2\Корпус 2.1\х150_POZD_WEB_K2-1_s2_et3,5_6.ai","D:\AI\AITRASH\workspaces\project - Изменение масштаба для планировок квартир\09_outputs\_full_wip\20260727_full_mkd2\Корпус 2.1\х150_POZD_WEB_K2-1_s2_et3,5_6.png","D:\AI\AITRASH\workspaces\project - Изменение масштаба для планировок квартир\09_outputs\_diagnostics\full_20260727_full_mkd2\details\049_POZD_WEB_K2-1_s2_et3,5_6_attempt1.json","D:\AI\AITRASH\workspaces\project - Изменение масштаба для планировок квартир\09_outputs\_diagnostics\full_20260727_full_mkd2\verify_details\049_POZD_WEB_K2-1_s2_et3,5_6_verify_attempt2.json","Независимая проверка AI/PNG/SHA-256 пройдена."
"027_051_20260727_164644","50","OK","Корпус 2.1/POZD_WEB_K2-1_s2_et3,5_7.ai","170","OK","true","1","1200","1200","600","600","true","1137","0","2292","2292","10","10","true","true","true","true","true","True","1200","1200","True","853102","586898","True","True","True","True","True","D:\AI\AITRASH\workspaces\project - Изменение масштаба для планировок квартир\09_outputs\_full_wip\20260727_full_mkd2\Корпус 2.1\х170_POZD_WEB_K2-1_s2_et3,5_7.ai","D:\AI\AITRASH\workspaces\project - Изменение масштаба для планировок квартир\09_outputs\_full_wip\20260727_full_mkd2\Корпус 2.1\х170_POZD_WEB_K2-1_s2_et3,5_7.png","D:\AI\AITRASH\workspaces\project - Изменение масштаба для планировок квартир\09_outputs\_diagnostics\full_20260727_full_mkd2\details\050_POZD_WEB_K2-1_s2_et3,5_7_attempt1.json","D:\AI\AITRASH\workspaces\project - Изменение масштаба для планировок квартир\09_outputs\_diagnostics\full_20260727_full_mkd2\verify_details\050_POZD_WEB_K2-1_s2_et3,5_7_verify_attempt2.json","Независимая проверка AI/PNG/SHA-256 пройдена."
"027_051_20260727_164644","51","OK","Корпус 2.1/POZD_WEB_K2-1_s2_et3,5_8.ai","170","OK","true","1","1200","1200","600","600","true","1372","0","2794","2794","10","10","true","true","true","true","true","True","1200","1200","True","737055","702945","True","True","True","True","True","D:\AI\AITRASH\workspaces\project - Изменение масштаба для планировок квартир\09_outputs\_full_wip\20260727_full_mkd2\Корпус 2.1\х170_POZD_WEB_K2-1_s2_et3,5_8.ai","D:\AI\AITRASH\workspaces\project - Изменение масштаба для планировок квартир\09_outputs\_full_wip\20260727_full_mkd2\Корпус 2.1\х170_POZD_WEB_K2-1_s2_et3,5_8.png","D:\AI\AITRASH\workspaces\project - Изменение масштаба для планировок квартир\09_outputs\_diagnostics\full_20260727_full_mkd2\details\051_POZD_WEB_K2-1_s2_et3,5_8_attempt1.json","D:\AI\AITRASH\workspaces\project - Изменение масштаба для планировок квартир\09_outputs\_diagnostics\full_20260727_full_mkd2\verify_details\051_POZD_WEB_K2-1_s2_et3,5_8_verify_attempt2.json","Независимая проверка AI/PNG/SHA-256 пройдена."
"030_034_20260727_122258","30","OK","Корпус 2.1/POZD_WEB_K2-1_s2_et1_4.ai","200","OK","true","1","1200","1200","600","600","true","834","0","1692","1692","10","10","true","true","true","true","true","True","1200","1200","True","850567","589433","True","True","True","True","True","D:\AI\AITRASH\workspaces\project - Изменение масштаба для планировок квартир\09_outputs\_full_wip\20260727_full_mkd2\Корпус 2.1\х200_POZD_WEB_K2-1_s2_et1_4.ai","D:\AI\AITRASH\workspaces\project - Изменение масштаба для планировок квартир\09_outputs\_full_wip\20260727_full_mkd2\Корпус 2.1\х200_POZD_WEB_K2-1_s2_et1_4.png","D:\AI\AITRASH\workspaces\project - Изменение масштаба для планировок квартир\09_outputs\_diagnostics\full_20260727_full_mkd2\details\030_POZD_WEB_K2-1_s2_et1_4_attempt1.json","D:\AI\AITRASH\workspaces\project - Изменение масштаба для планировок квартир\09_outputs\_diagnostics\full_20260727_full_mkd2\verify_details\030_POZD_WEB_K2-1_s2_et1_4_verify_attempt1.json","Независимая проверка AI/PNG/SHA-256 пройдена."
"030_034_20260727_122258","31","OK","Корпус 2.1/POZD_WEB_K2-1_s2_et1_5.ai","200","OK","true","1","1200","1200","600","600","true","793","0","1607","1607","11","11","true","true","true","true","true","True","1200","1200","True","853790","586210","True","True","True","True","True","D:\AI\AITRASH\workspaces\project - Изменение масштаба для планировок квартир\09_outputs\_full_wip\20260727_full_mkd2\Корпус 2.1\х200_POZD_WEB_K2-1_s2_et1_5.ai","D:\AI\AITRASH\workspaces\project - Изменение масштаба для планировок квартир\09_outputs\_full_wip\20260727_full_mkd2\Корпус 2.1\х200_POZD_WEB_K2-1_s2_et1_5.png","D:\AI\AITRASH\workspaces\project - Изменение масштаба для планировок квартир\09_outputs\_diagnostics\full_20260727_full_mkd2\details\031_POZD_WEB_K2-1_s2_et1_5_attempt1.json","D:\AI\AITRASH\workspaces\project - Изменение масштаба для планировок квартир\09_outputs\_diagnostics\full_20260727_full_mkd2\verify_details\031_POZD_WEB_K2-1_s2_et1_5_verify_attempt1.json","Независимая проверка AI/PNG/SHA-256 пройдена."
"030_034_20260727_122258","32","OK","Корпус 2.1/POZD_WEB_K2-1_s2_et1_6.ai","170","OK","true","1","1200","1200","600","600","true","1260","0","2544","2544","11","11","true","true","true","true","true","True","1200","1200","True","754094","685906","True","True","True","True","True","D:\AI\AITRASH\workspaces\project - Изменение масштаба для планировок квартир\09_outputs\_full_wip\20260727_full_mkd2\Корпус 2.1\х170_POZD_WEB_K2-1_s2_et1_6.ai","D:\AI\AITRASH\workspaces\project - Изменение масштаба для планировок квартир\09_outputs\_full_wip\20260727_full_mkd2\Корпус 2.1\х170_POZD_WEB_K2-1_s2_et1_6.png","D:\AI\AITRASH\workspaces\project - Изменение масштаба для планировок квартир\09_outputs\_diagnostics\full_20260727_full_mkd2\details\032_POZD_WEB_K2-1_s2_et1_6_attempt1.json","D:\AI\AITRASH\workspaces\project - Изменение масштаба для планировок квартир\09_outputs\_diagnostics\full_20260727_full_mkd2\verify_details\032_POZD_WEB_K2-1_s2_et1_6_verify_attempt1.json","Независимая проверка AI/PNG/SHA-256 пройдена."
"030_034_20260727_122258","33","OK","Корпус 2.1/POZD_WEB_K2-1_s2_et1_7.ai","170","OK","true","1","1200","1200","600","600","true","1193","0","2405","2405","11","11","true","true","true","true","true","True","1200","1200","True","850506","589494","True","True","True","True","True","D:\AI\AITRASH\workspaces\project - Изменение масштаба для планировок квартир\09_outputs\_full_wip\20260727_full_mkd2\Корпус 2.1\х170_POZD_WEB_K2-1_s2_et1_7.ai","D:\AI\AITRASH\workspaces\project - Изменение масштаба для планировок квартир\09_outputs\_full_wip\20260727_full_mkd2\Корпус 2.1\х170_POZD_WEB_K2-1_s2_et1_7.png","D:\AI\AITRASH\workspaces\project - Изменение масштаба для планировок квартир\09_outputs\_diagnostics\full_20260727_full_mkd2\details\033_POZD_WEB_K2-1_s2_et1_7_attempt1.json","D:\AI\AITRASH\workspaces\project - Изменение масштаба для планировок квартир\09_outputs\_diagnostics\full_20260727_full_mkd2\verify_details\033_POZD_WEB_K2-1_s2_et1_7_verify_attempt1.json","Независимая проверка AI/PNG/SHA-256 пройдена."
"030_034_20260727_122258","34","OK","Корпус 2.1/POZD_WEB_K2-1_s2_et1_8.ai","150","OK","true","1","1200","1200","600","600","true","1363","0","2756","2756","10","10","true","true","true","true","true","True","1200","1200","True","849857","590143","True","True","True","True","True","D:\AI\AITRASH\workspaces\project - Изменение масштаба для планировок квартир\09_outputs\_full_wip\20260727_full_mkd2\Корпус 2.1\х150_POZD_WEB_K2-1_s2_et1_8.ai","D:\AI\AITRASH\workspaces\project - Изменение масштаба для планировок квартир\09_outputs\_full_wip\20260727_full_mkd2\Корпус 2.1\х150_POZD_WEB_K2-1_s2_et1_8.png","D:\AI\AITRASH\workspaces\project - Изменение масштаба для планировок квартир\09_outputs\_diagnostics\full_20260727_full_mkd2\details\034_POZD_WEB_K2-1_s2_et1_8_attempt1.json","D:\AI\AITRASH\workspaces\project - Изменение масштаба для планировок квартир\09_outputs\_diagnostics\full_20260727_full_mkd2\verify_details\034_POZD_WEB_K2-1_s2_et1_8_verify_attempt1.json","Независимая проверка AI/PNG/SHA-256 пройдена."
"035_040_20260727_122538","35","OK","Корпус 2.1/POZD_WEB_K2-1_s2_et2,4_1.ai","200","OK","true","1","1200","1200","600","600","true","1214","0","2453","2453","10","10","true","true","true","true","true","True","1200","1200","True","610935","829065","True","True","True","True","True","D:\AI\AITRASH\workspaces\project - Изменение масштаба для планировок квартир\09_outputs\_full_wip\20260727_full_mkd2\Корпус 2.1\х200_POZD_WEB_K2-1_s2_et2,4_1.ai","D:\AI\AITRASH\workspaces\project - Изменение масштаба для планировок квартир\09_outputs\_full_wip\20260727_full_mkd2\Корпус 2.1\х200_POZD_WEB_K2-1_s2_et2,4_1.png","D:\AI\AITRASH\workspaces\project - Изменение масштаба для планировок квартир\09_outputs\_diagnostics\full_20260727_full_mkd2\details\035_POZD_WEB_K2-1_s2_et2,4_1_attempt1.json","D:\AI\AITRASH\workspaces\project - Изменение масштаба для планировок квартир\09_outputs\_diagnostics\full_20260727_full_mkd2\verify_details\035_POZD_WEB_K2-1_s2_et2,4_1_verify_attempt1.json","Независимая проверка AI/PNG/SHA-256 пройдена."
"035_040_20260727_122538","36","OK","Корпус 2.1/POZD_WEB_K2-1_s2_et2,4_4.ai","200","OK","true","1","1200","1200","600","600","true","858","0","1732","1732","10","10","true","true","true","true","true","True","1200","1200","True","852500","587500","True","True","True","True","True","D:\AI\AITRASH\workspaces\project - Изменение масштаба для планировок квартир\09_outputs\_full_wip\20260727_full_mkd2\Корпус 2.1\х200_POZD_WEB_K2-1_s2_et2,4_4.ai","D:\AI\AITRASH\workspaces\project - Изменение масштаба для планировок квартир\09_outputs\_full_wip\20260727_full_mkd2\Корпус 2.1\х200_POZD_WEB_K2-1_s2_et2,4_4.png","D:\AI\AITRASH\workspaces\project - Изменение масштаба для планировок квартир\09_outputs\_diagnostics\full_20260727_full_mkd2\details\036_POZD_WEB_K2-1_s2_et2,4_4_attempt1.json","D:\AI\AITRASH\workspaces\project - Изменение масштаба для планировок квартир\09_outputs\_diagnostics\full_20260727_full_mkd2\verify_details\036_POZD_WEB_K2-1_s2_et2,4_4_verify_attempt1.json","Независимая проверка AI/PNG/SHA-256 пройдена."
"035_040_20260727_122538","37","OK","Корпус 2.1/POZD_WEB_K2-1_s2_et2,4_8.ai","170","OK","true","1","1200","1200","600","600","true","1315","0","2673","2673","10","10","true","true","true","true","true","True","1200","1200","True","742740","697260","True","True","True","True","True","D:\AI\AITRASH\workspaces\project - Изменение масштаба для планировок квартир\09_outputs\_full_wip\20260727_full_mkd2\Корпус 2.1\х170_POZD_WEB_K2-1_s2_et2,4_8.ai","D:\AI\AITRASH\workspaces\project - Изменение масштаба для планировок квартир\09_outputs\_full_wip\20260727_full_mkd2\Корпус 2.1\х170_POZD_WEB_K2-1_s2_et2,4_8.png","D:\AI\AITRASH\workspaces\project - Изменение масштаба для планировок квартир\09_outputs\_diagnostics\full_20260727_full_mkd2\details\037_POZD_WEB_K2-1_s2_et2,4_8_attempt1.json","D:\AI\AITRASH\workspaces\project - Изменение масштаба для планировок квартир\09_outputs\_diagnostics\full_20260727_full_mkd2\verify_details\037_POZD_WEB_K2-1_s2_et2,4_8_verify_attempt1.json","Независимая проверка AI/PNG/SHA-256 пройдена."
"035_040_20260727_122538","39","OK","Корпус 2.1/POZD_WEB_K2-1_s2_et2,6_3.ai","200","OK","true","1","1200","1200","600","600","true","897","0","1813","1813","10","10","true","true","true","true","true","True","1200","1200","True","763772","676228","True","True","True","True","True","D:\AI\AITRASH\workspaces\project - Изменение масштаба для планировок квартир\09_outputs\_full_wip\20260727_full_mkd2\Корпус 2.1\х200_POZD_WEB_K2-1_s2_et2,6_3.ai","D:\AI\AITRASH\workspaces\project - Изменение масштаба для планировок квартир\09_outputs\_full_wip\20260727_full_mkd2\Корпус 2.1\х200_POZD_WEB_K2-1_s2_et2,6_3.png","D:\AI\AITRASH\workspaces\project - Изменение масштаба для планировок квартир\09_outputs\_diagnostics\full_20260727_full_mkd2\details\039_POZD_WEB_K2-1_s2_et2,6_3_attempt1.json","D:\AI\AITRASH\workspaces\project - Изменение масштаба для планировок квартир\09_outputs\_diagnostics\full_20260727_full_mkd2\verify_details\039_POZD_WEB_K2-1_s2_et2,6_3_verify_attempt1.json","Независимая проверка AI/PNG/SHA-256 пройдена."
"035_040_20260727_122538","40","OK","Корпус 2.1/POZD_WEB_K2-1_s2_et2,6_5.ai","200","OK","true","1","1200","1200","600","600","true","839","0","1699","1699","10","10","true","true","true","true","true","True","1200","1200","True","855454","584546","True","True","True","True","True","D:\AI\AITRASH\workspaces\project - Изменение масштаба для планировок квартир\09_outputs\_full_wip\20260727_full_mkd2\Корпус 2.1\х200_POZD_WEB_K2-1_s2_et2,6_5.ai","D:\AI\AITRASH\workspaces\project - Изменение масштаба для планировок квартир\09_outputs\_full_wip\20260727_full_mkd2\Корпус 2.1\х200_POZD_WEB_K2-1_s2_et2,6_5.png","D:\AI\AITRASH\workspaces\project - Изменение масштаба для планировок квартир\09_outputs\_diagnostics\full_20260727_full_mkd2\details\040_POZD_WEB_K2-1_s2_et2,6_5_attempt1.json","D:\AI\AITRASH\workspaces\project - Изменение масштаба для планировок квартир\09_outputs\_diagnostics\full_20260727_full_mkd2\verify_details\040_POZD_WEB_K2-1_s2_et2,6_5_verify_attempt1.json","Независимая проверка AI/PNG/SHA-256 пройдена."
"038_038_20260727_113643","38","OK","Корпус 2.1/POZD_WEB_K2-1_s2_et2,6_2.ai","200","OK","true","1","1200","1200","600","600","true","833","0","1683","1683","10","10","true","true","true","true","true","True","1200","1200","True","848935","591065","True","True","True","True","True","D:\AI\AITRASH\workspaces\project - Изменение масштаба для планировок квартир\09_outputs\_full_wip\20260727_full_mkd2\Корпус 2.1\х200_POZD_WEB_K2-1_s2_et2,6_2.ai","D:\AI\AITRASH\workspaces\project - Изменение масштаба для планировок квартир\09_outputs\_full_wip\20260727_full_mkd2\Корпус 2.1\х200_POZD_WEB_K2-1_s2_et2,6_2.png","D:\AI\AITRASH\workspaces\project - Изменение масштаба для планировок квартир\09_outputs\_diagnostics\full_20260727_full_mkd2\details\038_POZD_WEB_K2-1_s2_et2,6_2_attempt1.json","D:\AI\AITRASH\workspaces\project - Изменение масштаба для планировок квартир\09_outputs\_diagnostics\full_20260727_full_mkd2\verify_details\038_POZD_WEB_K2-1_s2_et2,6_2_verify.json","Независимая проверка AI/PNG/SHA-256 пройдена."
"038_038_20260727_162500","38","OK","Корпус 2.1/POZD_WEB_K2-1_s2_et2,6_2.ai","200","OK","true","1","1200","1200","600","600","true","833","0","1683","1683","10","10","true","true","true","true","true","True","1200","1200","True","848935","591065","True","True","True","True","True","D:\AI\AITRASH\workspaces\project - Изменение масштаба для планировок квартир\09_outputs\_full_wip\20260727_full_mkd2\Корпус 2.1\х200_POZD_WEB_K2-1_s2_et2,6_2.ai","D:\AI\AITRASH\workspaces\project - Изменение масштаба для планировок квартир\09_outputs\_full_wip\20260727_full_mkd2\Корпус 2.1\х200_POZD_WEB_K2-1_s2_et2,6_2.png","D:\AI\AITRASH\workspaces\project - Изменение масштаба для планировок квартир\09_outputs\_diagnostics\full_20260727_full_mkd2\details\038_POZD_WEB_K2-1_s2_et2,6_2_attempt2.json","D:\AI\AITRASH\workspaces\project - Изменение масштаба для планировок квартир\09_outputs\_diagnostics\full_20260727_full_mkd2\verify_details\038_POZD_WEB_K2-1_s2_et2,6_2_verify_attempt1.json","Независимая проверка AI/PNG/SHA-256 пройдена."
"041_045_20260727_122831","41","OK","Корпус 2.1/POZD_WEB_K2-1_s2_et2_6.ai","150","OK","true","1","1200","1200","600","600","true","1580","0","3200","3200","10","10","true","true","true","true","true","True","1200","1200","True","765414","674586","True","True","True","True","True","D:\AI\AITRASH\workspaces\project - Изменение масштаба для планировок квартир\09_outputs\_full_wip\20260727_full_mkd2\Корпус 2.1\х150_POZD_WEB_K2-1_s2_et2_6.ai","D:\AI\AITRASH\workspaces\project - Изменение масштаба для планировок квартир\09_outputs\_full_wip\20260727_full_mkd2\Корпус 2.1\х150_POZD_WEB_K2-1_s2_et2_6.png","D:\AI\AITRASH\workspaces\project - Изменение масштаба для планировок квартир\09_outputs\_diagnostics\full_20260727_full_mkd2\details\041_POZD_WEB_K2-1_s2_et2_6_attempt1.json","D:\AI\AITRASH\workspaces\project - Изменение масштаба для планировок квартир\09_outputs\_diagnostics\full_20260727_full_mkd2\verify_details\041_POZD_WEB_K2-1_s2_et2_6_verify_attempt1.json","Независимая проверка AI/PNG/SHA-256 пройдена."
"041_045_20260727_122831","42","OK","Корпус 2.1/POZD_WEB_K2-1_s2_et2_7.ai","170","OK","true","1","1200","1200","600","600","true","1142","0","2302","2302","10","10","true","true","true","true","true","True","1200","1200","True","850724","589276","True","True","True","True","True","D:\AI\AITRASH\workspaces\project - Изменение масштаба для планировок квартир\09_outputs\_full_wip\20260727_full_mkd2\Корпус 2.1\х170_POZD_WEB_K2-1_s2_et2_7.ai","D:\AI\AITRASH\workspaces\project - Изменение масштаба для планировок квартир\09_outputs\_full_wip\20260727_full_mkd2\Корпус 2.1\х170_POZD_WEB_K2-1_s2_et2_7.png","D:\AI\AITRASH\workspaces\project - Изменение масштаба для планировок квартир\09_outputs\_diagnostics\full_20260727_full_mkd2\details\042_POZD_WEB_K2-1_s2_et2_7_attempt1.json","D:\AI\AITRASH\workspaces\project - Изменение масштаба для планировок квартир\09_outputs\_diagnostics\full_20260727_full_mkd2\verify_details\042_POZD_WEB_K2-1_s2_et2_7_verify_attempt1.json","Независимая проверка AI/PNG/SHA-256 пройдена."
"041_045_20260727_122831","43","OK","Корпус 2.1/POZD_WEB_K2-1_s2_et2_9.ai","170","OK","true","1","1200","1200","600","600","true","1397","0","2822","2822","10","10","true","true","true","true","true","True","1200","1200","True","695848","744152","True","True","True","True","True","D:\AI\AITRASH\workspaces\project - Изменение масштаба для планировок квартир\09_outputs\_full_wip\20260727_full_mkd2\Корпус 2.1\х170_POZD_WEB_K2-1_s2_et2_9.ai","D:\AI\AITRASH\workspaces\project - Изменение масштаба для планировок квартир\09_outputs\_full_wip\20260727_full_mkd2\Корпус 2.1\х170_POZD_WEB_K2-1_s2_et2_9.png","D:\AI\AITRASH\workspaces\project - Изменение масштаба для планировок квартир\09_outputs\_diagnostics\full_20260727_full_mkd2\details\043_POZD_WEB_K2-1_s2_et2_9_attempt1.json","D:\AI\AITRASH\workspaces\project - Изменение масштаба для планировок квартир\09_outputs\_diagnostics\full_20260727_full_mkd2\verify_details\043_POZD_WEB_K2-1_s2_et2_9_verify_attempt1.json","Независимая проверка AI/PNG/SHA-256 пройдена."
"041_045_20260727_122831","44","OK","Корпус 2.1/POZD_WEB_K2-1_s2_et3,5_1.ai","200","OK","true","1","1200","1200","600","600","true","1221","0","2467","2467","10","10","true","true","true","true","true","True","1200","1200","True","610782","829218","True","True","True","True","True","D:\AI\AITRASH\workspaces\project - Изменение масштаба для планировок квартир\09_outputs\_full_wip\20260727_full_mkd2\Корпус 2.1\х200_POZD_WEB_K2-1_s2_et3,5_1.ai","D:\AI\AITRASH\workspaces\project - Изменение масштаба для планировок квартир\09_outputs\_full_wip\20260727_full_mkd2\Корпус 2.1\х200_POZD_WEB_K2-1_s2_et3,5_1.png","D:\AI\AITRASH\workspaces\project - Изменение масштаба для планировок квартир\09_outputs\_diagnostics\full_20260727_full_mkd2\details\044_POZD_WEB_K2-1_s2_et3,5_1_attempt1.json","D:\AI\AITRASH\workspaces\project - Изменение масштаба для планировок квартир\09_outputs\_diagnostics\full_20260727_full_mkd2\verify_details\044_POZD_WEB_K2-1_s2_et3,5_1_verify_attempt1.json","Независимая проверка AI/PNG/SHA-256 пройдена."
"041_045_20260727_122831","45","OK","Корпус 2.1/POZD_WEB_K2-1_s2_et3,5_2.ai","200","OK","true","1","1200","1200","600","600","true","833","0","1689","1689","10","10","true","true","true","true","true","True","1200","1200","True","848934","591066","True","True","True","True","True","D:\AI\AITRASH\workspaces\project - Изменение масштаба для планировок квартир\09_outputs\_full_wip\20260727_full_mkd2\Корпус 2.1\х200_POZD_WEB_K2-1_s2_et3,5_2.ai","D:\AI\AITRASH\workspaces\project - Изменение масштаба для планировок квартир\09_outputs\_full_wip\20260727_full_mkd2\Корпус 2.1\х200_POZD_WEB_K2-1_s2_et3,5_2.png","D:\AI\AITRASH\workspaces\project - Изменение масштаба для планировок квартир\09_outputs\_diagnostics\full_20260727_full_mkd2\details\045_POZD_WEB_K2-1_s2_et3,5_2_attempt1.json","D:\AI\AITRASH\workspaces\project - Изменение масштаба для планировок квартир\09_outputs\_diagnostics\full_20260727_full_mkd2\verify_details\045_POZD_WEB_K2-1_s2_et3,5_2_verify_attempt1.json","Независимая проверка AI/PNG/SHA-256 пройдена."
"046_050_20260727_123116","46","OK","Корпус 2.1/POZD_WEB_K2-1_s2_et3,5_3.ai","200","OK","true","1","1200","1200","600","600","true","899","0","1812","1812","10","10","true","true","true","true","true","True","1200","1200","True","763678","676322","True","True","True","True","True","D:\AI\AITRASH\workspaces\project - Изменение масштаба для планировок квартир\09_outputs\_full_wip\20260727_full_mkd2\Корпус 2.1\х200_POZD_WEB_K2-1_s2_et3,5_3.ai","D:\AI\AITRASH\workspaces\project - Изменение масштаба для планировок квартир\09_outputs\_full_wip\20260727_full_mkd2\Корпус 2.1\х200_POZD_WEB_K2-1_s2_et3,5_3.png","D:\AI\AITRASH\workspaces\project - Изменение масштаба для планировок квартир\09_outputs\_diagnostics\full_20260727_full_mkd2\details\046_POZD_WEB_K2-1_s2_et3,5_3_attempt1.json","D:\AI\AITRASH\workspaces\project - Изменение масштаба для планировок квартир\09_outputs\_diagnostics\full_20260727_full_mkd2\verify_details\046_POZD_WEB_K2-1_s2_et3,5_3_verify_attempt1.json","Независимая проверка AI/PNG/SHA-256 пройдена."
"046_050_20260727_123116","47","OK","Корпус 2.1/POZD_WEB_K2-1_s2_et3,5_4.ai","200","OK","true","1","1200","1200","600","600","true","850","0","1711","1711","10","10","true","true","true","true","true","True","1200","1200","True","852519","587481","True","True","True","True","True","D:\AI\AITRASH\workspaces\project - Изменение масштаба для планировок квартир\09_outputs\_full_wip\20260727_full_mkd2\Корпус 2.1\х200_POZD_WEB_K2-1_s2_et3,5_4.ai","D:\AI\AITRASH\workspaces\project - Изменение масштаба для планировок квартир\09_outputs\_full_wip\20260727_full_mkd2\Корпус 2.1\х200_POZD_WEB_K2-1_s2_et3,5_4.png","D:\AI\AITRASH\workspaces\project - Изменение масштаба для планировок квартир\09_outputs\_diagnostics\full_20260727_full_mkd2\details\047_POZD_WEB_K2-1_s2_et3,5_4_attempt1.json","D:\AI\AITRASH\workspaces\project - Изменение масштаба для планировок квартир\09_outputs\_diagnostics\full_20260727_full_mkd2\verify_details\047_POZD_WEB_K2-1_s2_et3,5_4_verify_attempt1.json","Независимая проверка AI/PNG/SHA-256 пройдена."
"046_050_20260727_123116","48","OK","Корпус 2.1/POZD_WEB_K2-1_s2_et3,5_5.ai","200","OK","true","1","1200","1200","600","600","true","836","0","1689","1689","10","10","true","true","true","true","true","True","1200","1200","True","855454","584546","True","True","True","True","True","D:\AI\AITRASH\workspaces\project - Изменение масштаба для планировок квартир\09_outputs\_full_wip\20260727_full_mkd2\Корпус 2.1\х200_POZD_WEB_K2-1_s2_et3,5_5.ai","D:\AI\AITRASH\workspaces\project - Изменение масштаба для планировок квартир\09_outputs\_full_wip\20260727_full_mkd2\Корпус 2.1\х200_POZD_WEB_K2-1_s2_et3,5_5.png","D:\AI\AITRASH\workspaces\project - Изменение масштаба для планировок квартир\09_outputs\_diagnostics\full_20260727_full_mkd2\details\048_POZD_WEB_K2-1_s2_et3,5_5_attempt1.json","D:\AI\AITRASH\workspaces\project - Изменение масштаба для планировок квартир\09_outputs\_diagnostics\full_20260727_full_mkd2\verify_details\048_POZD_WEB_K2-1_s2_et3,5_5_verify_attempt1.json","Независимая проверка AI/PNG/SHA-256 пройдена."
"046_050_20260727_123116","49","OK","Корпус 2.1/POZD_WEB_K2-1_s2_et3,5_6.ai","150","OK","true","1","1200","1200","600","600","true","1578","0","3200","3200","10","10","true","true","true","true","true","True","1200","1200","True","766837","673163","True","True","True","True","True","D:\AI\AITRASH\workspaces\project - Изменение масштаба для планировок квартир\09_outputs\_full_wip\20260727_full_mkd2\Корпус 2.1\х150_POZD_WEB_K2-1_s2_et3,5_6.ai","D:\AI\AITRASH\workspaces\project - Изменение масштаба для планировок квартир\09_outputs\_full_wip\20260727_full_mkd2\Корпус 2.1\х150_POZD_WEB_K2-1_s2_et3,5_6.png","D:\AI\AITRASH\workspaces\project - Изменение масштаба для планировок квартир\09_outputs\_diagnostics\full_20260727_full_mkd2\details\049_POZD_WEB_K2-1_s2_et3,5_6_attempt1.json","D:\AI\AITRASH\workspaces\project - Изменение масштаба для планировок квартир\09_outputs\_diagnostics\full_20260727_full_mkd2\verify_details\049_POZD_WEB_K2-1_s2_et3,5_6_verify_attempt1.json","Независимая проверка AI/PNG/SHA-256 пройдена."
"046_050_20260727_123116","50","OK","Корпус 2.1/POZD_WEB_K2-1_s2_et3,5_7.ai","170","OK","true","1","1200","1200","600","600","true","1137","0","2292","2292","10","10","true","true","true","true","true","True","1200","1200","True","853102","586898","True","True","True","True","True","D:\AI\AITRASH\workspaces\project - Изменение масштаба для планировок квартир\09_outputs\_full_wip\20260727_full_mkd2\Корпус 2.1\х170_POZD_WEB_K2-1_s2_et3,5_7.ai","D:\AI\AITRASH\workspaces\project - Изменение масштаба для планировок квартир\09_outputs\_full_wip\20260727_full_mkd2\Корпус 2.1\х170_POZD_WEB_K2-1_s2_et3,5_7.png","D:\AI\AITRASH\workspaces\project - Изменение масштаба для планировок квартир\09_outputs\_diagnostics\full_20260727_full_mkd2\details\050_POZD_WEB_K2-1_s2_et3,5_7_attempt1.json","D:\AI\AITRASH\workspaces\project - Изменение масштаба для планировок квартир\09_outputs\_diagnostics\full_20260727_full_mkd2\verify_details\050_POZD_WEB_K2-1_s2_et3,5_7_verify_attempt1.json","Независимая проверка AI/PNG/SHA-256 пройдена."
"051_055_20260727_123416","51","OK","Корпус 2.1/POZD_WEB_K2-1_s2_et3,5_8.ai","170","OK","true","1","1200","1200","600","600","true","1372","0","2794","2794","10","10","true","true","true","true","true","True","1200","1200","True","737055","702945","True","True","True","True","True","D:\AI\AITRASH\workspaces\project - Изменение масштаба для планировок квартир\09_outputs\_full_wip\20260727_full_mkd2\Корпус 2.1\х170_POZD_WEB_K2-1_s2_et3,5_8.ai","D:\AI\AITRASH\workspaces\project - Изменение масштаба для планировок квартир\09_outputs\_full_wip\20260727_full_mkd2\Корпус 2.1\х170_POZD_WEB_K2-1_s2_et3,5_8.png","D:\AI\AITRASH\workspaces\project - Изменение масштаба для планировок квартир\09_outputs\_diagnostics\full_20260727_full_mkd2\details\051_POZD_WEB_K2-1_s2_et3,5_8_attempt1.json","D:\AI\AITRASH\workspaces\project - Изменение масштаба для планировок квартир\09_outputs\_diagnostics\full_20260727_full_mkd2\verify_details\051_POZD_WEB_K2-1_s2_et3,5_8_verify_attempt1.json","Независимая проверка AI/PNG/SHA-256 пройдена."
"051_055_20260727_123416","52","OK","Корпус 2.1/POZD_WEB_K2-1_s2_et3,5_9.ai","170","OK","true","1","1200","1200","600","600","true","1372","0","2770","2770","10","10","true","true","true","true","true","True","1200","1200","True","693642","746358","True","True","True","True","True","D:\AI\AITRASH\workspaces\project - Изменение масштаба для планировок квартир\09_outputs\_full_wip\20260727_full_mkd2\Корпус 2.1\х170_POZD_WEB_K2-1_s2_et3,5_9.ai","D:\AI\AITRASH\workspaces\project - Изменение масштаба для планировок квартир\09_outputs\_full_wip\20260727_full_mkd2\Корпус 2.1\х170_POZD_WEB_K2-1_s2_et3,5_9.png","D:\AI\AITRASH\workspaces\project - Изменение масштаба для планировок квартир\09_outputs\_diagnostics\full_20260727_full_mkd2\details\052_POZD_WEB_K2-1_s2_et3,5_9_attempt1.json","D:\AI\AITRASH\workspaces\project - Изменение масштаба для планировок квартир\09_outputs\_diagnostics\full_20260727_full_mkd2\verify_details\052_POZD_WEB_K2-1_s2_et3,5_9_verify_attempt1.json","Независимая проверка AI/PNG/SHA-256 пройдена."
"051_055_20260727_123416","53","OK","Корпус 2.1/POZD_WEB_K2-1_s2_et4_2.ai","200","OK","true","1","1200","1200","600","600","true","860","0","1747","1747","14","14","true","true","true","true","true","True","1200","1200","True","829316","610684","True","True","True","True","True","D:\AI\AITRASH\workspaces\project - Изменение масштаба для планировок квартир\09_outputs\_full_wip\20260727_full_mkd2\Корпус 2.1\х200_POZD_WEB_K2-1_s2_et4_2.ai","D:\AI\AITRASH\workspaces\project - Изменение масштаба для планировок квартир\09_outputs\_full_wip\20260727_full_mkd2\Корпус 2.1\х200_POZD_WEB_K2-1_s2_et4_2.png","D:\AI\AITRASH\workspaces\project - Изменение масштаба для планировок квартир\09_outputs\_diagnostics\full_20260727_full_mkd2\details\053_POZD_WEB_K2-1_s2_et4_2_attempt1.json","D:\AI\AITRASH\workspaces\project - Изменение масштаба для планировок квартир\09_outputs\_diagnostics\full_20260727_full_mkd2\verify_details\053_POZD_WEB_K2-1_s2_et4_2_verify_attempt1.json","Независимая проверка AI/PNG/SHA-256 пройдена."
"051_055_20260727_123416","54","OK","Корпус 2.1/POZD_WEB_K2-1_s2_et4_3.ai","200","OK","true","1","1200","1200","600","600","true","917","0","1854","1854","13","13","true","true","true","true","true","True","1200","1200","True","743699","696301","True","True","True","True","True","D:\AI\AITRASH\workspaces\project - Изменение масштаба для планировок квартир\09_outputs\_full_wip\20260727_full_mkd2\Корпус 2.1\х200_POZD_WEB_K2-1_s2_et4_3.ai","D:\AI\AITRASH\workspaces\project - Изменение масштаба для планировок квартир\09_outputs\_full_wip\20260727_full_mkd2\Корпус 2.1\х200_POZD_WEB_K2-1_s2_et4_3.png","D:\AI\AITRASH\workspaces\project - Изменение масштаба для планировок квартир\09_outputs\_diagnostics\full_20260727_full_mkd2\details\054_POZD_WEB_K2-1_s2_et4_3_attempt1.json","D:\AI\AITRASH\workspaces\project - Изменение масштаба для планировок квартир\09_outputs\_diagnostics\full_20260727_full_mkd2\verify_details\054_POZD_WEB_K2-1_s2_et4_3_verify_attempt1.json","Независимая проверка AI/PNG/SHA-256 пройдена."
"051_055_20260727_123416","55","OK","Корпус 2.1/POZD_WEB_K2-1_s2_et4_5.ai","200","OK","true","1","1200","1200","600","600","true","867","0","1756","1756","13","13","true","true","true","true","true","True","1200","1200","True","835525","604475","True","True","True","True","True","D:\AI\AITRASH\workspaces\project - Изменение масштаба для планировок квартир\09_outputs\_full_wip\20260727_full_mkd2\Корпус 2.1\х200_POZD_WEB_K2-1_s2_et4_5.ai","D:\AI\AITRASH\workspaces\project - Изменение масштаба для планировок квартир\09_outputs\_full_wip\20260727_full_mkd2\Корпус 2.1\х200_POZD_WEB_K2-1_s2_et4_5.png","D:\AI\AITRASH\workspaces\project - Изменение масштаба для планировок квартир\09_outputs\_diagnostics\full_20260727_full_mkd2\details\055_POZD_WEB_K2-1_s2_et4_5_attempt1.json","D:\AI\AITRASH\workspaces\project - Изменение масштаба для планировок квартир\09_outputs\_diagnostics\full_20260727_full_mkd2\verify_details\055_POZD_WEB_K2-1_s2_et4_5_verify_attempt1.json","Независимая проверка AI/PNG/SHA-256 пройдена."
"052_076_20260727_165209","52","OK","Корпус 2.1/POZD_WEB_K2-1_s2_et3,5_9.ai","170","OK","true","1","1200","1200","600","600","true","1372","0","2770","2770","10","10","true","true","true","true","true","True","1200","1200","True","693642","746358","True","True","True","True","True","D:\AI\AITRASH\workspaces\project - Изменение масштаба для планировок квартир\09_outputs\_full_wip\20260727_full_mkd2\Корпус 2.1\х170_POZD_WEB_K2-1_s2_et3,5_9.ai","D:\AI\AITRASH\workspaces\project - Изменение масштаба для планировок квартир\09_outputs\_full_wip\20260727_full_mkd2\Корпус 2.1\х170_POZD_WEB_K2-1_s2_et3,5_9.png","D:\AI\AITRASH\workspaces\project - Изменение масштаба для планировок квартир\09_outputs\_diagnostics\full_20260727_full_mkd2\details\052_POZD_WEB_K2-1_s2_et3,5_9_attempt1.json","D:\AI\AITRASH\workspaces\project - Изменение масштаба для планировок квартир\09_outputs\_diagnostics\full_20260727_full_mkd2\verify_details\052_POZD_WEB_K2-1_s2_et3,5_9_verify_attempt2.json","Независимая проверка AI/PNG/SHA-256 пройдена."
"052_076_20260727_165209","53","OK","Корпус 2.1/POZD_WEB_K2-1_s2_et4_2.ai","200","OK","true","1","1200","1200","600","600","true","860","0","1747","1747","14","14","true","true","true","true","true","True","1200","1200","True","829316","610684","True","True","True","True","True","D:\AI\AITRASH\workspaces\project - Изменение масштаба для планировок квартир\09_outputs\_full_wip\20260727_full_mkd2\Корпус 2.1\х200_POZD_WEB_K2-1_s2_et4_2.ai","D:\AI\AITRASH\workspaces\project - Изменение масштаба для планировок квартир\09_outputs\_full_wip\20260727_full_mkd2\Корпус 2.1\х200_POZD_WEB_K2-1_s2_et4_2.png","D:\AI\AITRASH\workspaces\project - Изменение масштаба для планировок квартир\09_outputs\_diagnostics\full_20260727_full_mkd2\details\053_POZD_WEB_K2-1_s2_et4_2_attempt1.json","D:\AI\AITRASH\workspaces\project - Изменение масштаба для планировок квартир\09_outputs\_diagnostics\full_20260727_full_mkd2\verify_details\053_POZD_WEB_K2-1_s2_et4_2_verify_attempt2.json","Независимая проверка AI/PNG/SHA-256 пройдена."
"052_076_20260727_165209","54","OK","Корпус 2.1/POZD_WEB_K2-1_s2_et4_3.ai","200","OK","true","1","1200","1200","600","600","true","917","0","1854","1854","13","13","true","true","true","true","true","True","1200","1200","True","743699","696301","True","True","True","True","True","D:\AI\AITRASH\workspaces\project - Изменение масштаба для планировок квартир\09_outputs\_full_wip\20260727_full_mkd2\Корпус 2.1\х200_POZD_WEB_K2-1_s2_et4_3.ai","D:\AI\AITRASH\workspaces\project - Изменение масштаба для планировок квартир\09_outputs\_full_wip\20260727_full_mkd2\Корпус 2.1\х200_POZD_WEB_K2-1_s2_et4_3.png","D:\AI\AITRASH\workspaces\project - Изменение масштаба для планировок квартир\09_outputs\_diagnostics\full_20260727_full_mkd2\details\054_POZD_WEB_K2-1_s2_et4_3_attempt1.json","D:\AI\AITRASH\workspaces\project - Изменение масштаба для планировок квартир\09_outputs\_diagnostics\full_20260727_full_mkd2\verify_details\054_POZD_WEB_K2-1_s2_et4_3_verify_attempt2.json","Независимая проверка AI/PNG/SHA-256 пройдена."
"052_076_20260727_165209","55","OK","Корпус 2.1/POZD_WEB_K2-1_s2_et4_5.ai","200","OK","true","1","1200","1200","600","600","true","867","0","1756","1756","13","13","true","true","true","true","true","True","1200","1200","True","835525","604475","True","True","True","True","True","D:\AI\AITRASH\workspaces\project - Изменение масштаба для планировок квартир\09_outputs\_full_wip\20260727_full_mkd2\Корпус 2.1\х200_POZD_WEB_K2-1_s2_et4_5.ai","D:\AI\AITRASH\workspaces\project - Изменение масштаба для планировок квартир\09_outputs\_full_wip\20260727_full_mkd2\Корпус 2.1\х200_POZD_WEB_K2-1_s2_et4_5.png","D:\AI\AITRASH\workspaces\project - Изменение масштаба для планировок квартир\09_outputs\_diagnostics\full_20260727_full_mkd2\details\055_POZD_WEB_K2-1_s2_et4_5_attempt1.json","D:\AI\AITRASH\workspaces\project - Изменение масштаба для планировок квартир\09_outputs\_diagnostics\full_20260727_full_mkd2\verify_details\055_POZD_WEB_K2-1_s2_et4_5_verify_attempt2.json","Независимая проверка AI/PNG/SHA-256 пройдена."
"052_076_20260727_165209","56","OK","Корпус 2.1/POZD_WEB_K2-1_s2_et4_6.ai","150","OK","true","1","1200","1200","600","600","true","1594","0","3227","3227","13","13","true","true","true","true","true","True","1200","1200","True","754445","685555","True","True","True","True","True","D:\AI\AITRASH\workspaces\project - Изменение масштаба для планировок квартир\09_outputs\_full_wip\20260727_full_mkd2\Корпус 2.1\х150_POZD_WEB_K2-1_s2_et4_6.ai","D:\AI\AITRASH\workspaces\project - Изменение масштаба для планировок квартир\09_outputs\_full_wip\20260727_full_mkd2\Корпус 2.1\х150_POZD_WEB_K2-1_s2_et4_6.png","D:\AI\AITRASH\workspaces\project - Изменение масштаба для планировок квартир\09_outputs\_diagnostics\full_20260727_full_mkd2\details\056_POZD_WEB_K2-1_s2_et4_6_attempt1.json","D:\AI\AITRASH\workspaces\project - Изменение масштаба для планировок квартир\09_outputs\_diagnostics\full_20260727_full_mkd2\verify_details\056_POZD_WEB_K2-1_s2_et4_6_verify_attempt2.json","Независимая проверка AI/PNG/SHA-256 пройдена."
"052_076_20260727_165209","57","OK","Корпус 2.1/POZD_WEB_K2-1_s2_et4_7.ai","170","OK","true","1","1200","1200","600","600","true","1165","0","2352","2352","13","13","true","true","true","true","true","True","1200","1200","True","838925","601075","True","True","True","True","True","D:\AI\AITRASH\workspaces\project - Изменение масштаба для планировок квартир\09_outputs\_full_wip\20260727_full_mkd2\Корпус 2.1\х170_POZD_WEB_K2-1_s2_et4_7.ai","D:\AI\AITRASH\workspaces\project - Изменение масштаба для планировок квартир\09_outputs\_full_wip\20260727_full_mkd2\Корпус 2.1\х170_POZD_WEB_K2-1_s2_et4_7.png","D:\AI\AITRASH\workspaces\project - Изменение масштаба для планировок квартир\09_outputs\_diagnostics\full_20260727_full_mkd2\details\057_POZD_WEB_K2-1_s2_et4_7_attempt1.json","D:\AI\AITRASH\workspaces\project - Изменение масштаба для планировок квартир\09_outputs\_diagnostics\full_20260727_full_mkd2\verify_details\057_POZD_WEB_K2-1_s2_et4_7_verify_attempt2.json","Независимая проверка AI/PNG/SHA-256 пройдена."
"052_076_20260727_165209","58","OK","Корпус 2.1/POZD_WEB_K2-1_s2_et4_9.ai","170","OK","true","1","1200","1200","600","600","true","1418","0","2863","2863","14","14","true","true","true","true","true","True","1200","1200","True","680295","759705","True","True","True","True","True","D:\AI\AITRASH\workspaces\project - Изменение масштаба для планировок квартир\09_outputs\_full_wip\20260727_full_mkd2\Корпус 2.1\х170_POZD_WEB_K2-1_s2_et4_9.ai","D:\AI\AITRASH\workspaces\project - Изменение масштаба для планировок квартир\09_outputs\_full_wip\20260727_full_mkd2\Корпус 2.1\х170_POZD_WEB_K2-1_s2_et4_9.png","D:\AI\AITRASH\workspaces\project - Изменение масштаба для планировок квартир\09_outputs\_diagnostics\full_20260727_full_mkd2\details\058_POZD_WEB_K2-1_s2_et4_9_attempt1.json","D:\AI\AITRASH\workspaces\project - Изменение масштаба для планировок квартир\09_outputs\_diagnostics\full_20260727_full_mkd2\verify_details\058_POZD_WEB_K2-1_s2_et4_9_verify_attempt2.json","Независимая проверка AI/PNG/SHA-256 пройдена."
"052_076_20260727_165209","59","OK","Корпус 2.1/POZD_WEB_K2-1_s2_et6_1.ai","170","OK","true","1","1200","1200","600","600","true","1216","0","2467","2467","13","13","true","true","true","true","true","True","1200","1200","True","824853","615147","True","True","True","True","True","D:\AI\AITRASH\workspaces\project - Изменение масштаба для планировок квартир\09_outputs\_full_wip\20260727_full_mkd2\Корпус 2.1\х170_POZD_WEB_K2-1_s2_et6_1.ai","D:\AI\AITRASH\workspaces\project - Изменение масштаба для планировок квартир\09_outputs\_full_wip\20260727_full_mkd2\Корпус 2.1\х170_POZD_WEB_K2-1_s2_et6_1.png","D:\AI\AITRASH\workspaces\project - Изменение масштаба для планировок квартир\09_outputs\_diagnostics\full_20260727_full_mkd2\details\059_POZD_WEB_K2-1_s2_et6_1_attempt1.json","D:\AI\AITRASH\workspaces\project - Изменение масштаба для планировок квартир\09_outputs\_diagnostics\full_20260727_full_mkd2\verify_details\059_POZD_WEB_K2-1_s2_et6_1_verify_attempt2.json","Независимая проверка AI/PNG/SHA-256 пройдена."
"052_076_20260727_165209","60","OK","Корпус 2.1/POZD_WEB_K2-1_s2_et6_4.ai","200","OK","true","1","1200","1200","600","600","true","880","0","1775","1775","13","13","true","true","true","true","true","True","1200","1200","True","832079","607921","True","True","True","True","True","D:\AI\AITRASH\workspaces\project - Изменение масштаба для планировок квартир\09_outputs\_full_wip\20260727_full_mkd2\Корпус 2.1\х200_POZD_WEB_K2-1_s2_et6_4.ai","D:\AI\AITRASH\workspaces\project - Изменение масштаба для планировок квартир\09_outputs\_full_wip\20260727_full_mkd2\Корпус 2.1\х200_POZD_WEB_K2-1_s2_et6_4.png","D:\AI\AITRASH\workspaces\project - Изменение масштаба для планировок квартир\09_outputs\_diagnostics\full_20260727_full_mkd2\details\060_POZD_WEB_K2-1_s2_et6_4_attempt1.json","D:\AI\AITRASH\workspaces\project - Изменение масштаба для планировок квартир\09_outputs\_diagnostics\full_20260727_full_mkd2\verify_details\060_POZD_WEB_K2-1_s2_et6_4_verify_attempt2.json","Независимая проверка AI/PNG/SHA-256 пройдена."
"052_076_20260727_165209","61","OK","Корпус 2.1/POZD_WEB_K2-1_s2_et6_6.ai","150","OK","true","1","1200","1200","600","600","true","1606","0","3251","3251","14","14","true","true","true","true","true","True","1200","1200","True","753515","686485","True","True","True","True","True","D:\AI\AITRASH\workspaces\project - Изменение масштаба для планировок квартир\09_outputs\_full_wip\20260727_full_mkd2\Корпус 2.1\х150_POZD_WEB_K2-1_s2_et6_6.ai","D:\AI\AITRASH\workspaces\project - Изменение масштаба для планировок квартир\09_outputs\_full_wip\20260727_full_mkd2\Корпус 2.1\х150_POZD_WEB_K2-1_s2_et6_6.png","D:\AI\AITRASH\workspaces\project - Изменение масштаба для планировок квартир\09_outputs\_diagnostics\full_20260727_full_mkd2\details\061_POZD_WEB_K2-1_s2_et6_6_attempt1.json","D:\AI\AITRASH\workspaces\project - Изменение масштаба для планировок квартир\09_outputs\_diagnostics\full_20260727_full_mkd2\verify_details\061_POZD_WEB_K2-1_s2_et6_6_verify_attempt2.json","Независимая проверка AI/PNG/SHA-256 пройдена."
"052_076_20260727_165209","62","OK","Корпус 2.1/POZD_WEB_K2-1_s2_et6_7.ai","170","OK","true","1","1200","1200","600","600","true","1178","0","2383","2383","13","13","true","true","true","true","true","True","1200","1200","True","836456","603544","True","True","True","True","True","D:\AI\AITRASH\workspaces\project - Изменение масштаба для планировок квартир\09_outputs\_full_wip\20260727_full_mkd2\Корпус 2.1\х170_POZD_WEB_K2-1_s2_et6_7.ai","D:\AI\AITRASH\workspaces\project - Изменение масштаба для планировок квартир\09_outputs\_full_wip\20260727_full_mkd2\Корпус 2.1\х170_POZD_WEB_K2-1_s2_et6_7.png","D:\AI\AITRASH\workspaces\project - Изменение масштаба для планировок квартир\09_outputs\_diagnostics\full_20260727_full_mkd2\details\062_POZD_WEB_K2-1_s2_et6_7_attempt1.json","D:\AI\AITRASH\workspaces\project - Изменение масштаба для планировок квартир\09_outputs\_diagnostics\full_20260727_full_mkd2\verify_details\062_POZD_WEB_K2-1_s2_et6_7_verify_attempt2.json","Независимая проверка AI/PNG/SHA-256 пройдена."
"052_076_20260727_165209","63","OK","Корпус 2.1/POZD_WEB_K2-1_s2_et6_8.ai","170","OK","true","1","1200","1200","600","600","true","1342","0","2728","2728","13","13","true","true","true","true","true","True","1200","1200","True","727754","712246","True","True","True","True","True","D:\AI\AITRASH\workspaces\project - Изменение масштаба для планировок квартир\09_outputs\_full_wip\20260727_full_mkd2\Корпус 2.1\х170_POZD_WEB_K2-1_s2_et6_8.ai","D:\AI\AITRASH\workspaces\project - Изменение масштаба для планировок квартир\09_outputs\_full_wip\20260727_full_mkd2\Корпус 2.1\х170_POZD_WEB_K2-1_s2_et6_8.png","D:\AI\AITRASH\workspaces\project - Изменение масштаба для планировок квартир\09_outputs\_diagnostics\full_20260727_full_mkd2\details\063_POZD_WEB_K2-1_s2_et6_8_attempt1.json","D:\AI\AITRASH\workspaces\project - Изменение масштаба для планировок квартир\09_outputs\_diagnostics\full_20260727_full_mkd2\verify_details\063_POZD_WEB_K2-1_s2_et6_8_verify_attempt2.json","Независимая проверка AI/PNG/SHA-256 пройдена."
"052_076_20260727_165209","64","OK","Корпус 2.1/POZD_WEB_K2-1_s2_et6_9.ai","170","OK","true","1","1200","1200","600","600","true","1391","0","2812","2812","13","13","true","true","true","true","true","True","1200","1200","True","682144","757856","True","True","True","True","True","D:\AI\AITRASH\workspaces\project - Изменение масштаба для планировок квартир\09_outputs\_full_wip\20260727_full_mkd2\Корпус 2.1\х170_POZD_WEB_K2-1_s2_et6_9.ai","D:\AI\AITRASH\workspaces\project - Изменение масштаба для планировок квартир\09_outputs\_full_wip\20260727_full_mkd2\Корпус 2.1\х170_POZD_WEB_K2-1_s2_et6_9.png","D:\AI\AITRASH\workspaces\project - Изменение масштаба для планировок квартир\09_outputs\_diagnostics\full_20260727_full_mkd2\details\064_POZD_WEB_K2-1_s2_et6_9_attempt1.json","D:\AI\AITRASH\workspaces\project - Изменение масштаба для планировок квартир\09_outputs\_diagnostics\full_20260727_full_mkd2\verify_details\064_POZD_WEB_K2-1_s2_et6_9_verify_attempt2.json","Независимая проверка AI/PNG/SHA-256 пройдена."
"052_076_20260727_165209","65","OK","Корпус 2.1/POZD_WEB_K2-1_s3_et1,3,5_5.ai","170","OK","true","1","1200","1200","600","600","true","1340","0","2713","2713","10","10","true","true","true","true","true","True","1200","1200","True","786046","653954","True","True","True","True","True","D:\AI\AITRASH\workspaces\project - Изменение масштаба для планировок квартир\09_outputs\_full_wip\20260727_full_mkd2\Корпус 2.1\х170_POZD_WEB_K2-1_s3_et1,3,5_5.ai","D:\AI\AITRASH\workspaces\project - Изменение масштаба для планировок квартир\09_outputs\_full_wip\20260727_full_mkd2\Корпус 2.1\х170_POZD_WEB_K2-1_s3_et1,3,5_5.png","D:\AI\AITRASH\workspaces\project - Изменение масштаба для планировок квартир\09_outputs\_diagnostics\full_20260727_full_mkd2\details\065_POZD_WEB_K2-1_s3_et1,3,5_5_attempt1.json","D:\AI\AITRASH\workspaces\project - Изменение масштаба для планировок квартир\09_outputs\_diagnostics\full_20260727_full_mkd2\verify_details\065_POZD_WEB_K2-1_s3_et1,3,5_5_verify_attempt2.json","Независимая проверка AI/PNG/SHA-256 пройдена."
"052_076_20260727_165209","66","OK","Корпус 2.1/POZD_WEB_K2-1_s3_et1_2.ai","150","OK","true","1","1200","1200","600","600","true","2599","0","5270","5270","15","15","true","true","true","true","true","True","1200","1200","True","755236","684764","True","True","True","True","True","D:\AI\AITRASH\workspaces\project - Изменение масштаба для планировок квартир\09_outputs\_full_wip\20260727_full_mkd2\Корпус 2.1\х150_POZD_WEB_K2-1_s3_et1_2.ai","D:\AI\AITRASH\workspaces\project - Изменение масштаба для планировок квартир\09_outputs\_full_wip\20260727_full_mkd2\Корпус 2.1\х150_POZD_WEB_K2-1_s3_et1_2.png","D:\AI\AITRASH\workspaces\project - Изменение масштаба для планировок квартир\09_outputs\_diagnostics\full_20260727_full_mkd2\details\066_POZD_WEB_K2-1_s3_et1_2_attempt1.json","D:\AI\AITRASH\workspaces\project - Изменение масштаба для планировок квартир\09_outputs\_diagnostics\full_20260727_full_mkd2\verify_details\066_POZD_WEB_K2-1_s3_et1_2_verify_attempt2.json","Независимая проверка AI/PNG/SHA-256 пройдена."
"052_076_20260727_165209","67","OK","Корпус 2.1/POZD_WEB_K2-1_s3_et1_3.ai","150","OK","true","1","1200","1200","600","600","true","2197","0","4449","4449","15","15","true","true","true","true","true","True","1200","1200","True","835275","604725","True","True","True","True","True","D:\AI\AITRASH\workspaces\project - Изменение масштаба для планировок квартир\09_outputs\_full_wip\20260727_full_mkd2\Корпус 2.1\х150_POZD_WEB_K2-1_s3_et1_3.ai","D:\AI\AITRASH\workspaces\project - Изменение масштаба для планировок квартир\09_outputs\_full_wip\20260727_full_mkd2\Корпус 2.1\х150_POZD_WEB_K2-1_s3_et1_3.png","D:\AI\AITRASH\workspaces\project - Изменение масштаба для планировок квартир\09_outputs\_diagnostics\full_20260727_full_mkd2\details\067_POZD_WEB_K2-1_s3_et1_3_attempt1.json","D:\AI\AITRASH\workspaces\project - Изменение масштаба для планировок квартир\09_outputs\_diagnostics\full_20260727_full_mkd2\verify_details\067_POZD_WEB_K2-1_s3_et1_3_verify_attempt2.json","Независимая проверка AI/PNG/SHA-256 пройдена."
"052_076_20260727_165209","68","OK","Корпус 2.1/POZD_WEB_K2-1_s3_et1_4.ai","110","OK","true","1","1200","1200","600","600","true","2537","0","5149","5149","16","16","true","true","true","true","true","True","1200","1200","True","991002","448998","True","True","True","True","True","D:\AI\AITRASH\workspaces\project - Изменение масштаба для планировок квартир\09_outputs\_full_wip\20260727_full_mkd2\Корпус 2.1\х110_POZD_WEB_K2-1_s3_et1_4.ai","D:\AI\AITRASH\workspaces\project - Изменение масштаба для планировок квартир\09_outputs\_full_wip\20260727_full_mkd2\Корпус 2.1\х110_POZD_WEB_K2-1_s3_et1_4.png","D:\AI\AITRASH\workspaces\project - Изменение масштаба для планировок квартир\09_outputs\_diagnostics\full_20260727_full_mkd2\details\068_POZD_WEB_K2-1_s3_et1_4_attempt2.json","D:\AI\AITRASH\workspaces\project - Изменение масштаба для планировок квартир\09_outputs\_diagnostics\full_20260727_full_mkd2\verify_details\068_POZD_WEB_K2-1_s3_et1_4_verify_attempt2.json","Независимая проверка AI/PNG/SHA-256 пройдена."
"052_076_20260727_165209","69","OK","Корпус 2.1/POZD_WEB_K2-1_s3_et2,4_1.ai","120","OK","true","1","1200","1200","600","600","true","1689","0","3418","3418","10","10","true","true","true","true","true","True","1200","1200","True","961911","478089","True","True","True","True","True","D:\AI\AITRASH\workspaces\project - Изменение масштаба для планировок квартир\09_outputs\_full_wip\20260727_full_mkd2\Корпус 2.1\х120_POZD_WEB_K2-1_s3_et2,4_1.ai","D:\AI\AITRASH\workspaces\project - Изменение масштаба для планировок квартир\09_outputs\_full_wip\20260727_full_mkd2\Корпус 2.1\х120_POZD_WEB_K2-1_s3_et2,4_1.png","D:\AI\AITRASH\workspaces\project - Изменение масштаба для планировок квартир\09_outputs\_diagnostics\full_20260727_full_mkd2\details\069_POZD_WEB_K2-1_s3_et2,4_1_attempt1.json","D:\AI\AITRASH\workspaces\project - Изменение масштаба для планировок квартир\09_outputs\_diagnostics\full_20260727_full_mkd2\verify_details\069_POZD_WEB_K2-1_s3_et2,4_1_verify_attempt2.json","Независимая проверка AI/PNG/SHA-256 пройдена."
"052_076_20260727_165209","70","OK","Корпус 2.1/POZD_WEB_K2-1_s3_et2,4_5.ai","200","OK","true","1","1200","1200","600","600","true","858","0","1724","1724","10","10","true","true","true","true","true","True","1200","1200","True","881326","558674","True","True","True","True","True","D:\AI\AITRASH\workspaces\project - Изменение масштаба для планировок квартир\09_outputs\_full_wip\20260727_full_mkd2\Корпус 2.1\х200_POZD_WEB_K2-1_s3_et2,4_5.ai","D:\AI\AITRASH\workspaces\project - Изменение масштаба для планировок квартир\09_outputs\_full_wip\20260727_full_mkd2\Корпус 2.1\х200_POZD_WEB_K2-1_s3_et2,4_5.png","D:\AI\AITRASH\workspaces\project - Изменение масштаба для планировок квартир\09_outputs\_diagnostics\full_20260727_full_mkd2\details\070_POZD_WEB_K2-1_s3_et2,4_5_attempt1.json","D:\AI\AITRASH\workspaces\project - Изменение масштаба для планировок квартир\09_outputs\_diagnostics\full_20260727_full_mkd2\verify_details\070_POZD_WEB_K2-1_s3_et2,4_5_verify_attempt2.json","Независимая проверка AI/PNG/SHA-256 пройдена."
"052_076_20260727_165209","71","OK","Корпус 2.1/POZD_WEB_K2-1_s3_et2,6_3.ai","170","OK","true","1","1200","1200","600","600","true","1298","0","2630","2630","10","10","true","true","true","true","true","True","1200","1200","True","808953","631047","True","True","True","True","True","D:\AI\AITRASH\workspaces\project - Изменение масштаба для планировок квартир\09_outputs\_full_wip\20260727_full_mkd2\Корпус 2.1\х170_POZD_WEB_K2-1_s3_et2,6_3.ai","D:\AI\AITRASH\workspaces\project - Изменение масштаба для планировок квартир\09_outputs\_full_wip\20260727_full_mkd2\Корпус 2.1\х170_POZD_WEB_K2-1_s3_et2,6_3.png","D:\AI\AITRASH\workspaces\project - Изменение масштаба для планировок квартир\09_outputs\_diagnostics\full_20260727_full_mkd2\details\071_POZD_WEB_K2-1_s3_et2,6_3_attempt1.json","D:\AI\AITRASH\workspaces\project - Изменение масштаба для планировок квартир\09_outputs\_diagnostics\full_20260727_full_mkd2\verify_details\071_POZD_WEB_K2-1_s3_et2,6_3_verify_attempt2.json","Независимая проверка AI/PNG/SHA-256 пройдена."
"052_076_20260727_165209","72","OK","Корпус 2.1/POZD_WEB_K2-1_s3_et2_2.ai","170","OK","true","1","1200","1200","600","600","true","1342","0","2722","2722","10","10","true","true","true","true","true","True","1200","1200","True","788248","651752","True","True","True","True","True","D:\AI\AITRASH\workspaces\project - Изменение масштаба для планировок квартир\09_outputs\_full_wip\20260727_full_mkd2\Корпус 2.1\х170_POZD_WEB_K2-1_s3_et2_2.ai","D:\AI\AITRASH\workspaces\project - Изменение масштаба для планировок квартир\09_outputs\_full_wip\20260727_full_mkd2\Корпус 2.1\х170_POZD_WEB_K2-1_s3_et2_2.png","D:\AI\AITRASH\workspaces\project - Изменение масштаба для планировок квартир\09_outputs\_diagnostics\full_20260727_full_mkd2\details\072_POZD_WEB_K2-1_s3_et2_2_attempt1.json","D:\AI\AITRASH\workspaces\project - Изменение масштаба для планировок квартир\09_outputs\_diagnostics\full_20260727_full_mkd2\verify_details\072_POZD_WEB_K2-1_s3_et2_2_verify_attempt2.json","Независимая проверка AI/PNG/SHA-256 пройдена."
"052_076_20260727_165209","73","OK","Корпус 2.1/POZD_WEB_K2-1_s3_et2_4.ai","120","OK","true","1","1200","1200","600","600","true","1726","0","3489","3489","10","10","true","true","true","true","true","True","1200","1200","True","957366","482634","True","True","True","True","True","D:\AI\AITRASH\workspaces\project - Изменение масштаба для планировок квартир\09_outputs\_full_wip\20260727_full_mkd2\Корпус 2.1\х120_POZD_WEB_K2-1_s3_et2_4.ai","D:\AI\AITRASH\workspaces\project - Изменение масштаба для планировок квартир\09_outputs\_full_wip\20260727_full_mkd2\Корпус 2.1\х120_POZD_WEB_K2-1_s3_et2_4.png","D:\AI\AITRASH\workspaces\project - Изменение масштаба для планировок квартир\09_outputs\_diagnostics\full_20260727_full_mkd2\details\073_POZD_WEB_K2-1_s3_et2_4_attempt1.json","D:\AI\AITRASH\workspaces\project - Изменение масштаба для планировок квартир\09_outputs\_diagnostics\full_20260727_full_mkd2\verify_details\073_POZD_WEB_K2-1_s3_et2_4_verify_attempt2.json","Независимая проверка AI/PNG/SHA-256 пройдена."
"052_076_20260727_165209","74","OK","Корпус 2.1/POZD_WEB_K2-1_s3_et3,5_1.ai","120","OK","true","1","1200","1200","600","600","true","1691","0","3422","3422","10","10","true","true","true","true","true","True","1200","1200","True","961902","478098","True","True","True","True","True","D:\AI\AITRASH\workspaces\project - Изменение масштаба для планировок квартир\09_outputs\_full_wip\20260727_full_mkd2\Корпус 2.1\х120_POZD_WEB_K2-1_s3_et3,5_1.ai","D:\AI\AITRASH\workspaces\project - Изменение масштаба для планировок квартир\09_outputs\_full_wip\20260727_full_mkd2\Корпус 2.1\х120_POZD_WEB_K2-1_s3_et3,5_1.png","D:\AI\AITRASH\workspaces\project - Изменение масштаба для планировок квартир\09_outputs\_diagnostics\full_20260727_full_mkd2\details\074_POZD_WEB_K2-1_s3_et3,5_1_attempt1.json","D:\AI\AITRASH\workspaces\project - Изменение масштаба для планировок квартир\09_outputs\_diagnostics\full_20260727_full_mkd2\verify_details\074_POZD_WEB_K2-1_s3_et3,5_1_verify_attempt2.json","Независимая проверка AI/PNG/SHA-256 пройдена."
"052_076_20260727_165209","75","OK","Корпус 2.1/POZD_WEB_K2-1_s3_et3,5_2.ai","170","OK","true","1","1200","1200","600","600","true","1340","0","2713","2713","10","10","true","true","true","true","true","True","1200","1200","True","786046","653954","True","True","True","True","True","D:\AI\AITRASH\workspaces\project - Изменение масштаба для планировок квартир\09_outputs\_full_wip\20260727_full_mkd2\Корпус 2.1\х170_POZD_WEB_K2-1_s3_et3,5_2.ai","D:\AI\AITRASH\workspaces\project - Изменение масштаба для планировок квартир\09_outputs\_full_wip\20260727_full_mkd2\Корпус 2.1\х170_POZD_WEB_K2-1_s3_et3,5_2.png","D:\AI\AITRASH\workspaces\project - Изменение масштаба для планировок квартир\09_outputs\_diagnostics\full_20260727_full_mkd2\details\075_POZD_WEB_K2-1_s3_et3,5_2_attempt1.json","D:\AI\AITRASH\workspaces\project - Изменение масштаба для планировок квартир\09_outputs\_diagnostics\full_20260727_full_mkd2\verify_details\075_POZD_WEB_K2-1_s3_et3,5_2_verify_attempt2.json","Независимая проверка AI/PNG/SHA-256 пройдена."
"052_076_20260727_165209","76","OK","Корпус 2.1/POZD_WEB_K2-1_s3_et3,5_3.ai","170","OK","true","1","1200","1200","600","600","true","1300","0","2636","2636","10","10","true","true","true","true","true","True","1200","1200","True","811162","628838","True","True","True","True","True","D:\AI\AITRASH\workspaces\project - Изменение масштаба для планировок квартир\09_outputs\_full_wip\20260727_full_mkd2\Корпус 2.1\х170_POZD_WEB_K2-1_s3_et3,5_3.ai","D:\AI\AITRASH\workspaces\project - Изменение масштаба для планировок квартир\09_outputs\_full_wip\20260727_full_mkd2\Корпус 2.1\х170_POZD_WEB_K2-1_s3_et3,5_3.png","D:\AI\AITRASH\workspaces\project - Изменение масштаба для планировок квартир\09_outputs\_diagnostics\full_20260727_full_mkd2\details\076_POZD_WEB_K2-1_s3_et3,5_3_attempt1.json","D:\AI\AITRASH\workspaces\project - Изменение масштаба для планировок квартир\09_outputs\_diagnostics\full_20260727_full_mkd2\verify_details\076_POZD_WEB_K2-1_s3_et3,5_3_verify_attempt2.json","Независимая проверка AI/PNG/SHA-256 пройдена."
"056_060_20260727_123737","56","OK","Корпус 2.1/POZD_WEB_K2-1_s2_et4_6.ai","150","OK","true","1","1200","1200","600","600","true","1594","0","3227","3227","13","13","true","true","true","true","true","True","1200","1200","True","754445","685555","True","True","True","True","True","D:\AI\AITRASH\workspaces\project - Изменение масштаба для планировок квартир\09_outputs\_full_wip\20260727_full_mkd2\Корпус 2.1\х150_POZD_WEB_K2-1_s2_et4_6.ai","D:\AI\AITRASH\workspaces\project - Изменение масштаба для планировок квартир\09_outputs\_full_wip\20260727_full_mkd2\Корпус 2.1\х150_POZD_WEB_K2-1_s2_et4_6.png","D:\AI\AITRASH\workspaces\project - Изменение масштаба для планировок квартир\09_outputs\_diagnostics\full_20260727_full_mkd2\details\056_POZD_WEB_K2-1_s2_et4_6_attempt1.json","D:\AI\AITRASH\workspaces\project - Изменение масштаба для планировок квартир\09_outputs\_diagnostics\full_20260727_full_mkd2\verify_details\056_POZD_WEB_K2-1_s2_et4_6_verify_attempt1.json","Независимая проверка AI/PNG/SHA-256 пройдена."
"056_060_20260727_123737","57","OK","Корпус 2.1/POZD_WEB_K2-1_s2_et4_7.ai","170","OK","true","1","1200","1200","600","600","true","1165","0","2352","2352","13","13","true","true","true","true","true","True","1200","1200","True","838925","601075","True","True","True","True","True","D:\AI\AITRASH\workspaces\project - Изменение масштаба для планировок квартир\09_outputs\_full_wip\20260727_full_mkd2\Корпус 2.1\х170_POZD_WEB_K2-1_s2_et4_7.ai","D:\AI\AITRASH\workspaces\project - Изменение масштаба для планировок квартир\09_outputs\_full_wip\20260727_full_mkd2\Корпус 2.1\х170_POZD_WEB_K2-1_s2_et4_7.png","D:\AI\AITRASH\workspaces\project - Изменение масштаба для планировок квартир\09_outputs\_diagnostics\full_20260727_full_mkd2\details\057_POZD_WEB_K2-1_s2_et4_7_attempt1.json","D:\AI\AITRASH\workspaces\project - Изменение масштаба для планировок квартир\09_outputs\_diagnostics\full_20260727_full_mkd2\verify_details\057_POZD_WEB_K2-1_s2_et4_7_verify_attempt1.json","Независимая проверка AI/PNG/SHA-256 пройдена."
"056_060_20260727_123737","58","OK","Корпус 2.1/POZD_WEB_K2-1_s2_et4_9.ai","170","OK","true","1","1200","1200","600","600","true","1418","0","2863","2863","14","14","true","true","true","true","true","True","1200","1200","True","680295","759705","True","True","True","True","True","D:\AI\AITRASH\workspaces\project - Изменение масштаба для планировок квартир\09_outputs\_full_wip\20260727_full_mkd2\Корпус 2.1\х170_POZD_WEB_K2-1_s2_et4_9.ai","D:\AI\AITRASH\workspaces\project - Изменение масштаба для планировок квартир\09_outputs\_full_wip\20260727_full_mkd2\Корпус 2.1\х170_POZD_WEB_K2-1_s2_et4_9.png","D:\AI\AITRASH\workspaces\project - Изменение масштаба для планировок квартир\09_outputs\_diagnostics\full_20260727_full_mkd2\details\058_POZD_WEB_K2-1_s2_et4_9_attempt1.json","D:\AI\AITRASH\workspaces\project - Изменение масштаба для планировок квартир\09_outputs\_diagnostics\full_20260727_full_mkd2\verify_details\058_POZD_WEB_K2-1_s2_et4_9_verify_attempt1.json","Независимая проверка AI/PNG/SHA-256 пройдена."
"056_060_20260727_123737","59","OK","Корпус 2.1/POZD_WEB_K2-1_s2_et6_1.ai","170","OK","true","1","1200","1200","600","600","true","1216","0","2467","2467","13","13","true","true","true","true","true","True","1200","1200","True","824853","615147","True","True","True","True","True","D:\AI\AITRASH\workspaces\project - Изменение масштаба для планировок квартир\09_outputs\_full_wip\20260727_full_mkd2\Корпус 2.1\х170_POZD_WEB_K2-1_s2_et6_1.ai","D:\AI\AITRASH\workspaces\project - Изменение масштаба для планировок квартир\09_outputs\_full_wip\20260727_full_mkd2\Корпус 2.1\х170_POZD_WEB_K2-1_s2_et6_1.png","D:\AI\AITRASH\workspaces\project - Изменение масштаба для планировок квартир\09_outputs\_diagnostics\full_20260727_full_mkd2\details\059_POZD_WEB_K2-1_s2_et6_1_attempt1.json","D:\AI\AITRASH\workspaces\project - Изменение масштаба для планировок квартир\09_outputs\_diagnostics\full_20260727_full_mkd2\verify_details\059_POZD_WEB_K2-1_s2_et6_1_verify_attempt1.json","Независимая проверка AI/PNG/SHA-256 пройдена."
"056_060_20260727_123737","60","OK","Корпус 2.1/POZD_WEB_K2-1_s2_et6_4.ai","200","OK","true","1","1200","1200","600","600","true","880","0","1775","1775","13","13","true","true","true","true","true","True","1200","1200","True","832079","607921","True","True","True","True","True","D:\AI\AITRASH\workspaces\project - Изменение масштаба для планировок квартир\09_outputs\_full_wip\20260727_full_mkd2\Корпус 2.1\х200_POZD_WEB_K2-1_s2_et6_4.ai","D:\AI\AITRASH\workspaces\project - Изменение масштаба для планировок квартир\09_outputs\_full_wip\20260727_full_mkd2\Корпус 2.1\х200_POZD_WEB_K2-1_s2_et6_4.png","D:\AI\AITRASH\workspaces\project - Изменение масштаба для планировок квартир\09_outputs\_diagnostics\full_20260727_full_mkd2\details\060_POZD_WEB_K2-1_s2_et6_4_attempt1.json","D:\AI\AITRASH\workspaces\project - Изменение масштаба для планировок квартир\09_outputs\_diagnostics\full_20260727_full_mkd2\verify_details\060_POZD_WEB_K2-1_s2_et6_4_verify_attempt1.json","Независимая проверка AI/PNG/SHA-256 пройдена."
"061_065_20260727_124108","61","OK","Корпус 2.1/POZD_WEB_K2-1_s2_et6_6.ai","150","OK","true","1","1200","1200","600","600","true","1606","0","3251","3251","14","14","true","true","true","true","true","True","1200","1200","True","753515","686485","True","True","True","True","True","D:\AI\AITRASH\workspaces\project - Изменение масштаба для планировок квартир\09_outputs\_full_wip\20260727_full_mkd2\Корпус 2.1\х150_POZD_WEB_K2-1_s2_et6_6.ai","D:\AI\AITRASH\workspaces\project - Изменение масштаба для планировок квартир\09_outputs\_full_wip\20260727_full_mkd2\Корпус 2.1\х150_POZD_WEB_K2-1_s2_et6_6.png","D:\AI\AITRASH\workspaces\project - Изменение масштаба для планировок квартир\09_outputs\_diagnostics\full_20260727_full_mkd2\details\061_POZD_WEB_K2-1_s2_et6_6_attempt1.json","D:\AI\AITRASH\workspaces\project - Изменение масштаба для планировок квартир\09_outputs\_diagnostics\full_20260727_full_mkd2\verify_details\061_POZD_WEB_K2-1_s2_et6_6_verify_attempt1.json","Независимая проверка AI/PNG/SHA-256 пройдена."
"061_065_20260727_124108","62","OK","Корпус 2.1/POZD_WEB_K2-1_s2_et6_7.ai","170","OK","true","1","1200","1200","600","600","true","1178","0","2383","2383","13","13","true","true","true","true","true","True","1200","1200","True","836456","603544","True","True","True","True","True","D:\AI\AITRASH\workspaces\project - Изменение масштаба для планировок квартир\09_outputs\_full_wip\20260727_full_mkd2\Корпус 2.1\х170_POZD_WEB_K2-1_s2_et6_7.ai","D:\AI\AITRASH\workspaces\project - Изменение масштаба для планировок квартир\09_outputs\_full_wip\20260727_full_mkd2\Корпус 2.1\х170_POZD_WEB_K2-1_s2_et6_7.png","D:\AI\AITRASH\workspaces\project - Изменение масштаба для планировок квартир\09_outputs\_diagnostics\full_20260727_full_mkd2\details\062_POZD_WEB_K2-1_s2_et6_7_attempt1.json","D:\AI\AITRASH\workspaces\project - Изменение масштаба для планировок квартир\09_outputs\_diagnostics\full_20260727_full_mkd2\verify_details\062_POZD_WEB_K2-1_s2_et6_7_verify_attempt1.json","Независимая проверка AI/PNG/SHA-256 пройдена."
"061_065_20260727_124108","63","OK","Корпус 2.1/POZD_WEB_K2-1_s2_et6_8.ai","170","OK","true","1","1200","1200","600","600","true","1342","0","2728","2728","13","13","true","true","true","true","true","True","1200","1200","True","727754","712246","True","True","True","True","True","D:\AI\AITRASH\workspaces\project - Изменение масштаба для планировок квартир\09_outputs\_full_wip\20260727_full_mkd2\Корпус 2.1\х170_POZD_WEB_K2-1_s2_et6_8.ai","D:\AI\AITRASH\workspaces\project - Изменение масштаба для планировок квартир\09_outputs\_full_wip\20260727_full_mkd2\Корпус 2.1\х170_POZD_WEB_K2-1_s2_et6_8.png","D:\AI\AITRASH\workspaces\project - Изменение масштаба для планировок квартир\09_outputs\_diagnostics\full_20260727_full_mkd2\details\063_POZD_WEB_K2-1_s2_et6_8_attempt1.json","D:\AI\AITRASH\workspaces\project - Изменение масштаба для планировок квартир\09_outputs\_diagnostics\full_20260727_full_mkd2\verify_details\063_POZD_WEB_K2-1_s2_et6_8_verify_attempt1.json","Независимая проверка AI/PNG/SHA-256 пройдена."
"061_065_20260727_124108","64","OK","Корпус 2.1/POZD_WEB_K2-1_s2_et6_9.ai","170","OK","true","1","1200","1200","600","600","true","1391","0","2812","2812","13","13","true","true","true","true","true","True","1200","1200","True","682144","757856","True","True","True","True","True","D:\AI\AITRASH\workspaces\project - Изменение масштаба для планировок квартир\09_outputs\_full_wip\20260727_full_mkd2\Корпус 2.1\х170_POZD_WEB_K2-1_s2_et6_9.ai","D:\AI\AITRASH\workspaces\project - Изменение масштаба для планировок квартир\09_outputs\_full_wip\20260727_full_mkd2\Корпус 2.1\х170_POZD_WEB_K2-1_s2_et6_9.png","D:\AI\AITRASH\workspaces\project - Изменение масштаба для планировок квартир\09_outputs\_diagnostics\full_20260727_full_mkd2\details\064_POZD_WEB_K2-1_s2_et6_9_attempt1.json","D:\AI\AITRASH\workspaces\project - Изменение масштаба для планировок квартир\09_outputs\_diagnostics\full_20260727_full_mkd2\verify_details\064_POZD_WEB_K2-1_s2_et6_9_verify_attempt1.json","Независимая проверка AI/PNG/SHA-256 пройдена."
"061_065_20260727_124108","65","OK","Корпус 2.1/POZD_WEB_K2-1_s3_et1,3,5_5.ai","170","OK","true","1","1200","1200","600","600","true","1340","0","2713","2713","10","10","true","true","true","true","true","True","1200","1200","True","786046","653954","True","True","True","True","True","D:\AI\AITRASH\workspaces\project - Изменение масштаба для планировок квартир\09_outputs\_full_wip\20260727_full_mkd2\Корпус 2.1\х170_POZD_WEB_K2-1_s3_et1,3,5_5.ai","D:\AI\AITRASH\workspaces\project - Изменение масштаба для планировок квартир\09_outputs\_full_wip\20260727_full_mkd2\Корпус 2.1\х170_POZD_WEB_K2-1_s3_et1,3,5_5.png","D:\AI\AITRASH\workspaces\project - Изменение масштаба для планировок квартир\09_outputs\_diagnostics\full_20260727_full_mkd2\details\065_POZD_WEB_K2-1_s3_et1,3,5_5_attempt1.json","D:\AI\AITRASH\workspaces\project - Изменение масштаба для планировок квартир\09_outputs\_diagnostics\full_20260727_full_mkd2\verify_details\065_POZD_WEB_K2-1_s3_et1,3,5_5_verify_attempt1.json","Независимая проверка AI/PNG/SHA-256 пройдена."
"066_071_20260727_124518","66","OK","Корпус 2.1/POZD_WEB_K2-1_s3_et1_2.ai","150","OK","true","1","1200","1200","600","600","true","2599","0","5270","5270","15","15","true","true","true","true","true","True","1200","1200","True","755236","684764","True","True","True","True","True","D:\AI\AITRASH\workspaces\project - Изменение масштаба для планировок квартир\09_outputs\_full_wip\20260727_full_mkd2\Корпус 2.1\х150_POZD_WEB_K2-1_s3_et1_2.ai","D:\AI\AITRASH\workspaces\project - Изменение масштаба для планировок квартир\09_outputs\_full_wip\20260727_full_mkd2\Корпус 2.1\х150_POZD_WEB_K2-1_s3_et1_2.png","D:\AI\AITRASH\workspaces\project - Изменение масштаба для планировок квартир\09_outputs\_diagnostics\full_20260727_full_mkd2\details\066_POZD_WEB_K2-1_s3_et1_2_attempt1.json","D:\AI\AITRASH\workspaces\project - Изменение масштаба для планировок квартир\09_outputs\_diagnostics\full_20260727_full_mkd2\verify_details\066_POZD_WEB_K2-1_s3_et1_2_verify_attempt1.json","Независимая проверка AI/PNG/SHA-256 пройдена."
"066_071_20260727_124518","67","OK","Корпус 2.1/POZD_WEB_K2-1_s3_et1_3.ai","150","OK","true","1","1200","1200","600","600","true","2197","0","4449","4449","15","15","true","true","true","true","true","True","1200","1200","True","835275","604725","True","True","True","True","True","D:\AI\AITRASH\workspaces\project - Изменение масштаба для планировок квартир\09_outputs\_full_wip\20260727_full_mkd2\Корпус 2.1\х150_POZD_WEB_K2-1_s3_et1_3.ai","D:\AI\AITRASH\workspaces\project - Изменение масштаба для планировок квартир\09_outputs\_full_wip\20260727_full_mkd2\Корпус 2.1\х150_POZD_WEB_K2-1_s3_et1_3.png","D:\AI\AITRASH\workspaces\project - Изменение масштаба для планировок квартир\09_outputs\_diagnostics\full_20260727_full_mkd2\details\067_POZD_WEB_K2-1_s3_et1_3_attempt1.json","D:\AI\AITRASH\workspaces\project - Изменение масштаба для планировок квартир\09_outputs\_diagnostics\full_20260727_full_mkd2\verify_details\067_POZD_WEB_K2-1_s3_et1_3_verify_attempt1.json","Независимая проверка AI/PNG/SHA-256 пройдена."
"066_071_20260727_124518","69","OK","Корпус 2.1/POZD_WEB_K2-1_s3_et2,4_1.ai","120","OK","true","1","1200","1200","600","600","true","1689","0","3418","3418","10","10","true","true","true","true","true","True","1200","1200","True","961911","478089","True","True","True","True","True","D:\AI\AITRASH\workspaces\project - Изменение масштаба для планировок квартир\09_outputs\_full_wip\20260727_full_mkd2\Корпус 2.1\х120_POZD_WEB_K2-1_s3_et2,4_1.ai","D:\AI\AITRASH\workspaces\project - Изменение масштаба для планировок квартир\09_outputs\_full_wip\20260727_full_mkd2\Корпус 2.1\х120_POZD_WEB_K2-1_s3_et2,4_1.png","D:\AI\AITRASH\workspaces\project - Изменение масштаба для планировок квартир\09_outputs\_diagnostics\full_20260727_full_mkd2\details\069_POZD_WEB_K2-1_s3_et2,4_1_attempt1.json","D:\AI\AITRASH\workspaces\project - Изменение масштаба для планировок квартир\09_outputs\_diagnostics\full_20260727_full_mkd2\verify_details\069_POZD_WEB_K2-1_s3_et2,4_1_verify_attempt1.json","Независимая проверка AI/PNG/SHA-256 пройдена."
"066_071_20260727_124518","70","OK","Корпус 2.1/POZD_WEB_K2-1_s3_et2,4_5.ai","200","OK","true","1","1200","1200","600","600","true","858","0","1724","1724","10","10","true","true","true","true","true","True","1200","1200","True","881326","558674","True","True","True","True","True","D:\AI\AITRASH\workspaces\project - Изменение масштаба для планировок квартир\09_outputs\_full_wip\20260727_full_mkd2\Корпус 2.1\х200_POZD_WEB_K2-1_s3_et2,4_5.ai","D:\AI\AITRASH\workspaces\project - Изменение масштаба для планировок квартир\09_outputs\_full_wip\20260727_full_mkd2\Корпус 2.1\х200_POZD_WEB_K2-1_s3_et2,4_5.png","D:\AI\AITRASH\workspaces\project - Изменение масштаба для планировок квартир\09_outputs\_diagnostics\full_20260727_full_mkd2\details\070_POZD_WEB_K2-1_s3_et2,4_5_attempt1.json","D:\AI\AITRASH\workspaces\project - Изменение масштаба для планировок квартир\09_outputs\_diagnostics\full_20260727_full_mkd2\verify_details\070_POZD_WEB_K2-1_s3_et2,4_5_verify_attempt1.json","Независимая проверка AI/PNG/SHA-256 пройдена."
"066_071_20260727_124518","71","OK","Корпус 2.1/POZD_WEB_K2-1_s3_et2,6_3.ai","170","OK","true","1","1200","1200","600","600","true","1298","0","2630","2630","10","10","true","true","true","true","true","True","1200","1200","True","808953","631047","True","True","True","True","True","D:\AI\AITRASH\workspaces\project - Изменение масштаба для планировок квартир\09_outputs\_full_wip\20260727_full_mkd2\Корпус 2.1\х170_POZD_WEB_K2-1_s3_et2,6_3.ai","D:\AI\AITRASH\workspaces\project - Изменение масштаба для планировок квартир\09_outputs\_full_wip\20260727_full_mkd2\Корпус 2.1\х170_POZD_WEB_K2-1_s3_et2,6_3.png","D:\AI\AITRASH\workspaces\project - Изменение масштаба для планировок квартир\09_outputs\_diagnostics\full_20260727_full_mkd2\details\071_POZD_WEB_K2-1_s3_et2,6_3_attempt1.json","D:\AI\AITRASH\workspaces\project - Изменение масштаба для планировок квартир\09_outputs\_diagnostics\full_20260727_full_mkd2\verify_details\071_POZD_WEB_K2-1_s3_et2,6_3_verify_attempt1.json","Независимая проверка AI/PNG/SHA-256 пройдена."
"068_068_20260727_113117","68","OK","Корпус 2.1/POZD_WEB_K2-1_s3_et1_4.ai","110","OK","true","1","1200","1200","600","600","true","2537","0","5149","5149","16","16","true","true","true","true","true","True","1200","1200","True","991002","448998","True","True","True","True","True","D:\AI\AITRASH\workspaces\project - Изменение масштаба для планировок квартир\09_outputs\_full_wip\20260727_full_mkd2\Корпус 2.1\х110_POZD_WEB_K2-1_s3_et1_4.ai","D:\AI\AITRASH\workspaces\project - Изменение масштаба для планировок квартир\09_outputs\_full_wip\20260727_full_mkd2\Корпус 2.1\х110_POZD_WEB_K2-1_s3_et1_4.png","D:\AI\AITRASH\workspaces\project - Изменение масштаба для планировок квартир\09_outputs\_diagnostics\full_20260727_full_mkd2\details\068_POZD_WEB_K2-1_s3_et1_4_attempt1.json","D:\AI\AITRASH\workspaces\project - Изменение масштаба для планировок квартир\09_outputs\_diagnostics\full_20260727_full_mkd2\verify_details\068_POZD_WEB_K2-1_s3_et1_4_verify.json","Независимая проверка AI/PNG/SHA-256 пройдена."
"068_068_20260727_162622","68","OK","Корпус 2.1/POZD_WEB_K2-1_s3_et1_4.ai","110","OK","true","1","1200","1200","600","600","true","2537","0","5149","5149","16","16","true","true","true","true","true","True","1200","1200","True","991002","448998","True","True","True","True","True","D:\AI\AITRASH\workspaces\project - Изменение масштаба для планировок квартир\09_outputs\_full_wip\20260727_full_mkd2\Корпус 2.1\х110_POZD_WEB_K2-1_s3_et1_4.ai","D:\AI\AITRASH\workspaces\project - Изменение масштаба для планировок квартир\09_outputs\_full_wip\20260727_full_mkd2\Корпус 2.1\х110_POZD_WEB_K2-1_s3_et1_4.png","D:\AI\AITRASH\workspaces\project - Изменение масштаба для планировок квартир\09_outputs\_diagnostics\full_20260727_full_mkd2\details\068_POZD_WEB_K2-1_s3_et1_4_attempt2.json","D:\AI\AITRASH\workspaces\project - Изменение масштаба для планировок квартир\09_outputs\_diagnostics\full_20260727_full_mkd2\verify_details\068_POZD_WEB_K2-1_s3_et1_4_verify_attempt1.json","Независимая проверка AI/PNG/SHA-256 пройдена."
"072_076_20260727_124843","72","OK","Корпус 2.1/POZD_WEB_K2-1_s3_et2_2.ai","170","OK","true","1","1200","1200","600","600","true","1342","0","2722","2722","10","10","true","true","true","true","true","True","1200","1200","True","788248","651752","True","True","True","True","True","D:\AI\AITRASH\workspaces\project - Изменение масштаба для планировок квартир\09_outputs\_full_wip\20260727_full_mkd2\Корпус 2.1\х170_POZD_WEB_K2-1_s3_et2_2.ai","D:\AI\AITRASH\workspaces\project - Изменение масштаба для планировок квартир\09_outputs\_full_wip\20260727_full_mkd2\Корпус 2.1\х170_POZD_WEB_K2-1_s3_et2_2.png","D:\AI\AITRASH\workspaces\project - Изменение масштаба для планировок квартир\09_outputs\_diagnostics\full_20260727_full_mkd2\details\072_POZD_WEB_K2-1_s3_et2_2_attempt1.json","D:\AI\AITRASH\workspaces\project - Изменение масштаба для планировок квартир\09_outputs\_diagnostics\full_20260727_full_mkd2\verify_details\072_POZD_WEB_K2-1_s3_et2_2_verify_attempt1.json","Независимая проверка AI/PNG/SHA-256 пройдена."
"072_076_20260727_124843","73","OK","Корпус 2.1/POZD_WEB_K2-1_s3_et2_4.ai","120","OK","true","1","1200","1200","600","600","true","1726","0","3489","3489","10","10","true","true","true","true","true","True","1200","1200","True","957366","482634","True","True","True","True","True","D:\AI\AITRASH\workspaces\project - Изменение масштаба для планировок квартир\09_outputs\_full_wip\20260727_full_mkd2\Корпус 2.1\х120_POZD_WEB_K2-1_s3_et2_4.ai","D:\AI\AITRASH\workspaces\project - Изменение масштаба для планировок квартир\09_outputs\_full_wip\20260727_full_mkd2\Корпус 2.1\х120_POZD_WEB_K2-1_s3_et2_4.png","D:\AI\AITRASH\workspaces\project - Изменение масштаба для планировок квартир\09_outputs\_diagnostics\full_20260727_full_mkd2\details\073_POZD_WEB_K2-1_s3_et2_4_attempt1.json","D:\AI\AITRASH\workspaces\project - Изменение масштаба для планировок квартир\09_outputs\_diagnostics\full_20260727_full_mkd2\verify_details\073_POZD_WEB_K2-1_s3_et2_4_verify_attempt1.json","Независимая проверка AI/PNG/SHA-256 пройдена."
"072_076_20260727_124843","74","OK","Корпус 2.1/POZD_WEB_K2-1_s3_et3,5_1.ai","120","OK","true","1","1200","1200","600","600","true","1691","0","3422","3422","10","10","true","true","true","true","true","True","1200","1200","True","961902","478098","True","True","True","True","True","D:\AI\AITRASH\workspaces\project - Изменение масштаба для планировок квартир\09_outputs\_full_wip\20260727_full_mkd2\Корпус 2.1\х120_POZD_WEB_K2-1_s3_et3,5_1.ai","D:\AI\AITRASH\workspaces\project - Изменение масштаба для планировок квартир\09_outputs\_full_wip\20260727_full_mkd2\Корпус 2.1\х120_POZD_WEB_K2-1_s3_et3,5_1.png","D:\AI\AITRASH\workspaces\project - Изменение масштаба для планировок квартир\09_outputs\_diagnostics\full_20260727_full_mkd2\details\074_POZD_WEB_K2-1_s3_et3,5_1_attempt1.json","D:\AI\AITRASH\workspaces\project - Изменение масштаба для планировок квартир\09_outputs\_diagnostics\full_20260727_full_mkd2\verify_details\074_POZD_WEB_K2-1_s3_et3,5_1_verify_attempt1.json","Независимая проверка AI/PNG/SHA-256 пройдена."
"072_076_20260727_124843","75","OK","Корпус 2.1/POZD_WEB_K2-1_s3_et3,5_2.ai","170","OK","true","1","1200","1200","600","600","true","1340","0","2713","2713","10","10","true","true","true","true","true","True","1200","1200","True","786046","653954","True","True","True","True","True","D:\AI\AITRASH\workspaces\project - Изменение масштаба для планировок квартир\09_outputs\_full_wip\20260727_full_mkd2\Корпус 2.1\х170_POZD_WEB_K2-1_s3_et3,5_2.ai","D:\AI\AITRASH\workspaces\project - Изменение масштаба для планировок квартир\09_outputs\_full_wip\20260727_full_mkd2\Корпус 2.1\х170_POZD_WEB_K2-1_s3_et3,5_2.png","D:\AI\AITRASH\workspaces\project - Изменение масштаба для планировок квартир\09_outputs\_diagnostics\full_20260727_full_mkd2\details\075_POZD_WEB_K2-1_s3_et3,5_2_attempt1.json","D:\AI\AITRASH\workspaces\project - Изменение масштаба для планировок квартир\09_outputs\_diagnostics\full_20260727_full_mkd2\verify_details\075_POZD_WEB_K2-1_s3_et3,5_2_verify_attempt1.json","Независимая проверка AI/PNG/SHA-256 пройдена."
"072_076_20260727_124843","76","OK","Корпус 2.1/POZD_WEB_K2-1_s3_et3,5_3.ai","170","OK","true","1","1200","1200","600","600","true","1300","0","2636","2636","10","10","true","true","true","true","true","True","1200","1200","True","811162","628838","True","True","True","True","True","D:\AI\AITRASH\workspaces\project - Изменение масштаба для планировок квартир\09_outputs\_full_wip\20260727_full_mkd2\Корпус 2.1\х170_POZD_WEB_K2-1_s3_et3,5_3.ai","D:\AI\AITRASH\workspaces\project - Изменение масштаба для планировок квартир\09_outputs\_full_wip\20260727_full_mkd2\Корпус 2.1\х170_POZD_WEB_K2-1_s3_et3,5_3.png","D:\AI\AITRASH\workspaces\project - Изменение масштаба для планировок квартир\09_outputs\_diagnostics\full_20260727_full_mkd2\details\076_POZD_WEB_K2-1_s3_et3,5_3_attempt1.json","D:\AI\AITRASH\workspaces\project - Изменение масштаба для планировок квартир\09_outputs\_diagnostics\full_20260727_full_mkd2\verify_details\076_POZD_WEB_K2-1_s3_et3,5_3_verify_attempt1.json","Независимая проверка AI/PNG/SHA-256 пройдена."
"077_081_20260727_125234","77","OK","Корпус 2.1/POZD_WEB_K2-1_s3_et3,5_4.ai","120","OK","true","1","1200","1200","600","600","true","1726","0","3489","3489","10","10","true","true","true","true","true","True","1200","1200","True","957368","482632","True","True","True","True","True","D:\AI\AITRASH\workspaces\project - Изменение масштаба для планировок квартир\09_outputs\_full_wip\20260727_full_mkd2\Корпус 2.1\х120_POZD_WEB_K2-1_s3_et3,5_4.ai","D:\AI\AITRASH\workspaces\project - Изменение масштаба для планировок квартир\09_outputs\_full_wip\20260727_full_mkd2\Корпус 2.1\х120_POZD_WEB_K2-1_s3_et3,5_4.png","D:\AI\AITRASH\workspaces\project - Изменение масштаба для планировок квартир\09_outputs\_diagnostics\full_20260727_full_mkd2\details\077_POZD_WEB_K2-1_s3_et3,5_4_attempt1.json","D:\AI\AITRASH\workspaces\project - Изменение масштаба для планировок квартир\09_outputs\_diagnostics\full_20260727_full_mkd2\verify_details\077_POZD_WEB_K2-1_s3_et3,5_4_verify_attempt1.json","Независимая проверка AI/PNG/SHA-256 пройдена."
"077_081_20260727_125234","78","OK","Корпус 2.1/POZD_WEB_K2-1_s3_et4_2.ai","170","OK","true","1","1200","1200","600","600","true","1336","0","2708","2708","13","13","true","true","true","true","true","True","1200","1200","True","773074","666926","True","True","True","True","True","D:\AI\AITRASH\workspaces\project - Изменение масштаба для планировок квартир\09_outputs\_full_wip\20260727_full_mkd2\Корпус 2.1\х170_POZD_WEB_K2-1_s3_et4_2.ai","D:\AI\AITRASH\workspaces\project - Изменение масштаба для планировок квартир\09_outputs\_full_wip\20260727_full_mkd2\Корпус 2.1\х170_POZD_WEB_K2-1_s3_et4_2.png","D:\AI\AITRASH\workspaces\project - Изменение масштаба для планировок квартир\09_outputs\_diagnostics\full_20260727_full_mkd2\details\078_POZD_WEB_K2-1_s3_et4_2_attempt1.json","D:\AI\AITRASH\workspaces\project - Изменение масштаба для планировок квартир\09_outputs\_diagnostics\full_20260727_full_mkd2\verify_details\078_POZD_WEB_K2-1_s3_et4_2_verify_attempt1.json","Независимая проверка AI/PNG/SHA-256 пройдена."
"077_081_20260727_125234","79","OK","Корпус 2.1/POZD_WEB_K2-1_s3_et4_3.ai","170","OK","true","1","1200","1200","600","600","true","1310","0","2655","2655","13","13","true","true","true","true","true","True","1200","1200","True","793358","646642","True","True","True","True","True","D:\AI\AITRASH\workspaces\project - Изменение масштаба для планировок квартир\09_outputs\_full_wip\20260727_full_mkd2\Корпус 2.1\х170_POZD_WEB_K2-1_s3_et4_3.ai","D:\AI\AITRASH\workspaces\project - Изменение масштаба для планировок квартир\09_outputs\_full_wip\20260727_full_mkd2\Корпус 2.1\х170_POZD_WEB_K2-1_s3_et4_3.png","D:\AI\AITRASH\workspaces\project - Изменение масштаба для планировок квартир\09_outputs\_diagnostics\full_20260727_full_mkd2\details\079_POZD_WEB_K2-1_s3_et4_3_attempt1.json","D:\AI\AITRASH\workspaces\project - Изменение масштаба для планировок квартир\09_outputs\_diagnostics\full_20260727_full_mkd2\verify_details\079_POZD_WEB_K2-1_s3_et4_3_verify_attempt1.json","Независимая проверка AI/PNG/SHA-256 пройдена."
"077_081_20260727_125234","80","OK","Корпус 2.1/POZD_WEB_K2-1_s3_et4_4.ai","120","OK","true","1","1200","1200","600","600","true","1704","0","3449","3449","13","13","true","true","true","true","true","True","1200","1200","True","949646","490354","True","True","True","True","True","D:\AI\AITRASH\workspaces\project - Изменение масштаба для планировок квартир\09_outputs\_full_wip\20260727_full_mkd2\Корпус 2.1\х120_POZD_WEB_K2-1_s3_et4_4.ai","D:\AI\AITRASH\workspaces\project - Изменение масштаба для планировок квартир\09_outputs\_full_wip\20260727_full_mkd2\Корпус 2.1\х120_POZD_WEB_K2-1_s3_et4_4.png","D:\AI\AITRASH\workspaces\project - Изменение масштаба для планировок квартир\09_outputs\_diagnostics\full_20260727_full_mkd2\details\080_POZD_WEB_K2-1_s3_et4_4_attempt1.json","D:\AI\AITRASH\workspaces\project - Изменение масштаба для планировок квартир\09_outputs\_diagnostics\full_20260727_full_mkd2\verify_details\080_POZD_WEB_K2-1_s3_et4_4_verify_attempt1.json","Независимая проверка AI/PNG/SHA-256 пройдена."
"077_081_20260727_125234","81","OK","Корпус 2.1/POZD_WEB_K2-1_s3_et6_1.ai","120","OK","true","1","1200","1200","600","600","true","1736","0","3518","3518","13","13","true","true","true","true","true","True","1200","1200","True","953922","486078","True","True","True","True","True","D:\AI\AITRASH\workspaces\project - Изменение масштаба для планировок квартир\09_outputs\_full_wip\20260727_full_mkd2\Корпус 2.1\х120_POZD_WEB_K2-1_s3_et6_1.ai","D:\AI\AITRASH\workspaces\project - Изменение масштаба для планировок квартир\09_outputs\_full_wip\20260727_full_mkd2\Корпус 2.1\х120_POZD_WEB_K2-1_s3_et6_1.png","D:\AI\AITRASH\workspaces\project - Изменение масштаба для планировок квартир\09_outputs\_diagnostics\full_20260727_full_mkd2\details\081_POZD_WEB_K2-1_s3_et6_1_attempt1.json","D:\AI\AITRASH\workspaces\project - Изменение масштаба для планировок квартир\09_outputs\_diagnostics\full_20260727_full_mkd2\verify_details\081_POZD_WEB_K2-1_s3_et6_1_verify_attempt1.json","Независимая проверка AI/PNG/SHA-256 пройдена."
"077_101_20260727_170109","77","OK","Корпус 2.1/POZD_WEB_K2-1_s3_et3,5_4.ai","120","OK","true","1","1200","1200","600","600","true","1726","0","3489","3489","10","10","true","true","true","true","true","True","1200","1200","True","957368","482632","True","True","True","True","True","D:\AI\AITRASH\workspaces\project - Изменение масштаба для планировок квартир\09_outputs\_full_wip\20260727_full_mkd2\Корпус 2.1\х120_POZD_WEB_K2-1_s3_et3,5_4.ai","D:\AI\AITRASH\workspaces\project - Изменение масштаба для планировок квартир\09_outputs\_full_wip\20260727_full_mkd2\Корпус 2.1\х120_POZD_WEB_K2-1_s3_et3,5_4.png","D:\AI\AITRASH\workspaces\project - Изменение масштаба для планировок квартир\09_outputs\_diagnostics\full_20260727_full_mkd2\details\077_POZD_WEB_K2-1_s3_et3,5_4_attempt1.json","D:\AI\AITRASH\workspaces\project - Изменение масштаба для планировок квартир\09_outputs\_diagnostics\full_20260727_full_mkd2\verify_details\077_POZD_WEB_K2-1_s3_et3,5_4_verify_attempt2.json","Независимая проверка AI/PNG/SHA-256 пройдена."
"077_101_20260727_170109","78","OK","Корпус 2.1/POZD_WEB_K2-1_s3_et4_2.ai","170","OK","true","1","1200","1200","600","600","true","1336","0","2708","2708","13","13","true","true","true","true","true","True","1200","1200","True","773074","666926","True","True","True","True","True","D:\AI\AITRASH\workspaces\project - Изменение масштаба для планировок квартир\09_outputs\_full_wip\20260727_full_mkd2\Корпус 2.1\х170_POZD_WEB_K2-1_s3_et4_2.ai","D:\AI\AITRASH\workspaces\project - Изменение масштаба для планировок квартир\09_outputs\_full_wip\20260727_full_mkd2\Корпус 2.1\х170_POZD_WEB_K2-1_s3_et4_2.png","D:\AI\AITRASH\workspaces\project - Изменение масштаба для планировок квартир\09_outputs\_diagnostics\full_20260727_full_mkd2\details\078_POZD_WEB_K2-1_s3_et4_2_attempt1.json","D:\AI\AITRASH\workspaces\project - Изменение масштаба для планировок квартир\09_outputs\_diagnostics\full_20260727_full_mkd2\verify_details\078_POZD_WEB_K2-1_s3_et4_2_verify_attempt2.json","Независимая проверка AI/PNG/SHA-256 пройдена."
"077_101_20260727_170109","79","OK","Корпус 2.1/POZD_WEB_K2-1_s3_et4_3.ai","170","OK","true","1","1200","1200","600","600","true","1310","0","2655","2655","13","13","true","true","true","true","true","True","1200","1200","True","793358","646642","True","True","True","True","True","D:\AI\AITRASH\workspaces\project - Изменение масштаба для планировок квартир\09_outputs\_full_wip\20260727_full_mkd2\Корпус 2.1\х170_POZD_WEB_K2-1_s3_et4_3.ai","D:\AI\AITRASH\workspaces\project - Изменение масштаба для планировок квартир\09_outputs\_full_wip\20260727_full_mkd2\Корпус 2.1\х170_POZD_WEB_K2-1_s3_et4_3.png","D:\AI\AITRASH\workspaces\project - Изменение масштаба для планировок квартир\09_outputs\_diagnostics\full_20260727_full_mkd2\details\079_POZD_WEB_K2-1_s3_et4_3_attempt1.json","D:\AI\AITRASH\workspaces\project - Изменение масштаба для планировок квартир\09_outputs\_diagnostics\full_20260727_full_mkd2\verify_details\079_POZD_WEB_K2-1_s3_et4_3_verify_attempt2.json","Независимая проверка AI/PNG/SHA-256 пройдена."
"077_101_20260727_170109","80","OK","Корпус 2.1/POZD_WEB_K2-1_s3_et4_4.ai","120","OK","true","1","1200","1200","600","600","true","1704","0","3449","3449","13","13","true","true","true","true","true","True","1200","1200","True","949646","490354","True","True","True","True","True","D:\AI\AITRASH\workspaces\project - Изменение масштаба для планировок квартир\09_outputs\_full_wip\20260727_full_mkd2\Корпус 2.1\х120_POZD_WEB_K2-1_s3_et4_4.ai","D:\AI\AITRASH\workspaces\project - Изменение масштаба для планировок квартир\09_outputs\_full_wip\20260727_full_mkd2\Корпус 2.1\х120_POZD_WEB_K2-1_s3_et4_4.png","D:\AI\AITRASH\workspaces\project - Изменение масштаба для планировок квартир\09_outputs\_diagnostics\full_20260727_full_mkd2\details\080_POZD_WEB_K2-1_s3_et4_4_attempt1.json","D:\AI\AITRASH\workspaces\project - Изменение масштаба для планировок квартир\09_outputs\_diagnostics\full_20260727_full_mkd2\verify_details\080_POZD_WEB_K2-1_s3_et4_4_verify_attempt2.json","Независимая проверка AI/PNG/SHA-256 пройдена."
"077_101_20260727_170109","81","OK","Корпус 2.1/POZD_WEB_K2-1_s3_et6_1.ai","120","OK","true","1","1200","1200","600","600","true","1736","0","3518","3518","13","13","true","true","true","true","true","True","1200","1200","True","953922","486078","True","True","True","True","True","D:\AI\AITRASH\workspaces\project - Изменение масштаба для планировок квартир\09_outputs\_full_wip\20260727_full_mkd2\Корпус 2.1\х120_POZD_WEB_K2-1_s3_et6_1.ai","D:\AI\AITRASH\workspaces\project - Изменение масштаба для планировок квартир\09_outputs\_full_wip\20260727_full_mkd2\Корпус 2.1\х120_POZD_WEB_K2-1_s3_et6_1.png","D:\AI\AITRASH\workspaces\project - Изменение масштаба для планировок квартир\09_outputs\_diagnostics\full_20260727_full_mkd2\details\081_POZD_WEB_K2-1_s3_et6_1_attempt1.json","D:\AI\AITRASH\workspaces\project - Изменение масштаба для планировок квартир\09_outputs\_diagnostics\full_20260727_full_mkd2\verify_details\081_POZD_WEB_K2-1_s3_et6_1_verify_attempt2.json","Независимая проверка AI/PNG/SHA-256 пройдена."
"077_101_20260727_170109","82","OK","Корпус 2.1/POZD_WEB_K2-1_s3_et6_2.ai","170","OK","true","1","1200","1200","600","600","true","1301","0","2644","2644","14","14","true","true","true","true","true","True","1200","1200","True","772982","667018","True","True","True","True","True","D:\AI\AITRASH\workspaces\project - Изменение масштаба для планировок квартир\09_outputs\_full_wip\20260727_full_mkd2\Корпус 2.1\х170_POZD_WEB_K2-1_s3_et6_2.ai","D:\AI\AITRASH\workspaces\project - Изменение масштаба для планировок квартир\09_outputs\_full_wip\20260727_full_mkd2\Корпус 2.1\х170_POZD_WEB_K2-1_s3_et6_2.png","D:\AI\AITRASH\workspaces\project - Изменение масштаба для планировок квартир\09_outputs\_diagnostics\full_20260727_full_mkd2\details\082_POZD_WEB_K2-1_s3_et6_2_attempt1.json","D:\AI\AITRASH\workspaces\project - Изменение масштаба для планировок квартир\09_outputs\_diagnostics\full_20260727_full_mkd2\verify_details\082_POZD_WEB_K2-1_s3_et6_2_verify_attempt2.json","Независимая проверка AI/PNG/SHA-256 пройдена."
"077_101_20260727_170109","83","OK","Корпус 2.1/POZD_WEB_K2-1_s3_et6_4.ai","120","OK","true","1","1200","1200","600","600","true","1736","0","3514","3514","14","14","true","true","true","true","true","True","1200","1200","True","948880","491120","True","True","True","True","True","D:\AI\AITRASH\workspaces\project - Изменение масштаба для планировок квартир\09_outputs\_full_wip\20260727_full_mkd2\Корпус 2.1\х120_POZD_WEB_K2-1_s3_et6_4.ai","D:\AI\AITRASH\workspaces\project - Изменение масштаба для планировок квартир\09_outputs\_full_wip\20260727_full_mkd2\Корпус 2.1\х120_POZD_WEB_K2-1_s3_et6_4.png","D:\AI\AITRASH\workspaces\project - Изменение масштаба для планировок квартир\09_outputs\_diagnostics\full_20260727_full_mkd2\details\083_POZD_WEB_K2-1_s3_et6_4_attempt1.json","D:\AI\AITRASH\workspaces\project - Изменение масштаба для планировок квартир\09_outputs\_diagnostics\full_20260727_full_mkd2\verify_details\083_POZD_WEB_K2-1_s3_et6_4_verify_attempt2.json","Независимая проверка AI/PNG/SHA-256 пройдена."
"077_101_20260727_170109","84","OK","Корпус 2.1/POZD_WEB_K2-1_s3_et6_5.ai","200","OK","true","1","1200","1200","600","600","true","890","0","1792","1792","13","13","true","true","true","true","true","True","1200","1200","True","860398","579602","True","True","True","True","True","D:\AI\AITRASH\workspaces\project - Изменение масштаба для планировок квартир\09_outputs\_full_wip\20260727_full_mkd2\Корпус 2.1\х200_POZD_WEB_K2-1_s3_et6_5.ai","D:\AI\AITRASH\workspaces\project - Изменение масштаба для планировок квартир\09_outputs\_full_wip\20260727_full_mkd2\Корпус 2.1\х200_POZD_WEB_K2-1_s3_et6_5.png","D:\AI\AITRASH\workspaces\project - Изменение масштаба для планировок квартир\09_outputs\_diagnostics\full_20260727_full_mkd2\details\084_POZD_WEB_K2-1_s3_et6_5_attempt1.json","D:\AI\AITRASH\workspaces\project - Изменение масштаба для планировок квартир\09_outputs\_diagnostics\full_20260727_full_mkd2\verify_details\084_POZD_WEB_K2-1_s3_et6_5_verify_attempt2.json","Независимая проверка AI/PNG/SHA-256 пройдена."
"077_101_20260727_170109","85","OK","Корпус 2.1/POZD_WEB_K2-1_s4_et1_1.ai","170","OK","true","1","1200","1200","600","600","true","1053","0","2131","2131","10","10","true","true","true","true","true","True","1200","1200","True","869945","570055","True","True","True","True","True","D:\AI\AITRASH\workspaces\project - Изменение масштаба для планировок квартир\09_outputs\_full_wip\20260727_full_mkd2\Корпус 2.1\х170_POZD_WEB_K2-1_s4_et1_1.ai","D:\AI\AITRASH\workspaces\project - Изменение масштаба для планировок квартир\09_outputs\_full_wip\20260727_full_mkd2\Корпус 2.1\х170_POZD_WEB_K2-1_s4_et1_1.png","D:\AI\AITRASH\workspaces\project - Изменение масштаба для планировок квартир\09_outputs\_diagnostics\full_20260727_full_mkd2\details\085_POZD_WEB_K2-1_s4_et1_1_attempt1.json","D:\AI\AITRASH\workspaces\project - Изменение масштаба для планировок квартир\09_outputs\_diagnostics\full_20260727_full_mkd2\verify_details\085_POZD_WEB_K2-1_s4_et1_1_verify_attempt2.json","Независимая проверка AI/PNG/SHA-256 пройдена."
"077_101_20260727_170109","86","OK","Корпус 2.1/POZD_WEB_K2-1_s4_et1_2.ai","200","OK","true","1","1200","1200","600","600","true","876","0","1778","1778","10","10","true","true","true","true","true","True","1200","1200","True","861382","578618","True","True","True","True","True","D:\AI\AITRASH\workspaces\project - Изменение масштаба для планировок квартир\09_outputs\_full_wip\20260727_full_mkd2\Корпус 2.1\х200_POZD_WEB_K2-1_s4_et1_2.ai","D:\AI\AITRASH\workspaces\project - Изменение масштаба для планировок квартир\09_outputs\_full_wip\20260727_full_mkd2\Корпус 2.1\х200_POZD_WEB_K2-1_s4_et1_2.png","D:\AI\AITRASH\workspaces\project - Изменение масштаба для планировок квартир\09_outputs\_diagnostics\full_20260727_full_mkd2\details\086_POZD_WEB_K2-1_s4_et1_2_attempt1.json","D:\AI\AITRASH\workspaces\project - Изменение масштаба для планировок квартир\09_outputs\_diagnostics\full_20260727_full_mkd2\verify_details\086_POZD_WEB_K2-1_s4_et1_2_verify_attempt2.json","Независимая проверка AI/PNG/SHA-256 пройдена."
"077_101_20260727_170109","87","OK","Корпус 2.1/POZD_WEB_K2-1_s4_et1_3.ai","200","OK","true","1","1200","1200","600","600","true","681","0","1385","1385","10","10","true","true","true","true","true","True","1200","1200","True","987776","452224","True","True","True","True","True","D:\AI\AITRASH\workspaces\project - Изменение масштаба для планировок квартир\09_outputs\_full_wip\20260727_full_mkd2\Корпус 2.1\х200_POZD_WEB_K2-1_s4_et1_3.ai","D:\AI\AITRASH\workspaces\project - Изменение масштаба для планировок квартир\09_outputs\_full_wip\20260727_full_mkd2\Корпус 2.1\х200_POZD_WEB_K2-1_s4_et1_3.png","D:\AI\AITRASH\workspaces\project - Изменение масштаба для планировок квартир\09_outputs\_diagnostics\full_20260727_full_mkd2\details\087_POZD_WEB_K2-1_s4_et1_3_attempt1.json","D:\AI\AITRASH\workspaces\project - Изменение масштаба для планировок квартир\09_outputs\_diagnostics\full_20260727_full_mkd2\verify_details\087_POZD_WEB_K2-1_s4_et1_3_verify_attempt2.json","Независимая проверка AI/PNG/SHA-256 пройдена."
"077_101_20260727_170109","88","OK","Корпус 2.1/POZD_WEB_K2-1_s4_et1_4.ai","150","OK","true","1","1200","1200","600","600","true","2217","0","4501","4501","16","16","true","true","true","true","true","True","1200","1200","True","730354","709646","True","True","True","True","True","D:\AI\AITRASH\workspaces\project - Изменение масштаба для планировок квартир\09_outputs\_full_wip\20260727_full_mkd2\Корпус 2.1\х150_POZD_WEB_K2-1_s4_et1_4.ai","D:\AI\AITRASH\workspaces\project - Изменение масштаба для планировок квартир\09_outputs\_full_wip\20260727_full_mkd2\Корпус 2.1\х150_POZD_WEB_K2-1_s4_et1_4.png","D:\AI\AITRASH\workspaces\project - Изменение масштаба для планировок квартир\09_outputs\_diagnostics\full_20260727_full_mkd2\details\088_POZD_WEB_K2-1_s4_et1_4_attempt1.json","D:\AI\AITRASH\workspaces\project - Изменение масштаба для планировок квартир\09_outputs\_diagnostics\full_20260727_full_mkd2\verify_details\088_POZD_WEB_K2-1_s4_et1_4_verify_attempt2.json","Независимая проверка AI/PNG/SHA-256 пройдена."
"077_101_20260727_170109","89","OK","Корпус 2.1/POZD_WEB_K2-1_s4_et1_5.ai","170","OK","true","1","1200","1200","600","600","true","1860","0","3755","3755","17","17","true","true","true","true","true","True","1200","1200","True","838988","601012","True","True","True","True","True","D:\AI\AITRASH\workspaces\project - Изменение масштаба для планировок квартир\09_outputs\_full_wip\20260727_full_mkd2\Корпус 2.1\х170_POZD_WEB_K2-1_s4_et1_5.ai","D:\AI\AITRASH\workspaces\project - Изменение масштаба для планировок квартир\09_outputs\_full_wip\20260727_full_mkd2\Корпус 2.1\х170_POZD_WEB_K2-1_s4_et1_5.png","D:\AI\AITRASH\workspaces\project - Изменение масштаба для планировок квартир\09_outputs\_diagnostics\full_20260727_full_mkd2\details\089_POZD_WEB_K2-1_s4_et1_5_attempt1.json","D:\AI\AITRASH\workspaces\project - Изменение масштаба для планировок квартир\09_outputs\_diagnostics\full_20260727_full_mkd2\verify_details\089_POZD_WEB_K2-1_s4_et1_5_verify_attempt2.json","Независимая проверка AI/PNG/SHA-256 пройдена."
"077_101_20260727_170109","90","OK","Корпус 2.1/POZD_WEB_K2-1_s4_et2,4_2.ai","200","OK","true","1","1200","1200","600","600","true","846","0","1706","1706","10","10","true","true","true","true","true","True","1200","1200","True","863045","576955","True","True","True","True","True","D:\AI\AITRASH\workspaces\project - Изменение масштаба для планировок квартир\09_outputs\_full_wip\20260727_full_mkd2\Корпус 2.1\х200_POZD_WEB_K2-1_s4_et2,4_2.ai","D:\AI\AITRASH\workspaces\project - Изменение масштаба для планировок квартир\09_outputs\_full_wip\20260727_full_mkd2\Корпус 2.1\х200_POZD_WEB_K2-1_s4_et2,4_2.png","D:\AI\AITRASH\workspaces\project - Изменение масштаба для планировок квартир\09_outputs\_diagnostics\full_20260727_full_mkd2\details\090_POZD_WEB_K2-1_s4_et2,4_2_attempt1.json","D:\AI\AITRASH\workspaces\project - Изменение масштаба для планировок квартир\09_outputs\_diagnostics\full_20260727_full_mkd2\verify_details\090_POZD_WEB_K2-1_s4_et2,4_2_verify_attempt2.json","Независимая проверка AI/PNG/SHA-256 пройдена."
"077_101_20260727_170109","91","OK","Корпус 2.1/POZD_WEB_K2-1_s4_et2,6_4.ai","170","OK","true","1","1200","1200","600","600","true","1252","0","2540","2540","10","10","true","true","true","true","true","True","1200","1200","True","821021","618979","True","True","True","True","True","D:\AI\AITRASH\workspaces\project - Изменение масштаба для планировок квартир\09_outputs\_full_wip\20260727_full_mkd2\Корпус 2.1\х170_POZD_WEB_K2-1_s4_et2,6_4.ai","D:\AI\AITRASH\workspaces\project - Изменение масштаба для планировок квартир\09_outputs\_full_wip\20260727_full_mkd2\Корпус 2.1\х170_POZD_WEB_K2-1_s4_et2,6_4.png","D:\AI\AITRASH\workspaces\project - Изменение масштаба для планировок квартир\09_outputs\_diagnostics\full_20260727_full_mkd2\details\091_POZD_WEB_K2-1_s4_et2,6_4_attempt1.json","D:\AI\AITRASH\workspaces\project - Изменение масштаба для планировок квартир\09_outputs\_diagnostics\full_20260727_full_mkd2\verify_details\091_POZD_WEB_K2-1_s4_et2,6_4_verify_attempt2.json","Независимая проверка AI/PNG/SHA-256 пройдена."
"077_101_20260727_170109","92","OK","Корпус 2.1/POZD_WEB_K2-1_s4_et2_1.ai","120","OK","true","1","1200","1200","600","600","true","1935","0","3906","3906","10","10","true","true","true","true","true","True","1200","1200","True","956154","483846","True","True","True","True","True","D:\AI\AITRASH\workspaces\project - Изменение масштаба для планировок квартир\09_outputs\_full_wip\20260727_full_mkd2\Корпус 2.1\х120_POZD_WEB_K2-1_s4_et2_1.ai","D:\AI\AITRASH\workspaces\project - Изменение масштаба для планировок квартир\09_outputs\_full_wip\20260727_full_mkd2\Корпус 2.1\х120_POZD_WEB_K2-1_s4_et2_1.png","D:\AI\AITRASH\workspaces\project - Изменение масштаба для планировок квартир\09_outputs\_diagnostics\full_20260727_full_mkd2\details\092_POZD_WEB_K2-1_s4_et2_1_attempt1.json","D:\AI\AITRASH\workspaces\project - Изменение масштаба для планировок квартир\09_outputs\_diagnostics\full_20260727_full_mkd2\verify_details\092_POZD_WEB_K2-1_s4_et2_1_verify_attempt2.json","Независимая проверка AI/PNG/SHA-256 пройдена."
"077_101_20260727_170109","93","OK","Корпус 2.1/POZD_WEB_K2-1_s4_et2_3.ai","120","OK","true","1","1200","1200","600","600","true","1681","0","3405","3405","10","10","true","true","true","true","true","True","1200","1200","True","930151","509849","True","True","True","True","True","D:\AI\AITRASH\workspaces\project - Изменение масштаба для планировок квартир\09_outputs\_full_wip\20260727_full_mkd2\Корпус 2.1\х120_POZD_WEB_K2-1_s4_et2_3.ai","D:\AI\AITRASH\workspaces\project - Изменение масштаба для планировок квартир\09_outputs\_full_wip\20260727_full_mkd2\Корпус 2.1\х120_POZD_WEB_K2-1_s4_et2_3.png","D:\AI\AITRASH\workspaces\project - Изменение масштаба для планировок квартир\09_outputs\_diagnostics\full_20260727_full_mkd2\details\093_POZD_WEB_K2-1_s4_et2_3_attempt1.json","D:\AI\AITRASH\workspaces\project - Изменение масштаба для планировок квартир\09_outputs\_diagnostics\full_20260727_full_mkd2\verify_details\093_POZD_WEB_K2-1_s4_et2_3_verify_attempt2.json","Независимая проверка AI/PNG/SHA-256 пройдена."
"077_101_20260727_170109","94","OK","Корпус 2.1/POZD_WEB_K2-1_s4_et2_5.ai","170","OK","true","1","1200","1200","600","600","true","1415","0","2867","2867","10","10","true","true","true","true","true","True","1200","1200","True","714046","725954","True","True","True","True","True","D:\AI\AITRASH\workspaces\project - Изменение масштаба для планировок квартир\09_outputs\_full_wip\20260727_full_mkd2\Корпус 2.1\х170_POZD_WEB_K2-1_s4_et2_5.ai","D:\AI\AITRASH\workspaces\project - Изменение масштаба для планировок квартир\09_outputs\_full_wip\20260727_full_mkd2\Корпус 2.1\х170_POZD_WEB_K2-1_s4_et2_5.png","D:\AI\AITRASH\workspaces\project - Изменение масштаба для планировок квартир\09_outputs\_diagnostics\full_20260727_full_mkd2\details\094_POZD_WEB_K2-1_s4_et2_5_attempt1.json","D:\AI\AITRASH\workspaces\project - Изменение масштаба для планировок квартир\09_outputs\_diagnostics\full_20260727_full_mkd2\verify_details\094_POZD_WEB_K2-1_s4_et2_5_verify_attempt2.json","Независимая проверка AI/PNG/SHA-256 пройдена."
"077_101_20260727_170109","95","OK","Корпус 2.1/POZD_WEB_K2-1_s4_et2_6.ai","170","OK","true","1","1200","1200","600","600","true","1393","0","2823","2823","10","10","true","true","true","true","true","True","1200","1200","True","714493","725507","True","True","True","True","True","D:\AI\AITRASH\workspaces\project - Изменение масштаба для планировок квартир\09_outputs\_full_wip\20260727_full_mkd2\Корпус 2.1\х170_POZD_WEB_K2-1_s4_et2_6.ai","D:\AI\AITRASH\workspaces\project - Изменение масштаба для планировок квартир\09_outputs\_full_wip\20260727_full_mkd2\Корпус 2.1\х170_POZD_WEB_K2-1_s4_et2_6.png","D:\AI\AITRASH\workspaces\project - Изменение масштаба для планировок квартир\09_outputs\_diagnostics\full_20260727_full_mkd2\details\095_POZD_WEB_K2-1_s4_et2_6_attempt1.json","D:\AI\AITRASH\workspaces\project - Изменение масштаба для планировок квартир\09_outputs\_diagnostics\full_20260727_full_mkd2\verify_details\095_POZD_WEB_K2-1_s4_et2_6_verify_attempt2.json","Независимая проверка AI/PNG/SHA-256 пройдена."
"077_101_20260727_170109","96","OK","Корпус 2.1/POZD_WEB_K2-1_s4_et2_7.ai","200","OK","true","1","1200","1200","600","600","true","754","0","1529","1529","10","10","true","true","true","true","true","True","1200","1200","True","857757","582243","True","True","True","True","True","D:\AI\AITRASH\workspaces\project - Изменение масштаба для планировок квартир\09_outputs\_full_wip\20260727_full_mkd2\Корпус 2.1\х200_POZD_WEB_K2-1_s4_et2_7.ai","D:\AI\AITRASH\workspaces\project - Изменение масштаба для планировок квартир\09_outputs\_full_wip\20260727_full_mkd2\Корпус 2.1\х200_POZD_WEB_K2-1_s4_et2_7.png","D:\AI\AITRASH\workspaces\project - Изменение масштаба для планировок квартир\09_outputs\_diagnostics\full_20260727_full_mkd2\details\096_POZD_WEB_K2-1_s4_et2_7_attempt1.json","D:\AI\AITRASH\workspaces\project - Изменение масштаба для планировок квартир\09_outputs\_diagnostics\full_20260727_full_mkd2\verify_details\096_POZD_WEB_K2-1_s4_et2_7_verify_attempt2.json","Независимая проверка AI/PNG/SHA-256 пройдена."
"077_101_20260727_170109","97","OK","Корпус 2.1/POZD_WEB_K2-1_s4_et3,5_1.ai","120","OK","true","1","1200","1200","600","600","true","1942","0","3921","3921","10","10","true","true","true","true","true","True","1200","1200","True","956135","483865","True","True","True","True","True","D:\AI\AITRASH\workspaces\project - Изменение масштаба для планировок квартир\09_outputs\_full_wip\20260727_full_mkd2\Корпус 2.1\х120_POZD_WEB_K2-1_s4_et3,5_1.ai","D:\AI\AITRASH\workspaces\project - Изменение масштаба для планировок квартир\09_outputs\_full_wip\20260727_full_mkd2\Корпус 2.1\х120_POZD_WEB_K2-1_s4_et3,5_1.png","D:\AI\AITRASH\workspaces\project - Изменение масштаба для планировок квартир\09_outputs\_diagnostics\full_20260727_full_mkd2\details\097_POZD_WEB_K2-1_s4_et3,5_1_attempt1.json","D:\AI\AITRASH\workspaces\project - Изменение масштаба для планировок квартир\09_outputs\_diagnostics\full_20260727_full_mkd2\verify_details\097_POZD_WEB_K2-1_s4_et3,5_1_verify_attempt2.json","Независимая проверка AI/PNG/SHA-256 пройдена."
"077_101_20260727_170109","98","OK","Корпус 2.1/POZD_WEB_K2-1_s4_et3,5_2.ai","200","OK","true","1","1200","1200","600","600","true","834","0","1680","1680","10","10","true","true","true","true","true","True","1200","1200","True","863047","576953","True","True","True","True","True","D:\AI\AITRASH\workspaces\project - Изменение масштаба для планировок квартир\09_outputs\_full_wip\20260727_full_mkd2\Корпус 2.1\х200_POZD_WEB_K2-1_s4_et3,5_2.ai","D:\AI\AITRASH\workspaces\project - Изменение масштаба для планировок квартир\09_outputs\_full_wip\20260727_full_mkd2\Корпус 2.1\х200_POZD_WEB_K2-1_s4_et3,5_2.png","D:\AI\AITRASH\workspaces\project - Изменение масштаба для планировок квартир\09_outputs\_diagnostics\full_20260727_full_mkd2\details\098_POZD_WEB_K2-1_s4_et3,5_2_attempt1.json","D:\AI\AITRASH\workspaces\project - Изменение масштаба для планировок квартир\09_outputs\_diagnostics\full_20260727_full_mkd2\verify_details\098_POZD_WEB_K2-1_s4_et3,5_2_verify_attempt2.json","Независимая проверка AI/PNG/SHA-256 пройдена."
"077_101_20260727_170109","99","OK","Корпус 2.1/POZD_WEB_K2-1_s4_et3,5_3.ai","120","OK","true","1","1200","1200","600","600","true","1676","0","3396","3396","11","11","true","true","true","true","true","True","1200","1200","True","928905","511095","True","True","True","True","True","D:\AI\AITRASH\workspaces\project - Изменение масштаба для планировок квартир\09_outputs\_full_wip\20260727_full_mkd2\Корпус 2.1\х120_POZD_WEB_K2-1_s4_et3,5_3.ai","D:\AI\AITRASH\workspaces\project - Изменение масштаба для планировок квартир\09_outputs\_full_wip\20260727_full_mkd2\Корпус 2.1\х120_POZD_WEB_K2-1_s4_et3,5_3.png","D:\AI\AITRASH\workspaces\project - Изменение масштаба для планировок квартир\09_outputs\_diagnostics\full_20260727_full_mkd2\details\099_POZD_WEB_K2-1_s4_et3,5_3_attempt1.json","D:\AI\AITRASH\workspaces\project - Изменение масштаба для планировок квартир\09_outputs\_diagnostics\full_20260727_full_mkd2\verify_details\099_POZD_WEB_K2-1_s4_et3,5_3_verify_attempt2.json","Независимая проверка AI/PNG/SHA-256 пройдена."
"077_101_20260727_170109","100","OK","Корпус 2.1/POZD_WEB_K2-1_s4_et3,5_4.ai","170","OK","true","1","1200","1200","600","600","true","1254","0","2546","2546","10","10","true","true","true","true","true","True","1200","1200","True","823573","616427","True","True","True","True","True","D:\AI\AITRASH\workspaces\project - Изменение масштаба для планировок квартир\09_outputs\_full_wip\20260727_full_mkd2\Корпус 2.1\х170_POZD_WEB_K2-1_s4_et3,5_4.ai","D:\AI\AITRASH\workspaces\project - Изменение масштаба для планировок квартир\09_outputs\_full_wip\20260727_full_mkd2\Корпус 2.1\х170_POZD_WEB_K2-1_s4_et3,5_4.png","D:\AI\AITRASH\workspaces\project - Изменение масштаба для планировок квартир\09_outputs\_diagnostics\full_20260727_full_mkd2\details\100_POZD_WEB_K2-1_s4_et3,5_4_attempt1.json","D:\AI\AITRASH\workspaces\project - Изменение масштаба для планировок квартир\09_outputs\_diagnostics\full_20260727_full_mkd2\verify_details\100_POZD_WEB_K2-1_s4_et3,5_4_verify_attempt2.json","Независимая проверка AI/PNG/SHA-256 пройдена."
"077_101_20260727_170109","101","OK","Корпус 2.1/POZD_WEB_K2-1_s4_et3,5_5.ai","170","OK","true","1","1200","1200","600","600","true","1425","0","2888","2888","10","10","true","true","true","true","true","True","1200","1200","True","711682","728318","True","True","True","True","True","D:\AI\AITRASH\workspaces\project - Изменение масштаба для планировок квартир\09_outputs\_full_wip\20260727_full_mkd2\Корпус 2.1\х170_POZD_WEB_K2-1_s4_et3,5_5.ai","D:\AI\AITRASH\workspaces\project - Изменение масштаба для планировок квартир\09_outputs\_full_wip\20260727_full_mkd2\Корпус 2.1\х170_POZD_WEB_K2-1_s4_et3,5_5.png","D:\AI\AITRASH\workspaces\project - Изменение масштаба для планировок квартир\09_outputs\_diagnostics\full_20260727_full_mkd2\details\101_POZD_WEB_K2-1_s4_et3,5_5_attempt1.json","D:\AI\AITRASH\workspaces\project - Изменение масштаба для планировок квартир\09_outputs\_diagnostics\full_20260727_full_mkd2\verify_details\101_POZD_WEB_K2-1_s4_et3,5_5_verify_attempt2.json","Независимая проверка AI/PNG/SHA-256 пройдена."
"082_086_20260727_125556","82","OK","Корпус 2.1/POZD_WEB_K2-1_s3_et6_2.ai","170","OK","true","1","1200","1200","600","600","true","1301","0","2644","2644","14","14","true","true","true","true","true","True","1200","1200","True","772982","667018","True","True","True","True","True","D:\AI\AITRASH\workspaces\project - Изменение масштаба для планировок квартир\09_outputs\_full_wip\20260727_full_mkd2\Корпус 2.1\х170_POZD_WEB_K2-1_s3_et6_2.ai","D:\AI\AITRASH\workspaces\project - Изменение масштаба для планировок квартир\09_outputs\_full_wip\20260727_full_mkd2\Корпус 2.1\х170_POZD_WEB_K2-1_s3_et6_2.png","D:\AI\AITRASH\workspaces\project - Изменение масштаба для планировок квартир\09_outputs\_diagnostics\full_20260727_full_mkd2\details\082_POZD_WEB_K2-1_s3_et6_2_attempt1.json","D:\AI\AITRASH\workspaces\project - Изменение масштаба для планировок квартир\09_outputs\_diagnostics\full_20260727_full_mkd2\verify_details\082_POZD_WEB_K2-1_s3_et6_2_verify_attempt1.json","Независимая проверка AI/PNG/SHA-256 пройдена."
"082_086_20260727_125556","83","OK","Корпус 2.1/POZD_WEB_K2-1_s3_et6_4.ai","120","OK","true","1","1200","1200","600","600","true","1736","0","3514","3514","14","14","true","true","true","true","true","True","1200","1200","True","948880","491120","True","True","True","True","True","D:\AI\AITRASH\workspaces\project - Изменение масштаба для планировок квартир\09_outputs\_full_wip\20260727_full_mkd2\Корпус 2.1\х120_POZD_WEB_K2-1_s3_et6_4.ai","D:\AI\AITRASH\workspaces\project - Изменение масштаба для планировок квартир\09_outputs\_full_wip\20260727_full_mkd2\Корпус 2.1\х120_POZD_WEB_K2-1_s3_et6_4.png","D:\AI\AITRASH\workspaces\project - Изменение масштаба для планировок квартир\09_outputs\_diagnostics\full_20260727_full_mkd2\details\083_POZD_WEB_K2-1_s3_et6_4_attempt1.json","D:\AI\AITRASH\workspaces\project - Изменение масштаба для планировок квартир\09_outputs\_diagnostics\full_20260727_full_mkd2\verify_details\083_POZD_WEB_K2-1_s3_et6_4_verify_attempt1.json","Независимая проверка AI/PNG/SHA-256 пройдена."
"082_086_20260727_125556","84","OK","Корпус 2.1/POZD_WEB_K2-1_s3_et6_5.ai","200","OK","true","1","1200","1200","600","600","true","890","0","1792","1792","13","13","true","true","true","true","true","True","1200","1200","True","860398","579602","True","True","True","True","True","D:\AI\AITRASH\workspaces\project - Изменение масштаба для планировок квартир\09_outputs\_full_wip\20260727_full_mkd2\Корпус 2.1\х200_POZD_WEB_K2-1_s3_et6_5.ai","D:\AI\AITRASH\workspaces\project - Изменение масштаба для планировок квартир\09_outputs\_full_wip\20260727_full_mkd2\Корпус 2.1\х200_POZD_WEB_K2-1_s3_et6_5.png","D:\AI\AITRASH\workspaces\project - Изменение масштаба для планировок квартир\09_outputs\_diagnostics\full_20260727_full_mkd2\details\084_POZD_WEB_K2-1_s3_et6_5_attempt1.json","D:\AI\AITRASH\workspaces\project - Изменение масштаба для планировок квартир\09_outputs\_diagnostics\full_20260727_full_mkd2\verify_details\084_POZD_WEB_K2-1_s3_et6_5_verify_attempt1.json","Независимая проверка AI/PNG/SHA-256 пройдена."
"082_086_20260727_125556","85","OK","Корпус 2.1/POZD_WEB_K2-1_s4_et1_1.ai","170","OK","true","1","1200","1200","600","600","true","1053","0","2131","2131","10","10","true","true","true","true","true","True","1200","1200","True","869945","570055","True","True","True","True","True","D:\AI\AITRASH\workspaces\project - Изменение масштаба для планировок квартир\09_outputs\_full_wip\20260727_full_mkd2\Корпус 2.1\х170_POZD_WEB_K2-1_s4_et1_1.ai","D:\AI\AITRASH\workspaces\project - Изменение масштаба для планировок квартир\09_outputs\_full_wip\20260727_full_mkd2\Корпус 2.1\х170_POZD_WEB_K2-1_s4_et1_1.png","D:\AI\AITRASH\workspaces\project - Изменение масштаба для планировок квартир\09_outputs\_diagnostics\full_20260727_full_mkd2\details\085_POZD_WEB_K2-1_s4_et1_1_attempt1.json","D:\AI\AITRASH\workspaces\project - Изменение масштаба для планировок квартир\09_outputs\_diagnostics\full_20260727_full_mkd2\verify_details\085_POZD_WEB_K2-1_s4_et1_1_verify_attempt1.json","Независимая проверка AI/PNG/SHA-256 пройдена."
"082_086_20260727_125556","86","OK","Корпус 2.1/POZD_WEB_K2-1_s4_et1_2.ai","200","OK","true","1","1200","1200","600","600","true","876","0","1778","1778","10","10","true","true","true","true","true","True","1200","1200","True","861382","578618","True","True","True","True","True","D:\AI\AITRASH\workspaces\project - Изменение масштаба для планировок квартир\09_outputs\_full_wip\20260727_full_mkd2\Корпус 2.1\х200_POZD_WEB_K2-1_s4_et1_2.ai","D:\AI\AITRASH\workspaces\project - Изменение масштаба для планировок квартир\09_outputs\_full_wip\20260727_full_mkd2\Корпус 2.1\х200_POZD_WEB_K2-1_s4_et1_2.png","D:\AI\AITRASH\workspaces\project - Изменение масштаба для планировок квартир\09_outputs\_diagnostics\full_20260727_full_mkd2\details\086_POZD_WEB_K2-1_s4_et1_2_attempt1.json","D:\AI\AITRASH\workspaces\project - Изменение масштаба для планировок квартир\09_outputs\_diagnostics\full_20260727_full_mkd2\verify_details\086_POZD_WEB_K2-1_s4_et1_2_verify_attempt1.json","Независимая проверка AI/PNG/SHA-256 пройдена."
"087_091_20260727_125936","87","OK","Корпус 2.1/POZD_WEB_K2-1_s4_et1_3.ai","200","OK","true","1","1200","1200","600","600","true","681","0","1385","1385","10","10","true","true","true","true","true","True","1200","1200","True","987776","452224","True","True","True","True","True","D:\AI\AITRASH\workspaces\project - Изменение масштаба для планировок квартир\09_outputs\_full_wip\20260727_full_mkd2\Корпус 2.1\х200_POZD_WEB_K2-1_s4_et1_3.ai","D:\AI\AITRASH\workspaces\project - Изменение масштаба для планировок квартир\09_outputs\_full_wip\20260727_full_mkd2\Корпус 2.1\х200_POZD_WEB_K2-1_s4_et1_3.png","D:\AI\AITRASH\workspaces\project - Изменение масштаба для планировок квартир\09_outputs\_diagnostics\full_20260727_full_mkd2\details\087_POZD_WEB_K2-1_s4_et1_3_attempt1.json","D:\AI\AITRASH\workspaces\project - Изменение масштаба для планировок квартир\09_outputs\_diagnostics\full_20260727_full_mkd2\verify_details\087_POZD_WEB_K2-1_s4_et1_3_verify_attempt1.json","Независимая проверка AI/PNG/SHA-256 пройдена."
"087_091_20260727_125936","88","OK","Корпус 2.1/POZD_WEB_K2-1_s4_et1_4.ai","150","OK","true","1","1200","1200","600","600","true","2217","0","4501","4501","16","16","true","true","true","true","true","True","1200","1200","True","730354","709646","True","True","True","True","True","D:\AI\AITRASH\workspaces\project - Изменение масштаба для планировок квартир\09_outputs\_full_wip\20260727_full_mkd2\Корпус 2.1\х150_POZD_WEB_K2-1_s4_et1_4.ai","D:\AI\AITRASH\workspaces\project - Изменение масштаба для планировок квартир\09_outputs\_full_wip\20260727_full_mkd2\Корпус 2.1\х150_POZD_WEB_K2-1_s4_et1_4.png","D:\AI\AITRASH\workspaces\project - Изменение масштаба для планировок квартир\09_outputs\_diagnostics\full_20260727_full_mkd2\details\088_POZD_WEB_K2-1_s4_et1_4_attempt1.json","D:\AI\AITRASH\workspaces\project - Изменение масштаба для планировок квартир\09_outputs\_diagnostics\full_20260727_full_mkd2\verify_details\088_POZD_WEB_K2-1_s4_et1_4_verify_attempt1.json","Независимая проверка AI/PNG/SHA-256 пройдена."
"087_091_20260727_125936","89","OK","Корпус 2.1/POZD_WEB_K2-1_s4_et1_5.ai","170","OK","true","1","1200","1200","600","600","true","1860","0","3755","3755","17","17","true","true","true","true","true","True","1200","1200","True","838988","601012","True","True","True","True","True","D:\AI\AITRASH\workspaces\project - Изменение масштаба для планировок квартир\09_outputs\_full_wip\20260727_full_mkd2\Корпус 2.1\х170_POZD_WEB_K2-1_s4_et1_5.ai","D:\AI\AITRASH\workspaces\project - Изменение масштаба для планировок квартир\09_outputs\_full_wip\20260727_full_mkd2\Корпус 2.1\х170_POZD_WEB_K2-1_s4_et1_5.png","D:\AI\AITRASH\workspaces\project - Изменение масштаба для планировок квартир\09_outputs\_diagnostics\full_20260727_full_mkd2\details\089_POZD_WEB_K2-1_s4_et1_5_attempt1.json","D:\AI\AITRASH\workspaces\project - Изменение масштаба для планировок квартир\09_outputs\_diagnostics\full_20260727_full_mkd2\verify_details\089_POZD_WEB_K2-1_s4_et1_5_verify_attempt1.json","Независимая проверка AI/PNG/SHA-256 пройдена."
"087_091_20260727_125936","90","OK","Корпус 2.1/POZD_WEB_K2-1_s4_et2,4_2.ai","200","OK","true","1","1200","1200","600","600","true","846","0","1706","1706","10","10","true","true","true","true","true","True","1200","1200","True","863045","576955","True","True","True","True","True","D:\AI\AITRASH\workspaces\project - Изменение масштаба для планировок квартир\09_outputs\_full_wip\20260727_full_mkd2\Корпус 2.1\х200_POZD_WEB_K2-1_s4_et2,4_2.ai","D:\AI\AITRASH\workspaces\project - Изменение масштаба для планировок квартир\09_outputs\_full_wip\20260727_full_mkd2\Корпус 2.1\х200_POZD_WEB_K2-1_s4_et2,4_2.png","D:\AI\AITRASH\workspaces\project - Изменение масштаба для планировок квартир\09_outputs\_diagnostics\full_20260727_full_mkd2\details\090_POZD_WEB_K2-1_s4_et2,4_2_attempt1.json","D:\AI\AITRASH\workspaces\project - Изменение масштаба для планировок квартир\09_outputs\_diagnostics\full_20260727_full_mkd2\verify_details\090_POZD_WEB_K2-1_s4_et2,4_2_verify_attempt1.json","Независимая проверка AI/PNG/SHA-256 пройдена."
"087_091_20260727_125936","91","OK","Корпус 2.1/POZD_WEB_K2-1_s4_et2,6_4.ai","170","OK","true","1","1200","1200","600","600","true","1252","0","2540","2540","10","10","true","true","true","true","true","True","1200","1200","True","821021","618979","True","True","True","True","True","D:\AI\AITRASH\workspaces\project - Изменение масштаба для планировок квартир\09_outputs\_full_wip\20260727_full_mkd2\Корпус 2.1\х170_POZD_WEB_K2-1_s4_et2,6_4.ai","D:\AI\AITRASH\workspaces\project - Изменение масштаба для планировок квартир\09_outputs\_full_wip\20260727_full_mkd2\Корпус 2.1\х170_POZD_WEB_K2-1_s4_et2,6_4.png","D:\AI\AITRASH\workspaces\project - Изменение масштаба для планировок квартир\09_outputs\_diagnostics\full_20260727_full_mkd2\details\091_POZD_WEB_K2-1_s4_et2,6_4_attempt1.json","D:\AI\AITRASH\workspaces\project - Изменение масштаба для планировок квартир\09_outputs\_diagnostics\full_20260727_full_mkd2\verify_details\091_POZD_WEB_K2-1_s4_et2,6_4_verify_attempt1.json","Независимая проверка AI/PNG/SHA-256 пройдена."
"092_096_20260727_130258","92","OK","Корпус 2.1/POZD_WEB_K2-1_s4_et2_1.ai","120","OK","true","1","1200","1200","600","600","true","1935","0","3906","3906","10","10","true","true","true","true","true","True","1200","1200","True","956154","483846","True","True","True","True","True","D:\AI\AITRASH\workspaces\project - Изменение масштаба для планировок квартир\09_outputs\_full_wip\20260727_full_mkd2\Корпус 2.1\х120_POZD_WEB_K2-1_s4_et2_1.ai","D:\AI\AITRASH\workspaces\project - Изменение масштаба для планировок квартир\09_outputs\_full_wip\20260727_full_mkd2\Корпус 2.1\х120_POZD_WEB_K2-1_s4_et2_1.png","D:\AI\AITRASH\workspaces\project - Изменение масштаба для планировок квартир\09_outputs\_diagnostics\full_20260727_full_mkd2\details\092_POZD_WEB_K2-1_s4_et2_1_attempt1.json","D:\AI\AITRASH\workspaces\project - Изменение масштаба для планировок квартир\09_outputs\_diagnostics\full_20260727_full_mkd2\verify_details\092_POZD_WEB_K2-1_s4_et2_1_verify_attempt1.json","Независимая проверка AI/PNG/SHA-256 пройдена."
"092_096_20260727_130258","93","OK","Корпус 2.1/POZD_WEB_K2-1_s4_et2_3.ai","120","OK","true","1","1200","1200","600","600","true","1681","0","3405","3405","10","10","true","true","true","true","true","True","1200","1200","True","930151","509849","True","True","True","True","True","D:\AI\AITRASH\workspaces\project - Изменение масштаба для планировок квартир\09_outputs\_full_wip\20260727_full_mkd2\Корпус 2.1\х120_POZD_WEB_K2-1_s4_et2_3.ai","D:\AI\AITRASH\workspaces\project - Изменение масштаба для планировок квартир\09_outputs\_full_wip\20260727_full_mkd2\Корпус 2.1\х120_POZD_WEB_K2-1_s4_et2_3.png","D:\AI\AITRASH\workspaces\project - Изменение масштаба для планировок квартир\09_outputs\_diagnostics\full_20260727_full_mkd2\details\093_POZD_WEB_K2-1_s4_et2_3_attempt1.json","D:\AI\AITRASH\workspaces\project - Изменение масштаба для планировок квартир\09_outputs\_diagnostics\full_20260727_full_mkd2\verify_details\093_POZD_WEB_K2-1_s4_et2_3_verify_attempt1.json","Независимая проверка AI/PNG/SHA-256 пройдена."
"092_096_20260727_130258","94","OK","Корпус 2.1/POZD_WEB_K2-1_s4_et2_5.ai","170","OK","true","1","1200","1200","600","600","true","1415","0","2867","2867","10","10","true","true","true","true","true","True","1200","1200","True","714046","725954","True","True","True","True","True","D:\AI\AITRASH\workspaces\project - Изменение масштаба для планировок квартир\09_outputs\_full_wip\20260727_full_mkd2\Корпус 2.1\х170_POZD_WEB_K2-1_s4_et2_5.ai","D:\AI\AITRASH\workspaces\project - Изменение масштаба для планировок квартир\09_outputs\_full_wip\20260727_full_mkd2\Корпус 2.1\х170_POZD_WEB_K2-1_s4_et2_5.png","D:\AI\AITRASH\workspaces\project - Изменение масштаба для планировок квартир\09_outputs\_diagnostics\full_20260727_full_mkd2\details\094_POZD_WEB_K2-1_s4_et2_5_attempt1.json","D:\AI\AITRASH\workspaces\project - Изменение масштаба для планировок квартир\09_outputs\_diagnostics\full_20260727_full_mkd2\verify_details\094_POZD_WEB_K2-1_s4_et2_5_verify_attempt1.json","Независимая проверка AI/PNG/SHA-256 пройдена."
"092_096_20260727_130258","95","OK","Корпус 2.1/POZD_WEB_K2-1_s4_et2_6.ai","170","OK","true","1","1200","1200","600","600","true","1393","0","2823","2823","10","10","true","true","true","true","true","True","1200","1200","True","714493","725507","True","True","True","True","True","D:\AI\AITRASH\workspaces\project - Изменение масштаба для планировок квартир\09_outputs\_full_wip\20260727_full_mkd2\Корпус 2.1\х170_POZD_WEB_K2-1_s4_et2_6.ai","D:\AI\AITRASH\workspaces\project - Изменение масштаба для планировок квартир\09_outputs\_full_wip\20260727_full_mkd2\Корпус 2.1\х170_POZD_WEB_K2-1_s4_et2_6.png","D:\AI\AITRASH\workspaces\project - Изменение масштаба для планировок квартир\09_outputs\_diagnostics\full_20260727_full_mkd2\details\095_POZD_WEB_K2-1_s4_et2_6_attempt1.json","D:\AI\AITRASH\workspaces\project - Изменение масштаба для планировок квартир\09_outputs\_diagnostics\full_20260727_full_mkd2\verify_details\095_POZD_WEB_K2-1_s4_et2_6_verify_attempt1.json","Независимая проверка AI/PNG/SHA-256 пройдена."
"092_096_20260727_130258","96","OK","Корпус 2.1/POZD_WEB_K2-1_s4_et2_7.ai","200","OK","true","1","1200","1200","600","600","true","754","0","1529","1529","10","10","true","true","true","true","true","True","1200","1200","True","857757","582243","True","True","True","True","True","D:\AI\AITRASH\workspaces\project - Изменение масштаба для планировок квартир\09_outputs\_full_wip\20260727_full_mkd2\Корпус 2.1\х200_POZD_WEB_K2-1_s4_et2_7.ai","D:\AI\AITRASH\workspaces\project - Изменение масштаба для планировок квартир\09_outputs\_full_wip\20260727_full_mkd2\Корпус 2.1\х200_POZD_WEB_K2-1_s4_et2_7.png","D:\AI\AITRASH\workspaces\project - Изменение масштаба для планировок квартир\09_outputs\_diagnostics\full_20260727_full_mkd2\details\096_POZD_WEB_K2-1_s4_et2_7_attempt1.json","D:\AI\AITRASH\workspaces\project - Изменение масштаба для планировок квартир\09_outputs\_diagnostics\full_20260727_full_mkd2\verify_details\096_POZD_WEB_K2-1_s4_et2_7_verify_attempt1.json","Независимая проверка AI/PNG/SHA-256 пройдена."
"097_101_20260727_130621","97","OK","Корпус 2.1/POZD_WEB_K2-1_s4_et3,5_1.ai","120","OK","true","1","1200","1200","600","600","true","1942","0","3921","3921","10","10","true","true","true","true","true","True","1200","1200","True","956135","483865","True","True","True","True","True","D:\AI\AITRASH\workspaces\project - Изменение масштаба для планировок квартир\09_outputs\_full_wip\20260727_full_mkd2\Корпус 2.1\х120_POZD_WEB_K2-1_s4_et3,5_1.ai","D:\AI\AITRASH\workspaces\project - Изменение масштаба для планировок квартир\09_outputs\_full_wip\20260727_full_mkd2\Корпус 2.1\х120_POZD_WEB_K2-1_s4_et3,5_1.png","D:\AI\AITRASH\workspaces\project - Изменение масштаба для планировок квартир\09_outputs\_diagnostics\full_20260727_full_mkd2\details\097_POZD_WEB_K2-1_s4_et3,5_1_attempt1.json","D:\AI\AITRASH\workspaces\project - Изменение масштаба для планировок квартир\09_outputs\_diagnostics\full_20260727_full_mkd2\verify_details\097_POZD_WEB_K2-1_s4_et3,5_1_verify_attempt1.json","Независимая проверка AI/PNG/SHA-256 пройдена."
"097_101_20260727_130621","98","OK","Корпус 2.1/POZD_WEB_K2-1_s4_et3,5_2.ai","200","OK","true","1","1200","1200","600","600","true","834","0","1680","1680","10","10","true","true","true","true","true","True","1200","1200","True","863047","576953","True","True","True","True","True","D:\AI\AITRASH\workspaces\project - Изменение масштаба для планировок квартир\09_outputs\_full_wip\20260727_full_mkd2\Корпус 2.1\х200_POZD_WEB_K2-1_s4_et3,5_2.ai","D:\AI\AITRASH\workspaces\project - Изменение масштаба для планировок квартир\09_outputs\_full_wip\20260727_full_mkd2\Корпус 2.1\х200_POZD_WEB_K2-1_s4_et3,5_2.png","D:\AI\AITRASH\workspaces\project - Изменение масштаба для планировок квартир\09_outputs\_diagnostics\full_20260727_full_mkd2\details\098_POZD_WEB_K2-1_s4_et3,5_2_attempt1.json","D:\AI\AITRASH\workspaces\project - Изменение масштаба для планировок квартир\09_outputs\_diagnostics\full_20260727_full_mkd2\verify_details\098_POZD_WEB_K2-1_s4_et3,5_2_verify_attempt1.json","Независимая проверка AI/PNG/SHA-256 пройдена."
"097_101_20260727_130621","99","OK","Корпус 2.1/POZD_WEB_K2-1_s4_et3,5_3.ai","120","OK","true","1","1200","1200","600","600","true","1676","0","3396","3396","11","11","true","true","true","true","true","True","1200","1200","True","928905","511095","True","True","True","True","True","D:\AI\AITRASH\workspaces\project - Изменение масштаба для планировок квартир\09_outputs\_full_wip\20260727_full_mkd2\Корпус 2.1\х120_POZD_WEB_K2-1_s4_et3,5_3.ai","D:\AI\AITRASH\workspaces\project - Изменение масштаба для планировок квартир\09_outputs\_full_wip\20260727_full_mkd2\Корпус 2.1\х120_POZD_WEB_K2-1_s4_et3,5_3.png","D:\AI\AITRASH\workspaces\project - Изменение масштаба для планировок квартир\09_outputs\_diagnostics\full_20260727_full_mkd2\details\099_POZD_WEB_K2-1_s4_et3,5_3_attempt1.json","D:\AI\AITRASH\workspaces\project - Изменение масштаба для планировок квартир\09_outputs\_diagnostics\full_20260727_full_mkd2\verify_details\099_POZD_WEB_K2-1_s4_et3,5_3_verify_attempt1.json","Независимая проверка AI/PNG/SHA-256 пройдена."
"097_101_20260727_130621","100","OK","Корпус 2.1/POZD_WEB_K2-1_s4_et3,5_4.ai","170","OK","true","1","1200","1200","600","600","true","1254","0","2546","2546","10","10","true","true","true","true","true","True","1200","1200","True","823573","616427","True","True","True","True","True","D:\AI\AITRASH\workspaces\project - Изменение масштаба для планировок квартир\09_outputs\_full_wip\20260727_full_mkd2\Корпус 2.1\х170_POZD_WEB_K2-1_s4_et3,5_4.ai","D:\AI\AITRASH\workspaces\project - Изменение масштаба для планировок квартир\09_outputs\_full_wip\20260727_full_mkd2\Корпус 2.1\х170_POZD_WEB_K2-1_s4_et3,5_4.png","D:\AI\AITRASH\workspaces\project - Изменение масштаба для планировок квартир\09_outputs\_diagnostics\full_20260727_full_mkd2\details\100_POZD_WEB_K2-1_s4_et3,5_4_attempt1.json","D:\AI\AITRASH\workspaces\project - Изменение масштаба для планировок квартир\09_outputs\_diagnostics\full_20260727_full_mkd2\verify_details\100_POZD_WEB_K2-1_s4_et3,5_4_verify_attempt1.json","Независимая проверка AI/PNG/SHA-256 пройдена."
"097_101_20260727_130621","101","OK","Корпус 2.1/POZD_WEB_K2-1_s4_et3,5_5.ai","170","OK","true","1","1200","1200","600","600","true","1425","0","2888","2888","10","10","true","true","true","true","true","True","1200","1200","True","711682","728318","True","True","True","True","True","D:\AI\AITRASH\workspaces\project - Изменение масштаба для планировок квартир\09_outputs\_full_wip\20260727_full_mkd2\Корпус 2.1\х170_POZD_WEB_K2-1_s4_et3,5_5.ai","D:\AI\AITRASH\workspaces\project - Изменение масштаба для планировок квартир\09_outputs\_full_wip\20260727_full_mkd2\Корпус 2.1\х170_POZD_WEB_K2-1_s4_et3,5_5.png","D:\AI\AITRASH\workspaces\project - Изменение масштаба для планировок квартир\09_outputs\_diagnostics\full_20260727_full_mkd2\details\101_POZD_WEB_K2-1_s4_et3,5_5_attempt1.json","D:\AI\AITRASH\workspaces\project - Изменение масштаба для планировок квартир\09_outputs\_diagnostics\full_20260727_full_mkd2\verify_details\101_POZD_WEB_K2-1_s4_et3,5_5_verify_attempt1.json","Независимая проверка AI/PNG/SHA-256 пройдена."
"102_106_20260727_130959","102","OK","Корпус 2.1/POZD_WEB_K2-1_s4_et3,5_6.ai","170","OK","true","1","1200","1200","600","600","true","1396","0","2828","2828","10","10","true","true","true","true","true","True","1200","1200","True","717017","722983","True","True","True","True","True","D:\AI\AITRASH\workspaces\project - Изменение масштаба для планировок квартир\09_outputs\_full_wip\20260727_full_mkd2\Корпус 2.1\х170_POZD_WEB_K2-1_s4_et3,5_6.ai","D:\AI\AITRASH\workspaces\project - Изменение масштаба для планировок квартир\09_outputs\_full_wip\20260727_full_mkd2\Корпус 2.1\х170_POZD_WEB_K2-1_s4_et3,5_6.png","D:\AI\AITRASH\workspaces\project - Изменение масштаба для планировок квартир\09_outputs\_diagnostics\full_20260727_full_mkd2\details\102_POZD_WEB_K2-1_s4_et3,5_6_attempt1.json","D:\AI\AITRASH\workspaces\project - Изменение масштаба для планировок квартир\09_outputs\_diagnostics\full_20260727_full_mkd2\verify_details\102_POZD_WEB_K2-1_s4_et3,5_6_verify_attempt1.json","Независимая проверка AI/PNG/SHA-256 пройдена."
"102_106_20260727_130959","103","OK","Корпус 2.1/POZD_WEB_K2-1_s4_et3,5_7.ai","200","OK","true","1","1200","1200","600","600","true","746","0","1513","1513","10","10","true","true","true","true","true","True","1200","1200","True","853487","586513","True","True","True","True","True","D:\AI\AITRASH\workspaces\project - Изменение масштаба для планировок квартир\09_outputs\_full_wip\20260727_full_mkd2\Корпус 2.1\х200_POZD_WEB_K2-1_s4_et3,5_7.ai","D:\AI\AITRASH\workspaces\project - Изменение масштаба для планировок квартир\09_outputs\_full_wip\20260727_full_mkd2\Корпус 2.1\х200_POZD_WEB_K2-1_s4_et3,5_7.png","D:\AI\AITRASH\workspaces\project - Изменение масштаба для планировок квартир\09_outputs\_diagnostics\full_20260727_full_mkd2\details\103_POZD_WEB_K2-1_s4_et3,5_7_attempt1.json","D:\AI\AITRASH\workspaces\project - Изменение масштаба для планировок квартир\09_outputs\_diagnostics\full_20260727_full_mkd2\verify_details\103_POZD_WEB_K2-1_s4_et3,5_7_verify_attempt1.json","Независимая проверка AI/PNG/SHA-256 пройдена."
"102_106_20260727_130959","104","OK","Корпус 2.1/POZD_WEB_K2-1_s4_et4_1.ai","120","OK","true","1","1200","1200","600","600","true","2016","0","4073","4073","14","14","true","true","true","true","true","True","1200","1200","True","948616","491384","True","True","True","True","True","D:\AI\AITRASH\workspaces\project - Изменение масштаба для планировок квартир\09_outputs\_full_wip\20260727_full_mkd2\Корпус 2.1\х120_POZD_WEB_K2-1_s4_et4_1.ai","D:\AI\AITRASH\workspaces\project - Изменение масштаба для планировок квартир\09_outputs\_full_wip\20260727_full_mkd2\Корпус 2.1\х120_POZD_WEB_K2-1_s4_et4_1.png","D:\AI\AITRASH\workspaces\project - Изменение масштаба для планировок квартир\09_outputs\_diagnostics\full_20260727_full_mkd2\details\104_POZD_WEB_K2-1_s4_et4_1_attempt1.json","D:\AI\AITRASH\workspaces\project - Изменение масштаба для планировок квартир\09_outputs\_diagnostics\full_20260727_full_mkd2\verify_details\104_POZD_WEB_K2-1_s4_et4_1_verify_attempt1.json","Независимая проверка AI/PNG/SHA-256 пройдена."
"102_106_20260727_130959","105","OK","Корпус 2.1/POZD_WEB_K2-1_s4_et4_3.ai","120","OK","true","1","1200","1200","600","600","true","1703","0","3454","3454","13","13","true","true","true","true","true","True","1200","1200","True","922720","517280","True","True","True","True","True","D:\AI\AITRASH\workspaces\project - Изменение масштаба для планировок квартир\09_outputs\_full_wip\20260727_full_mkd2\Корпус 2.1\х120_POZD_WEB_K2-1_s4_et4_3.ai","D:\AI\AITRASH\workspaces\project - Изменение масштаба для планировок квартир\09_outputs\_full_wip\20260727_full_mkd2\Корпус 2.1\х120_POZD_WEB_K2-1_s4_et4_3.png","D:\AI\AITRASH\workspaces\project - Изменение масштаба для планировок квартир\09_outputs\_diagnostics\full_20260727_full_mkd2\details\105_POZD_WEB_K2-1_s4_et4_3_attempt1.json","D:\AI\AITRASH\workspaces\project - Изменение масштаба для планировок квартир\09_outputs\_diagnostics\full_20260727_full_mkd2\verify_details\105_POZD_WEB_K2-1_s4_et4_3_verify_attempt1.json","Независимая проверка AI/PNG/SHA-256 пройдена."
"102_106_20260727_130959","106","OK","Корпус 2.1/POZD_WEB_K2-1_s4_et4_4.ai","170","OK","true","1","1200","1200","600","600","true","1272","0","2585","2585","13","13","true","true","true","true","true","True","1200","1200","True","808597","631403","True","True","True","True","True","D:\AI\AITRASH\workspaces\project - Изменение масштаба для планировок квартир\09_outputs\_full_wip\20260727_full_mkd2\Корпус 2.1\х170_POZD_WEB_K2-1_s4_et4_4.ai","D:\AI\AITRASH\workspaces\project - Изменение масштаба для планировок квартир\09_outputs\_full_wip\20260727_full_mkd2\Корпус 2.1\х170_POZD_WEB_K2-1_s4_et4_4.png","D:\AI\AITRASH\workspaces\project - Изменение масштаба для планировок квартир\09_outputs\_diagnostics\full_20260727_full_mkd2\details\106_POZD_WEB_K2-1_s4_et4_4_attempt1.json","D:\AI\AITRASH\workspaces\project - Изменение масштаба для планировок квартир\09_outputs\_diagnostics\full_20260727_full_mkd2\verify_details\106_POZD_WEB_K2-1_s4_et4_4_verify_attempt1.json","Независимая проверка AI/PNG/SHA-256 пройдена."
"102_126_20260727_170903","102","OK","Корпус 2.1/POZD_WEB_K2-1_s4_et3,5_6.ai","170","OK","true","1","1200","1200","600","600","true","1396","0","2828","2828","10","10","true","true","true","true","true","True","1200","1200","True","717017","722983","True","True","True","True","True","D:\AI\AITRASH\workspaces\project - Изменение масштаба для планировок квартир\09_outputs\_full_wip\20260727_full_mkd2\Корпус 2.1\х170_POZD_WEB_K2-1_s4_et3,5_6.ai","D:\AI\AITRASH\workspaces\project - Изменение масштаба для планировок квартир\09_outputs\_full_wip\20260727_full_mkd2\Корпус 2.1\х170_POZD_WEB_K2-1_s4_et3,5_6.png","D:\AI\AITRASH\workspaces\project - Изменение масштаба для планировок квартир\09_outputs\_diagnostics\full_20260727_full_mkd2\details\102_POZD_WEB_K2-1_s4_et3,5_6_attempt1.json","D:\AI\AITRASH\workspaces\project - Изменение масштаба для планировок квартир\09_outputs\_diagnostics\full_20260727_full_mkd2\verify_details\102_POZD_WEB_K2-1_s4_et3,5_6_verify_attempt2.json","Независимая проверка AI/PNG/SHA-256 пройдена."
"102_126_20260727_170903","103","OK","Корпус 2.1/POZD_WEB_K2-1_s4_et3,5_7.ai","200","OK","true","1","1200","1200","600","600","true","746","0","1513","1513","10","10","true","true","true","true","true","True","1200","1200","True","853487","586513","True","True","True","True","True","D:\AI\AITRASH\workspaces\project - Изменение масштаба для планировок квартир\09_outputs\_full_wip\20260727_full_mkd2\Корпус 2.1\х200_POZD_WEB_K2-1_s4_et3,5_7.ai","D:\AI\AITRASH\workspaces\project - Изменение масштаба для планировок квартир\09_outputs\_full_wip\20260727_full_mkd2\Корпус 2.1\х200_POZD_WEB_K2-1_s4_et3,5_7.png","D:\AI\AITRASH\workspaces\project - Изменение масштаба для планировок квартир\09_outputs\_diagnostics\full_20260727_full_mkd2\details\103_POZD_WEB_K2-1_s4_et3,5_7_attempt1.json","D:\AI\AITRASH\workspaces\project - Изменение масштаба для планировок квартир\09_outputs\_diagnostics\full_20260727_full_mkd2\verify_details\103_POZD_WEB_K2-1_s4_et3,5_7_verify_attempt2.json","Независимая проверка AI/PNG/SHA-256 пройдена."
"102_126_20260727_170903","104","OK","Корпус 2.1/POZD_WEB_K2-1_s4_et4_1.ai","120","OK","true","1","1200","1200","600","600","true","2016","0","4073","4073","14","14","true","true","true","true","true","True","1200","1200","True","948616","491384","True","True","True","True","True","D:\AI\AITRASH\workspaces\project - Изменение масштаба для планировок квартир\09_outputs\_full_wip\20260727_full_mkd2\Корпус 2.1\х120_POZD_WEB_K2-1_s4_et4_1.ai","D:\AI\AITRASH\workspaces\project - Изменение масштаба для планировок квартир\09_outputs\_full_wip\20260727_full_mkd2\Корпус 2.1\х120_POZD_WEB_K2-1_s4_et4_1.png","D:\AI\AITRASH\workspaces\project - Изменение масштаба для планировок квартир\09_outputs\_diagnostics\full_20260727_full_mkd2\details\104_POZD_WEB_K2-1_s4_et4_1_attempt1.json","D:\AI\AITRASH\workspaces\project - Изменение масштаба для планировок квартир\09_outputs\_diagnostics\full_20260727_full_mkd2\verify_details\104_POZD_WEB_K2-1_s4_et4_1_verify_attempt2.json","Независимая проверка AI/PNG/SHA-256 пройдена."
"102_126_20260727_170903","105","OK","Корпус 2.1/POZD_WEB_K2-1_s4_et4_3.ai","120","OK","true","1","1200","1200","600","600","true","1703","0","3454","3454","13","13","true","true","true","true","true","True","1200","1200","True","922720","517280","True","True","True","True","True","D:\AI\AITRASH\workspaces\project - Изменение масштаба для планировок квартир\09_outputs\_full_wip\20260727_full_mkd2\Корпус 2.1\х120_POZD_WEB_K2-1_s4_et4_3.ai","D:\AI\AITRASH\workspaces\project - Изменение масштаба для планировок квартир\09_outputs\_full_wip\20260727_full_mkd2\Корпус 2.1\х120_POZD_WEB_K2-1_s4_et4_3.png","D:\AI\AITRASH\workspaces\project - Изменение масштаба для планировок квартир\09_outputs\_diagnostics\full_20260727_full_mkd2\details\105_POZD_WEB_K2-1_s4_et4_3_attempt1.json","D:\AI\AITRASH\workspaces\project - Изменение масштаба для планировок квартир\09_outputs\_diagnostics\full_20260727_full_mkd2\verify_details\105_POZD_WEB_K2-1_s4_et4_3_verify_attempt2.json","Независимая проверка AI/PNG/SHA-256 пройдена."
"102_126_20260727_170903","106","OK","Корпус 2.1/POZD_WEB_K2-1_s4_et4_4.ai","170","OK","true","1","1200","1200","600","600","true","1272","0","2585","2585","13","13","true","true","true","true","true","True","1200","1200","True","808597","631403","True","True","True","True","True","D:\AI\AITRASH\workspaces\project - Изменение масштаба для планировок квартир\09_outputs\_full_wip\20260727_full_mkd2\Корпус 2.1\х170_POZD_WEB_K2-1_s4_et4_4.ai","D:\AI\AITRASH\workspaces\project - Изменение масштаба для планировок квартир\09_outputs\_full_wip\20260727_full_mkd2\Корпус 2.1\х170_POZD_WEB_K2-1_s4_et4_4.png","D:\AI\AITRASH\workspaces\project - Изменение масштаба для планировок квартир\09_outputs\_diagnostics\full_20260727_full_mkd2\details\106_POZD_WEB_K2-1_s4_et4_4_attempt1.json","D:\AI\AITRASH\workspaces\project - Изменение масштаба для планировок квартир\09_outputs\_diagnostics\full_20260727_full_mkd2\verify_details\106_POZD_WEB_K2-1_s4_et4_4_verify_attempt2.json","Независимая проверка AI/PNG/SHA-256 пройдена."
"102_126_20260727_170903","107","OK","Корпус 2.1/POZD_WEB_K2-1_s4_et4_5.ai","170","OK","true","1","1200","1200","600","600","true","1494","0","3030","3030","14","14","true","true","true","true","true","True","1200","1200","True","697529","742471","True","True","True","True","True","D:\AI\AITRASH\workspaces\project - Изменение масштаба для планировок квартир\09_outputs\_full_wip\20260727_full_mkd2\Корпус 2.1\х170_POZD_WEB_K2-1_s4_et4_5.ai","D:\AI\AITRASH\workspaces\project - Изменение масштаба для планировок квартир\09_outputs\_full_wip\20260727_full_mkd2\Корпус 2.1\х170_POZD_WEB_K2-1_s4_et4_5.png","D:\AI\AITRASH\workspaces\project - Изменение масштаба для планировок квартир\09_outputs\_diagnostics\full_20260727_full_mkd2\details\107_POZD_WEB_K2-1_s4_et4_5_attempt1.json","D:\AI\AITRASH\workspaces\project - Изменение масштаба для планировок квартир\09_outputs\_diagnostics\full_20260727_full_mkd2\verify_details\107_POZD_WEB_K2-1_s4_et4_5_verify_attempt2.json","Независимая проверка AI/PNG/SHA-256 пройдена."
"102_126_20260727_170903","108","OK","Корпус 2.1/POZD_WEB_K2-1_s4_et4_6.ai","170","OK","true","1","1200","1200","600","600","true","1421","0","2885","2885","13","13","true","true","true","true","true","True","1200","1200","True","699977","740023","True","True","True","True","True","D:\AI\AITRASH\workspaces\project - Изменение масштаба для планировок квартир\09_outputs\_full_wip\20260727_full_mkd2\Корпус 2.1\х170_POZD_WEB_K2-1_s4_et4_6.ai","D:\AI\AITRASH\workspaces\project - Изменение масштаба для планировок квартир\09_outputs\_full_wip\20260727_full_mkd2\Корпус 2.1\х170_POZD_WEB_K2-1_s4_et4_6.png","D:\AI\AITRASH\workspaces\project - Изменение масштаба для планировок квартир\09_outputs\_diagnostics\full_20260727_full_mkd2\details\108_POZD_WEB_K2-1_s4_et4_6_attempt1.json","D:\AI\AITRASH\workspaces\project - Изменение масштаба для планировок квартир\09_outputs\_diagnostics\full_20260727_full_mkd2\verify_details\108_POZD_WEB_K2-1_s4_et4_6_verify_attempt2.json","Независимая проверка AI/PNG/SHA-256 пройдена."
"102_126_20260727_170903","109","OK","Корпус 2.1/POZD_WEB_K2-1_s4_et4_7.ai","200","OK","true","1","1200","1200","600","600","true","746","0","1513","1513","10","10","true","true","true","true","true","True","1200","1200","True","856707","583293","True","True","True","True","True","D:\AI\AITRASH\workspaces\project - Изменение масштаба для планировок квартир\09_outputs\_full_wip\20260727_full_mkd2\Корпус 2.1\х200_POZD_WEB_K2-1_s4_et4_7.ai","D:\AI\AITRASH\workspaces\project - Изменение масштаба для планировок квартир\09_outputs\_full_wip\20260727_full_mkd2\Корпус 2.1\х200_POZD_WEB_K2-1_s4_et4_7.png","D:\AI\AITRASH\workspaces\project - Изменение масштаба для планировок квартир\09_outputs\_diagnostics\full_20260727_full_mkd2\details\109_POZD_WEB_K2-1_s4_et4_7_attempt1.json","D:\AI\AITRASH\workspaces\project - Изменение масштаба для планировок квартир\09_outputs\_diagnostics\full_20260727_full_mkd2\verify_details\109_POZD_WEB_K2-1_s4_et4_7_verify_attempt2.json","Независимая проверка AI/PNG/SHA-256 пройдена."
"102_126_20260727_170903","110","OK","Корпус 2.1/POZD_WEB_K2-1_s4_et6_1.ai","120","OK","true","1","1200","1200","600","600","true","1950","0","3941","3941","13","13","true","true","true","true","true","True","1200","1200","True","948663","491337","True","True","True","True","True","D:\AI\AITRASH\workspaces\project - Изменение масштаба для планировок квартир\09_outputs\_full_wip\20260727_full_mkd2\Корпус 2.1\х120_POZD_WEB_K2-1_s4_et6_1.ai","D:\AI\AITRASH\workspaces\project - Изменение масштаба для планировок квартир\09_outputs\_full_wip\20260727_full_mkd2\Корпус 2.1\х120_POZD_WEB_K2-1_s4_et6_1.png","D:\AI\AITRASH\workspaces\project - Изменение масштаба для планировок квартир\09_outputs\_diagnostics\full_20260727_full_mkd2\details\110_POZD_WEB_K2-1_s4_et6_1_attempt1.json","D:\AI\AITRASH\workspaces\project - Изменение масштаба для планировок квартир\09_outputs\_diagnostics\full_20260727_full_mkd2\verify_details\110_POZD_WEB_K2-1_s4_et6_1_verify_attempt2.json","Независимая проверка AI/PNG/SHA-256 пройдена."
"102_126_20260727_170903","111","OK","Корпус 2.1/POZD_WEB_K2-1_s4_et6_2.ai","150","OK","true","1","1200","1200","600","600","true","1787","0","3603","3603","18","18","true","true","true","true","true","True","1200","1200","True","836423","603577","True","True","True","True","True","D:\AI\AITRASH\workspaces\project - Изменение масштаба для планировок квартир\09_outputs\_full_wip\20260727_full_mkd2\Корпус 2.1\х150_POZD_WEB_K2-1_s4_et6_2.ai","D:\AI\AITRASH\workspaces\project - Изменение масштаба для планировок квартир\09_outputs\_full_wip\20260727_full_mkd2\Корпус 2.1\х150_POZD_WEB_K2-1_s4_et6_2.png","D:\AI\AITRASH\workspaces\project - Изменение масштаба для планировок квартир\09_outputs\_diagnostics\full_20260727_full_mkd2\details\111_POZD_WEB_K2-1_s4_et6_2_attempt1.json","D:\AI\AITRASH\workspaces\project - Изменение масштаба для планировок квартир\09_outputs\_diagnostics\full_20260727_full_mkd2\verify_details\111_POZD_WEB_K2-1_s4_et6_2_verify_attempt2.json","Независимая проверка AI/PNG/SHA-256 пройдена."
"102_126_20260727_170903","112","OK","Корпус 2.1/POZD_WEB_K2-1_s4_et6_3.ai","150","OK","true","1","1200","1200","600","600","true","1570","0","3175","3175","15","15","true","true","true","true","true","True","1200","1200","True","952694","487306","True","True","True","True","True","D:\AI\AITRASH\workspaces\project - Изменение масштаба для планировок квартир\09_outputs\_full_wip\20260727_full_mkd2\Корпус 2.1\х150_POZD_WEB_K2-1_s4_et6_3.ai","D:\AI\AITRASH\workspaces\project - Изменение масштаба для планировок квартир\09_outputs\_full_wip\20260727_full_mkd2\Корпус 2.1\х150_POZD_WEB_K2-1_s4_et6_3.png","D:\AI\AITRASH\workspaces\project - Изменение масштаба для планировок квартир\09_outputs\_diagnostics\full_20260727_full_mkd2\details\112_POZD_WEB_K2-1_s4_et6_3_attempt2.json","D:\AI\AITRASH\workspaces\project - Изменение масштаба для планировок квартир\09_outputs\_diagnostics\full_20260727_full_mkd2\verify_details\112_POZD_WEB_K2-1_s4_et6_3_verify_attempt2.json","Независимая проверка AI/PNG/SHA-256 пройдена."
"102_126_20260727_170903","113","OK","Корпус 2.1/POZD_WEB_K2-1_s4_et6_5.ai","170","OK","true","1","1200","1200","600","600","true","1470","0","2984","2984","13","13","true","true","true","true","true","True","1200","1200","True","699434","740566","True","True","True","True","True","D:\AI\AITRASH\workspaces\project - Изменение масштаба для планировок квартир\09_outputs\_full_wip\20260727_full_mkd2\Корпус 2.1\х170_POZD_WEB_K2-1_s4_et6_5.ai","D:\AI\AITRASH\workspaces\project - Изменение масштаба для планировок квартир\09_outputs\_full_wip\20260727_full_mkd2\Корпус 2.1\х170_POZD_WEB_K2-1_s4_et6_5.png","D:\AI\AITRASH\workspaces\project - Изменение масштаба для планировок квартир\09_outputs\_diagnostics\full_20260727_full_mkd2\details\113_POZD_WEB_K2-1_s4_et6_5_attempt1.json","D:\AI\AITRASH\workspaces\project - Изменение масштаба для планировок квартир\09_outputs\_diagnostics\full_20260727_full_mkd2\verify_details\113_POZD_WEB_K2-1_s4_et6_5_verify_attempt2.json","Независимая проверка AI/PNG/SHA-256 пройдена."
"102_126_20260727_170903","114","OK","Корпус 2.1/POZD_WEB_K2-1_s4_et6_6.ai","170","OK","true","1","1200","1200","600","600","true","1392","0","2822","2822","10","10","true","true","true","true","true","True","1200","1200","True","714487","725513","True","True","True","True","True","D:\AI\AITRASH\workspaces\project - Изменение масштаба для планировок квартир\09_outputs\_full_wip\20260727_full_mkd2\Корпус 2.1\х170_POZD_WEB_K2-1_s4_et6_6.ai","D:\AI\AITRASH\workspaces\project - Изменение масштаба для планировок квартир\09_outputs\_full_wip\20260727_full_mkd2\Корпус 2.1\х170_POZD_WEB_K2-1_s4_et6_6.png","D:\AI\AITRASH\workspaces\project - Изменение масштаба для планировок квартир\09_outputs\_diagnostics\full_20260727_full_mkd2\details\114_POZD_WEB_K2-1_s4_et6_6_attempt1.json","D:\AI\AITRASH\workspaces\project - Изменение масштаба для планировок квартир\09_outputs\_diagnostics\full_20260727_full_mkd2\verify_details\114_POZD_WEB_K2-1_s4_et6_6_verify_attempt2.json","Независимая проверка AI/PNG/SHA-256 пройдена."
"102_126_20260727_170903","115","OK","Корпус 2.1/POZD_WEB_K2-1_s4_et6_7.ai","200","OK","true","1","1200","1200","600","600","true","775","0","1575","1575","13","13","true","true","true","true","true","True","1200","1200","True","836908","603092","True","True","True","True","True","D:\AI\AITRASH\workspaces\project - Изменение масштаба для планировок квартир\09_outputs\_full_wip\20260727_full_mkd2\Корпус 2.1\х200_POZD_WEB_K2-1_s4_et6_7.ai","D:\AI\AITRASH\workspaces\project - Изменение масштаба для планировок квартир\09_outputs\_full_wip\20260727_full_mkd2\Корпус 2.1\х200_POZD_WEB_K2-1_s4_et6_7.png","D:\AI\AITRASH\workspaces\project - Изменение масштаба для планировок квартир\09_outputs\_diagnostics\full_20260727_full_mkd2\details\115_POZD_WEB_K2-1_s4_et6_7_attempt1.json","D:\AI\AITRASH\workspaces\project - Изменение масштаба для планировок квартир\09_outputs\_diagnostics\full_20260727_full_mkd2\verify_details\115_POZD_WEB_K2-1_s4_et6_7_verify_attempt2.json","Независимая проверка AI/PNG/SHA-256 пройдена."
"102_126_20260727_170903","116","OK","Корпус 2.1/POZD_WEB_K2-1_s5_et1_1.ai","170","OK","true","1","1200","1200","600","600","true","1313","0","2667","2667","16","16","true","true","true","true","true","True","1200","1200","True","875648","564352","True","True","True","True","True","D:\AI\AITRASH\workspaces\project - Изменение масштаба для планировок квартир\09_outputs\_full_wip\20260727_full_mkd2\Корпус 2.1\х170_POZD_WEB_K2-1_s5_et1_1.ai","D:\AI\AITRASH\workspaces\project - Изменение масштаба для планировок квартир\09_outputs\_full_wip\20260727_full_mkd2\Корпус 2.1\х170_POZD_WEB_K2-1_s5_et1_1.png","D:\AI\AITRASH\workspaces\project - Изменение масштаба для планировок квартир\09_outputs\_diagnostics\full_20260727_full_mkd2\details\116_POZD_WEB_K2-1_s5_et1_1_attempt1.json","D:\AI\AITRASH\workspaces\project - Изменение масштаба для планировок квартир\09_outputs\_diagnostics\full_20260727_full_mkd2\verify_details\116_POZD_WEB_K2-1_s5_et1_1_verify_attempt2.json","Независимая проверка AI/PNG/SHA-256 пройдена."
"102_126_20260727_170903","117","OK","Корпус 2.1/POZD_WEB_K2-1_s5_et1_2.ai","150","OK","true","1","1200","1200","600","600","true","2004","0","4067","4067","16","16","true","true","true","true","true","True","1200","1200","True","781235","658765","True","True","True","True","True","D:\AI\AITRASH\workspaces\project - Изменение масштаба для планировок квартир\09_outputs\_full_wip\20260727_full_mkd2\Корпус 2.1\х150_POZD_WEB_K2-1_s5_et1_2.ai","D:\AI\AITRASH\workspaces\project - Изменение масштаба для планировок квартир\09_outputs\_full_wip\20260727_full_mkd2\Корпус 2.1\х150_POZD_WEB_K2-1_s5_et1_2.png","D:\AI\AITRASH\workspaces\project - Изменение масштаба для планировок квартир\09_outputs\_diagnostics\full_20260727_full_mkd2\details\117_POZD_WEB_K2-1_s5_et1_2_attempt1.json","D:\AI\AITRASH\workspaces\project - Изменение масштаба для планировок квартир\09_outputs\_diagnostics\full_20260727_full_mkd2\verify_details\117_POZD_WEB_K2-1_s5_et1_2_verify_attempt2.json","Независимая проверка AI/PNG/SHA-256 пройдена."
"102_126_20260727_170903","118","OK","Корпус 2.1/POZD_WEB_K2-1_s5_et2,4,6_3.ai","170","OK","true","1","1200","1200","600","600","true","1337","0","2701","2701","10","10","true","true","true","true","true","True","1200","1200","True","777200","662800","True","True","True","True","True","D:\AI\AITRASH\workspaces\project - Изменение масштаба для планировок квартир\09_outputs\_full_wip\20260727_full_mkd2\Корпус 2.1\х170_POZD_WEB_K2-1_s5_et2,4,6_3.ai","D:\AI\AITRASH\workspaces\project - Изменение масштаба для планировок квартир\09_outputs\_full_wip\20260727_full_mkd2\Корпус 2.1\х170_POZD_WEB_K2-1_s5_et2,4,6_3.png","D:\AI\AITRASH\workspaces\project - Изменение масштаба для планировок квартир\09_outputs\_diagnostics\full_20260727_full_mkd2\details\118_POZD_WEB_K2-1_s5_et2,4,6_3_attempt1.json","D:\AI\AITRASH\workspaces\project - Изменение масштаба для планировок квартир\09_outputs\_diagnostics\full_20260727_full_mkd2\verify_details\118_POZD_WEB_K2-1_s5_et2,4,6_3_verify_attempt2.json","Независимая проверка AI/PNG/SHA-256 пройдена."
"102_126_20260727_170903","119","OK","Корпус 2.1/POZD_WEB_K2-1_s5_et2,4_6.ai","170","OK","true","1","1200","1200","600","600","true","1163","0","2349","2349","10","10","true","true","true","true","true","True","1200","1200","True","837345","602655","True","True","True","True","True","D:\AI\AITRASH\workspaces\project - Изменение масштаба для планировок квартир\09_outputs\_full_wip\20260727_full_mkd2\Корпус 2.1\х170_POZD_WEB_K2-1_s5_et2,4_6.ai","D:\AI\AITRASH\workspaces\project - Изменение масштаба для планировок квартир\09_outputs\_full_wip\20260727_full_mkd2\Корпус 2.1\х170_POZD_WEB_K2-1_s5_et2,4_6.png","D:\AI\AITRASH\workspaces\project - Изменение масштаба для планировок квартир\09_outputs\_diagnostics\full_20260727_full_mkd2\details\119_POZD_WEB_K2-1_s5_et2,4_6_attempt1.json","D:\AI\AITRASH\workspaces\project - Изменение масштаба для планировок квартир\09_outputs\_diagnostics\full_20260727_full_mkd2\verify_details\119_POZD_WEB_K2-1_s5_et2,4_6_verify_attempt2.json","Независимая проверка AI/PNG/SHA-256 пройдена."
"102_126_20260727_170903","120","OK","Корпус 2.1/POZD_WEB_K2-1_s5_et2,6_10.ai","170","OK","true","1","1200","1200","600","600","true","1180","0","2392","2392","10","10","true","true","true","true","true","True","1200","1200","True","809311","630689","True","True","True","True","True","D:\AI\AITRASH\workspaces\project - Изменение масштаба для планировок квартир\09_outputs\_full_wip\20260727_full_mkd2\Корпус 2.1\х170_POZD_WEB_K2-1_s5_et2,6_10.ai","D:\AI\AITRASH\workspaces\project - Изменение масштаба для планировок квартир\09_outputs\_full_wip\20260727_full_mkd2\Корпус 2.1\х170_POZD_WEB_K2-1_s5_et2,6_10.png","D:\AI\AITRASH\workspaces\project - Изменение масштаба для планировок квартир\09_outputs\_diagnostics\full_20260727_full_mkd2\details\120_POZD_WEB_K2-1_s5_et2,6_10_attempt1.json","D:\AI\AITRASH\workspaces\project - Изменение масштаба для планировок квартир\09_outputs\_diagnostics\full_20260727_full_mkd2\verify_details\120_POZD_WEB_K2-1_s5_et2,6_10_verify_attempt2.json","Независимая проверка AI/PNG/SHA-256 пройдена."
"102_126_20260727_170903","121","OK","Корпус 2.1/POZD_WEB_K2-1_s5_et2,6_11.ai","170","OK","true","1","1200","1200","600","600","true","1158","0","2346","2346","14","14","true","true","true","true","true","True","1200","1200","True","827143","612857","True","True","True","True","True","D:\AI\AITRASH\workspaces\project - Изменение масштаба для планировок квартир\09_outputs\_full_wip\20260727_full_mkd2\Корпус 2.1\х170_POZD_WEB_K2-1_s5_et2,6_11.ai","D:\AI\AITRASH\workspaces\project - Изменение масштаба для планировок квартир\09_outputs\_full_wip\20260727_full_mkd2\Корпус 2.1\х170_POZD_WEB_K2-1_s5_et2,6_11.png","D:\AI\AITRASH\workspaces\project - Изменение масштаба для планировок квартир\09_outputs\_diagnostics\full_20260727_full_mkd2\details\121_POZD_WEB_K2-1_s5_et2,6_11_attempt1.json","D:\AI\AITRASH\workspaces\project - Изменение масштаба для планировок квартир\09_outputs\_diagnostics\full_20260727_full_mkd2\verify_details\121_POZD_WEB_K2-1_s5_et2,6_11_verify_attempt2.json","Независимая проверка AI/PNG/SHA-256 пройдена."
"102_126_20260727_170903","122","OK","Корпус 2.1/POZD_WEB_K2-1_s5_et2,6_8.ai","170","OK","true","1","1200","1200","600","600","true","1190","0","2410","2410","10","10","true","true","true","true","true","True","1200","1200","True","818778","621222","True","True","True","True","True","D:\AI\AITRASH\workspaces\project - Изменение масштаба для планировок квартир\09_outputs\_full_wip\20260727_full_mkd2\Корпус 2.1\х170_POZD_WEB_K2-1_s5_et2,6_8.ai","D:\AI\AITRASH\workspaces\project - Изменение масштаба для планировок квартир\09_outputs\_full_wip\20260727_full_mkd2\Корпус 2.1\х170_POZD_WEB_K2-1_s5_et2,6_8.png","D:\AI\AITRASH\workspaces\project - Изменение масштаба для планировок квартир\09_outputs\_diagnostics\full_20260727_full_mkd2\details\122_POZD_WEB_K2-1_s5_et2,6_8_attempt1.json","D:\AI\AITRASH\workspaces\project - Изменение масштаба для планировок квартир\09_outputs\_diagnostics\full_20260727_full_mkd2\verify_details\122_POZD_WEB_K2-1_s5_et2,6_8_verify_attempt2.json","Независимая проверка AI/PNG/SHA-256 пройдена."
"102_126_20260727_170903","123","OK","Корпус 2.1/POZD_WEB_K2-1_s5_et2_1.ai","170","OK","true","1","1200","1200","600","600","true","1215","0","2467","2467","11","11","true","true","true","true","true","True","1200","1200","True","857409","582591","True","True","True","True","True","D:\AI\AITRASH\workspaces\project - Изменение масштаба для планировок квартир\09_outputs\_full_wip\20260727_full_mkd2\Корпус 2.1\х170_POZD_WEB_K2-1_s5_et2_1.ai","D:\AI\AITRASH\workspaces\project - Изменение масштаба для планировок квартир\09_outputs\_full_wip\20260727_full_mkd2\Корпус 2.1\х170_POZD_WEB_K2-1_s5_et2_1.png","D:\AI\AITRASH\workspaces\project - Изменение масштаба для планировок квартир\09_outputs\_diagnostics\full_20260727_full_mkd2\details\123_POZD_WEB_K2-1_s5_et2_1_attempt1.json","D:\AI\AITRASH\workspaces\project - Изменение масштаба для планировок квартир\09_outputs\_diagnostics\full_20260727_full_mkd2\verify_details\123_POZD_WEB_K2-1_s5_et2_1_verify_attempt2.json","Независимая проверка AI/PNG/SHA-256 пройдена."
"102_126_20260727_170903","124","OK","Корпус 2.1/POZD_WEB_K2-1_s5_et2_2.ai","170","OK","true","1","1200","1200","600","600","true","1324","0","2675","2675","10","10","true","true","true","true","true","True","1200","1200","True","789133","650867","True","True","True","True","True","D:\AI\AITRASH\workspaces\project - Изменение масштаба для планировок квартир\09_outputs\_full_wip\20260727_full_mkd2\Корпус 2.1\х170_POZD_WEB_K2-1_s5_et2_2.ai","D:\AI\AITRASH\workspaces\project - Изменение масштаба для планировок квартир\09_outputs\_full_wip\20260727_full_mkd2\Корпус 2.1\х170_POZD_WEB_K2-1_s5_et2_2.png","D:\AI\AITRASH\workspaces\project - Изменение масштаба для планировок квартир\09_outputs\_diagnostics\full_20260727_full_mkd2\details\124_POZD_WEB_K2-1_s5_et2_2_attempt1.json","D:\AI\AITRASH\workspaces\project - Изменение масштаба для планировок квартир\09_outputs\_diagnostics\full_20260727_full_mkd2\verify_details\124_POZD_WEB_K2-1_s5_et2_2_verify_attempt2.json","Независимая проверка AI/PNG/SHA-256 пройдена."
"102_126_20260727_170903","125","OK","Корпус 2.1/POZD_WEB_K2-1_s5_et2_4.ai","170","OK","true","1","1200","1200","600","600","true","1221","0","2469","2469","10","10","true","true","true","true","true","True","1200","1200","True","841385","598615","True","True","True","True","True","D:\AI\AITRASH\workspaces\project - Изменение масштаба для планировок квартир\09_outputs\_full_wip\20260727_full_mkd2\Корпус 2.1\х170_POZD_WEB_K2-1_s5_et2_4.ai","D:\AI\AITRASH\workspaces\project - Изменение масштаба для планировок квартир\09_outputs\_full_wip\20260727_full_mkd2\Корпус 2.1\х170_POZD_WEB_K2-1_s5_et2_4.png","D:\AI\AITRASH\workspaces\project - Изменение масштаба для планировок квартир\09_outputs\_diagnostics\full_20260727_full_mkd2\details\125_POZD_WEB_K2-1_s5_et2_4_attempt1.json","D:\AI\AITRASH\workspaces\project - Изменение масштаба для планировок квартир\09_outputs\_diagnostics\full_20260727_full_mkd2\verify_details\125_POZD_WEB_K2-1_s5_et2_4_verify_attempt2.json","Независимая проверка AI/PNG/SHA-256 пройдена."
"102_126_20260727_170903","126","OK","Корпус 2.1/POZD_WEB_K2-1_s5_et2_5.ai","200","OK","true","1","1200","1200","600","600","true","875","0","1780","1780","10","10","true","true","true","true","true","True","1200","1200","True","838424","601576","True","True","True","True","True","D:\AI\AITRASH\workspaces\project - Изменение масштаба для планировок квартир\09_outputs\_full_wip\20260727_full_mkd2\Корпус 2.1\х200_POZD_WEB_K2-1_s5_et2_5.ai","D:\AI\AITRASH\workspaces\project - Изменение масштаба для планировок квартир\09_outputs\_full_wip\20260727_full_mkd2\Корпус 2.1\х200_POZD_WEB_K2-1_s5_et2_5.png","D:\AI\AITRASH\workspaces\project - Изменение масштаба для планировок квартир\09_outputs\_diagnostics\full_20260727_full_mkd2\details\126_POZD_WEB_K2-1_s5_et2_5_attempt1.json","D:\AI\AITRASH\workspaces\project - Изменение масштаба для планировок квартир\09_outputs\_diagnostics\full_20260727_full_mkd2\verify_details\126_POZD_WEB_K2-1_s5_et2_5_verify_attempt2.json","Независимая проверка AI/PNG/SHA-256 пройдена."
"107_111_20260727_131356","107","OK","Корпус 2.1/POZD_WEB_K2-1_s4_et4_5.ai","170","OK","true","1","1200","1200","600","600","true","1494","0","3030","3030","14","14","true","true","true","true","true","True","1200","1200","True","697529","742471","True","True","True","True","True","D:\AI\AITRASH\workspaces\project - Изменение масштаба для планировок квартир\09_outputs\_full_wip\20260727_full_mkd2\Корпус 2.1\х170_POZD_WEB_K2-1_s4_et4_5.ai","D:\AI\AITRASH\workspaces\project - Изменение масштаба для планировок квартир\09_outputs\_full_wip\20260727_full_mkd2\Корпус 2.1\х170_POZD_WEB_K2-1_s4_et4_5.png","D:\AI\AITRASH\workspaces\project - Изменение масштаба для планировок квартир\09_outputs\_diagnostics\full_20260727_full_mkd2\details\107_POZD_WEB_K2-1_s4_et4_5_attempt1.json","D:\AI\AITRASH\workspaces\project - Изменение масштаба для планировок квартир\09_outputs\_diagnostics\full_20260727_full_mkd2\verify_details\107_POZD_WEB_K2-1_s4_et4_5_verify_attempt1.json","Независимая проверка AI/PNG/SHA-256 пройдена."
"107_111_20260727_131356","108","OK","Корпус 2.1/POZD_WEB_K2-1_s4_et4_6.ai","170","OK","true","1","1200","1200","600","600","true","1421","0","2885","2885","13","13","true","true","true","true","true","True","1200","1200","True","699977","740023","True","True","True","True","True","D:\AI\AITRASH\workspaces\project - Изменение масштаба для планировок квартир\09_outputs\_full_wip\20260727_full_mkd2\Корпус 2.1\х170_POZD_WEB_K2-1_s4_et4_6.ai","D:\AI\AITRASH\workspaces\project - Изменение масштаба для планировок квартир\09_outputs\_full_wip\20260727_full_mkd2\Корпус 2.1\х170_POZD_WEB_K2-1_s4_et4_6.png","D:\AI\AITRASH\workspaces\project - Изменение масштаба для планировок квартир\09_outputs\_diagnostics\full_20260727_full_mkd2\details\108_POZD_WEB_K2-1_s4_et4_6_attempt1.json","D:\AI\AITRASH\workspaces\project - Изменение масштаба для планировок квартир\09_outputs\_diagnostics\full_20260727_full_mkd2\verify_details\108_POZD_WEB_K2-1_s4_et4_6_verify_attempt1.json","Независимая проверка AI/PNG/SHA-256 пройдена."
"107_111_20260727_131356","109","OK","Корпус 2.1/POZD_WEB_K2-1_s4_et4_7.ai","200","OK","true","1","1200","1200","600","600","true","746","0","1513","1513","10","10","true","true","true","true","true","True","1200","1200","True","856707","583293","True","True","True","True","True","D:\AI\AITRASH\workspaces\project - Изменение масштаба для планировок квартир\09_outputs\_full_wip\20260727_full_mkd2\Корпус 2.1\х200_POZD_WEB_K2-1_s4_et4_7.ai","D:\AI\AITRASH\workspaces\project - Изменение масштаба для планировок квартир\09_outputs\_full_wip\20260727_full_mkd2\Корпус 2.1\х200_POZD_WEB_K2-1_s4_et4_7.png","D:\AI\AITRASH\workspaces\project - Изменение масштаба для планировок квартир\09_outputs\_diagnostics\full_20260727_full_mkd2\details\109_POZD_WEB_K2-1_s4_et4_7_attempt1.json","D:\AI\AITRASH\workspaces\project - Изменение масштаба для планировок квартир\09_outputs\_diagnostics\full_20260727_full_mkd2\verify_details\109_POZD_WEB_K2-1_s4_et4_7_verify_attempt1.json","Независимая проверка AI/PNG/SHA-256 пройдена."
"107_111_20260727_131356","110","OK","Корпус 2.1/POZD_WEB_K2-1_s4_et6_1.ai","120","OK","true","1","1200","1200","600","600","true","1950","0","3941","3941","13","13","true","true","true","true","true","True","1200","1200","True","948663","491337","True","True","True","True","True","D:\AI\AITRASH\workspaces\project - Изменение масштаба для планировок квартир\09_outputs\_full_wip\20260727_full_mkd2\Корпус 2.1\х120_POZD_WEB_K2-1_s4_et6_1.ai","D:\AI\AITRASH\workspaces\project - Изменение масштаба для планировок квартир\09_outputs\_full_wip\20260727_full_mkd2\Корпус 2.1\х120_POZD_WEB_K2-1_s4_et6_1.png","D:\AI\AITRASH\workspaces\project - Изменение масштаба для планировок квартир\09_outputs\_diagnostics\full_20260727_full_mkd2\details\110_POZD_WEB_K2-1_s4_et6_1_attempt1.json","D:\AI\AITRASH\workspaces\project - Изменение масштаба для планировок квартир\09_outputs\_diagnostics\full_20260727_full_mkd2\verify_details\110_POZD_WEB_K2-1_s4_et6_1_verify_attempt1.json","Независимая проверка AI/PNG/SHA-256 пройдена."
"107_111_20260727_131356","111","OK","Корпус 2.1/POZD_WEB_K2-1_s4_et6_2.ai","150","OK","true","1","1200","1200","600","600","true","1787","0","3603","3603","18","18","true","true","true","true","true","True","1200","1200","True","836423","603577","True","True","True","True","True","D:\AI\AITRASH\workspaces\project - Изменение масштаба для планировок квартир\09_outputs\_full_wip\20260727_full_mkd2\Корпус 2.1\х150_POZD_WEB_K2-1_s4_et6_2.ai","D:\AI\AITRASH\workspaces\project - Изменение масштаба для планировок квартир\09_outputs\_full_wip\20260727_full_mkd2\Корпус 2.1\х150_POZD_WEB_K2-1_s4_et6_2.png","D:\AI\AITRASH\workspaces\project - Изменение масштаба для планировок квартир\09_outputs\_diagnostics\full_20260727_full_mkd2\details\111_POZD_WEB_K2-1_s4_et6_2_attempt1.json","D:\AI\AITRASH\workspaces\project - Изменение масштаба для планировок квартир\09_outputs\_diagnostics\full_20260727_full_mkd2\verify_details\111_POZD_WEB_K2-1_s4_et6_2_verify_attempt1.json","Независимая проверка AI/PNG/SHA-256 пройдена."
"112_112_20260727_115653","112","OK","Корпус 2.1/POZD_WEB_K2-1_s4_et6_3.ai","150","OK","true","1","1200","1200","600","600","true","1570","0","3175","3175","15","15","true","true","true","true","true","True","1200","1200","True","952694","487306","True","True","True","True","True","D:\AI\AITRASH\workspaces\project - Изменение масштаба для планировок квартир\09_outputs\_full_wip\20260727_full_mkd2\Корпус 2.1\х150_POZD_WEB_K2-1_s4_et6_3.ai","D:\AI\AITRASH\workspaces\project - Изменение масштаба для планировок квартир\09_outputs\_full_wip\20260727_full_mkd2\Корпус 2.1\х150_POZD_WEB_K2-1_s4_et6_3.png","D:\AI\AITRASH\workspaces\project - Изменение масштаба для планировок квартир\09_outputs\_diagnostics\full_20260727_full_mkd2\details\112_POZD_WEB_K2-1_s4_et6_3_attempt2.json","D:\AI\AITRASH\workspaces\project - Изменение масштаба для планировок квартир\09_outputs\_diagnostics\full_20260727_full_mkd2\verify_details\112_POZD_WEB_K2-1_s4_et6_3_verify_attempt1.json","Независимая проверка AI/PNG/SHA-256 пройдена."
"113_117_20260727_131745","113","OK","Корпус 2.1/POZD_WEB_K2-1_s4_et6_5.ai","170","OK","true","1","1200","1200","600","600","true","1470","0","2984","2984","13","13","true","true","true","true","true","True","1200","1200","True","699434","740566","True","True","True","True","True","D:\AI\AITRASH\workspaces\project - Изменение масштаба для планировок квартир\09_outputs\_full_wip\20260727_full_mkd2\Корпус 2.1\х170_POZD_WEB_K2-1_s4_et6_5.ai","D:\AI\AITRASH\workspaces\project - Изменение масштаба для планировок квартир\09_outputs\_full_wip\20260727_full_mkd2\Корпус 2.1\х170_POZD_WEB_K2-1_s4_et6_5.png","D:\AI\AITRASH\workspaces\project - Изменение масштаба для планировок квартир\09_outputs\_diagnostics\full_20260727_full_mkd2\details\113_POZD_WEB_K2-1_s4_et6_5_attempt1.json","D:\AI\AITRASH\workspaces\project - Изменение масштаба для планировок квартир\09_outputs\_diagnostics\full_20260727_full_mkd2\verify_details\113_POZD_WEB_K2-1_s4_et6_5_verify_attempt1.json","Независимая проверка AI/PNG/SHA-256 пройдена."
"113_117_20260727_131745","114","OK","Корпус 2.1/POZD_WEB_K2-1_s4_et6_6.ai","170","OK","true","1","1200","1200","600","600","true","1392","0","2822","2822","10","10","true","true","true","true","true","True","1200","1200","True","714487","725513","True","True","True","True","True","D:\AI\AITRASH\workspaces\project - Изменение масштаба для планировок квартир\09_outputs\_full_wip\20260727_full_mkd2\Корпус 2.1\х170_POZD_WEB_K2-1_s4_et6_6.ai","D:\AI\AITRASH\workspaces\project - Изменение масштаба для планировок квартир\09_outputs\_full_wip\20260727_full_mkd2\Корпус 2.1\х170_POZD_WEB_K2-1_s4_et6_6.png","D:\AI\AITRASH\workspaces\project - Изменение масштаба для планировок квартир\09_outputs\_diagnostics\full_20260727_full_mkd2\details\114_POZD_WEB_K2-1_s4_et6_6_attempt1.json","D:\AI\AITRASH\workspaces\project - Изменение масштаба для планировок квартир\09_outputs\_diagnostics\full_20260727_full_mkd2\verify_details\114_POZD_WEB_K2-1_s4_et6_6_verify_attempt1.json","Независимая проверка AI/PNG/SHA-256 пройдена."
"113_117_20260727_131745","115","OK","Корпус 2.1/POZD_WEB_K2-1_s4_et6_7.ai","200","OK","true","1","1200","1200","600","600","true","775","0","1575","1575","13","13","true","true","true","true","true","True","1200","1200","True","836908","603092","True","True","True","True","True","D:\AI\AITRASH\workspaces\project - Изменение масштаба для планировок квартир\09_outputs\_full_wip\20260727_full_mkd2\Корпус 2.1\х200_POZD_WEB_K2-1_s4_et6_7.ai","D:\AI\AITRASH\workspaces\project - Изменение масштаба для планировок квартир\09_outputs\_full_wip\20260727_full_mkd2\Корпус 2.1\х200_POZD_WEB_K2-1_s4_et6_7.png","D:\AI\AITRASH\workspaces\project - Изменение масштаба для планировок квартир\09_outputs\_diagnostics\full_20260727_full_mkd2\details\115_POZD_WEB_K2-1_s4_et6_7_attempt1.json","D:\AI\AITRASH\workspaces\project - Изменение масштаба для планировок квартир\09_outputs\_diagnostics\full_20260727_full_mkd2\verify_details\115_POZD_WEB_K2-1_s4_et6_7_verify_attempt1.json","Независимая проверка AI/PNG/SHA-256 пройдена."
"113_117_20260727_131745","116","OK","Корпус 2.1/POZD_WEB_K2-1_s5_et1_1.ai","170","OK","true","1","1200","1200","600","600","true","1313","0","2667","2667","16","16","true","true","true","true","true","True","1200","1200","True","875648","564352","True","True","True","True","True","D:\AI\AITRASH\workspaces\project - Изменение масштаба для планировок квартир\09_outputs\_full_wip\20260727_full_mkd2\Корпус 2.1\х170_POZD_WEB_K2-1_s5_et1_1.ai","D:\AI\AITRASH\workspaces\project - Изменение масштаба для планировок квартир\09_outputs\_full_wip\20260727_full_mkd2\Корпус 2.1\х170_POZD_WEB_K2-1_s5_et1_1.png","D:\AI\AITRASH\workspaces\project - Изменение масштаба для планировок квартир\09_outputs\_diagnostics\full_20260727_full_mkd2\details\116_POZD_WEB_K2-1_s5_et1_1_attempt1.json","D:\AI\AITRASH\workspaces\project - Изменение масштаба для планировок квартир\09_outputs\_diagnostics\full_20260727_full_mkd2\verify_details\116_POZD_WEB_K2-1_s5_et1_1_verify_attempt1.json","Независимая проверка AI/PNG/SHA-256 пройдена."
"113_117_20260727_131745","117","OK","Корпус 2.1/POZD_WEB_K2-1_s5_et1_2.ai","150","OK","true","1","1200","1200","600","600","true","2004","0","4067","4067","16","16","true","true","true","true","true","True","1200","1200","True","781235","658765","True","True","True","True","True","D:\AI\AITRASH\workspaces\project - Изменение масштаба для планировок квартир\09_outputs\_full_wip\20260727_full_mkd2\Корпус 2.1\х150_POZD_WEB_K2-1_s5_et1_2.ai","D:\AI\AITRASH\workspaces\project - Изменение масштаба для планировок квартир\09_outputs\_full_wip\20260727_full_mkd2\Корпус 2.1\х150_POZD_WEB_K2-1_s5_et1_2.png","D:\AI\AITRASH\workspaces\project - Изменение масштаба для планировок квартир\09_outputs\_diagnostics\full_20260727_full_mkd2\details\117_POZD_WEB_K2-1_s5_et1_2_attempt1.json","D:\AI\AITRASH\workspaces\project - Изменение масштаба для планировок квартир\09_outputs\_diagnostics\full_20260727_full_mkd2\verify_details\117_POZD_WEB_K2-1_s5_et1_2_verify_attempt1.json","Независимая проверка AI/PNG/SHA-256 пройдена."
"118_122_20260727_132049","118","OK","Корпус 2.1/POZD_WEB_K2-1_s5_et2,4,6_3.ai","170","OK","true","1","1200","1200","600","600","true","1337","0","2701","2701","10","10","true","true","true","true","true","True","1200","1200","True","777200","662800","True","True","True","True","True","D:\AI\AITRASH\workspaces\project - Изменение масштаба для планировок квартир\09_outputs\_full_wip\20260727_full_mkd2\Корпус 2.1\х170_POZD_WEB_K2-1_s5_et2,4,6_3.ai","D:\AI\AITRASH\workspaces\project - Изменение масштаба для планировок квартир\09_outputs\_full_wip\20260727_full_mkd2\Корпус 2.1\х170_POZD_WEB_K2-1_s5_et2,4,6_3.png","D:\AI\AITRASH\workspaces\project - Изменение масштаба для планировок квартир\09_outputs\_diagnostics\full_20260727_full_mkd2\details\118_POZD_WEB_K2-1_s5_et2,4,6_3_attempt1.json","D:\AI\AITRASH\workspaces\project - Изменение масштаба для планировок квартир\09_outputs\_diagnostics\full_20260727_full_mkd2\verify_details\118_POZD_WEB_K2-1_s5_et2,4,6_3_verify_attempt1.json","Независимая проверка AI/PNG/SHA-256 пройдена."
"118_122_20260727_132049","119","OK","Корпус 2.1/POZD_WEB_K2-1_s5_et2,4_6.ai","170","OK","true","1","1200","1200","600","600","true","1163","0","2349","2349","10","10","true","true","true","true","true","True","1200","1200","True","837345","602655","True","True","True","True","True","D:\AI\AITRASH\workspaces\project - Изменение масштаба для планировок квартир\09_outputs\_full_wip\20260727_full_mkd2\Корпус 2.1\х170_POZD_WEB_K2-1_s5_et2,4_6.ai","D:\AI\AITRASH\workspaces\project - Изменение масштаба для планировок квартир\09_outputs\_full_wip\20260727_full_mkd2\Корпус 2.1\х170_POZD_WEB_K2-1_s5_et2,4_6.png","D:\AI\AITRASH\workspaces\project - Изменение масштаба для планировок квартир\09_outputs\_diagnostics\full_20260727_full_mkd2\details\119_POZD_WEB_K2-1_s5_et2,4_6_attempt1.json","D:\AI\AITRASH\workspaces\project - Изменение масштаба для планировок квартир\09_outputs\_diagnostics\full_20260727_full_mkd2\verify_details\119_POZD_WEB_K2-1_s5_et2,4_6_verify_attempt1.json","Независимая проверка AI/PNG/SHA-256 пройдена."
"118_122_20260727_132049","120","OK","Корпус 2.1/POZD_WEB_K2-1_s5_et2,6_10.ai","170","OK","true","1","1200","1200","600","600","true","1180","0","2392","2392","10","10","true","true","true","true","true","True","1200","1200","True","809311","630689","True","True","True","True","True","D:\AI\AITRASH\workspaces\project - Изменение масштаба для планировок квартир\09_outputs\_full_wip\20260727_full_mkd2\Корпус 2.1\х170_POZD_WEB_K2-1_s5_et2,6_10.ai","D:\AI\AITRASH\workspaces\project - Изменение масштаба для планировок квартир\09_outputs\_full_wip\20260727_full_mkd2\Корпус 2.1\х170_POZD_WEB_K2-1_s5_et2,6_10.png","D:\AI\AITRASH\workspaces\project - Изменение масштаба для планировок квартир\09_outputs\_diagnostics\full_20260727_full_mkd2\details\120_POZD_WEB_K2-1_s5_et2,6_10_attempt1.json","D:\AI\AITRASH\workspaces\project - Изменение масштаба для планировок квартир\09_outputs\_diagnostics\full_20260727_full_mkd2\verify_details\120_POZD_WEB_K2-1_s5_et2,6_10_verify_attempt1.json","Независимая проверка AI/PNG/SHA-256 пройдена."
"118_122_20260727_132049","121","OK","Корпус 2.1/POZD_WEB_K2-1_s5_et2,6_11.ai","170","OK","true","1","1200","1200","600","600","true","1158","0","2346","2346","14","14","true","true","true","true","true","True","1200","1200","True","827143","612857","True","True","True","True","True","D:\AI\AITRASH\workspaces\project - Изменение масштаба для планировок квартир\09_outputs\_full_wip\20260727_full_mkd2\Корпус 2.1\х170_POZD_WEB_K2-1_s5_et2,6_11.ai","D:\AI\AITRASH\workspaces\project - Изменение масштаба для планировок квартир\09_outputs\_full_wip\20260727_full_mkd2\Корпус 2.1\х170_POZD_WEB_K2-1_s5_et2,6_11.png","D:\AI\AITRASH\workspaces\project - Изменение масштаба для планировок квартир\09_outputs\_diagnostics\full_20260727_full_mkd2\details\121_POZD_WEB_K2-1_s5_et2,6_11_attempt1.json","D:\AI\AITRASH\workspaces\project - Изменение масштаба для планировок квартир\09_outputs\_diagnostics\full_20260727_full_mkd2\verify_details\121_POZD_WEB_K2-1_s5_et2,6_11_verify_attempt1.json","Независимая проверка AI/PNG/SHA-256 пройдена."
"118_122_20260727_132049","122","OK","Корпус 2.1/POZD_WEB_K2-1_s5_et2,6_8.ai","170","OK","true","1","1200","1200","600","600","true","1190","0","2410","2410","10","10","true","true","true","true","true","True","1200","1200","True","818778","621222","True","True","True","True","True","D:\AI\AITRASH\workspaces\project - Изменение масштаба для планировок квартир\09_outputs\_full_wip\20260727_full_mkd2\Корпус 2.1\х170_POZD_WEB_K2-1_s5_et2,6_8.ai","D:\AI\AITRASH\workspaces\project - Изменение масштаба для планировок квартир\09_outputs\_full_wip\20260727_full_mkd2\Корпус 2.1\х170_POZD_WEB_K2-1_s5_et2,6_8.png","D:\AI\AITRASH\workspaces\project - Изменение масштаба для планировок квартир\09_outputs\_diagnostics\full_20260727_full_mkd2\details\122_POZD_WEB_K2-1_s5_et2,6_8_attempt1.json","D:\AI\AITRASH\workspaces\project - Изменение масштаба для планировок квартир\09_outputs\_diagnostics\full_20260727_full_mkd2\verify_details\122_POZD_WEB_K2-1_s5_et2,6_8_verify_attempt1.json","Независимая проверка AI/PNG/SHA-256 пройдена."
"123_127_20260727_132343","123","OK","Корпус 2.1/POZD_WEB_K2-1_s5_et2_1.ai","170","OK","true","1","1200","1200","600","600","true","1215","0","2467","2467","11","11","true","true","true","true","true","True","1200","1200","True","857409","582591","True","True","True","True","True","D:\AI\AITRASH\workspaces\project - Изменение масштаба для планировок квартир\09_outputs\_full_wip\20260727_full_mkd2\Корпус 2.1\х170_POZD_WEB_K2-1_s5_et2_1.ai","D:\AI\AITRASH\workspaces\project - Изменение масштаба для планировок квартир\09_outputs\_full_wip\20260727_full_mkd2\Корпус 2.1\х170_POZD_WEB_K2-1_s5_et2_1.png","D:\AI\AITRASH\workspaces\project - Изменение масштаба для планировок квартир\09_outputs\_diagnostics\full_20260727_full_mkd2\details\123_POZD_WEB_K2-1_s5_et2_1_attempt1.json","D:\AI\AITRASH\workspaces\project - Изменение масштаба для планировок квартир\09_outputs\_diagnostics\full_20260727_full_mkd2\verify_details\123_POZD_WEB_K2-1_s5_et2_1_verify_attempt1.json","Независимая проверка AI/PNG/SHA-256 пройдена."
"123_127_20260727_132343","124","OK","Корпус 2.1/POZD_WEB_K2-1_s5_et2_2.ai","170","OK","true","1","1200","1200","600","600","true","1324","0","2675","2675","10","10","true","true","true","true","true","True","1200","1200","True","789133","650867","True","True","True","True","True","D:\AI\AITRASH\workspaces\project - Изменение масштаба для планировок квартир\09_outputs\_full_wip\20260727_full_mkd2\Корпус 2.1\х170_POZD_WEB_K2-1_s5_et2_2.ai","D:\AI\AITRASH\workspaces\project - Изменение масштаба для планировок квартир\09_outputs\_full_wip\20260727_full_mkd2\Корпус 2.1\х170_POZD_WEB_K2-1_s5_et2_2.png","D:\AI\AITRASH\workspaces\project - Изменение масштаба для планировок квартир\09_outputs\_diagnostics\full_20260727_full_mkd2\details\124_POZD_WEB_K2-1_s5_et2_2_attempt1.json","D:\AI\AITRASH\workspaces\project - Изменение масштаба для планировок квартир\09_outputs\_diagnostics\full_20260727_full_mkd2\verify_details\124_POZD_WEB_K2-1_s5_et2_2_verify_attempt1.json","Независимая проверка AI/PNG/SHA-256 пройдена."
"123_127_20260727_132343","125","OK","Корпус 2.1/POZD_WEB_K2-1_s5_et2_4.ai","170","OK","true","1","1200","1200","600","600","true","1221","0","2469","2469","10","10","true","true","true","true","true","True","1200","1200","True","841385","598615","True","True","True","True","True","D:\AI\AITRASH\workspaces\project - Изменение масштаба для планировок квартир\09_outputs\_full_wip\20260727_full_mkd2\Корпус 2.1\х170_POZD_WEB_K2-1_s5_et2_4.ai","D:\AI\AITRASH\workspaces\project - Изменение масштаба для планировок квартир\09_outputs\_full_wip\20260727_full_mkd2\Корпус 2.1\х170_POZD_WEB_K2-1_s5_et2_4.png","D:\AI\AITRASH\workspaces\project - Изменение масштаба для планировок квартир\09_outputs\_diagnostics\full_20260727_full_mkd2\details\125_POZD_WEB_K2-1_s5_et2_4_attempt1.json","D:\AI\AITRASH\workspaces\project - Изменение масштаба для планировок квартир\09_outputs\_diagnostics\full_20260727_full_mkd2\verify_details\125_POZD_WEB_K2-1_s5_et2_4_verify_attempt1.json","Независимая проверка AI/PNG/SHA-256 пройдена."
"123_127_20260727_132343","126","OK","Корпус 2.1/POZD_WEB_K2-1_s5_et2_5.ai","200","OK","true","1","1200","1200","600","600","true","875","0","1780","1780","10","10","true","true","true","true","true","True","1200","1200","True","838424","601576","True","True","True","True","True","D:\AI\AITRASH\workspaces\project - Изменение масштаба для планировок квартир\09_outputs\_full_wip\20260727_full_mkd2\Корпус 2.1\х200_POZD_WEB_K2-1_s5_et2_5.ai","D:\AI\AITRASH\workspaces\project - Изменение масштаба для планировок квартир\09_outputs\_full_wip\20260727_full_mkd2\Корпус 2.1\х200_POZD_WEB_K2-1_s5_et2_5.png","D:\AI\AITRASH\workspaces\project - Изменение масштаба для планировок квартир\09_outputs\_diagnostics\full_20260727_full_mkd2\details\126_POZD_WEB_K2-1_s5_et2_5_attempt1.json","D:\AI\AITRASH\workspaces\project - Изменение масштаба для планировок квартир\09_outputs\_diagnostics\full_20260727_full_mkd2\verify_details\126_POZD_WEB_K2-1_s5_et2_5_verify_attempt1.json","Независимая проверка AI/PNG/SHA-256 пройдена."
"123_127_20260727_132343","127","OK","Корпус 2.1/POZD_WEB_K2-1_s5_et2_7.ai","170","OK","true","1","1200","1200","600","600","true","1245","0","2515","2515","10","10","true","true","true","true","true","True","1200","1200","True","819731","620269","True","True","True","True","True","D:\AI\AITRASH\workspaces\project - Изменение масштаба для планировок квартир\09_outputs\_full_wip\20260727_full_mkd2\Корпус 2.1\х170_POZD_WEB_K2-1_s5_et2_7.ai","D:\AI\AITRASH\workspaces\project - Изменение масштаба для планировок квартир\09_outputs\_full_wip\20260727_full_mkd2\Корпус 2.1\х170_POZD_WEB_K2-1_s5_et2_7.png","D:\AI\AITRASH\workspaces\project - Изменение масштаба для планировок квартир\09_outputs\_diagnostics\full_20260727_full_mkd2\details\127_POZD_WEB_K2-1_s5_et2_7_attempt1.json","D:\AI\AITRASH\workspaces\project - Изменение масштаба для планировок квартир\09_outputs\_diagnostics\full_20260727_full_mkd2\verify_details\127_POZD_WEB_K2-1_s5_et2_7_verify_attempt1.json","Независимая проверка AI/PNG/SHA-256 пройдена."
"127_151_20260727_171611","127","OK","Корпус 2.1/POZD_WEB_K2-1_s5_et2_7.ai","170","OK","true","1","1200","1200","600","600","true","1245","0","2515","2515","10","10","true","true","true","true","true","True","1200","1200","True","819731","620269","True","True","True","True","True","D:\AI\AITRASH\workspaces\project - Изменение масштаба для планировок квартир\09_outputs\_full_wip\20260727_full_mkd2\Корпус 2.1\х170_POZD_WEB_K2-1_s5_et2_7.ai","D:\AI\AITRASH\workspaces\project - Изменение масштаба для планировок квартир\09_outputs\_full_wip\20260727_full_mkd2\Корпус 2.1\х170_POZD_WEB_K2-1_s5_et2_7.png","D:\AI\AITRASH\workspaces\project - Изменение масштаба для планировок квартир\09_outputs\_diagnostics\full_20260727_full_mkd2\details\127_POZD_WEB_K2-1_s5_et2_7_attempt1.json","D:\AI\AITRASH\workspaces\project - Изменение масштаба для планировок квартир\09_outputs\_diagnostics\full_20260727_full_mkd2\verify_details\127_POZD_WEB_K2-1_s5_et2_7_verify_attempt2.json","Независимая проверка AI/PNG/SHA-256 пройдена."
"127_151_20260727_171611","128","OK","Корпус 2.1/POZD_WEB_K2-1_s5_et2_9.ai","170","OK","true","1","1200","1200","600","600","true","1271","0","2577","2577","14","14","true","true","true","true","true","True","1200","1200","True","784700","655300","True","True","True","True","True","D:\AI\AITRASH\workspaces\project - Изменение масштаба для планировок квартир\09_outputs\_full_wip\20260727_full_mkd2\Корпус 2.1\х170_POZD_WEB_K2-1_s5_et2_9.ai","D:\AI\AITRASH\workspaces\project - Изменение масштаба для планировок квартир\09_outputs\_full_wip\20260727_full_mkd2\Корпус 2.1\х170_POZD_WEB_K2-1_s5_et2_9.png","D:\AI\AITRASH\workspaces\project - Изменение масштаба для планировок квартир\09_outputs\_diagnostics\full_20260727_full_mkd2\details\128_POZD_WEB_K2-1_s5_et2_9_attempt1.json","D:\AI\AITRASH\workspaces\project - Изменение масштаба для планировок квартир\09_outputs\_diagnostics\full_20260727_full_mkd2\verify_details\128_POZD_WEB_K2-1_s5_et2_9_verify_attempt2.json","Независимая проверка AI/PNG/SHA-256 пройдена."
"127_151_20260727_171611","129","OK","Корпус 2.1/POZD_WEB_K2-1_s5_et3,5_1.ai","170","OK","true","1","1200","1200","600","600","true","1214","0","2465","2465","11","11","true","true","true","true","true","True","1200","1200","True","859977","580023","True","True","True","True","True","D:\AI\AITRASH\workspaces\project - Изменение масштаба для планировок квартир\09_outputs\_full_wip\20260727_full_mkd2\Корпус 2.1\х170_POZD_WEB_K2-1_s5_et3,5_1.ai","D:\AI\AITRASH\workspaces\project - Изменение масштаба для планировок квартир\09_outputs\_full_wip\20260727_full_mkd2\Корпус 2.1\х170_POZD_WEB_K2-1_s5_et3,5_1.png","D:\AI\AITRASH\workspaces\project - Изменение масштаба для планировок квартир\09_outputs\_diagnostics\full_20260727_full_mkd2\details\129_POZD_WEB_K2-1_s5_et3,5_1_attempt1.json","D:\AI\AITRASH\workspaces\project - Изменение масштаба для планировок квартир\09_outputs\_diagnostics\full_20260727_full_mkd2\verify_details\129_POZD_WEB_K2-1_s5_et3,5_1_verify_attempt2.json","Независимая проверка AI/PNG/SHA-256 пройдена."
"127_151_20260727_171611","130","OK","Корпус 2.1/POZD_WEB_K2-1_s5_et3,5_10.ai","170","OK","true","1","1200","1200","600","600","true","1169","0","2367","2367","10","10","true","true","true","true","true","True","1200","1200","True","809445","630555","True","True","True","True","True","D:\AI\AITRASH\workspaces\project - Изменение масштаба для планировок квартир\09_outputs\_full_wip\20260727_full_mkd2\Корпус 2.1\х170_POZD_WEB_K2-1_s5_et3,5_10.ai","D:\AI\AITRASH\workspaces\project - Изменение масштаба для планировок квартир\09_outputs\_full_wip\20260727_full_mkd2\Корпус 2.1\х170_POZD_WEB_K2-1_s5_et3,5_10.png","D:\AI\AITRASH\workspaces\project - Изменение масштаба для планировок квартир\09_outputs\_diagnostics\full_20260727_full_mkd2\details\130_POZD_WEB_K2-1_s5_et3,5_10_attempt1.json","D:\AI\AITRASH\workspaces\project - Изменение масштаба для планировок квартир\09_outputs\_diagnostics\full_20260727_full_mkd2\verify_details\130_POZD_WEB_K2-1_s5_et3,5_10_verify_attempt2.json","Независимая проверка AI/PNG/SHA-256 пройдена."
"127_151_20260727_171611","131","OK","Корпус 2.1/POZD_WEB_K2-1_s5_et3,5_11.ai","170","OK","true","1","1200","1200","600","600","true","1128","0","2282","2282","10","10","true","true","true","true","true","True","1200","1200","True","840278","599722","True","True","True","True","True","D:\AI\AITRASH\workspaces\project - Изменение масштаба для планировок квартир\09_outputs\_full_wip\20260727_full_mkd2\Корпус 2.1\х170_POZD_WEB_K2-1_s5_et3,5_11.ai","D:\AI\AITRASH\workspaces\project - Изменение масштаба для планировок квартир\09_outputs\_full_wip\20260727_full_mkd2\Корпус 2.1\х170_POZD_WEB_K2-1_s5_et3,5_11.png","D:\AI\AITRASH\workspaces\project - Изменение масштаба для планировок квартир\09_outputs\_diagnostics\full_20260727_full_mkd2\details\131_POZD_WEB_K2-1_s5_et3,5_11_attempt1.json","D:\AI\AITRASH\workspaces\project - Изменение масштаба для планировок квартир\09_outputs\_diagnostics\full_20260727_full_mkd2\verify_details\131_POZD_WEB_K2-1_s5_et3,5_11_verify_attempt2.json","Независимая проверка AI/PNG/SHA-256 пройдена."
"127_151_20260727_171611","132","OK","Корпус 2.1/POZD_WEB_K2-1_s5_et3,5_2.ai","170","OK","true","1","1200","1200","600","600","true","1349","0","2726","2726","10","10","true","true","true","true","true","True","1200","1200","True","784002","655998","True","True","True","True","True","D:\AI\AITRASH\workspaces\project - Изменение масштаба для планировок квартир\09_outputs\_full_wip\20260727_full_mkd2\Корпус 2.1\х170_POZD_WEB_K2-1_s5_et3,5_2.ai","D:\AI\AITRASH\workspaces\project - Изменение масштаба для планировок квартир\09_outputs\_full_wip\20260727_full_mkd2\Корпус 2.1\х170_POZD_WEB_K2-1_s5_et3,5_2.png","D:\AI\AITRASH\workspaces\project - Изменение масштаба для планировок квартир\09_outputs\_diagnostics\full_20260727_full_mkd2\details\132_POZD_WEB_K2-1_s5_et3,5_2_attempt1.json","D:\AI\AITRASH\workspaces\project - Изменение масштаба для планировок квартир\09_outputs\_diagnostics\full_20260727_full_mkd2\verify_details\132_POZD_WEB_K2-1_s5_et3,5_2_verify_attempt2.json","Независимая проверка AI/PNG/SHA-256 пройдена."
"127_151_20260727_171611","133","OK","Корпус 2.1/POZD_WEB_K2-1_s5_et3,5_3.ai","170","OK","true","1","1200","1200","600","600","true","1336","0","2699","2699","10","10","true","true","true","true","true","True","1200","1200","True","779708","660292","True","True","True","True","True","D:\AI\AITRASH\workspaces\project - Изменение масштаба для планировок квартир\09_outputs\_full_wip\20260727_full_mkd2\Корпус 2.1\х170_POZD_WEB_K2-1_s5_et3,5_3.ai","D:\AI\AITRASH\workspaces\project - Изменение масштаба для планировок квартир\09_outputs\_full_wip\20260727_full_mkd2\Корпус 2.1\х170_POZD_WEB_K2-1_s5_et3,5_3.png","D:\AI\AITRASH\workspaces\project - Изменение масштаба для планировок квартир\09_outputs\_diagnostics\full_20260727_full_mkd2\details\133_POZD_WEB_K2-1_s5_et3,5_3_attempt1.json","D:\AI\AITRASH\workspaces\project - Изменение масштаба для планировок квартир\09_outputs\_diagnostics\full_20260727_full_mkd2\verify_details\133_POZD_WEB_K2-1_s5_et3,5_3_verify_attempt2.json","Независимая проверка AI/PNG/SHA-256 пройдена."
"127_151_20260727_171611","134","OK","Корпус 2.1/POZD_WEB_K2-1_s5_et3,5_4.ai","170","OK","true","1","1200","1200","600","600","true","1209","0","2444","2444","10","10","true","true","true","true","true","True","1200","1200","True","838825","601175","True","True","True","True","True","D:\AI\AITRASH\workspaces\project - Изменение масштаба для планировок квартир\09_outputs\_full_wip\20260727_full_mkd2\Корпус 2.1\х170_POZD_WEB_K2-1_s5_et3,5_4.ai","D:\AI\AITRASH\workspaces\project - Изменение масштаба для планировок квартир\09_outputs\_full_wip\20260727_full_mkd2\Корпус 2.1\х170_POZD_WEB_K2-1_s5_et3,5_4.png","D:\AI\AITRASH\workspaces\project - Изменение масштаба для планировок квартир\09_outputs\_diagnostics\full_20260727_full_mkd2\details\134_POZD_WEB_K2-1_s5_et3,5_4_attempt1.json","D:\AI\AITRASH\workspaces\project - Изменение масштаба для планировок квартир\09_outputs\_diagnostics\full_20260727_full_mkd2\verify_details\134_POZD_WEB_K2-1_s5_et3,5_4_verify_attempt2.json","Независимая проверка AI/PNG/SHA-256 пройдена."
"127_151_20260727_171611","135","OK","Корпус 2.1/POZD_WEB_K2-1_s5_et3,5_5.ai","200","OK","true","1","1200","1200","600","600","true","874","0","1778","1778","10","10","true","true","true","true","true","True","1200","1200","True","838508","601492","True","True","True","True","True","D:\AI\AITRASH\workspaces\project - Изменение масштаба для планировок квартир\09_outputs\_full_wip\20260727_full_mkd2\Корпус 2.1\х200_POZD_WEB_K2-1_s5_et3,5_5.ai","D:\AI\AITRASH\workspaces\project - Изменение масштаба для планировок квартир\09_outputs\_full_wip\20260727_full_mkd2\Корпус 2.1\х200_POZD_WEB_K2-1_s5_et3,5_5.png","D:\AI\AITRASH\workspaces\project - Изменение масштаба для планировок квартир\09_outputs\_diagnostics\full_20260727_full_mkd2\details\135_POZD_WEB_K2-1_s5_et3,5_5_attempt1.json","D:\AI\AITRASH\workspaces\project - Изменение масштаба для планировок квартир\09_outputs\_diagnostics\full_20260727_full_mkd2\verify_details\135_POZD_WEB_K2-1_s5_et3,5_5_verify_attempt2.json","Независимая проверка AI/PNG/SHA-256 пройдена."
"127_151_20260727_171611","136","OK","Корпус 2.1/POZD_WEB_K2-1_s5_et3,5_7.ai","170","OK","true","1","1200","1200","600","600","true","1246","0","2515","2515","10","10","true","true","true","true","true","True","1200","1200","True","817170","622830","True","True","True","True","True","D:\AI\AITRASH\workspaces\project - Изменение масштаба для планировок квартир\09_outputs\_full_wip\20260727_full_mkd2\Корпус 2.1\х170_POZD_WEB_K2-1_s5_et3,5_7.ai","D:\AI\AITRASH\workspaces\project - Изменение масштаба для планировок квартир\09_outputs\_full_wip\20260727_full_mkd2\Корпус 2.1\х170_POZD_WEB_K2-1_s5_et3,5_7.png","D:\AI\AITRASH\workspaces\project - Изменение масштаба для планировок квартир\09_outputs\_diagnostics\full_20260727_full_mkd2\details\136_POZD_WEB_K2-1_s5_et3,5_7_attempt1.json","D:\AI\AITRASH\workspaces\project - Изменение масштаба для планировок квартир\09_outputs\_diagnostics\full_20260727_full_mkd2\verify_details\136_POZD_WEB_K2-1_s5_et3,5_7_verify_attempt2.json","Независимая проверка AI/PNG/SHA-256 пройдена."
"127_151_20260727_171611","137","OK","Корпус 2.1/POZD_WEB_K2-1_s5_et3,5_8.ai","170","OK","true","1","1200","1200","600","600","true","1191","0","2412","2412","10","10","true","true","true","true","true","True","1200","1200","True","821339","618661","True","True","True","True","True","D:\AI\AITRASH\workspaces\project - Изменение масштаба для планировок квартир\09_outputs\_full_wip\20260727_full_mkd2\Корпус 2.1\х170_POZD_WEB_K2-1_s5_et3,5_8.ai","D:\AI\AITRASH\workspaces\project - Изменение масштаба для планировок квартир\09_outputs\_full_wip\20260727_full_mkd2\Корпус 2.1\х170_POZD_WEB_K2-1_s5_et3,5_8.png","D:\AI\AITRASH\workspaces\project - Изменение масштаба для планировок квартир\09_outputs\_diagnostics\full_20260727_full_mkd2\details\137_POZD_WEB_K2-1_s5_et3,5_8_attempt1.json","D:\AI\AITRASH\workspaces\project - Изменение масштаба для планировок квартир\09_outputs\_diagnostics\full_20260727_full_mkd2\verify_details\137_POZD_WEB_K2-1_s5_et3,5_8_verify_attempt2.json","Независимая проверка AI/PNG/SHA-256 пройдена."
"127_151_20260727_171611","138","OK","Корпус 2.1/POZD_WEB_K2-1_s5_et3,5_9.ai","170","OK","true","1","1200","1200","600","600","true","1240","0","2509","2509","10","10","true","true","true","true","true","True","1200","1200","True","798801","641199","True","True","True","True","True","D:\AI\AITRASH\workspaces\project - Изменение масштаба для планировок квартир\09_outputs\_full_wip\20260727_full_mkd2\Корпус 2.1\х170_POZD_WEB_K2-1_s5_et3,5_9.ai","D:\AI\AITRASH\workspaces\project - Изменение масштаба для планировок квартир\09_outputs\_full_wip\20260727_full_mkd2\Корпус 2.1\х170_POZD_WEB_K2-1_s5_et3,5_9.png","D:\AI\AITRASH\workspaces\project - Изменение масштаба для планировок квартир\09_outputs\_diagnostics\full_20260727_full_mkd2\details\138_POZD_WEB_K2-1_s5_et3,5_9_attempt1.json","D:\AI\AITRASH\workspaces\project - Изменение масштаба для планировок квартир\09_outputs\_diagnostics\full_20260727_full_mkd2\verify_details\138_POZD_WEB_K2-1_s5_et3,5_9_verify_attempt2.json","Независимая проверка AI/PNG/SHA-256 пройдена."
"127_151_20260727_171611","139","OK","Корпус 2.1/POZD_WEB_K2-1_s5_et3_6.ai","170","OK","true","1","1200","1200","600","600","true","1230","0","2494","2494","15","15","true","true","true","true","true","True","1200","1200","True","816149","623851","True","True","True","True","True","D:\AI\AITRASH\workspaces\project - Изменение масштаба для планировок квартир\09_outputs\_full_wip\20260727_full_mkd2\Корпус 2.1\х170_POZD_WEB_K2-1_s5_et3_6.ai","D:\AI\AITRASH\workspaces\project - Изменение масштаба для планировок квартир\09_outputs\_full_wip\20260727_full_mkd2\Корпус 2.1\х170_POZD_WEB_K2-1_s5_et3_6.png","D:\AI\AITRASH\workspaces\project - Изменение масштаба для планировок квартир\09_outputs\_diagnostics\full_20260727_full_mkd2\details\139_POZD_WEB_K2-1_s5_et3_6_attempt1.json","D:\AI\AITRASH\workspaces\project - Изменение масштаба для планировок квартир\09_outputs\_diagnostics\full_20260727_full_mkd2\verify_details\139_POZD_WEB_K2-1_s5_et3_6_verify_attempt2.json","Независимая проверка AI/PNG/SHA-256 пройдена."
"127_151_20260727_171611","140","OK","Корпус 2.1/POZD_WEB_K2-1_s5_et4_1.ai","170","OK","true","1","1200","1200","600","600","true","1220","0","2478","2478","11","11","true","true","true","true","true","True","1200","1200","True","857409","582591","True","True","True","True","True","D:\AI\AITRASH\workspaces\project - Изменение масштаба для планировок квартир\09_outputs\_full_wip\20260727_full_mkd2\Корпус 2.1\х170_POZD_WEB_K2-1_s5_et4_1.ai","D:\AI\AITRASH\workspaces\project - Изменение масштаба для планировок квартир\09_outputs\_full_wip\20260727_full_mkd2\Корпус 2.1\х170_POZD_WEB_K2-1_s5_et4_1.png","D:\AI\AITRASH\workspaces\project - Изменение масштаба для планировок квартир\09_outputs\_diagnostics\full_20260727_full_mkd2\details\140_POZD_WEB_K2-1_s5_et4_1_attempt1.json","D:\AI\AITRASH\workspaces\project - Изменение масштаба для планировок квартир\09_outputs\_diagnostics\full_20260727_full_mkd2\verify_details\140_POZD_WEB_K2-1_s5_et4_1_verify_attempt2.json","Независимая проверка AI/PNG/SHA-256 пройдена."
"127_151_20260727_171611","141","OK","Корпус 2.1/POZD_WEB_K2-1_s5_et4_10.ai","170","OK","true","1","1200","1200","600","600","true","1195","0","2428","2428","13","13","true","true","true","true","true","True","1200","1200","True","783047","656953","True","True","True","True","True","D:\AI\AITRASH\workspaces\project - Изменение масштаба для планировок квартир\09_outputs\_full_wip\20260727_full_mkd2\Корпус 2.1\х170_POZD_WEB_K2-1_s5_et4_10.ai","D:\AI\AITRASH\workspaces\project - Изменение масштаба для планировок квартир\09_outputs\_full_wip\20260727_full_mkd2\Корпус 2.1\х170_POZD_WEB_K2-1_s5_et4_10.png","D:\AI\AITRASH\workspaces\project - Изменение масштаба для планировок квартир\09_outputs\_diagnostics\full_20260727_full_mkd2\details\141_POZD_WEB_K2-1_s5_et4_10_attempt1.json","D:\AI\AITRASH\workspaces\project - Изменение масштаба для планировок квартир\09_outputs\_diagnostics\full_20260727_full_mkd2\verify_details\141_POZD_WEB_K2-1_s5_et4_10_verify_attempt2.json","Независимая проверка AI/PNG/SHA-256 пройдена."
"127_151_20260727_171611","142","OK","Корпус 2.1/POZD_WEB_K2-1_s5_et4_11.ai","170","OK","true","1","1200","1200","600","600","true","1129","0","2284","2284","10","10","true","true","true","true","true","True","1200","1200","True","840278","599722","True","True","True","True","True","D:\AI\AITRASH\workspaces\project - Изменение масштаба для планировок квартир\09_outputs\_full_wip\20260727_full_mkd2\Корпус 2.1\х170_POZD_WEB_K2-1_s5_et4_11.ai","D:\AI\AITRASH\workspaces\project - Изменение масштаба для планировок квартир\09_outputs\_full_wip\20260727_full_mkd2\Корпус 2.1\х170_POZD_WEB_K2-1_s5_et4_11.png","D:\AI\AITRASH\workspaces\project - Изменение масштаба для планировок квартир\09_outputs\_diagnostics\full_20260727_full_mkd2\details\142_POZD_WEB_K2-1_s5_et4_11_attempt1.json","D:\AI\AITRASH\workspaces\project - Изменение масштаба для планировок квартир\09_outputs\_diagnostics\full_20260727_full_mkd2\verify_details\142_POZD_WEB_K2-1_s5_et4_11_verify_attempt2.json","Независимая проверка AI/PNG/SHA-256 пройдена."
"127_151_20260727_171611","143","OK","Корпус 2.1/POZD_WEB_K2-1_s5_et4_2.ai","170","OK","true","1","1200","1200","600","600","true","1363","0","2758","2758","13","13","true","true","true","true","true","True","1200","1200","True","772989","667011","True","True","True","True","True","D:\AI\AITRASH\workspaces\project - Изменение масштаба для планировок квартир\09_outputs\_full_wip\20260727_full_mkd2\Корпус 2.1\х170_POZD_WEB_K2-1_s5_et4_2.ai","D:\AI\AITRASH\workspaces\project - Изменение масштаба для планировок квартир\09_outputs\_full_wip\20260727_full_mkd2\Корпус 2.1\х170_POZD_WEB_K2-1_s5_et4_2.png","D:\AI\AITRASH\workspaces\project - Изменение масштаба для планировок квартир\09_outputs\_diagnostics\full_20260727_full_mkd2\details\143_POZD_WEB_K2-1_s5_et4_2_attempt1.json","D:\AI\AITRASH\workspaces\project - Изменение масштаба для планировок квартир\09_outputs\_diagnostics\full_20260727_full_mkd2\verify_details\143_POZD_WEB_K2-1_s5_et4_2_verify_attempt2.json","Независимая проверка AI/PNG/SHA-256 пройдена."
"127_151_20260727_171611","144","OK","Корпус 2.1/POZD_WEB_K2-1_s5_et4_4.ai","170","OK","true","1","1200","1200","600","600","true","1239","0","2508","2508","13","13","true","true","true","true","true","True","1200","1200","True","826643","613357","True","True","True","True","True","D:\AI\AITRASH\workspaces\project - Изменение масштаба для планировок квартир\09_outputs\_full_wip\20260727_full_mkd2\Корпус 2.1\х170_POZD_WEB_K2-1_s5_et4_4.ai","D:\AI\AITRASH\workspaces\project - Изменение масштаба для планировок квартир\09_outputs\_full_wip\20260727_full_mkd2\Корпус 2.1\х170_POZD_WEB_K2-1_s5_et4_4.png","D:\AI\AITRASH\workspaces\project - Изменение масштаба для планировок квартир\09_outputs\_diagnostics\full_20260727_full_mkd2\details\144_POZD_WEB_K2-1_s5_et4_4_attempt1.json","D:\AI\AITRASH\workspaces\project - Изменение масштаба для планировок квартир\09_outputs\_diagnostics\full_20260727_full_mkd2\verify_details\144_POZD_WEB_K2-1_s5_et4_4_verify_attempt2.json","Независимая проверка AI/PNG/SHA-256 пройдена."
"127_151_20260727_171611","145","OK","Корпус 2.1/POZD_WEB_K2-1_s5_et4_5.ai","200","OK","true","1","1200","1200","600","600","true","901","0","1836","1836","13","13","true","true","true","true","true","True","1200","1200","True","818111","621889","True","True","True","True","True","D:\AI\AITRASH\workspaces\project - Изменение масштаба для планировок квартир\09_outputs\_full_wip\20260727_full_mkd2\Корпус 2.1\х200_POZD_WEB_K2-1_s5_et4_5.ai","D:\AI\AITRASH\workspaces\project - Изменение масштаба для планировок квартир\09_outputs\_full_wip\20260727_full_mkd2\Корпус 2.1\х200_POZD_WEB_K2-1_s5_et4_5.png","D:\AI\AITRASH\workspaces\project - Изменение масштаба для планировок квартир\09_outputs\_diagnostics\full_20260727_full_mkd2\details\145_POZD_WEB_K2-1_s5_et4_5_attempt1.json","D:\AI\AITRASH\workspaces\project - Изменение масштаба для планировок квартир\09_outputs\_diagnostics\full_20260727_full_mkd2\verify_details\145_POZD_WEB_K2-1_s5_et4_5_verify_attempt2.json","Независимая проверка AI/PNG/SHA-256 пройдена."
"127_151_20260727_171611","146","OK","Корпус 2.1/POZD_WEB_K2-1_s5_et4_7.ai","170","OK","true","1","1200","1200","600","600","true","1273","0","2573","2573","13","13","true","true","true","true","true","True","1200","1200","True","805764","634236","True","True","True","True","True","D:\AI\AITRASH\workspaces\project - Изменение масштаба для планировок квартир\09_outputs\_full_wip\20260727_full_mkd2\Корпус 2.1\х170_POZD_WEB_K2-1_s5_et4_7.ai","D:\AI\AITRASH\workspaces\project - Изменение масштаба для планировок квартир\09_outputs\_full_wip\20260727_full_mkd2\Корпус 2.1\х170_POZD_WEB_K2-1_s5_et4_7.png","D:\AI\AITRASH\workspaces\project - Изменение масштаба для планировок квартир\09_outputs\_diagnostics\full_20260727_full_mkd2\details\146_POZD_WEB_K2-1_s5_et4_7_attempt1.json","D:\AI\AITRASH\workspaces\project - Изменение масштаба для планировок квартир\09_outputs\_diagnostics\full_20260727_full_mkd2\verify_details\146_POZD_WEB_K2-1_s5_et4_7_verify_attempt2.json","Независимая проверка AI/PNG/SHA-256 пройдена."
"127_151_20260727_171611","147","OK","Корпус 2.1/POZD_WEB_K2-1_s5_et4_8.ai","170","OK","true","1","1200","1200","600","600","true","1218","0","2470","2470","13","13","true","true","true","true","true","True","1200","1200","True","807467","632533","True","True","True","True","True","D:\AI\AITRASH\workspaces\project - Изменение масштаба для планировок квартир\09_outputs\_full_wip\20260727_full_mkd2\Корпус 2.1\х170_POZD_WEB_K2-1_s5_et4_8.ai","D:\AI\AITRASH\workspaces\project - Изменение масштаба для планировок квартир\09_outputs\_full_wip\20260727_full_mkd2\Корпус 2.1\х170_POZD_WEB_K2-1_s5_et4_8.png","D:\AI\AITRASH\workspaces\project - Изменение масштаба для планировок квартир\09_outputs\_diagnostics\full_20260727_full_mkd2\details\147_POZD_WEB_K2-1_s5_et4_8_attempt1.json","D:\AI\AITRASH\workspaces\project - Изменение масштаба для планировок квартир\09_outputs\_diagnostics\full_20260727_full_mkd2\verify_details\147_POZD_WEB_K2-1_s5_et4_8_verify_attempt2.json","Независимая проверка AI/PNG/SHA-256 пройдена."
"127_151_20260727_171611","148","OK","Корпус 2.1/POZD_WEB_K2-1_s5_et4_9.ai","170","OK","true","1","1200","1200","600","600","true","1237","0","2503","2503","10","10","true","true","true","true","true","True","1200","1200","True","798786","641214","True","True","True","True","True","D:\AI\AITRASH\workspaces\project - Изменение масштаба для планировок квартир\09_outputs\_full_wip\20260727_full_mkd2\Корпус 2.1\х170_POZD_WEB_K2-1_s5_et4_9.ai","D:\AI\AITRASH\workspaces\project - Изменение масштаба для планировок квартир\09_outputs\_full_wip\20260727_full_mkd2\Корпус 2.1\х170_POZD_WEB_K2-1_s5_et4_9.png","D:\AI\AITRASH\workspaces\project - Изменение масштаба для планировок квартир\09_outputs\_diagnostics\full_20260727_full_mkd2\details\148_POZD_WEB_K2-1_s5_et4_9_attempt1.json","D:\AI\AITRASH\workspaces\project - Изменение масштаба для планировок квартир\09_outputs\_diagnostics\full_20260727_full_mkd2\verify_details\148_POZD_WEB_K2-1_s5_et4_9_verify_attempt2.json","Независимая проверка AI/PNG/SHA-256 пройдена."
"127_151_20260727_171611","149","OK","Корпус 2.1/POZD_WEB_K2-1_s5_et5_6.ai","200","OK","true","1","1200","1200","600","600","true","1145","0","2318","2318","10","10","true","true","true","true","true","True","1200","1200","True","631383","808617","True","True","True","True","True","D:\AI\AITRASH\workspaces\project - Изменение масштаба для планировок квартир\09_outputs\_full_wip\20260727_full_mkd2\Корпус 2.1\х200_POZD_WEB_K2-1_s5_et5_6.ai","D:\AI\AITRASH\workspaces\project - Изменение масштаба для планировок квартир\09_outputs\_full_wip\20260727_full_mkd2\Корпус 2.1\х200_POZD_WEB_K2-1_s5_et5_6.png","D:\AI\AITRASH\workspaces\project - Изменение масштаба для планировок квартир\09_outputs\_diagnostics\full_20260727_full_mkd2\details\149_POZD_WEB_K2-1_s5_et5_6_attempt1.json","D:\AI\AITRASH\workspaces\project - Изменение масштаба для планировок квартир\09_outputs\_diagnostics\full_20260727_full_mkd2\verify_details\149_POZD_WEB_K2-1_s5_et5_6_verify_attempt2.json","Независимая проверка AI/PNG/SHA-256 пройдена."
"127_151_20260727_171611","150","OK","Корпус 2.1/POZD_WEB_K2-1_s5_et6_1.ai","170","OK","true","1","1200","1200","600","600","true","1256","0","2554","2554","14","14","true","true","true","true","true","True","1200","1200","True","845342","594658","True","True","True","True","True","D:\AI\AITRASH\workspaces\project - Изменение масштаба для планировок квартир\09_outputs\_full_wip\20260727_full_mkd2\Корпус 2.1\х170_POZD_WEB_K2-1_s5_et6_1.ai","D:\AI\AITRASH\workspaces\project - Изменение масштаба для планировок квартир\09_outputs\_full_wip\20260727_full_mkd2\Корпус 2.1\х170_POZD_WEB_K2-1_s5_et6_1.png","D:\AI\AITRASH\workspaces\project - Изменение масштаба для планировок квартир\09_outputs\_diagnostics\full_20260727_full_mkd2\details\150_POZD_WEB_K2-1_s5_et6_1_attempt1.json","D:\AI\AITRASH\workspaces\project - Изменение масштаба для планировок квартир\09_outputs\_diagnostics\full_20260727_full_mkd2\verify_details\150_POZD_WEB_K2-1_s5_et6_1_verify_attempt2.json","Независимая проверка AI/PNG/SHA-256 пройдена."
"127_151_20260727_171611","151","OK","Корпус 2.1/POZD_WEB_K2-1_s5_et6_2.ai","170","OK","true","1","1200","1200","600","600","true","1324","0","2676","2676","14","14","true","true","true","true","true","True","1200","1200","True","773496","666504","True","True","True","True","True","D:\AI\AITRASH\workspaces\project - Изменение масштаба для планировок квартир\09_outputs\_full_wip\20260727_full_mkd2\Корпус 2.1\х170_POZD_WEB_K2-1_s5_et6_2.ai","D:\AI\AITRASH\workspaces\project - Изменение масштаба для планировок квартир\09_outputs\_full_wip\20260727_full_mkd2\Корпус 2.1\х170_POZD_WEB_K2-1_s5_et6_2.png","D:\AI\AITRASH\workspaces\project - Изменение масштаба для планировок квартир\09_outputs\_diagnostics\full_20260727_full_mkd2\details\151_POZD_WEB_K2-1_s5_et6_2_attempt1.json","D:\AI\AITRASH\workspaces\project - Изменение масштаба для планировок квартир\09_outputs\_diagnostics\full_20260727_full_mkd2\verify_details\151_POZD_WEB_K2-1_s5_et6_2_verify_attempt2.json","Независимая проверка AI/PNG/SHA-256 пройдена."
"128_132_20260727_132647","128","OK","Корпус 2.1/POZD_WEB_K2-1_s5_et2_9.ai","170","OK","true","1","1200","1200","600","600","true","1271","0","2577","2577","14","14","true","true","true","true","true","True","1200","1200","True","784700","655300","True","True","True","True","True","D:\AI\AITRASH\workspaces\project - Изменение масштаба для планировок квартир\09_outputs\_full_wip\20260727_full_mkd2\Корпус 2.1\х170_POZD_WEB_K2-1_s5_et2_9.ai","D:\AI\AITRASH\workspaces\project - Изменение масштаба для планировок квартир\09_outputs\_full_wip\20260727_full_mkd2\Корпус 2.1\х170_POZD_WEB_K2-1_s5_et2_9.png","D:\AI\AITRASH\workspaces\project - Изменение масштаба для планировок квартир\09_outputs\_diagnostics\full_20260727_full_mkd2\details\128_POZD_WEB_K2-1_s5_et2_9_attempt1.json","D:\AI\AITRASH\workspaces\project - Изменение масштаба для планировок квартир\09_outputs\_diagnostics\full_20260727_full_mkd2\verify_details\128_POZD_WEB_K2-1_s5_et2_9_verify_attempt1.json","Независимая проверка AI/PNG/SHA-256 пройдена."
"128_132_20260727_132647","129","OK","Корпус 2.1/POZD_WEB_K2-1_s5_et3,5_1.ai","170","OK","true","1","1200","1200","600","600","true","1214","0","2465","2465","11","11","true","true","true","true","true","True","1200","1200","True","859977","580023","True","True","True","True","True","D:\AI\AITRASH\workspaces\project - Изменение масштаба для планировок квартир\09_outputs\_full_wip\20260727_full_mkd2\Корпус 2.1\х170_POZD_WEB_K2-1_s5_et3,5_1.ai","D:\AI\AITRASH\workspaces\project - Изменение масштаба для планировок квартир\09_outputs\_full_wip\20260727_full_mkd2\Корпус 2.1\х170_POZD_WEB_K2-1_s5_et3,5_1.png","D:\AI\AITRASH\workspaces\project - Изменение масштаба для планировок квартир\09_outputs\_diagnostics\full_20260727_full_mkd2\details\129_POZD_WEB_K2-1_s5_et3,5_1_attempt1.json","D:\AI\AITRASH\workspaces\project - Изменение масштаба для планировок квартир\09_outputs\_diagnostics\full_20260727_full_mkd2\verify_details\129_POZD_WEB_K2-1_s5_et3,5_1_verify_attempt1.json","Независимая проверка AI/PNG/SHA-256 пройдена."
"128_132_20260727_132647","130","OK","Корпус 2.1/POZD_WEB_K2-1_s5_et3,5_10.ai","170","OK","true","1","1200","1200","600","600","true","1169","0","2367","2367","10","10","true","true","true","true","true","True","1200","1200","True","809445","630555","True","True","True","True","True","D:\AI\AITRASH\workspaces\project - Изменение масштаба для планировок квартир\09_outputs\_full_wip\20260727_full_mkd2\Корпус 2.1\х170_POZD_WEB_K2-1_s5_et3,5_10.ai","D:\AI\AITRASH\workspaces\project - Изменение масштаба для планировок квартир\09_outputs\_full_wip\20260727_full_mkd2\Корпус 2.1\х170_POZD_WEB_K2-1_s5_et3,5_10.png","D:\AI\AITRASH\workspaces\project - Изменение масштаба для планировок квартир\09_outputs\_diagnostics\full_20260727_full_mkd2\details\130_POZD_WEB_K2-1_s5_et3,5_10_attempt1.json","D:\AI\AITRASH\workspaces\project - Изменение масштаба для планировок квартир\09_outputs\_diagnostics\full_20260727_full_mkd2\verify_details\130_POZD_WEB_K2-1_s5_et3,5_10_verify_attempt1.json","Независимая проверка AI/PNG/SHA-256 пройдена."
"128_132_20260727_132647","131","OK","Корпус 2.1/POZD_WEB_K2-1_s5_et3,5_11.ai","170","OK","true","1","1200","1200","600","600","true","1128","0","2282","2282","10","10","true","true","true","true","true","True","1200","1200","True","840278","599722","True","True","True","True","True","D:\AI\AITRASH\workspaces\project - Изменение масштаба для планировок квартир\09_outputs\_full_wip\20260727_full_mkd2\Корпус 2.1\х170_POZD_WEB_K2-1_s5_et3,5_11.ai","D:\AI\AITRASH\workspaces\project - Изменение масштаба для планировок квартир\09_outputs\_full_wip\20260727_full_mkd2\Корпус 2.1\х170_POZD_WEB_K2-1_s5_et3,5_11.png","D:\AI\AITRASH\workspaces\project - Изменение масштаба для планировок квартир\09_outputs\_diagnostics\full_20260727_full_mkd2\details\131_POZD_WEB_K2-1_s5_et3,5_11_attempt1.json","D:\AI\AITRASH\workspaces\project - Изменение масштаба для планировок квартир\09_outputs\_diagnostics\full_20260727_full_mkd2\verify_details\131_POZD_WEB_K2-1_s5_et3,5_11_verify_attempt1.json","Независимая проверка AI/PNG/SHA-256 пройдена."
"128_132_20260727_132647","132","OK","Корпус 2.1/POZD_WEB_K2-1_s5_et3,5_2.ai","170","OK","true","1","1200","1200","600","600","true","1349","0","2726","2726","10","10","true","true","true","true","true","True","1200","1200","True","784002","655998","True","True","True","True","True","D:\AI\AITRASH\workspaces\project - Изменение масштаба для планировок квартир\09_outputs\_full_wip\20260727_full_mkd2\Корпус 2.1\х170_POZD_WEB_K2-1_s5_et3,5_2.ai","D:\AI\AITRASH\workspaces\project - Изменение масштаба для планировок квартир\09_outputs\_full_wip\20260727_full_mkd2\Корпус 2.1\х170_POZD_WEB_K2-1_s5_et3,5_2.png","D:\AI\AITRASH\workspaces\project - Изменение масштаба для планировок квартир\09_outputs\_diagnostics\full_20260727_full_mkd2\details\132_POZD_WEB_K2-1_s5_et3,5_2_attempt1.json","D:\AI\AITRASH\workspaces\project - Изменение масштаба для планировок квартир\09_outputs\_diagnostics\full_20260727_full_mkd2\verify_details\132_POZD_WEB_K2-1_s5_et3,5_2_verify_attempt1.json","Независимая проверка AI/PNG/SHA-256 пройдена."
"133_137_20260727_132939","133","OK","Корпус 2.1/POZD_WEB_K2-1_s5_et3,5_3.ai","170","OK","true","1","1200","1200","600","600","true","1336","0","2699","2699","10","10","true","true","true","true","true","True","1200","1200","True","779708","660292","True","True","True","True","True","D:\AI\AITRASH\workspaces\project - Изменение масштаба для планировок квартир\09_outputs\_full_wip\20260727_full_mkd2\Корпус 2.1\х170_POZD_WEB_K2-1_s5_et3,5_3.ai","D:\AI\AITRASH\workspaces\project - Изменение масштаба для планировок квартир\09_outputs\_full_wip\20260727_full_mkd2\Корпус 2.1\х170_POZD_WEB_K2-1_s5_et3,5_3.png","D:\AI\AITRASH\workspaces\project - Изменение масштаба для планировок квартир\09_outputs\_diagnostics\full_20260727_full_mkd2\details\133_POZD_WEB_K2-1_s5_et3,5_3_attempt1.json","D:\AI\AITRASH\workspaces\project - Изменение масштаба для планировок квартир\09_outputs\_diagnostics\full_20260727_full_mkd2\verify_details\133_POZD_WEB_K2-1_s5_et3,5_3_verify_attempt1.json","Независимая проверка AI/PNG/SHA-256 пройдена."
"133_137_20260727_132939","134","OK","Корпус 2.1/POZD_WEB_K2-1_s5_et3,5_4.ai","170","OK","true","1","1200","1200","600","600","true","1209","0","2444","2444","10","10","true","true","true","true","true","True","1200","1200","True","838825","601175","True","True","True","True","True","D:\AI\AITRASH\workspaces\project - Изменение масштаба для планировок квартир\09_outputs\_full_wip\20260727_full_mkd2\Корпус 2.1\х170_POZD_WEB_K2-1_s5_et3,5_4.ai","D:\AI\AITRASH\workspaces\project - Изменение масштаба для планировок квартир\09_outputs\_full_wip\20260727_full_mkd2\Корпус 2.1\х170_POZD_WEB_K2-1_s5_et3,5_4.png","D:\AI\AITRASH\workspaces\project - Изменение масштаба для планировок квартир\09_outputs\_diagnostics\full_20260727_full_mkd2\details\134_POZD_WEB_K2-1_s5_et3,5_4_attempt1.json","D:\AI\AITRASH\workspaces\project - Изменение масштаба для планировок квартир\09_outputs\_diagnostics\full_20260727_full_mkd2\verify_details\134_POZD_WEB_K2-1_s5_et3,5_4_verify_attempt1.json","Независимая проверка AI/PNG/SHA-256 пройдена."
"133_137_20260727_132939","135","OK","Корпус 2.1/POZD_WEB_K2-1_s5_et3,5_5.ai","200","OK","true","1","1200","1200","600","600","true","874","0","1778","1778","10","10","true","true","true","true","true","True","1200","1200","True","838508","601492","True","True","True","True","True","D:\AI\AITRASH\workspaces\project - Изменение масштаба для планировок квартир\09_outputs\_full_wip\20260727_full_mkd2\Корпус 2.1\х200_POZD_WEB_K2-1_s5_et3,5_5.ai","D:\AI\AITRASH\workspaces\project - Изменение масштаба для планировок квартир\09_outputs\_full_wip\20260727_full_mkd2\Корпус 2.1\х200_POZD_WEB_K2-1_s5_et3,5_5.png","D:\AI\AITRASH\workspaces\project - Изменение масштаба для планировок квартир\09_outputs\_diagnostics\full_20260727_full_mkd2\details\135_POZD_WEB_K2-1_s5_et3,5_5_attempt1.json","D:\AI\AITRASH\workspaces\project - Изменение масштаба для планировок квартир\09_outputs\_diagnostics\full_20260727_full_mkd2\verify_details\135_POZD_WEB_K2-1_s5_et3,5_5_verify_attempt1.json","Независимая проверка AI/PNG/SHA-256 пройдена."
"133_137_20260727_132939","136","OK","Корпус 2.1/POZD_WEB_K2-1_s5_et3,5_7.ai","170","OK","true","1","1200","1200","600","600","true","1246","0","2515","2515","10","10","true","true","true","true","true","True","1200","1200","True","817170","622830","True","True","True","True","True","D:\AI\AITRASH\workspaces\project - Изменение масштаба для планировок квартир\09_outputs\_full_wip\20260727_full_mkd2\Корпус 2.1\х170_POZD_WEB_K2-1_s5_et3,5_7.ai","D:\AI\AITRASH\workspaces\project - Изменение масштаба для планировок квартир\09_outputs\_full_wip\20260727_full_mkd2\Корпус 2.1\х170_POZD_WEB_K2-1_s5_et3,5_7.png","D:\AI\AITRASH\workspaces\project - Изменение масштаба для планировок квартир\09_outputs\_diagnostics\full_20260727_full_mkd2\details\136_POZD_WEB_K2-1_s5_et3,5_7_attempt1.json","D:\AI\AITRASH\workspaces\project - Изменение масштаба для планировок квартир\09_outputs\_diagnostics\full_20260727_full_mkd2\verify_details\136_POZD_WEB_K2-1_s5_et3,5_7_verify_attempt1.json","Независимая проверка AI/PNG/SHA-256 пройдена."
"133_137_20260727_132939","137","OK","Корпус 2.1/POZD_WEB_K2-1_s5_et3,5_8.ai","170","OK","true","1","1200","1200","600","600","true","1191","0","2412","2412","10","10","true","true","true","true","true","True","1200","1200","True","821339","618661","True","True","True","True","True","D:\AI\AITRASH\workspaces\project - Изменение масштаба для планировок квартир\09_outputs\_full_wip\20260727_full_mkd2\Корпус 2.1\х170_POZD_WEB_K2-1_s5_et3,5_8.ai","D:\AI\AITRASH\workspaces\project - Изменение масштаба для планировок квартир\09_outputs\_full_wip\20260727_full_mkd2\Корпус 2.1\х170_POZD_WEB_K2-1_s5_et3,5_8.png","D:\AI\AITRASH\workspaces\project - Изменение масштаба для планировок квартир\09_outputs\_diagnostics\full_20260727_full_mkd2\details\137_POZD_WEB_K2-1_s5_et3,5_8_attempt1.json","D:\AI\AITRASH\workspaces\project - Изменение масштаба для планировок квартир\09_outputs\_diagnostics\full_20260727_full_mkd2\verify_details\137_POZD_WEB_K2-1_s5_et3,5_8_verify_attempt1.json","Независимая проверка AI/PNG/SHA-256 пройдена."
"138_142_20260727_133247","138","OK","Корпус 2.1/POZD_WEB_K2-1_s5_et3,5_9.ai","170","OK","true","1","1200","1200","600","600","true","1240","0","2509","2509","10","10","true","true","true","true","true","True","1200","1200","True","798801","641199","True","True","True","True","True","D:\AI\AITRASH\workspaces\project - Изменение масштаба для планировок квартир\09_outputs\_full_wip\20260727_full_mkd2\Корпус 2.1\х170_POZD_WEB_K2-1_s5_et3,5_9.ai","D:\AI\AITRASH\workspaces\project - Изменение масштаба для планировок квартир\09_outputs\_full_wip\20260727_full_mkd2\Корпус 2.1\х170_POZD_WEB_K2-1_s5_et3,5_9.png","D:\AI\AITRASH\workspaces\project - Изменение масштаба для планировок квартир\09_outputs\_diagnostics\full_20260727_full_mkd2\details\138_POZD_WEB_K2-1_s5_et3,5_9_attempt1.json","D:\AI\AITRASH\workspaces\project - Изменение масштаба для планировок квартир\09_outputs\_diagnostics\full_20260727_full_mkd2\verify_details\138_POZD_WEB_K2-1_s5_et3,5_9_verify_attempt1.json","Независимая проверка AI/PNG/SHA-256 пройдена."
"138_142_20260727_133247","139","OK","Корпус 2.1/POZD_WEB_K2-1_s5_et3_6.ai","170","OK","true","1","1200","1200","600","600","true","1230","0","2494","2494","15","15","true","true","true","true","true","True","1200","1200","True","816149","623851","True","True","True","True","True","D:\AI\AITRASH\workspaces\project - Изменение масштаба для планировок квартир\09_outputs\_full_wip\20260727_full_mkd2\Корпус 2.1\х170_POZD_WEB_K2-1_s5_et3_6.ai","D:\AI\AITRASH\workspaces\project - Изменение масштаба для планировок квартир\09_outputs\_full_wip\20260727_full_mkd2\Корпус 2.1\х170_POZD_WEB_K2-1_s5_et3_6.png","D:\AI\AITRASH\workspaces\project - Изменение масштаба для планировок квартир\09_outputs\_diagnostics\full_20260727_full_mkd2\details\139_POZD_WEB_K2-1_s5_et3_6_attempt1.json","D:\AI\AITRASH\workspaces\project - Изменение масштаба для планировок квартир\09_outputs\_diagnostics\full_20260727_full_mkd2\verify_details\139_POZD_WEB_K2-1_s5_et3_6_verify_attempt1.json","Независимая проверка AI/PNG/SHA-256 пройдена."
"138_142_20260727_133247","140","OK","Корпус 2.1/POZD_WEB_K2-1_s5_et4_1.ai","170","OK","true","1","1200","1200","600","600","true","1220","0","2478","2478","11","11","true","true","true","true","true","True","1200","1200","True","857409","582591","True","True","True","True","True","D:\AI\AITRASH\workspaces\project - Изменение масштаба для планировок квартир\09_outputs\_full_wip\20260727_full_mkd2\Корпус 2.1\х170_POZD_WEB_K2-1_s5_et4_1.ai","D:\AI\AITRASH\workspaces\project - Изменение масштаба для планировок квартир\09_outputs\_full_wip\20260727_full_mkd2\Корпус 2.1\х170_POZD_WEB_K2-1_s5_et4_1.png","D:\AI\AITRASH\workspaces\project - Изменение масштаба для планировок квартир\09_outputs\_diagnostics\full_20260727_full_mkd2\details\140_POZD_WEB_K2-1_s5_et4_1_attempt1.json","D:\AI\AITRASH\workspaces\project - Изменение масштаба для планировок квартир\09_outputs\_diagnostics\full_20260727_full_mkd2\verify_details\140_POZD_WEB_K2-1_s5_et4_1_verify_attempt1.json","Независимая проверка AI/PNG/SHA-256 пройдена."
"138_142_20260727_133247","141","OK","Корпус 2.1/POZD_WEB_K2-1_s5_et4_10.ai","170","OK","true","1","1200","1200","600","600","true","1195","0","2428","2428","13","13","true","true","true","true","true","True","1200","1200","True","783047","656953","True","True","True","True","True","D:\AI\AITRASH\workspaces\project - Изменение масштаба для планировок квартир\09_outputs\_full_wip\20260727_full_mkd2\Корпус 2.1\х170_POZD_WEB_K2-1_s5_et4_10.ai","D:\AI\AITRASH\workspaces\project - Изменение масштаба для планировок квартир\09_outputs\_full_wip\20260727_full_mkd2\Корпус 2.1\х170_POZD_WEB_K2-1_s5_et4_10.png","D:\AI\AITRASH\workspaces\project - Изменение масштаба для планировок квартир\09_outputs\_diagnostics\full_20260727_full_mkd2\details\141_POZD_WEB_K2-1_s5_et4_10_attempt1.json","D:\AI\AITRASH\workspaces\project - Изменение масштаба для планировок квартир\09_outputs\_diagnostics\full_20260727_full_mkd2\verify_details\141_POZD_WEB_K2-1_s5_et4_10_verify_attempt1.json","Независимая проверка AI/PNG/SHA-256 пройдена."
"138_142_20260727_133247","142","OK","Корпус 2.1/POZD_WEB_K2-1_s5_et4_11.ai","170","OK","true","1","1200","1200","600","600","true","1129","0","2284","2284","10","10","true","true","true","true","true","True","1200","1200","True","840278","599722","True","True","True","True","True","D:\AI\AITRASH\workspaces\project - Изменение масштаба для планировок квартир\09_outputs\_full_wip\20260727_full_mkd2\Корпус 2.1\х170_POZD_WEB_K2-1_s5_et4_11.ai","D:\AI\AITRASH\workspaces\project - Изменение масштаба для планировок квартир\09_outputs\_full_wip\20260727_full_mkd2\Корпус 2.1\х170_POZD_WEB_K2-1_s5_et4_11.png","D:\AI\AITRASH\workspaces\project - Изменение масштаба для планировок квартир\09_outputs\_diagnostics\full_20260727_full_mkd2\details\142_POZD_WEB_K2-1_s5_et4_11_attempt1.json","D:\AI\AITRASH\workspaces\project - Изменение масштаба для планировок квартир\09_outputs\_diagnostics\full_20260727_full_mkd2\verify_details\142_POZD_WEB_K2-1_s5_et4_11_verify_attempt1.json","Независимая проверка AI/PNG/SHA-256 пройдена."
"143_147_20260727_133606","143","OK","Корпус 2.1/POZD_WEB_K2-1_s5_et4_2.ai","170","OK","true","1","1200","1200","600","600","true","1363","0","2758","2758","13","13","true","true","true","true","true","True","1200","1200","True","772989","667011","True","True","True","True","True","D:\AI\AITRASH\workspaces\project - Изменение масштаба для планировок квартир\09_outputs\_full_wip\20260727_full_mkd2\Корпус 2.1\х170_POZD_WEB_K2-1_s5_et4_2.ai","D:\AI\AITRASH\workspaces\project - Изменение масштаба для планировок квартир\09_outputs\_full_wip\20260727_full_mkd2\Корпус 2.1\х170_POZD_WEB_K2-1_s5_et4_2.png","D:\AI\AITRASH\workspaces\project - Изменение масштаба для планировок квартир\09_outputs\_diagnostics\full_20260727_full_mkd2\details\143_POZD_WEB_K2-1_s5_et4_2_attempt1.json","D:\AI\AITRASH\workspaces\project - Изменение масштаба для планировок квартир\09_outputs\_diagnostics\full_20260727_full_mkd2\verify_details\143_POZD_WEB_K2-1_s5_et4_2_verify_attempt1.json","Независимая проверка AI/PNG/SHA-256 пройдена."
"143_147_20260727_133606","144","OK","Корпус 2.1/POZD_WEB_K2-1_s5_et4_4.ai","170","OK","true","1","1200","1200","600","600","true","1239","0","2508","2508","13","13","true","true","true","true","true","True","1200","1200","True","826643","613357","True","True","True","True","True","D:\AI\AITRASH\workspaces\project - Изменение масштаба для планировок квартир\09_outputs\_full_wip\20260727_full_mkd2\Корпус 2.1\х170_POZD_WEB_K2-1_s5_et4_4.ai","D:\AI\AITRASH\workspaces\project - Изменение масштаба для планировок квартир\09_outputs\_full_wip\20260727_full_mkd2\Корпус 2.1\х170_POZD_WEB_K2-1_s5_et4_4.png","D:\AI\AITRASH\workspaces\project - Изменение масштаба для планировок квартир\09_outputs\_diagnostics\full_20260727_full_mkd2\details\144_POZD_WEB_K2-1_s5_et4_4_attempt1.json","D:\AI\AITRASH\workspaces\project - Изменение масштаба для планировок квартир\09_outputs\_diagnostics\full_20260727_full_mkd2\verify_details\144_POZD_WEB_K2-1_s5_et4_4_verify_attempt1.json","Независимая проверка AI/PNG/SHA-256 пройдена."
"143_147_20260727_133606","145","OK","Корпус 2.1/POZD_WEB_K2-1_s5_et4_5.ai","200","OK","true","1","1200","1200","600","600","true","901","0","1836","1836","13","13","true","true","true","true","true","True","1200","1200","True","818111","621889","True","True","True","True","True","D:\AI\AITRASH\workspaces\project - Изменение масштаба для планировок квартир\09_outputs\_full_wip\20260727_full_mkd2\Корпус 2.1\х200_POZD_WEB_K2-1_s5_et4_5.ai","D:\AI\AITRASH\workspaces\project - Изменение масштаба для планировок квартир\09_outputs\_full_wip\20260727_full_mkd2\Корпус 2.1\х200_POZD_WEB_K2-1_s5_et4_5.png","D:\AI\AITRASH\workspaces\project - Изменение масштаба для планировок квартир\09_outputs\_diagnostics\full_20260727_full_mkd2\details\145_POZD_WEB_K2-1_s5_et4_5_attempt1.json","D:\AI\AITRASH\workspaces\project - Изменение масштаба для планировок квартир\09_outputs\_diagnostics\full_20260727_full_mkd2\verify_details\145_POZD_WEB_K2-1_s5_et4_5_verify_attempt1.json","Независимая проверка AI/PNG/SHA-256 пройдена."
"143_147_20260727_133606","146","OK","Корпус 2.1/POZD_WEB_K2-1_s5_et4_7.ai","170","OK","true","1","1200","1200","600","600","true","1273","0","2573","2573","13","13","true","true","true","true","true","True","1200","1200","True","805764","634236","True","True","True","True","True","D:\AI\AITRASH\workspaces\project - Изменение масштаба для планировок квартир\09_outputs\_full_wip\20260727_full_mkd2\Корпус 2.1\х170_POZD_WEB_K2-1_s5_et4_7.ai","D:\AI\AITRASH\workspaces\project - Изменение масштаба для планировок квартир\09_outputs\_full_wip\20260727_full_mkd2\Корпус 2.1\х170_POZD_WEB_K2-1_s5_et4_7.png","D:\AI\AITRASH\workspaces\project - Изменение масштаба для планировок квартир\09_outputs\_diagnostics\full_20260727_full_mkd2\details\146_POZD_WEB_K2-1_s5_et4_7_attempt1.json","D:\AI\AITRASH\workspaces\project - Изменение масштаба для планировок квартир\09_outputs\_diagnostics\full_20260727_full_mkd2\verify_details\146_POZD_WEB_K2-1_s5_et4_7_verify_attempt1.json","Независимая проверка AI/PNG/SHA-256 пройдена."
"143_147_20260727_133606","147","OK","Корпус 2.1/POZD_WEB_K2-1_s5_et4_8.ai","170","OK","true","1","1200","1200","600","600","true","1218","0","2470","2470","13","13","true","true","true","true","true","True","1200","1200","True","807467","632533","True","True","True","True","True","D:\AI\AITRASH\workspaces\project - Изменение масштаба для планировок квартир\09_outputs\_full_wip\20260727_full_mkd2\Корпус 2.1\х170_POZD_WEB_K2-1_s5_et4_8.ai","D:\AI\AITRASH\workspaces\project - Изменение масштаба для планировок квартир\09_outputs\_full_wip\20260727_full_mkd2\Корпус 2.1\х170_POZD_WEB_K2-1_s5_et4_8.png","D:\AI\AITRASH\workspaces\project - Изменение масштаба для планировок квартир\09_outputs\_diagnostics\full_20260727_full_mkd2\details\147_POZD_WEB_K2-1_s5_et4_8_attempt1.json","D:\AI\AITRASH\workspaces\project - Изменение масштаба для планировок квартир\09_outputs\_diagnostics\full_20260727_full_mkd2\verify_details\147_POZD_WEB_K2-1_s5_et4_8_verify_attempt1.json","Независимая проверка AI/PNG/SHA-256 пройдена."
"148_152_20260727_133923","148","OK","Корпус 2.1/POZD_WEB_K2-1_s5_et4_9.ai","170","OK","true","1","1200","1200","600","600","true","1237","0","2503","2503","10","10","true","true","true","true","true","True","1200","1200","True","798786","641214","True","True","True","True","True","D:\AI\AITRASH\workspaces\project - Изменение масштаба для планировок квартир\09_outputs\_full_wip\20260727_full_mkd2\Корпус 2.1\х170_POZD_WEB_K2-1_s5_et4_9.ai","D:\AI\AITRASH\workspaces\project - Изменение масштаба для планировок квартир\09_outputs\_full_wip\20260727_full_mkd2\Корпус 2.1\х170_POZD_WEB_K2-1_s5_et4_9.png","D:\AI\AITRASH\workspaces\project - Изменение масштаба для планировок квартир\09_outputs\_diagnostics\full_20260727_full_mkd2\details\148_POZD_WEB_K2-1_s5_et4_9_attempt1.json","D:\AI\AITRASH\workspaces\project - Изменение масштаба для планировок квартир\09_outputs\_diagnostics\full_20260727_full_mkd2\verify_details\148_POZD_WEB_K2-1_s5_et4_9_verify_attempt1.json","Независимая проверка AI/PNG/SHA-256 пройдена."
"148_152_20260727_133923","149","OK","Корпус 2.1/POZD_WEB_K2-1_s5_et5_6.ai","200","OK","true","1","1200","1200","600","600","true","1145","0","2318","2318","10","10","true","true","true","true","true","True","1200","1200","True","631383","808617","True","True","True","True","True","D:\AI\AITRASH\workspaces\project - Изменение масштаба для планировок квартир\09_outputs\_full_wip\20260727_full_mkd2\Корпус 2.1\х200_POZD_WEB_K2-1_s5_et5_6.ai","D:\AI\AITRASH\workspaces\project - Изменение масштаба для планировок квартир\09_outputs\_full_wip\20260727_full_mkd2\Корпус 2.1\х200_POZD_WEB_K2-1_s5_et5_6.png","D:\AI\AITRASH\workspaces\project - Изменение масштаба для планировок квартир\09_outputs\_diagnostics\full_20260727_full_mkd2\details\149_POZD_WEB_K2-1_s5_et5_6_attempt1.json","D:\AI\AITRASH\workspaces\project - Изменение масштаба для планировок квартир\09_outputs\_diagnostics\full_20260727_full_mkd2\verify_details\149_POZD_WEB_K2-1_s5_et5_6_verify_attempt1.json","Независимая проверка AI/PNG/SHA-256 пройдена."
"148_152_20260727_133923","150","OK","Корпус 2.1/POZD_WEB_K2-1_s5_et6_1.ai","170","OK","true","1","1200","1200","600","600","true","1256","0","2554","2554","14","14","true","true","true","true","true","True","1200","1200","True","845342","594658","True","True","True","True","True","D:\AI\AITRASH\workspaces\project - Изменение масштаба для планировок квартир\09_outputs\_full_wip\20260727_full_mkd2\Корпус 2.1\х170_POZD_WEB_K2-1_s5_et6_1.ai","D:\AI\AITRASH\workspaces\project - Изменение масштаба для планировок квартир\09_outputs\_full_wip\20260727_full_mkd2\Корпус 2.1\х170_POZD_WEB_K2-1_s5_et6_1.png","D:\AI\AITRASH\workspaces\project - Изменение масштаба для планировок квартир\09_outputs\_diagnostics\full_20260727_full_mkd2\details\150_POZD_WEB_K2-1_s5_et6_1_attempt1.json","D:\AI\AITRASH\workspaces\project - Изменение масштаба для планировок квартир\09_outputs\_diagnostics\full_20260727_full_mkd2\verify_details\150_POZD_WEB_K2-1_s5_et6_1_verify_attempt1.json","Независимая проверка AI/PNG/SHA-256 пройдена."
"148_152_20260727_133923","151","OK","Корпус 2.1/POZD_WEB_K2-1_s5_et6_2.ai","170","OK","true","1","1200","1200","600","600","true","1324","0","2676","2676","14","14","true","true","true","true","true","True","1200","1200","True","773496","666504","True","True","True","True","True","D:\AI\AITRASH\workspaces\project - Изменение масштаба для планировок квартир\09_outputs\_full_wip\20260727_full_mkd2\Корпус 2.1\х170_POZD_WEB_K2-1_s5_et6_2.ai","D:\AI\AITRASH\workspaces\project - Изменение масштаба для планировок квартир\09_outputs\_full_wip\20260727_full_mkd2\Корпус 2.1\х170_POZD_WEB_K2-1_s5_et6_2.png","D:\AI\AITRASH\workspaces\project - Изменение масштаба для планировок квартир\09_outputs\_diagnostics\full_20260727_full_mkd2\details\151_POZD_WEB_K2-1_s5_et6_2_attempt1.json","D:\AI\AITRASH\workspaces\project - Изменение масштаба для планировок квартир\09_outputs\_diagnostics\full_20260727_full_mkd2\verify_details\151_POZD_WEB_K2-1_s5_et6_2_verify_attempt1.json","Независимая проверка AI/PNG/SHA-256 пройдена."
"148_152_20260727_133923","152","OK","Корпус 2.1/POZD_WEB_K2-1_s5_et6_4.ai","170","OK","true","1","1200","1200","600","600","true","1291","0","2606","2606","14","14","true","true","true","true","true","True","1200","1200","True","824710","615290","True","True","True","True","True","D:\AI\AITRASH\workspaces\project - Изменение масштаба для планировок квартир\09_outputs\_full_wip\20260727_full_mkd2\Корпус 2.1\х170_POZD_WEB_K2-1_s5_et6_4.ai","D:\AI\AITRASH\workspaces\project - Изменение масштаба для планировок квартир\09_outputs\_full_wip\20260727_full_mkd2\Корпус 2.1\х170_POZD_WEB_K2-1_s5_et6_4.png","D:\AI\AITRASH\workspaces\project - Изменение масштаба для планировок квартир\09_outputs\_diagnostics\full_20260727_full_mkd2\details\152_POZD_WEB_K2-1_s5_et6_4_attempt1.json","D:\AI\AITRASH\workspaces\project - Изменение масштаба для планировок квартир\09_outputs\_diagnostics\full_20260727_full_mkd2\verify_details\152_POZD_WEB_K2-1_s5_et6_4_verify_attempt1.json","Независимая проверка AI/PNG/SHA-256 пройдена."
"153_157_20260727_134352","153","OK","Корпус 2.1/POZD_WEB_K2-1_s5_et6_5.ai","120","OK","true","1","1200","1200","600","600","true","2439","0","4920","4920","18","18","true","true","true","true","true","True","1200","1200","True","1050672","389328","True","True","True","True","True","D:\AI\AITRASH\workspaces\project - Изменение масштаба для планировок квартир\09_outputs\_full_wip\20260727_full_mkd2\Корпус 2.1\х120_POZD_WEB_K2-1_s5_et6_5.ai","D:\AI\AITRASH\workspaces\project - Изменение масштаба для планировок квартир\09_outputs\_full_wip\20260727_full_mkd2\Корпус 2.1\х120_POZD_WEB_K2-1_s5_et6_5.png","D:\AI\AITRASH\workspaces\project - Изменение масштаба для планировок квартир\09_outputs\_diagnostics\full_20260727_full_mkd2\details\153_POZD_WEB_K2-1_s5_et6_5_attempt1.json","D:\AI\AITRASH\workspaces\project - Изменение масштаба для планировок квартир\09_outputs\_diagnostics\full_20260727_full_mkd2\verify_details\153_POZD_WEB_K2-1_s5_et6_5_verify_attempt1.json","Независимая проверка AI/PNG/SHA-256 пройдена."
"153_157_20260727_134352","154","OK","Корпус 2.1/POZD_WEB_K2-1_s5_et6_6.ai","150","OK","true","1","1200","1200","600","600","true","2733","0","5522","5522","19","19","true","true","true","true","true","True","1200","1200","True","786219","653781","True","True","True","True","True","D:\AI\AITRASH\workspaces\project - Изменение масштаба для планировок квартир\09_outputs\_full_wip\20260727_full_mkd2\Корпус 2.1\х150_POZD_WEB_K2-1_s5_et6_6.ai","D:\AI\AITRASH\workspaces\project - Изменение масштаба для планировок квартир\09_outputs\_full_wip\20260727_full_mkd2\Корпус 2.1\х150_POZD_WEB_K2-1_s5_et6_6.png","D:\AI\AITRASH\workspaces\project - Изменение масштаба для планировок квартир\09_outputs\_diagnostics\full_20260727_full_mkd2\details\154_POZD_WEB_K2-1_s5_et6_6_attempt1.json","D:\AI\AITRASH\workspaces\project - Изменение масштаба для планировок квартир\09_outputs\_diagnostics\full_20260727_full_mkd2\verify_details\154_POZD_WEB_K2-1_s5_et6_6_verify_attempt1.json","Независимая проверка AI/PNG/SHA-256 пройдена."
"153_157_20260727_134352","155","OK","Корпус 2.1/POZD_WEB_K2-1_s5_et6_7.ai","170","OK","true","1","1200","1200","600","600","true","1196","0","2422","2422","10","10","true","true","true","true","true","True","1200","1200","True","818777","621223","True","True","True","True","True","D:\AI\AITRASH\workspaces\project - Изменение масштаба для планировок квартир\09_outputs\_full_wip\20260727_full_mkd2\Корпус 2.1\х170_POZD_WEB_K2-1_s5_et6_7.ai","D:\AI\AITRASH\workspaces\project - Изменение масштаба для планировок квартир\09_outputs\_full_wip\20260727_full_mkd2\Корпус 2.1\х170_POZD_WEB_K2-1_s5_et6_7.png","D:\AI\AITRASH\workspaces\project - Изменение масштаба для планировок квартир\09_outputs\_diagnostics\full_20260727_full_mkd2\details\155_POZD_WEB_K2-1_s5_et6_7_attempt1.json","D:\AI\AITRASH\workspaces\project - Изменение масштаба для планировок квартир\09_outputs\_diagnostics\full_20260727_full_mkd2\verify_details\155_POZD_WEB_K2-1_s5_et6_7_verify_attempt1.json","Независимая проверка AI/PNG/SHA-256 пройдена."
"153_157_20260727_134352","156","OK","Корпус 2.1/POZD_WEB_K2-1_s5_et6_9.ai","170","OK","true","1","1200","1200","600","600","true","1171","0","2370","2370","10","10","true","true","true","true","true","True","1200","1200","True","810520","629480","True","True","True","True","True","D:\AI\AITRASH\workspaces\project - Изменение масштаба для планировок квартир\09_outputs\_full_wip\20260727_full_mkd2\Корпус 2.1\х170_POZD_WEB_K2-1_s5_et6_9.ai","D:\AI\AITRASH\workspaces\project - Изменение масштаба для планировок квартир\09_outputs\_full_wip\20260727_full_mkd2\Корпус 2.1\х170_POZD_WEB_K2-1_s5_et6_9.png","D:\AI\AITRASH\workspaces\project - Изменение масштаба для планировок квартир\09_outputs\_diagnostics\full_20260727_full_mkd2\details\156_POZD_WEB_K2-1_s5_et6_9_attempt1.json","D:\AI\AITRASH\workspaces\project - Изменение масштаба для планировок квартир\09_outputs\_diagnostics\full_20260727_full_mkd2\verify_details\156_POZD_WEB_K2-1_s5_et6_9_verify_attempt1.json","Независимая проверка AI/PNG/SHA-256 пройдена."
"153_157_20260727_134352","157","OK","Корпус 2.2/POZD_WEB_K2-2_s6_et1_1.ai","170","OK","true","1","1200","1200","600","600","true","1060","0","2160","2160","10","10","true","true","true","true","true","True","1200","1200","True","848358","591642","True","True","True","True","True","D:\AI\AITRASH\workspaces\project - Изменение масштаба для планировок квартир\09_outputs\_full_wip\20260727_full_mkd2\Корпус 2.2\х170_POZD_WEB_K2-2_s6_et1_1.ai","D:\AI\AITRASH\workspaces\project - Изменение масштаба для планировок квартир\09_outputs\_full_wip\20260727_full_mkd2\Корпус 2.2\х170_POZD_WEB_K2-2_s6_et1_1.png","D:\AI\AITRASH\workspaces\project - Изменение масштаба для планировок квартир\09_outputs\_diagnostics\full_20260727_full_mkd2\details\157_POZD_WEB_K2-2_s6_et1_1_attempt1.json","D:\AI\AITRASH\workspaces\project - Изменение масштаба для планировок квартир\09_outputs\_diagnostics\full_20260727_full_mkd2\verify_details\157_POZD_WEB_K2-2_s6_et1_1_verify_attempt1.json","Независимая проверка AI/PNG/SHA-256 пройдена."
"158_162_20260727_134909","158","OK","Корпус 2.2/POZD_WEB_K2-2_s6_et1_2.ai","170","OK","true","1","1200","1200","600","600","true","1306","0","2643","2643","10","10","true","true","true","true","true","True","1200","1200","True","730889","709111","True","True","True","True","True","D:\AI\AITRASH\workspaces\project - Изменение масштаба для планировок квартир\09_outputs\_full_wip\20260727_full_mkd2\Корпус 2.2\х170_POZD_WEB_K2-2_s6_et1_2.ai","D:\AI\AITRASH\workspaces\project - Изменение масштаба для планировок квартир\09_outputs\_full_wip\20260727_full_mkd2\Корпус 2.2\х170_POZD_WEB_K2-2_s6_et1_2.png","D:\AI\AITRASH\workspaces\project - Изменение масштаба для планировок квартир\09_outputs\_diagnostics\full_20260727_full_mkd2\details\158_POZD_WEB_K2-2_s6_et1_2_attempt1.json","D:\AI\AITRASH\workspaces\project - Изменение масштаба для планировок квартир\09_outputs\_diagnostics\full_20260727_full_mkd2\verify_details\158_POZD_WEB_K2-2_s6_et1_2_verify_attempt1.json","Независимая проверка AI/PNG/SHA-256 пройдена."
"158_162_20260727_134909","159","OK","Корпус 2.2/POZD_WEB_K2-2_s6_et1_3.ai","170","OK","true","1","1200","1200","600","600","true","1178","0","2371","2371","10","10","true","true","true","true","true","True","1200","1200","True","837038","602962","True","True","True","True","True","D:\AI\AITRASH\workspaces\project - Изменение масштаба для планировок квартир\09_outputs\_full_wip\20260727_full_mkd2\Корпус 2.2\х170_POZD_WEB_K2-2_s6_et1_3.ai","D:\AI\AITRASH\workspaces\project - Изменение масштаба для планировок квартир\09_outputs\_full_wip\20260727_full_mkd2\Корпус 2.2\х170_POZD_WEB_K2-2_s6_et1_3.png","D:\AI\AITRASH\workspaces\project - Изменение масштаба для планировок квартир\09_outputs\_diagnostics\full_20260727_full_mkd2\details\159_POZD_WEB_K2-2_s6_et1_3_attempt1.json","D:\AI\AITRASH\workspaces\project - Изменение масштаба для планировок квартир\09_outputs\_diagnostics\full_20260727_full_mkd2\verify_details\159_POZD_WEB_K2-2_s6_et1_3_verify_attempt1.json","Независимая проверка AI/PNG/SHA-256 пройдена."
"158_162_20260727_134909","160","OK","Корпус 2.2/POZD_WEB_K2-2_s6_et1_4.ai","200","OK","true","1","1200","1200","600","600","true","888","0","1794","1794","10","10","true","true","true","true","true","True","1200","1200","True","880379","559621","True","True","True","True","True","D:\AI\AITRASH\workspaces\project - Изменение масштаба для планировок квартир\09_outputs\_full_wip\20260727_full_mkd2\Корпус 2.2\х200_POZD_WEB_K2-2_s6_et1_4.ai","D:\AI\AITRASH\workspaces\project - Изменение масштаба для планировок квартир\09_outputs\_full_wip\20260727_full_mkd2\Корпус 2.2\х200_POZD_WEB_K2-2_s6_et1_4.png","D:\AI\AITRASH\workspaces\project - Изменение масштаба для планировок квартир\09_outputs\_diagnostics\full_20260727_full_mkd2\details\160_POZD_WEB_K2-2_s6_et1_4_attempt1.json","D:\AI\AITRASH\workspaces\project - Изменение масштаба для планировок квартир\09_outputs\_diagnostics\full_20260727_full_mkd2\verify_details\160_POZD_WEB_K2-2_s6_et1_4_verify_attempt1.json","Независимая проверка AI/PNG/SHA-256 пройдена."
"158_162_20260727_134909","161","OK","Корпус 2.2/POZD_WEB_K2-2_s6_et1_5.ai","200","OK","true","1","1200","1200","600","600","true","785","0","1593","1593","10","10","true","true","true","true","true","True","1200","1200","True","969002","470998","True","True","True","True","True","D:\AI\AITRASH\workspaces\project - Изменение масштаба для планировок квартир\09_outputs\_full_wip\20260727_full_mkd2\Корпус 2.2\х200_POZD_WEB_K2-2_s6_et1_5.ai","D:\AI\AITRASH\workspaces\project - Изменение масштаба для планировок квартир\09_outputs\_full_wip\20260727_full_mkd2\Корпус 2.2\х200_POZD_WEB_K2-2_s6_et1_5.png","D:\AI\AITRASH\workspaces\project - Изменение масштаба для планировок квартир\09_outputs\_diagnostics\full_20260727_full_mkd2\details\161_POZD_WEB_K2-2_s6_et1_5_attempt1.json","D:\AI\AITRASH\workspaces\project - Изменение масштаба для планировок квартир\09_outputs\_diagnostics\full_20260727_full_mkd2\verify_details\161_POZD_WEB_K2-2_s6_et1_5_verify_attempt1.json","Независимая проверка AI/PNG/SHA-256 пройдена."
"158_162_20260727_134909","162","OK","Корпус 2.2/POZD_WEB_K2-2_s6_et1_6.ai","110","OK","true","1","1200","1200","600","600","true","4428","0","8960","8960","16","16","true","true","true","true","true","True","1200","1200","True","848274","591726","True","True","True","True","True","D:\AI\AITRASH\workspaces\project - Изменение масштаба для планировок квартир\09_outputs\_full_wip\20260727_full_mkd2\Корпус 2.2\х110_POZD_WEB_K2-2_s6_et1_6.ai","D:\AI\AITRASH\workspaces\project - Изменение масштаба для планировок квартир\09_outputs\_full_wip\20260727_full_mkd2\Корпус 2.2\х110_POZD_WEB_K2-2_s6_et1_6.png","D:\AI\AITRASH\workspaces\project - Изменение масштаба для планировок квартир\09_outputs\_diagnostics\full_20260727_full_mkd2\details\162_POZD_WEB_K2-2_s6_et1_6_attempt1.json","D:\AI\AITRASH\workspaces\project - Изменение масштаба для планировок квартир\09_outputs\_diagnostics\full_20260727_full_mkd2\verify_details\162_POZD_WEB_K2-2_s6_et1_6_verify_attempt1.json","Независимая проверка AI/PNG/SHA-256 пройдена."
"163_169_20260727_135259","163","OK","Корпус 2.2/POZD_WEB_K2-2_s6_et2,6_2.ai","170","OK","true","1","1200","1200","600","600","true","1328","0","2698","2698","10","10","true","true","true","true","true","True","1200","1200","True","729447","710553","True","True","True","True","True","D:\AI\AITRASH\workspaces\project - Изменение масштаба для планировок квартир\09_outputs\_full_wip\20260727_full_mkd2\Корпус 2.2\х170_POZD_WEB_K2-2_s6_et2,6_2.ai","D:\AI\AITRASH\workspaces\project - Изменение масштаба для планировок квартир\09_outputs\_full_wip\20260727_full_mkd2\Корпус 2.2\х170_POZD_WEB_K2-2_s6_et2,6_2.png","D:\AI\AITRASH\workspaces\project - Изменение масштаба для планировок квартир\09_outputs\_diagnostics\full_20260727_full_mkd2\details\163_POZD_WEB_K2-2_s6_et2,6_2_attempt1.json","D:\AI\AITRASH\workspaces\project - Изменение масштаба для планировок квартир\09_outputs\_diagnostics\full_20260727_full_mkd2\verify_details\163_POZD_WEB_K2-2_s6_et2,6_2_verify_attempt1.json","Независимая проверка AI/PNG/SHA-256 пройдена."
"163_169_20260727_135259","165","OK","Корпус 2.2/POZD_WEB_K2-2_s6_et2_1.ai","120","OK","true","1","1200","1200","600","600","true","2169","0","4388","4388","10","10","true","true","true","true","true","True","1200","1200","True","844941","595059","True","True","True","True","True","D:\AI\AITRASH\workspaces\project - Изменение масштаба для планировок квартир\09_outputs\_full_wip\20260727_full_mkd2\Корпус 2.2\х120_POZD_WEB_K2-2_s6_et2_1.ai","D:\AI\AITRASH\workspaces\project - Изменение масштаба для планировок квартир\09_outputs\_full_wip\20260727_full_mkd2\Корпус 2.2\х120_POZD_WEB_K2-2_s6_et2_1.png","D:\AI\AITRASH\workspaces\project - Изменение масштаба для планировок квартир\09_outputs\_diagnostics\full_20260727_full_mkd2\details\165_POZD_WEB_K2-2_s6_et2_1_attempt1.json","D:\AI\AITRASH\workspaces\project - Изменение масштаба для планировок квартир\09_outputs\_diagnostics\full_20260727_full_mkd2\verify_details\165_POZD_WEB_K2-2_s6_et2_1_verify_attempt1.json","Независимая проверка AI/PNG/SHA-256 пройдена."
"163_169_20260727_135259","166","OK","Корпус 2.2/POZD_WEB_K2-2_s6_et2_4.ai","200","OK","true","1","1200","1200","600","600","true","887","0","1795","1795","11","11","true","true","true","true","true","True","1200","1200","True","863878","576122","True","True","True","True","True","D:\AI\AITRASH\workspaces\project - Изменение масштаба для планировок квартир\09_outputs\_full_wip\20260727_full_mkd2\Корпус 2.2\х200_POZD_WEB_K2-2_s6_et2_4.ai","D:\AI\AITRASH\workspaces\project - Изменение масштаба для планировок квартир\09_outputs\_full_wip\20260727_full_mkd2\Корпус 2.2\х200_POZD_WEB_K2-2_s6_et2_4.png","D:\AI\AITRASH\workspaces\project - Изменение масштаба для планировок квартир\09_outputs\_diagnostics\full_20260727_full_mkd2\details\166_POZD_WEB_K2-2_s6_et2_4_attempt1.json","D:\AI\AITRASH\workspaces\project - Изменение масштаба для планировок квартир\09_outputs\_diagnostics\full_20260727_full_mkd2\verify_details\166_POZD_WEB_K2-2_s6_et2_4_verify_attempt1.json","Независимая проверка AI/PNG/SHA-256 пройдена."
"163_169_20260727_135259","167","OK","Корпус 2.2/POZD_WEB_K2-2_s6_et2_5.ai","200","OK","true","1","1200","1200","600","600","true","799","0","1626","1626","10","10","true","true","true","true","true","True","1200","1200","True","971108","468892","True","True","True","True","True","D:\AI\AITRASH\workspaces\project - Изменение масштаба для планировок квартир\09_outputs\_full_wip\20260727_full_mkd2\Корпус 2.2\х200_POZD_WEB_K2-2_s6_et2_5.ai","D:\AI\AITRASH\workspaces\project - Изменение масштаба для планировок квартир\09_outputs\_full_wip\20260727_full_mkd2\Корпус 2.2\х200_POZD_WEB_K2-2_s6_et2_5.png","D:\AI\AITRASH\workspaces\project - Изменение масштаба для планировок квартир\09_outputs\_diagnostics\full_20260727_full_mkd2\details\167_POZD_WEB_K2-2_s6_et2_5_attempt1.json","D:\AI\AITRASH\workspaces\project - Изменение масштаба для планировок квартир\09_outputs\_diagnostics\full_20260727_full_mkd2\verify_details\167_POZD_WEB_K2-2_s6_et2_5_verify_attempt1.json","Независимая проверка AI/PNG/SHA-256 пройдена."
"163_169_20260727_135259","169","OK","Корпус 2.2/POZD_WEB_K2-2_s6_et3,5_1.ai","120","OK","true","1","1200","1200","600","600","true","2185","0","4424","4424","10","10","true","true","true","true","true","True","1200","1200","True","844564","595436","True","True","True","True","True","D:\AI\AITRASH\workspaces\project - Изменение масштаба для планировок квартир\09_outputs\_full_wip\20260727_full_mkd2\Корпус 2.2\х120_POZD_WEB_K2-2_s6_et3,5_1.ai","D:\AI\AITRASH\workspaces\project - Изменение масштаба для планировок квартир\09_outputs\_full_wip\20260727_full_mkd2\Корпус 2.2\х120_POZD_WEB_K2-2_s6_et3,5_1.png","D:\AI\AITRASH\workspaces\project - Изменение масштаба для планировок квартир\09_outputs\_diagnostics\full_20260727_full_mkd2\details\169_POZD_WEB_K2-2_s6_et3,5_1_attempt1.json","D:\AI\AITRASH\workspaces\project - Изменение масштаба для планировок квартир\09_outputs\_diagnostics\full_20260727_full_mkd2\verify_details\169_POZD_WEB_K2-2_s6_et3,5_1_verify_attempt1.json","Независимая проверка AI/PNG/SHA-256 пройдена."
"164_164_20260727_113630","164","OK","Корпус 2.2/POZD_WEB_K2-2_s6_et2,6_3.ai","170","OK","true","1","1200","1200","600","600","true","1158","0","2334","2334","11","11","true","true","true","true","true","True","1200","1200","True","823381","616619","True","True","True","True","True","D:\AI\AITRASH\workspaces\project - Изменение масштаба для планировок квартир\09_outputs\_full_wip\20260727_full_mkd2\Корпус 2.2\х170_POZD_WEB_K2-2_s6_et2,6_3.ai","D:\AI\AITRASH\workspaces\project - Изменение масштаба для планировок квартир\09_outputs\_full_wip\20260727_full_mkd2\Корпус 2.2\х170_POZD_WEB_K2-2_s6_et2,6_3.png","D:\AI\AITRASH\workspaces\project - Изменение масштаба для планировок квартир\09_outputs\_diagnostics\full_20260727_full_mkd2\details\164_POZD_WEB_K2-2_s6_et2,6_3_attempt1.json","D:\AI\AITRASH\workspaces\project - Изменение масштаба для планировок квартир\09_outputs\_diagnostics\full_20260727_full_mkd2\verify_details\164_POZD_WEB_K2-2_s6_et2,6_3_verify.json","Независимая проверка AI/PNG/SHA-256 пройдена."
"164_164_20260727_162705","164","OK","Корпус 2.2/POZD_WEB_K2-2_s6_et2,6_3.ai","170","OK","true","1","1200","1200","600","600","true","1158","0","2334","2334","11","11","true","true","true","true","true","True","1200","1200","True","823381","616619","True","True","True","True","True","D:\AI\AITRASH\workspaces\project - Изменение масштаба для планировок квартир\09_outputs\_full_wip\20260727_full_mkd2\Корпус 2.2\х170_POZD_WEB_K2-2_s6_et2,6_3.ai","D:\AI\AITRASH\workspaces\project - Изменение масштаба для планировок квартир\09_outputs\_full_wip\20260727_full_mkd2\Корпус 2.2\х170_POZD_WEB_K2-2_s6_et2,6_3.png","D:\AI\AITRASH\workspaces\project - Изменение масштаба для планировок квартир\09_outputs\_diagnostics\full_20260727_full_mkd2\details\164_POZD_WEB_K2-2_s6_et2,6_3_attempt2.json","D:\AI\AITRASH\workspaces\project - Изменение масштаба для планировок квартир\09_outputs\_diagnostics\full_20260727_full_mkd2\verify_details\164_POZD_WEB_K2-2_s6_et2,6_3_verify_attempt1.json","Независимая проверка AI/PNG/SHA-256 пройдена."
"168_168_20260727_113310","168","OK","Корпус 2.2/POZD_WEB_K2-2_s6_et2_6.ai","120","OK","true","1","1200","1200","600","600","true","2330","0","4714","4714","11","11","true","true","true","true","true","True","1200","1200","True","816641","623359","True","True","True","True","True","D:\AI\AITRASH\workspaces\project - Изменение масштаба для планировок квартир\09_outputs\_full_wip\20260727_full_mkd2\Корпус 2.2\х120_POZD_WEB_K2-2_s6_et2_6.ai","D:\AI\AITRASH\workspaces\project - Изменение масштаба для планировок квартир\09_outputs\_full_wip\20260727_full_mkd2\Корпус 2.2\х120_POZD_WEB_K2-2_s6_et2_6.png","D:\AI\AITRASH\workspaces\project - Изменение масштаба для планировок квартир\09_outputs\_diagnostics\full_20260727_full_mkd2\details\168_POZD_WEB_K2-2_s6_et2_6_attempt1.json","D:\AI\AITRASH\workspaces\project - Изменение масштаба для планировок квартир\09_outputs\_diagnostics\full_20260727_full_mkd2\verify_details\168_POZD_WEB_K2-2_s6_et2_6_verify.json","Независимая проверка AI/PNG/SHA-256 пройдена."
"168_168_20260727_162813","168","OK","Корпус 2.2/POZD_WEB_K2-2_s6_et2_6.ai","120","OK","true","1","1200","1200","600","600","true","2330","0","4714","4714","11","11","true","true","true","true","true","True","1200","1200","True","816641","623359","True","True","True","True","True","D:\AI\AITRASH\workspaces\project - Изменение масштаба для планировок квартир\09_outputs\_full_wip\20260727_full_mkd2\Корпус 2.2\х120_POZD_WEB_K2-2_s6_et2_6.ai","D:\AI\AITRASH\workspaces\project - Изменение масштаба для планировок квартир\09_outputs\_full_wip\20260727_full_mkd2\Корпус 2.2\х120_POZD_WEB_K2-2_s6_et2_6.png","D:\AI\AITRASH\workspaces\project - Изменение масштаба для планировок квартир\09_outputs\_diagnostics\full_20260727_full_mkd2\details\168_POZD_WEB_K2-2_s6_et2_6_attempt2.json","D:\AI\AITRASH\workspaces\project - Изменение масштаба для планировок квартир\09_outputs\_diagnostics\full_20260727_full_mkd2\verify_details\168_POZD_WEB_K2-2_s6_et2_6_verify_attempt1.json","Независимая проверка AI/PNG/SHA-256 пройдена."
"170_174_20260727_135622","170","OK","Корпус 2.2/POZD_WEB_K2-2_s6_et3,5_2.ai","170","OK","true","1","1200","1200","600","600","true","1317","0","2669","2669","10","10","true","true","true","true","true","True","1200","1200","True","729492","710508","True","True","True","True","True","D:\AI\AITRASH\workspaces\project - Изменение масштаба для планировок квартир\09_outputs\_full_wip\20260727_full_mkd2\Корпус 2.2\х170_POZD_WEB_K2-2_s6_et3,5_2.ai","D:\AI\AITRASH\workspaces\project - Изменение масштаба для планировок квартир\09_outputs\_full_wip\20260727_full_mkd2\Корпус 2.2\х170_POZD_WEB_K2-2_s6_et3,5_2.png","D:\AI\AITRASH\workspaces\project - Изменение масштаба для планировок квартир\09_outputs\_diagnostics\full_20260727_full_mkd2\details\170_POZD_WEB_K2-2_s6_et3,5_2_attempt1.json","D:\AI\AITRASH\workspaces\project - Изменение масштаба для планировок квартир\09_outputs\_diagnostics\full_20260727_full_mkd2\verify_details\170_POZD_WEB_K2-2_s6_et3,5_2_verify_attempt1.json","Независимая проверка AI/PNG/SHA-256 пройдена."
"170_174_20260727_135622","171","OK","Корпус 2.2/POZD_WEB_K2-2_s6_et3,5_3.ai","170","OK","true","1","1200","1200","600","600","true","1168","0","2356","2356","10","10","true","true","true","true","true","True","1200","1200","True","837452","602548","True","True","True","True","True","D:\AI\AITRASH\workspaces\project - Изменение масштаба для планировок квартир\09_outputs\_full_wip\20260727_full_mkd2\Корпус 2.2\х170_POZD_WEB_K2-2_s6_et3,5_3.ai","D:\AI\AITRASH\workspaces\project - Изменение масштаба для планировок квартир\09_outputs\_full_wip\20260727_full_mkd2\Корпус 2.2\х170_POZD_WEB_K2-2_s6_et3,5_3.png","D:\AI\AITRASH\workspaces\project - Изменение масштаба для планировок квартир\09_outputs\_diagnostics\full_20260727_full_mkd2\details\171_POZD_WEB_K2-2_s6_et3,5_3_attempt1.json","D:\AI\AITRASH\workspaces\project - Изменение масштаба для планировок квартир\09_outputs\_diagnostics\full_20260727_full_mkd2\verify_details\171_POZD_WEB_K2-2_s6_et3,5_3_verify_attempt1.json","Независимая проверка AI/PNG/SHA-256 пройдена."
"170_174_20260727_135622","172","OK","Корпус 2.2/POZD_WEB_K2-2_s6_et3,5_4.ai","200","OK","true","1","1200","1200","600","600","true","885","0","1787","1787","10","10","true","true","true","true","true","True","1200","1200","True","883551","556449","True","True","True","True","True","D:\AI\AITRASH\workspaces\project - Изменение масштаба для планировок квартир\09_outputs\_full_wip\20260727_full_mkd2\Корпус 2.2\х200_POZD_WEB_K2-2_s6_et3,5_4.ai","D:\AI\AITRASH\workspaces\project - Изменение масштаба для планировок квартир\09_outputs\_full_wip\20260727_full_mkd2\Корпус 2.2\х200_POZD_WEB_K2-2_s6_et3,5_4.png","D:\AI\AITRASH\workspaces\project - Изменение масштаба для планировок квартир\09_outputs\_diagnostics\full_20260727_full_mkd2\details\172_POZD_WEB_K2-2_s6_et3,5_4_attempt1.json","D:\AI\AITRASH\workspaces\project - Изменение масштаба для планировок квартир\09_outputs\_diagnostics\full_20260727_full_mkd2\verify_details\172_POZD_WEB_K2-2_s6_et3,5_4_verify_attempt1.json","Независимая проверка AI/PNG/SHA-256 пройдена."
"170_174_20260727_135622","173","OK","Корпус 2.2/POZD_WEB_K2-2_s6_et3,5_5.ai","200","OK","true","1","1200","1200","600","600","true","794","0","1612","1612","10","10","true","true","true","true","true","True","1200","1200","True","967405","472595","True","True","True","True","True","D:\AI\AITRASH\workspaces\project - Изменение масштаба для планировок квартир\09_outputs\_full_wip\20260727_full_mkd2\Корпус 2.2\х200_POZD_WEB_K2-2_s6_et3,5_5.ai","D:\AI\AITRASH\workspaces\project - Изменение масштаба для планировок квартир\09_outputs\_full_wip\20260727_full_mkd2\Корпус 2.2\х200_POZD_WEB_K2-2_s6_et3,5_5.png","D:\AI\AITRASH\workspaces\project - Изменение масштаба для планировок квартир\09_outputs\_diagnostics\full_20260727_full_mkd2\details\173_POZD_WEB_K2-2_s6_et3,5_5_attempt1.json","D:\AI\AITRASH\workspaces\project - Изменение масштаба для планировок квартир\09_outputs\_diagnostics\full_20260727_full_mkd2\verify_details\173_POZD_WEB_K2-2_s6_et3,5_5_verify_attempt1.json","Независимая проверка AI/PNG/SHA-256 пройдена."
"170_174_20260727_135622","174","OK","Корпус 2.2/POZD_WEB_K2-2_s6_et3_6.ai","120","OK","true","1","1200","1200","600","600","true","2327","0","4708","4708","11","11","true","true","true","true","true","True","1200","1200","True","814112","625888","True","True","True","True","True","D:\AI\AITRASH\workspaces\project - Изменение масштаба для планировок квартир\09_outputs\_full_wip\20260727_full_mkd2\Корпус 2.2\х120_POZD_WEB_K2-2_s6_et3_6.ai","D:\AI\AITRASH\workspaces\project - Изменение масштаба для планировок квартир\09_outputs\_full_wip\20260727_full_mkd2\Корпус 2.2\х120_POZD_WEB_K2-2_s6_et3_6.png","D:\AI\AITRASH\workspaces\project - Изменение масштаба для планировок квартир\09_outputs\_diagnostics\full_20260727_full_mkd2\details\174_POZD_WEB_K2-2_s6_et3_6_attempt1.json","D:\AI\AITRASH\workspaces\project - Изменение масштаба для планировок квартир\09_outputs\_diagnostics\full_20260727_full_mkd2\verify_details\174_POZD_WEB_K2-2_s6_et3_6_verify_attempt1.json","Независимая проверка AI/PNG/SHA-256 пройдена."
"175_179_20260727_135942","175","OK","Корпус 2.2/POZD_WEB_K2-2_s6_et4_1.ai","120","OK","true","1","1200","1200","600","600","true","2228","0","4526","4526","12","12","true","true","true","true","true","True","1200","1200","True","838282","601718","True","True","True","True","True","D:\AI\AITRASH\workspaces\project - Изменение масштаба для планировок квартир\09_outputs\_full_wip\20260727_full_mkd2\Корпус 2.2\х120_POZD_WEB_K2-2_s6_et4_1.ai","D:\AI\AITRASH\workspaces\project - Изменение масштаба для планировок квартир\09_outputs\_full_wip\20260727_full_mkd2\Корпус 2.2\х120_POZD_WEB_K2-2_s6_et4_1.png","D:\AI\AITRASH\workspaces\project - Изменение масштаба для планировок квартир\09_outputs\_diagnostics\full_20260727_full_mkd2\details\175_POZD_WEB_K2-2_s6_et4_1_attempt1.json","D:\AI\AITRASH\workspaces\project - Изменение масштаба для планировок квартир\09_outputs\_diagnostics\full_20260727_full_mkd2\verify_details\175_POZD_WEB_K2-2_s6_et4_1_verify_attempt1.json","Независимая проверка AI/PNG/SHA-256 пройдена."
"175_179_20260727_135942","176","OK","Корпус 2.2/POZD_WEB_K2-2_s6_et4_2.ai","150","OK","true","1","1200","1200","600","600","true","1308","0","2646","2646","11","11","true","true","true","true","true","True","1200","1200","True","874009","565991","True","True","True","True","True","D:\AI\AITRASH\workspaces\project - Изменение масштаба для планировок квартир\09_outputs\_full_wip\20260727_full_mkd2\Корпус 2.2\х150_POZD_WEB_K2-2_s6_et4_2.ai","D:\AI\AITRASH\workspaces\project - Изменение масштаба для планировок квартир\09_outputs\_full_wip\20260727_full_mkd2\Корпус 2.2\х150_POZD_WEB_K2-2_s6_et4_2.png","D:\AI\AITRASH\workspaces\project - Изменение масштаба для планировок квартир\09_outputs\_diagnostics\full_20260727_full_mkd2\details\176_POZD_WEB_K2-2_s6_et4_2_attempt1.json","D:\AI\AITRASH\workspaces\project - Изменение масштаба для планировок квартир\09_outputs\_diagnostics\full_20260727_full_mkd2\verify_details\176_POZD_WEB_K2-2_s6_et4_2_verify_attempt1.json","Независимая проверка AI/PNG/SHA-256 пройдена."
"175_179_20260727_135942","177","OK","Корпус 2.2/POZD_WEB_K2-2_s6_et4_3.ai","170","OK","true","1","1200","1200","600","600","true","1169","0","2356","2356","10","10","true","true","true","true","true","True","1200","1200","True","837456","602544","True","True","True","True","True","D:\AI\AITRASH\workspaces\project - Изменение масштаба для планировок квартир\09_outputs\_full_wip\20260727_full_mkd2\Корпус 2.2\х170_POZD_WEB_K2-2_s6_et4_3.ai","D:\AI\AITRASH\workspaces\project - Изменение масштаба для планировок квартир\09_outputs\_full_wip\20260727_full_mkd2\Корпус 2.2\х170_POZD_WEB_K2-2_s6_et4_3.png","D:\AI\AITRASH\workspaces\project - Изменение масштаба для планировок квартир\09_outputs\_diagnostics\full_20260727_full_mkd2\details\177_POZD_WEB_K2-2_s6_et4_3_attempt1.json","D:\AI\AITRASH\workspaces\project - Изменение масштаба для планировок квартир\09_outputs\_diagnostics\full_20260727_full_mkd2\verify_details\177_POZD_WEB_K2-2_s6_et4_3_verify_attempt1.json","Независимая проверка AI/PNG/SHA-256 пройдена."
"175_179_20260727_135942","178","OK","Корпус 2.2/POZD_WEB_K2-2_s6_et4_4.ai","200","OK","true","1","1200","1200","600","600","true","882","0","1781","1781","10","10","true","true","true","true","true","True","1200","1200","True","883551","556449","True","True","True","True","True","D:\AI\AITRASH\workspaces\project - Изменение масштаба для планировок квартир\09_outputs\_full_wip\20260727_full_mkd2\Корпус 2.2\х200_POZD_WEB_K2-2_s6_et4_4.ai","D:\AI\AITRASH\workspaces\project - Изменение масштаба для планировок квартир\09_outputs\_full_wip\20260727_full_mkd2\Корпус 2.2\х200_POZD_WEB_K2-2_s6_et4_4.png","D:\AI\AITRASH\workspaces\project - Изменение масштаба для планировок квартир\09_outputs\_diagnostics\full_20260727_full_mkd2\details\178_POZD_WEB_K2-2_s6_et4_4_attempt1.json","D:\AI\AITRASH\workspaces\project - Изменение масштаба для планировок квартир\09_outputs\_diagnostics\full_20260727_full_mkd2\verify_details\178_POZD_WEB_K2-2_s6_et4_4_verify_attempt1.json","Независимая проверка AI/PNG/SHA-256 пройдена."
"175_179_20260727_135942","179","OK","Корпус 2.2/POZD_WEB_K2-2_s6_et4_5.ai","200","OK","true","1","1200","1200","600","600","true","801","0","1629","1629","11","11","true","true","true","true","true","True","1200","1200","True","951148","488852","True","True","True","True","True","D:\AI\AITRASH\workspaces\project - Изменение масштаба для планировок квартир\09_outputs\_full_wip\20260727_full_mkd2\Корпус 2.2\х200_POZD_WEB_K2-2_s6_et4_5.ai","D:\AI\AITRASH\workspaces\project - Изменение масштаба для планировок квартир\09_outputs\_full_wip\20260727_full_mkd2\Корпус 2.2\х200_POZD_WEB_K2-2_s6_et4_5.png","D:\AI\AITRASH\workspaces\project - Изменение масштаба для планировок квартир\09_outputs\_diagnostics\full_20260727_full_mkd2\details\179_POZD_WEB_K2-2_s6_et4_5_attempt1.json","D:\AI\AITRASH\workspaces\project - Изменение масштаба для планировок квартир\09_outputs\_diagnostics\full_20260727_full_mkd2\verify_details\179_POZD_WEB_K2-2_s6_et4_5_verify_attempt1.json","Независимая проверка AI/PNG/SHA-256 пройдена."
"180_184_20260727_140428","180","OK","Корпус 2.2/POZD_WEB_K2-2_s6_et4_6.ai","120","OK","true","1","1200","1200","600","600","true","2312","0","4673","4673","10","10","true","true","true","true","true","True","1200","1200","True","824490","615510","True","True","True","True","True","D:\AI\AITRASH\workspaces\project - Изменение масштаба для планировок квартир\09_outputs\_full_wip\20260727_full_mkd2\Корпус 2.2\х120_POZD_WEB_K2-2_s6_et4_6.ai","D:\AI\AITRASH\workspaces\project - Изменение масштаба для планировок квартир\09_outputs\_full_wip\20260727_full_mkd2\Корпус 2.2\х120_POZD_WEB_K2-2_s6_et4_6.png","D:\AI\AITRASH\workspaces\project - Изменение масштаба для планировок квартир\09_outputs\_diagnostics\full_20260727_full_mkd2\details\180_POZD_WEB_K2-2_s6_et4_6_attempt1.json","D:\AI\AITRASH\workspaces\project - Изменение масштаба для планировок квартир\09_outputs\_diagnostics\full_20260727_full_mkd2\verify_details\180_POZD_WEB_K2-2_s6_et4_6_verify_attempt1.json","Независимая проверка AI/PNG/SHA-256 пройдена."
"180_184_20260727_140428","181","OK","Корпус 2.2/POZD_WEB_K2-2_s6_et5_6.ai","120","OK","true","1","1200","1200","600","600","true","2316","0","4682","4682","10","10","true","true","true","true","true","True","1200","1200","True","819710","620290","True","True","True","True","True","D:\AI\AITRASH\workspaces\project - Изменение масштаба для планировок квартир\09_outputs\_full_wip\20260727_full_mkd2\Корпус 2.2\х120_POZD_WEB_K2-2_s6_et5_6.ai","D:\AI\AITRASH\workspaces\project - Изменение масштаба для планировок квартир\09_outputs\_full_wip\20260727_full_mkd2\Корпус 2.2\х120_POZD_WEB_K2-2_s6_et5_6.png","D:\AI\AITRASH\workspaces\project - Изменение масштаба для планировок квартир\09_outputs\_diagnostics\full_20260727_full_mkd2\details\181_POZD_WEB_K2-2_s6_et5_6_attempt1.json","D:\AI\AITRASH\workspaces\project - Изменение масштаба для планировок квартир\09_outputs\_diagnostics\full_20260727_full_mkd2\verify_details\181_POZD_WEB_K2-2_s6_et5_6_verify_attempt1.json","Независимая проверка AI/PNG/SHA-256 пройдена."
"180_184_20260727_140428","182","OK","Корпус 2.2/POZD_WEB_K2-2_s6_et6_1.ai","120","OK","true","1","1200","1200","600","600","true","2213","0","4491","4491","11","11","true","true","true","true","true","True","1200","1200","True","837691","602309","True","True","True","True","True","D:\AI\AITRASH\workspaces\project - Изменение масштаба для планировок квартир\09_outputs\_full_wip\20260727_full_mkd2\Корпус 2.2\х120_POZD_WEB_K2-2_s6_et6_1.ai","D:\AI\AITRASH\workspaces\project - Изменение масштаба для планировок квартир\09_outputs\_full_wip\20260727_full_mkd2\Корпус 2.2\х120_POZD_WEB_K2-2_s6_et6_1.png","D:\AI\AITRASH\workspaces\project - Изменение масштаба для планировок квартир\09_outputs\_diagnostics\full_20260727_full_mkd2\details\182_POZD_WEB_K2-2_s6_et6_1_attempt1.json","D:\AI\AITRASH\workspaces\project - Изменение масштаба для планировок квартир\09_outputs\_diagnostics\full_20260727_full_mkd2\verify_details\182_POZD_WEB_K2-2_s6_et6_1_verify_attempt1.json","Независимая проверка AI/PNG/SHA-256 пройдена."
"180_184_20260727_140428","183","OK","Корпус 2.2/POZD_WEB_K2-2_s6_et6_6.ai","110","OK","true","1","1200","1200","600","600","true","2352","0","4767","4767","16","16","true","true","true","true","true","True","1200","1200","True","923095","516905","True","True","True","True","True","D:\AI\AITRASH\workspaces\project - Изменение масштаба для планировок квартир\09_outputs\_full_wip\20260727_full_mkd2\Корпус 2.2\х110_POZD_WEB_K2-2_s6_et6_6.ai","D:\AI\AITRASH\workspaces\project - Изменение масштаба для планировок квартир\09_outputs\_full_wip\20260727_full_mkd2\Корпус 2.2\х110_POZD_WEB_K2-2_s6_et6_6.png","D:\AI\AITRASH\workspaces\project - Изменение масштаба для планировок квартир\09_outputs\_diagnostics\full_20260727_full_mkd2\details\183_POZD_WEB_K2-2_s6_et6_6_attempt1.json","D:\AI\AITRASH\workspaces\project - Изменение масштаба для планировок квартир\09_outputs\_diagnostics\full_20260727_full_mkd2\verify_details\183_POZD_WEB_K2-2_s6_et6_6_verify_attempt1.json","Независимая проверка AI/PNG/SHA-256 пройдена."
"180_184_20260727_140428","184","OK","Корпус 2.2/POZD_WEB_K2-2_s7_et1,4_1.ai","170","OK","true","1","1200","1200","600","600","true","931","0","1883","1883","10","10","true","true","true","true","true","True","1200","1200","True","943305","496695","True","True","True","True","True","D:\AI\AITRASH\workspaces\project - Изменение масштаба для планировок квартир\09_outputs\_full_wip\20260727_full_mkd2\Корпус 2.2\х170_POZD_WEB_K2-2_s7_et1,4_1.ai","D:\AI\AITRASH\workspaces\project - Изменение масштаба для планировок квартир\09_outputs\_full_wip\20260727_full_mkd2\Корпус 2.2\х170_POZD_WEB_K2-2_s7_et1,4_1.png","D:\AI\AITRASH\workspaces\project - Изменение масштаба для планировок квартир\09_outputs\_diagnostics\full_20260727_full_mkd2\details\184_POZD_WEB_K2-2_s7_et1,4_1_attempt1.json","D:\AI\AITRASH\workspaces\project - Изменение масштаба для планировок квартир\09_outputs\_diagnostics\full_20260727_full_mkd2\verify_details\184_POZD_WEB_K2-2_s7_et1,4_1_verify_attempt1.json","Независимая проверка AI/PNG/SHA-256 пройдена."
"185_189_20260727_140730","185","OK","Корпус 2.2/POZD_WEB_K2-2_s7_et1_2.ai","150","OK","true","1","1200","1200","600","600","true","1149","0","2321","2321","10","10","true","true","true","true","true","True","1200","1200","True","958218","481782","True","True","True","True","True","D:\AI\AITRASH\workspaces\project - Изменение масштаба для планировок квартир\09_outputs\_full_wip\20260727_full_mkd2\Корпус 2.2\х150_POZD_WEB_K2-2_s7_et1_2.ai","D:\AI\AITRASH\workspaces\project - Изменение масштаба для планировок квартир\09_outputs\_full_wip\20260727_full_mkd2\Корпус 2.2\х150_POZD_WEB_K2-2_s7_et1_2.png","D:\AI\AITRASH\workspaces\project - Изменение масштаба для планировок квартир\09_outputs\_diagnostics\full_20260727_full_mkd2\details\185_POZD_WEB_K2-2_s7_et1_2_attempt1.json","D:\AI\AITRASH\workspaces\project - Изменение масштаба для планировок квартир\09_outputs\_diagnostics\full_20260727_full_mkd2\verify_details\185_POZD_WEB_K2-2_s7_et1_2_verify_attempt1.json","Независимая проверка AI/PNG/SHA-256 пройдена."
"185_189_20260727_140730","186","OK","Корпус 2.2/POZD_WEB_K2-2_s7_et1_3.ai","200","OK","true","1","1200","1200","600","600","true","911","0","1841","1841","11","11","true","true","true","true","true","True","1200","1200","True","769533","670467","True","True","True","True","True","D:\AI\AITRASH\workspaces\project - Изменение масштаба для планировок квартир\09_outputs\_full_wip\20260727_full_mkd2\Корпус 2.2\х200_POZD_WEB_K2-2_s7_et1_3.ai","D:\AI\AITRASH\workspaces\project - Изменение масштаба для планировок квартир\09_outputs\_full_wip\20260727_full_mkd2\Корпус 2.2\х200_POZD_WEB_K2-2_s7_et1_3.png","D:\AI\AITRASH\workspaces\project - Изменение масштаба для планировок квартир\09_outputs\_diagnostics\full_20260727_full_mkd2\details\186_POZD_WEB_K2-2_s7_et1_3_attempt1.json","D:\AI\AITRASH\workspaces\project - Изменение масштаба для планировок квартир\09_outputs\_diagnostics\full_20260727_full_mkd2\verify_details\186_POZD_WEB_K2-2_s7_et1_3_verify_attempt1.json","Независимая проверка AI/PNG/SHA-256 пройдена."
"185_189_20260727_140730","187","OK","Корпус 2.2/POZD_WEB_K2-2_s7_et1_4.ai","200","OK","true","1","1200","1200","600","600","true","874","0","1771","1771","11","11","true","true","true","true","true","True","1200","1200","True","808138","631862","True","True","True","True","True","D:\AI\AITRASH\workspaces\project - Изменение масштаба для планировок квартир\09_outputs\_full_wip\20260727_full_mkd2\Корпус 2.2\х200_POZD_WEB_K2-2_s7_et1_4.ai","D:\AI\AITRASH\workspaces\project - Изменение масштаба для планировок квартир\09_outputs\_full_wip\20260727_full_mkd2\Корпус 2.2\х200_POZD_WEB_K2-2_s7_et1_4.png","D:\AI\AITRASH\workspaces\project - Изменение масштаба для планировок квартир\09_outputs\_diagnostics\full_20260727_full_mkd2\details\187_POZD_WEB_K2-2_s7_et1_4_attempt1.json","D:\AI\AITRASH\workspaces\project - Изменение масштаба для планировок квартир\09_outputs\_diagnostics\full_20260727_full_mkd2\verify_details\187_POZD_WEB_K2-2_s7_et1_4_verify_attempt1.json","Независимая проверка AI/PNG/SHA-256 пройдена."
"185_189_20260727_140730","188","OK","Корпус 2.2/POZD_WEB_K2-2_s7_et1_5.ai","170","OK","true","1","1200","1200","600","600","true","1304","0","2636","2636","11","11","true","true","true","true","true","True","1200","1200","True","735948","704052","True","True","True","True","True","D:\AI\AITRASH\workspaces\project - Изменение масштаба для планировок квартир\09_outputs\_full_wip\20260727_full_mkd2\Корпус 2.2\х170_POZD_WEB_K2-2_s7_et1_5.ai","D:\AI\AITRASH\workspaces\project - Изменение масштаба для планировок квартир\09_outputs\_full_wip\20260727_full_mkd2\Корпус 2.2\х170_POZD_WEB_K2-2_s7_et1_5.png","D:\AI\AITRASH\workspaces\project - Изменение масштаба для планировок квартир\09_outputs\_diagnostics\full_20260727_full_mkd2\details\188_POZD_WEB_K2-2_s7_et1_5_attempt1.json","D:\AI\AITRASH\workspaces\project - Изменение масштаба для планировок квартир\09_outputs\_diagnostics\full_20260727_full_mkd2\verify_details\188_POZD_WEB_K2-2_s7_et1_5_verify_attempt1.json","Независимая проверка AI/PNG/SHA-256 пройдена."
"185_189_20260727_140730","189","OK","Корпус 2.2/POZD_WEB_K2-2_s7_et2,5_2.ai","170","OK","true","1","1200","1200","600","600","true","933","0","1891","1891","10","10","true","true","true","true","true","True","1200","1200","True","939956","500044","True","True","True","True","True","D:\AI\AITRASH\workspaces\project - Изменение масштаба для планировок квартир\09_outputs\_full_wip\20260727_full_mkd2\Корпус 2.2\х170_POZD_WEB_K2-2_s7_et2,5_2.ai","D:\AI\AITRASH\workspaces\project - Изменение масштаба для планировок квартир\09_outputs\_full_wip\20260727_full_mkd2\Корпус 2.2\х170_POZD_WEB_K2-2_s7_et2,5_2.png","D:\AI\AITRASH\workspaces\project - Изменение масштаба для планировок квартир\09_outputs\_diagnostics\full_20260727_full_mkd2\details\189_POZD_WEB_K2-2_s7_et2,5_2_attempt1.json","D:\AI\AITRASH\workspaces\project - Изменение масштаба для планировок квартир\09_outputs\_diagnostics\full_20260727_full_mkd2\verify_details\189_POZD_WEB_K2-2_s7_et2,5_2_verify_attempt1.json","Независимая проверка AI/PNG/SHA-256 пройдена."
"190_194_20260727_141046","190","OK","Корпус 2.2/POZD_WEB_K2-2_s7_et2,6_4.ai","170","OK","true","1","1200","1200","600","600","true","1240","0","2515","2515","11","11","true","true","true","true","true","True","1200","1200","True","771797","668203","True","True","True","True","True","D:\AI\AITRASH\workspaces\project - Изменение масштаба для планировок квартир\09_outputs\_full_wip\20260727_full_mkd2\Корпус 2.2\х170_POZD_WEB_K2-2_s7_et2,6_4.ai","D:\AI\AITRASH\workspaces\project - Изменение масштаба для планировок квартир\09_outputs\_full_wip\20260727_full_mkd2\Корпус 2.2\х170_POZD_WEB_K2-2_s7_et2,6_4.png","D:\AI\AITRASH\workspaces\project - Изменение масштаба для планировок квартир\09_outputs\_diagnostics\full_20260727_full_mkd2\details\190_POZD_WEB_K2-2_s7_et2,6_4_attempt1.json","D:\AI\AITRASH\workspaces\project - Изменение масштаба для планировок квартир\09_outputs\_diagnostics\full_20260727_full_mkd2\verify_details\190_POZD_WEB_K2-2_s7_et2,6_4_verify_attempt1.json","Независимая проверка AI/PNG/SHA-256 пройдена."
"190_194_20260727_141046","191","OK","Корпус 2.2/POZD_WEB_K2-2_s7_et2_1.ai","170","OK","true","1","1200","1200","600","600","true","841","0","1910","1910","11","11","true","true","true","true","true","True","1200","1200","True","929822","510178","True","True","True","True","True","D:\AI\AITRASH\workspaces\project - Изменение масштаба для планировок квартир\09_outputs\_full_wip\20260727_full_mkd2\Корпус 2.2\х170_POZD_WEB_K2-2_s7_et2_1.ai","D:\AI\AITRASH\workspaces\project - Изменение масштаба для планировок квартир\09_outputs\_full_wip\20260727_full_mkd2\Корпус 2.2\х170_POZD_WEB_K2-2_s7_et2_1.png","D:\AI\AITRASH\workspaces\project - Изменение масштаба для планировок квартир\09_outputs\_diagnostics\full_20260727_full_mkd2\details\191_POZD_WEB_K2-2_s7_et2_1_attempt1.json","D:\AI\AITRASH\workspaces\project - Изменение масштаба для планировок квартир\09_outputs\_diagnostics\full_20260727_full_mkd2\verify_details\191_POZD_WEB_K2-2_s7_et2_1_verify_attempt1.json","Независимая проверка AI/PNG/SHA-256 пройдена."
"190_194_20260727_141046","192","OK","Корпус 2.2/POZD_WEB_K2-2_s7_et2_3.ai","170","OK","true","1","1200","1200","600","600","true","1182","0","2380","2380","9","9","true","true","true","true","true","True","1200","1200","True","826060","613940","True","True","True","True","True","D:\AI\AITRASH\workspaces\project - Изменение масштаба для планировок квартир\09_outputs\_full_wip\20260727_full_mkd2\Корпус 2.2\х170_POZD_WEB_K2-2_s7_et2_3.ai","D:\AI\AITRASH\workspaces\project - Изменение масштаба для планировок квартир\09_outputs\_full_wip\20260727_full_mkd2\Корпус 2.2\х170_POZD_WEB_K2-2_s7_et2_3.png","D:\AI\AITRASH\workspaces\project - Изменение масштаба для планировок квартир\09_outputs\_diagnostics\full_20260727_full_mkd2\details\192_POZD_WEB_K2-2_s7_et2_3_attempt1.json","D:\AI\AITRASH\workspaces\project - Изменение масштаба для планировок квартир\09_outputs\_diagnostics\full_20260727_full_mkd2\verify_details\192_POZD_WEB_K2-2_s7_et2_3_verify_attempt1.json","Независимая проверка AI/PNG/SHA-256 пройдена."
"190_194_20260727_141046","193","OK","Корпус 2.2/POZD_WEB_K2-2_s7_et2_5.ai","170","OK","true","1","1200","1200","600","600","true","1323","0","2680","2680","13","13","true","true","true","true","true","True","1200","1200","True","771618","668382","True","True","True","True","True","D:\AI\AITRASH\workspaces\project - Изменение масштаба для планировок квартир\09_outputs\_full_wip\20260727_full_mkd2\Корпус 2.2\х170_POZD_WEB_K2-2_s7_et2_5.ai","D:\AI\AITRASH\workspaces\project - Изменение масштаба для планировок квартир\09_outputs\_full_wip\20260727_full_mkd2\Корпус 2.2\х170_POZD_WEB_K2-2_s7_et2_5.png","D:\AI\AITRASH\workspaces\project - Изменение масштаба для планировок квартир\09_outputs\_diagnostics\full_20260727_full_mkd2\details\193_POZD_WEB_K2-2_s7_et2_5_attempt1.json","D:\AI\AITRASH\workspaces\project - Изменение масштаба для планировок квартир\09_outputs\_diagnostics\full_20260727_full_mkd2\verify_details\193_POZD_WEB_K2-2_s7_et2_5_verify_attempt1.json","Независимая проверка AI/PNG/SHA-256 пройдена."
"190_194_20260727_141046","194","OK","Корпус 2.2/POZD_WEB_K2-2_s7_et2_6.ai","110","OK","true","1","1200","1200","600","600","true","1645","0","3328","3328","11","11","true","true","true","true","true","True","1200","1200","True","1052969","387031","True","True","True","True","True","D:\AI\AITRASH\workspaces\project - Изменение масштаба для планировок квартир\09_outputs\_full_wip\20260727_full_mkd2\Корпус 2.2\х110_POZD_WEB_K2-2_s7_et2_6.ai","D:\AI\AITRASH\workspaces\project - Изменение масштаба для планировок квартир\09_outputs\_full_wip\20260727_full_mkd2\Корпус 2.2\х110_POZD_WEB_K2-2_s7_et2_6.png","D:\AI\AITRASH\workspaces\project - Изменение масштаба для планировок квартир\09_outputs\_diagnostics\full_20260727_full_mkd2\details\194_POZD_WEB_K2-2_s7_et2_6_attempt1.json","D:\AI\AITRASH\workspaces\project - Изменение масштаба для планировок квартир\09_outputs\_diagnostics\full_20260727_full_mkd2\verify_details\194_POZD_WEB_K2-2_s7_et2_6_verify_attempt1.json","Независимая проверка AI/PNG/SHA-256 пройдена."
"195_214_20260727_142924","195","OK","Корпус 2.2/POZD_WEB_K2-2_s7_et3,5_1.ai","170","OK","true","1","1200","1200","600","600","true","937","0","1895","1895","10","10","true","true","true","true","true","True","1200","1200","True","943194","496806","True","True","True","True","True","D:\AI\AITRASH\workspaces\project - Изменение масштаба для планировок квартир\09_outputs\_full_wip\20260727_full_mkd2\Корпус 2.2\х170_POZD_WEB_K2-2_s7_et3,5_1.ai","D:\AI\AITRASH\workspaces\project - Изменение масштаба для планировок квартир\09_outputs\_full_wip\20260727_full_mkd2\Корпус 2.2\х170_POZD_WEB_K2-2_s7_et3,5_1.png","D:\AI\AITRASH\workspaces\project - Изменение масштаба для планировок квартир\09_outputs\_diagnostics\full_20260727_full_mkd2\details\195_POZD_WEB_K2-2_s7_et3,5_1_attempt1.json","D:\AI\AITRASH\workspaces\project - Изменение масштаба для планировок квартир\09_outputs\_diagnostics\full_20260727_full_mkd2\verify_details\195_POZD_WEB_K2-2_s7_et3,5_1_verify_attempt1.json","Независимая проверка AI/PNG/SHA-256 пройдена."
"195_214_20260727_142924","196","OK","Корпус 2.2/POZD_WEB_K2-2_s7_et3,5_3.ai","170","OK","true","1","1200","1200","600","600","true","1203","0","2436","2436","10","10","true","true","true","true","true","True","1200","1200","True","821295","618705","True","True","True","True","True","D:\AI\AITRASH\workspaces\project - Изменение масштаба для планировок квартир\09_outputs\_full_wip\20260727_full_mkd2\Корпус 2.2\х170_POZD_WEB_K2-2_s7_et3,5_3.ai","D:\AI\AITRASH\workspaces\project - Изменение масштаба для планировок квартир\09_outputs\_full_wip\20260727_full_mkd2\Корпус 2.2\х170_POZD_WEB_K2-2_s7_et3,5_3.png","D:\AI\AITRASH\workspaces\project - Изменение масштаба для планировок квартир\09_outputs\_diagnostics\full_20260727_full_mkd2\details\196_POZD_WEB_K2-2_s7_et3,5_3_attempt1.json","D:\AI\AITRASH\workspaces\project - Изменение масштаба для планировок квартир\09_outputs\_diagnostics\full_20260727_full_mkd2\verify_details\196_POZD_WEB_K2-2_s7_et3,5_3_verify_attempt1.json","Независимая проверка AI/PNG/SHA-256 пройдена."
"195_214_20260727_142924","197","OK","Корпус 2.2/POZD_WEB_K2-2_s7_et3,5_4.ai","170","OK","true","1","1200","1200","600","600","true","1223","0","2477","2477","10","10","true","true","true","true","true","True","1200","1200","True","787284","652716","True","True","True","True","True","D:\AI\AITRASH\workspaces\project - Изменение масштаба для планировок квартир\09_outputs\_full_wip\20260727_full_mkd2\Корпус 2.2\х170_POZD_WEB_K2-2_s7_et3,5_4.ai","D:\AI\AITRASH\workspaces\project - Изменение масштаба для планировок квартир\09_outputs\_full_wip\20260727_full_mkd2\Корпус 2.2\х170_POZD_WEB_K2-2_s7_et3,5_4.png","D:\AI\AITRASH\workspaces\project - Изменение масштаба для планировок квартир\09_outputs\_diagnostics\full_20260727_full_mkd2\details\197_POZD_WEB_K2-2_s7_et3,5_4_attempt1.json","D:\AI\AITRASH\workspaces\project - Изменение масштаба для планировок квартир\09_outputs\_diagnostics\full_20260727_full_mkd2\verify_details\197_POZD_WEB_K2-2_s7_et3,5_4_verify_attempt1.json","Независимая проверка AI/PNG/SHA-256 пройдена."
"195_214_20260727_142924","198","OK","Корпус 2.2/POZD_WEB_K2-2_s7_et3,5_5.ai","170","OK","true","1","1200","1200","600","600","true","1290","0","2608","2608","10","10","true","true","true","true","true","True","1200","1200","True","784419","655581","True","True","True","True","True","D:\AI\AITRASH\workspaces\project - Изменение масштаба для планировок квартир\09_outputs\_full_wip\20260727_full_mkd2\Корпус 2.2\х170_POZD_WEB_K2-2_s7_et3,5_5.ai","D:\AI\AITRASH\workspaces\project - Изменение масштаба для планировок квартир\09_outputs\_full_wip\20260727_full_mkd2\Корпус 2.2\х170_POZD_WEB_K2-2_s7_et3,5_5.png","D:\AI\AITRASH\workspaces\project - Изменение масштаба для планировок квартир\09_outputs\_diagnostics\full_20260727_full_mkd2\details\198_POZD_WEB_K2-2_s7_et3,5_5_attempt1.json","D:\AI\AITRASH\workspaces\project - Изменение масштаба для планировок квартир\09_outputs\_diagnostics\full_20260727_full_mkd2\verify_details\198_POZD_WEB_K2-2_s7_et3,5_5_verify_attempt1.json","Независимая проверка AI/PNG/SHA-256 пройдена."
"195_214_20260727_142924","199","OK","Корпус 2.2/POZD_WEB_K2-2_s7_et3,5_6.ai","120","OK","true","1","1200","1200","600","600","true","1691","0","3433","3433","11","11","true","true","true","true","true","True","1200","1200","True","982331","457669","True","True","True","True","True","D:\AI\AITRASH\workspaces\project - Изменение масштаба для планировок квартир\09_outputs\_full_wip\20260727_full_mkd2\Корпус 2.2\х120_POZD_WEB_K2-2_s7_et3,5_6.ai","D:\AI\AITRASH\workspaces\project - Изменение масштаба для планировок квартир\09_outputs\_full_wip\20260727_full_mkd2\Корпус 2.2\х120_POZD_WEB_K2-2_s7_et3,5_6.png","D:\AI\AITRASH\workspaces\project - Изменение масштаба для планировок квартир\09_outputs\_diagnostics\full_20260727_full_mkd2\details\199_POZD_WEB_K2-2_s7_et3,5_6_attempt1.json","D:\AI\AITRASH\workspaces\project - Изменение масштаба для планировок квартир\09_outputs\_diagnostics\full_20260727_full_mkd2\verify_details\199_POZD_WEB_K2-2_s7_et3,5_6_verify_attempt1.json","Независимая проверка AI/PNG/SHA-256 пройдена."
"195_214_20260727_142924","200","OK","Корпус 2.2/POZD_WEB_K2-2_s7_et3,6_2.ai","170","OK","true","1","1200","1200","600","600","true","939","0","1903","1903","10","10","true","true","true","true","true","True","1200","1200","True","937578","502422","True","True","True","True","True","D:\AI\AITRASH\workspaces\project - Изменение масштаба для планировок квартир\09_outputs\_full_wip\20260727_full_mkd2\Корпус 2.2\х170_POZD_WEB_K2-2_s7_et3,6_2.ai","D:\AI\AITRASH\workspaces\project - Изменение масштаба для планировок квартир\09_outputs\_full_wip\20260727_full_mkd2\Корпус 2.2\х170_POZD_WEB_K2-2_s7_et3,6_2.png","D:\AI\AITRASH\workspaces\project - Изменение масштаба для планировок квартир\09_outputs\_diagnostics\full_20260727_full_mkd2\details\200_POZD_WEB_K2-2_s7_et3,6_2_attempt1.json","D:\AI\AITRASH\workspaces\project - Изменение масштаба для планировок квартир\09_outputs\_diagnostics\full_20260727_full_mkd2\verify_details\200_POZD_WEB_K2-2_s7_et3,6_2_verify_attempt1.json","Независимая проверка AI/PNG/SHA-256 пройдена."
"195_214_20260727_142924","201","OK","Корпус 2.2/POZD_WEB_K2-2_s7_et4_2.ai","170","OK","true","1","1200","1200","600","600","true","958","0","1949","1949","11","11","true","true","true","true","true","True","1200","1200","True","925392","514608","True","True","True","True","True","D:\AI\AITRASH\workspaces\project - Изменение масштаба для планировок квартир\09_outputs\_full_wip\20260727_full_mkd2\Корпус 2.2\х170_POZD_WEB_K2-2_s7_et4_2.ai","D:\AI\AITRASH\workspaces\project - Изменение масштаба для планировок квартир\09_outputs\_full_wip\20260727_full_mkd2\Корпус 2.2\х170_POZD_WEB_K2-2_s7_et4_2.png","D:\AI\AITRASH\workspaces\project - Изменение масштаба для планировок квартир\09_outputs\_diagnostics\full_20260727_full_mkd2\details\201_POZD_WEB_K2-2_s7_et4_2_attempt1.json","D:\AI\AITRASH\workspaces\project - Изменение масштаба для планировок квартир\09_outputs\_diagnostics\full_20260727_full_mkd2\verify_details\201_POZD_WEB_K2-2_s7_et4_2_verify_attempt1.json","Независимая проверка AI/PNG/SHA-256 пройдена."
"195_214_20260727_142924","202","OK","Корпус 2.2/POZD_WEB_K2-2_s7_et4_3.ai","170","OK","true","1","1200","1200","600","600.000001","true","1208","0","2448","2448","11","11","true","true","true","true","true","True","1200","1200","True","810328","629672","True","True","True","True","True","D:\AI\AITRASH\workspaces\project - Изменение масштаба для планировок квартир\09_outputs\_full_wip\20260727_full_mkd2\Корпус 2.2\х170_POZD_WEB_K2-2_s7_et4_3.ai","D:\AI\AITRASH\workspaces\project - Изменение масштаба для планировок квартир\09_outputs\_full_wip\20260727_full_mkd2\Корпус 2.2\х170_POZD_WEB_K2-2_s7_et4_3.png","D:\AI\AITRASH\workspaces\project - Изменение масштаба для планировок квартир\09_outputs\_diagnostics\full_20260727_full_mkd2\details\202_POZD_WEB_K2-2_s7_et4_3_attempt1.json","D:\AI\AITRASH\workspaces\project - Изменение масштаба для планировок квартир\09_outputs\_diagnostics\full_20260727_full_mkd2\verify_details\202_POZD_WEB_K2-2_s7_et4_3_verify_attempt1.json","Независимая проверка AI/PNG/SHA-256 пройдена."
"195_214_20260727_142924","203","OK","Корпус 2.2/POZD_WEB_K2-2_s7_et4_4.ai","170","OK","true","1","1200","1200","600","600","true","1213","0","2454","2454","10","10","true","true","true","true","true","True","1200","1200","True","784970","655030","True","True","True","True","True","D:\AI\AITRASH\workspaces\project - Изменение масштаба для планировок квартир\09_outputs\_full_wip\20260727_full_mkd2\Корпус 2.2\х170_POZD_WEB_K2-2_s7_et4_4.ai","D:\AI\AITRASH\workspaces\project - Изменение масштаба для планировок квартир\09_outputs\_full_wip\20260727_full_mkd2\Корпус 2.2\х170_POZD_WEB_K2-2_s7_et4_4.png","D:\AI\AITRASH\workspaces\project - Изменение масштаба для планировок квартир\09_outputs\_diagnostics\full_20260727_full_mkd2\details\203_POZD_WEB_K2-2_s7_et4_4_attempt1.json","D:\AI\AITRASH\workspaces\project - Изменение масштаба для планировок квартир\09_outputs\_diagnostics\full_20260727_full_mkd2\verify_details\203_POZD_WEB_K2-2_s7_et4_4_verify_attempt1.json","Независимая проверка AI/PNG/SHA-256 пройдена."
"195_214_20260727_142924","204","OK","Корпус 2.2/POZD_WEB_K2-2_s7_et4_5.ai","170","OK","true","1","1200","1200","600","600","true","1282","0","2595","2595","11","11","true","true","true","true","true","True","1200","1200","True","771377","668623","True","True","True","True","True","D:\AI\AITRASH\workspaces\project - Изменение масштаба для планировок квартир\09_outputs\_full_wip\20260727_full_mkd2\Корпус 2.2\х170_POZD_WEB_K2-2_s7_et4_5.ai","D:\AI\AITRASH\workspaces\project - Изменение масштаба для планировок квартир\09_outputs\_full_wip\20260727_full_mkd2\Корпус 2.2\х170_POZD_WEB_K2-2_s7_et4_5.png","D:\AI\AITRASH\workspaces\project - Изменение масштаба для планировок квартир\09_outputs\_diagnostics\full_20260727_full_mkd2\details\204_POZD_WEB_K2-2_s7_et4_5_attempt1.json","D:\AI\AITRASH\workspaces\project - Изменение масштаба для планировок квартир\09_outputs\_diagnostics\full_20260727_full_mkd2\verify_details\204_POZD_WEB_K2-2_s7_et4_5_verify_attempt1.json","Независимая проверка AI/PNG/SHA-256 пройдена."
"195_214_20260727_142924","205","OK","Корпус 2.2/POZD_WEB_K2-2_s7_et4_6.ai","120","OK","true","1","1200","1200","600","600","true","1672","0","3387","3387","11","11","true","true","true","true","true","True","1200","1200","True","982290","457710","True","True","True","True","True","D:\AI\AITRASH\workspaces\project - Изменение масштаба для планировок квартир\09_outputs\_full_wip\20260727_full_mkd2\Корпус 2.2\х120_POZD_WEB_K2-2_s7_et4_6.ai","D:\AI\AITRASH\workspaces\project - Изменение масштаба для планировок квартир\09_outputs\_full_wip\20260727_full_mkd2\Корпус 2.2\х120_POZD_WEB_K2-2_s7_et4_6.png","D:\AI\AITRASH\workspaces\project - Изменение масштаба для планировок квартир\09_outputs\_diagnostics\full_20260727_full_mkd2\details\205_POZD_WEB_K2-2_s7_et4_6_attempt1.json","D:\AI\AITRASH\workspaces\project - Изменение масштаба для планировок квартир\09_outputs\_diagnostics\full_20260727_full_mkd2\verify_details\205_POZD_WEB_K2-2_s7_et4_6_verify_attempt1.json","Независимая проверка AI/PNG/SHA-256 пройдена."
"195_214_20260727_142924","206","OK","Корпус 2.2/POZD_WEB_K2-2_s7_et6_1.ai","170","OK","true","1","1200","1200","600","600","true","947","0","1918","1918","11","11","true","true","true","true","true","True","1200","1200","True","928909","511091","True","True","True","True","True","D:\AI\AITRASH\workspaces\project - Изменение масштаба для планировок квартир\09_outputs\_full_wip\20260727_full_mkd2\Корпус 2.2\х170_POZD_WEB_K2-2_s7_et6_1.ai","D:\AI\AITRASH\workspaces\project - Изменение масштаба для планировок квартир\09_outputs\_full_wip\20260727_full_mkd2\Корпус 2.2\х170_POZD_WEB_K2-2_s7_et6_1.png","D:\AI\AITRASH\workspaces\project - Изменение масштаба для планировок квартир\09_outputs\_diagnostics\full_20260727_full_mkd2\details\206_POZD_WEB_K2-2_s7_et6_1_attempt1.json","D:\AI\AITRASH\workspaces\project - Изменение масштаба для планировок квартир\09_outputs\_diagnostics\full_20260727_full_mkd2\verify_details\206_POZD_WEB_K2-2_s7_et6_1_verify_attempt1.json","Независимая проверка AI/PNG/SHA-256 пройдена."
"195_214_20260727_142924","207","OK","Корпус 2.2/POZD_WEB_K2-2_s7_et6_3.ai","170","OK","true","1","1200","1200","600","600.000001","true","1192","0","2408","2408","10","10","true","true","true","true","true","True","1200","1200","True","826066","613934","True","True","True","True","True","D:\AI\AITRASH\workspaces\project - Изменение масштаба для планировок квартир\09_outputs\_full_wip\20260727_full_mkd2\Корпус 2.2\х170_POZD_WEB_K2-2_s7_et6_3.ai","D:\AI\AITRASH\workspaces\project - Изменение масштаба для планировок квартир\09_outputs\_full_wip\20260727_full_mkd2\Корпус 2.2\х170_POZD_WEB_K2-2_s7_et6_3.png","D:\AI\AITRASH\workspaces\project - Изменение масштаба для планировок квартир\09_outputs\_diagnostics\full_20260727_full_mkd2\details\207_POZD_WEB_K2-2_s7_et6_3_attempt1.json","D:\AI\AITRASH\workspaces\project - Изменение масштаба для планировок квартир\09_outputs\_diagnostics\full_20260727_full_mkd2\verify_details\207_POZD_WEB_K2-2_s7_et6_3_verify_attempt1.json","Независимая проверка AI/PNG/SHA-256 пройдена."
"195_214_20260727_142924","208","OK","Корпус 2.2/POZD_WEB_K2-2_s7_et6_5.ai","170","OK","true","1","1200","1200","600","600","true","1319","0","2675","2675","13","13","true","true","true","true","true","True","1200","1200","True","774406","665594","True","True","True","True","True","D:\AI\AITRASH\workspaces\project - Изменение масштаба для планировок квартир\09_outputs\_full_wip\20260727_full_mkd2\Корпус 2.2\х170_POZD_WEB_K2-2_s7_et6_5.ai","D:\AI\AITRASH\workspaces\project - Изменение масштаба для планировок квартир\09_outputs\_full_wip\20260727_full_mkd2\Корпус 2.2\х170_POZD_WEB_K2-2_s7_et6_5.png","D:\AI\AITRASH\workspaces\project - Изменение масштаба для планировок квартир\09_outputs\_diagnostics\full_20260727_full_mkd2\details\208_POZD_WEB_K2-2_s7_et6_5_attempt1.json","D:\AI\AITRASH\workspaces\project - Изменение масштаба для планировок квартир\09_outputs\_diagnostics\full_20260727_full_mkd2\verify_details\208_POZD_WEB_K2-2_s7_et6_5_verify_attempt1.json","Независимая проверка AI/PNG/SHA-256 пройдена."
"195_214_20260727_142924","209","OK","Корпус 2.2/POZD_WEB_K2-2_s7_et6_6.ai","120","OK","true","1","1200","1200","600","600","true","1674","0","3397","3397","12","12","true","true","true","true","true","True","1200","1200","True","973764","466236","True","True","True","True","True","D:\AI\AITRASH\workspaces\project - Изменение масштаба для планировок квартир\09_outputs\_full_wip\20260727_full_mkd2\Корпус 2.2\х120_POZD_WEB_K2-2_s7_et6_6.ai","D:\AI\AITRASH\workspaces\project - Изменение масштаба для планировок квартир\09_outputs\_full_wip\20260727_full_mkd2\Корпус 2.2\х120_POZD_WEB_K2-2_s7_et6_6.png","D:\AI\AITRASH\workspaces\project - Изменение масштаба для планировок квартир\09_outputs\_diagnostics\full_20260727_full_mkd2\details\209_POZD_WEB_K2-2_s7_et6_6_attempt1.json","D:\AI\AITRASH\workspaces\project - Изменение масштаба для планировок квартир\09_outputs\_diagnostics\full_20260727_full_mkd2\verify_details\209_POZD_WEB_K2-2_s7_et6_6_verify_attempt1.json","Независимая проверка AI/PNG/SHA-256 пройдена."
"195_214_20260727_142924","210","OK","Корпус 2.3/POZD_WEB_K2-3_s10_et1_1.ai","170","OK","true","1","1200","1200","600","600","true","1274","0","2579","2579","10","10","true","true","true","true","true","True","1200","1200","True","810010","629990","True","True","True","True","True","D:\AI\AITRASH\workspaces\project - Изменение масштаба для планировок квартир\09_outputs\_full_wip\20260727_full_mkd2\Корпус 2.3\х170_POZD_WEB_K2-3_s10_et1_1.ai","D:\AI\AITRASH\workspaces\project - Изменение масштаба для планировок квартир\09_outputs\_full_wip\20260727_full_mkd2\Корпус 2.3\х170_POZD_WEB_K2-3_s10_et1_1.png","D:\AI\AITRASH\workspaces\project - Изменение масштаба для планировок квартир\09_outputs\_diagnostics\full_20260727_full_mkd2\details\210_POZD_WEB_K2-3_s10_et1_1_attempt1.json","D:\AI\AITRASH\workspaces\project - Изменение масштаба для планировок квартир\09_outputs\_diagnostics\full_20260727_full_mkd2\verify_details\210_POZD_WEB_K2-3_s10_et1_1_verify_attempt1.json","Независимая проверка AI/PNG/SHA-256 пройдена."
"195_214_20260727_142924","211","OK","Корпус 2.3/POZD_WEB_K2-3_s10_et1_2.ai","150","OK","true","1","1200","1200","600","600","true","1705","0","3437","3437","10","10","true","true","true","true","true","True","1200","1200","True","657628","782372","True","True","True","True","True","D:\AI\AITRASH\workspaces\project - Изменение масштаба для планировок квартир\09_outputs\_full_wip\20260727_full_mkd2\Корпус 2.3\х150_POZD_WEB_K2-3_s10_et1_2.ai","D:\AI\AITRASH\workspaces\project - Изменение масштаба для планировок квартир\09_outputs\_full_wip\20260727_full_mkd2\Корпус 2.3\х150_POZD_WEB_K2-3_s10_et1_2.png","D:\AI\AITRASH\workspaces\project - Изменение масштаба для планировок квартир\09_outputs\_diagnostics\full_20260727_full_mkd2\details\211_POZD_WEB_K2-3_s10_et1_2_attempt1.json","D:\AI\AITRASH\workspaces\project - Изменение масштаба для планировок квартир\09_outputs\_diagnostics\full_20260727_full_mkd2\verify_details\211_POZD_WEB_K2-3_s10_et1_2_verify_attempt1.json","Независимая проверка AI/PNG/SHA-256 пройдена."
"195_214_20260727_142924","212","OK","Корпус 2.3/POZD_WEB_K2-3_s10_et1_3.ai","110","OK","true","1","1200","1200","600","600","true","2134","0","4317","4317","14","14","true","true","true","true","true","True","1200","1200","True","1095966","344034","True","True","True","True","True","D:\AI\AITRASH\workspaces\project - Изменение масштаба для планировок квартир\09_outputs\_full_wip\20260727_full_mkd2\Корпус 2.3\х110_POZD_WEB_K2-3_s10_et1_3.ai","D:\AI\AITRASH\workspaces\project - Изменение масштаба для планировок квартир\09_outputs\_full_wip\20260727_full_mkd2\Корпус 2.3\х110_POZD_WEB_K2-3_s10_et1_3.png","D:\AI\AITRASH\workspaces\project - Изменение масштаба для планировок квартир\09_outputs\_diagnostics\full_20260727_full_mkd2\details\212_POZD_WEB_K2-3_s10_et1_3_attempt1.json","D:\AI\AITRASH\workspaces\project - Изменение масштаба для планировок квартир\09_outputs\_diagnostics\full_20260727_full_mkd2\verify_details\212_POZD_WEB_K2-3_s10_et1_3_verify_attempt1.json","Независимая проверка AI/PNG/SHA-256 пройдена."
"195_214_20260727_142924","213","OK","Корпус 2.3/POZD_WEB_K2-3_s10_et2,6_1.ai","200","OK","true","1","1200","1200","600","600","true","895","0","2006","2006","11","11","true","true","true","true","true","True","1200","1200","True","747288","692712","True","True","True","True","True","D:\AI\AITRASH\workspaces\project - Изменение масштаба для планировок квартир\09_outputs\_full_wip\20260727_full_mkd2\Корпус 2.3\х200_POZD_WEB_K2-3_s10_et2,6_1.ai","D:\AI\AITRASH\workspaces\project - Изменение масштаба для планировок квартир\09_outputs\_full_wip\20260727_full_mkd2\Корпус 2.3\х200_POZD_WEB_K2-3_s10_et2,6_1.png","D:\AI\AITRASH\workspaces\project - Изменение масштаба для планировок квартир\09_outputs\_diagnostics\full_20260727_full_mkd2\details\213_POZD_WEB_K2-3_s10_et2,6_1_attempt1.json","D:\AI\AITRASH\workspaces\project - Изменение масштаба для планировок квартир\09_outputs\_diagnostics\full_20260727_full_mkd2\verify_details\213_POZD_WEB_K2-3_s10_et2,6_1_verify_attempt1.json","Независимая проверка AI/PNG/SHA-256 пройдена."
"195_214_20260727_142924","214","OK","Корпус 2.3/POZD_WEB_K2-3_s10_et2,6_2.ai","200","OK","true","1","1200","1200","600","600","true","681","0","1389","1389","11","11","true","true","true","true","true","True","1200","1200","True","971106","468894","True","True","True","True","True","D:\AI\AITRASH\workspaces\project - Изменение масштаба для планировок квартир\09_outputs\_full_wip\20260727_full_mkd2\Корпус 2.3\х200_POZD_WEB_K2-3_s10_et2,6_2.ai","D:\AI\AITRASH\workspaces\project - Изменение масштаба для планировок квартир\09_outputs\_full_wip\20260727_full_mkd2\Корпус 2.3\х200_POZD_WEB_K2-3_s10_et2,6_2.png","D:\AI\AITRASH\workspaces\project - Изменение масштаба для планировок квартир\09_outputs\_diagnostics\full_20260727_full_mkd2\details\214_POZD_WEB_K2-3_s10_et2,6_2_attempt1.json","D:\AI\AITRASH\workspaces\project - Изменение масштаба для планировок квартир\09_outputs\_diagnostics\full_20260727_full_mkd2\verify_details\214_POZD_WEB_K2-3_s10_et2,6_2_verify_attempt1.json","Независимая проверка AI/PNG/SHA-256 пройдена."
"215_235_20260727_144422","215","OK","Корпус 2.3/POZD_WEB_K2-3_s10_et2_3.ai","170","OK","true","1","1200","1200","600","600","true","1227","0","2491","2491","11","11","true","true","true","true","true","True","1200","1200","True","788961","651039","True","True","True","True","True","D:\AI\AITRASH\workspaces\project - Изменение масштаба для планировок квартир\09_outputs\_full_wip\20260727_full_mkd2\Корпус 2.3\х170_POZD_WEB_K2-3_s10_et2_3.ai","D:\AI\AITRASH\workspaces\project - Изменение масштаба для планировок квартир\09_outputs\_full_wip\20260727_full_mkd2\Корпус 2.3\х170_POZD_WEB_K2-3_s10_et2_3.png","D:\AI\AITRASH\workspaces\project - Изменение масштаба для планировок квартир\09_outputs\_diagnostics\full_20260727_full_mkd2\details\215_POZD_WEB_K2-3_s10_et2_3_attempt1.json","D:\AI\AITRASH\workspaces\project - Изменение масштаба для планировок квартир\09_outputs\_diagnostics\full_20260727_full_mkd2\verify_details\215_POZD_WEB_K2-3_s10_et2_3_verify_attempt1.json","Независимая проверка AI/PNG/SHA-256 пройдена."
"215_235_20260727_144422","216","OK","Корпус 2.3/POZD_WEB_K2-3_s10_et2_4.ai","170","OK","true","1","1200","1200","600","600","true","1257","0","2546","2546","11","11","true","true","true","true","true","True","1200","1200","True","795901","644099","True","True","True","True","True","D:\AI\AITRASH\workspaces\project - Изменение масштаба для планировок квартир\09_outputs\_full_wip\20260727_full_mkd2\Корпус 2.3\х170_POZD_WEB_K2-3_s10_et2_4.ai","D:\AI\AITRASH\workspaces\project - Изменение масштаба для планировок квартир\09_outputs\_full_wip\20260727_full_mkd2\Корпус 2.3\х170_POZD_WEB_K2-3_s10_et2_4.png","D:\AI\AITRASH\workspaces\project - Изменение масштаба для планировок квартир\09_outputs\_diagnostics\full_20260727_full_mkd2\details\216_POZD_WEB_K2-3_s10_et2_4_attempt1.json","D:\AI\AITRASH\workspaces\project - Изменение масштаба для планировок квартир\09_outputs\_diagnostics\full_20260727_full_mkd2\verify_details\216_POZD_WEB_K2-3_s10_et2_4_verify_attempt1.json","Независимая проверка AI/PNG/SHA-256 пройдена."
"215_235_20260727_144422","217","OK","Корпус 2.3/POZD_WEB_K2-3_s10_et2_5.ai","120","OK","true","1","1200","1200","600","600.000044","true","1753","0","3538","3538","13","13","true","true","true","true","true","True","1200","1200","True","924101","515899","True","True","True","True","True","D:\AI\AITRASH\workspaces\project - Изменение масштаба для планировок квартир\09_outputs\_full_wip\20260727_full_mkd2\Корпус 2.3\х120_POZD_WEB_K2-3_s10_et2_5.ai","D:\AI\AITRASH\workspaces\project - Изменение масштаба для планировок квартир\09_outputs\_full_wip\20260727_full_mkd2\Корпус 2.3\х120_POZD_WEB_K2-3_s10_et2_5.png","D:\AI\AITRASH\workspaces\project - Изменение масштаба для планировок квартир\09_outputs\_diagnostics\full_20260727_full_mkd2\details\217_POZD_WEB_K2-3_s10_et2_5_attempt1.json","D:\AI\AITRASH\workspaces\project - Изменение масштаба для планировок квартир\09_outputs\_diagnostics\full_20260727_full_mkd2\verify_details\217_POZD_WEB_K2-3_s10_et2_5_verify_attempt1.json","Независимая проверка AI/PNG/SHA-256 пройдена."
"215_235_20260727_144422","218","OK","Корпус 2.3/POZD_WEB_K2-3_s10_et2_6.ai","120","OK","true","1","1200","1200","600","600","true","1473","0","2981","2981","11","11","true","true","true","true","true","True","1200","1200","True","1044932","395068","True","True","True","True","True","D:\AI\AITRASH\workspaces\project - Изменение масштаба для планировок квартир\09_outputs\_full_wip\20260727_full_mkd2\Корпус 2.3\х120_POZD_WEB_K2-3_s10_et2_6.ai","D:\AI\AITRASH\workspaces\project - Изменение масштаба для планировок квартир\09_outputs\_full_wip\20260727_full_mkd2\Корпус 2.3\х120_POZD_WEB_K2-3_s10_et2_6.png","D:\AI\AITRASH\workspaces\project - Изменение масштаба для планировок квартир\09_outputs\_diagnostics\full_20260727_full_mkd2\details\218_POZD_WEB_K2-3_s10_et2_6_attempt1.json","D:\AI\AITRASH\workspaces\project - Изменение масштаба для планировок квартир\09_outputs\_diagnostics\full_20260727_full_mkd2\verify_details\218_POZD_WEB_K2-3_s10_et2_6_verify_attempt1.json","Независимая проверка AI/PNG/SHA-256 пройдена."
"215_235_20260727_144422","219","OK","Корпус 2.3/POZD_WEB_K2-3_s10_et3,5_1.ai","200","OK","true","1","1200","1200","600","600","true","1006","0","2032","2032","10","10","true","true","true","true","true","True","1200","1200","True","745957","694043","True","True","True","True","True","D:\AI\AITRASH\workspaces\project - Изменение масштаба для планировок квартир\09_outputs\_full_wip\20260727_full_mkd2\Корпус 2.3\х200_POZD_WEB_K2-3_s10_et3,5_1.ai","D:\AI\AITRASH\workspaces\project - Изменение масштаба для планировок квартир\09_outputs\_full_wip\20260727_full_mkd2\Корпус 2.3\х200_POZD_WEB_K2-3_s10_et3,5_1.png","D:\AI\AITRASH\workspaces\project - Изменение масштаба для планировок квартир\09_outputs\_diagnostics\full_20260727_full_mkd2\details\219_POZD_WEB_K2-3_s10_et3,5_1_attempt1.json","D:\AI\AITRASH\workspaces\project - Изменение масштаба для планировок квартир\09_outputs\_diagnostics\full_20260727_full_mkd2\verify_details\219_POZD_WEB_K2-3_s10_et3,5_1_verify_attempt1.json","Независимая проверка AI/PNG/SHA-256 пройдена."
"215_235_20260727_144422","220","OK","Корпус 2.3/POZD_WEB_K2-3_s10_et3,5_2.ai","200","OK","true","1","1200","1200","600","600","true","678","0","1381","1381","10","10","true","true","true","true","true","True","1200","1200","True","987530","452470","True","True","True","True","True","D:\AI\AITRASH\workspaces\project - Изменение масштаба для планировок квартир\09_outputs\_full_wip\20260727_full_mkd2\Корпус 2.3\х200_POZD_WEB_K2-3_s10_et3,5_2.ai","D:\AI\AITRASH\workspaces\project - Изменение масштаба для планировок квартир\09_outputs\_full_wip\20260727_full_mkd2\Корпус 2.3\х200_POZD_WEB_K2-3_s10_et3,5_2.png","D:\AI\AITRASH\workspaces\project - Изменение масштаба для планировок квартир\09_outputs\_diagnostics\full_20260727_full_mkd2\details\220_POZD_WEB_K2-3_s10_et3,5_2_attempt1.json","D:\AI\AITRASH\workspaces\project - Изменение масштаба для планировок квартир\09_outputs\_diagnostics\full_20260727_full_mkd2\verify_details\220_POZD_WEB_K2-3_s10_et3,5_2_verify_attempt1.json","Независимая проверка AI/PNG/SHA-256 пройдена."
"215_235_20260727_144422","221","OK","Корпус 2.3/POZD_WEB_K2-3_s10_et3,5_4.ai","170","OK","true","1","1200","1200","600","600","true","1249","0","2527","2527","10","10","true","true","true","true","true","True","1200","1200","True","810031","629969","True","True","True","True","True","D:\AI\AITRASH\workspaces\project - Изменение масштаба для планировок квартир\09_outputs\_full_wip\20260727_full_mkd2\Корпус 2.3\х170_POZD_WEB_K2-3_s10_et3,5_4.ai","D:\AI\AITRASH\workspaces\project - Изменение масштаба для планировок квартир\09_outputs\_full_wip\20260727_full_mkd2\Корпус 2.3\х170_POZD_WEB_K2-3_s10_et3,5_4.png","D:\AI\AITRASH\workspaces\project - Изменение масштаба для планировок квартир\09_outputs\_diagnostics\full_20260727_full_mkd2\details\221_POZD_WEB_K2-3_s10_et3,5_4_attempt1.json","D:\AI\AITRASH\workspaces\project - Изменение масштаба для планировок квартир\09_outputs\_diagnostics\full_20260727_full_mkd2\verify_details\221_POZD_WEB_K2-3_s10_et3,5_4_verify_attempt1.json","Независимая проверка AI/PNG/SHA-256 пройдена."
"215_235_20260727_144422","222","OK","Корпус 2.3/POZD_WEB_K2-3_s10_et3,5_6.ai","120","OK","true","1","1200","1200","600","600","true","1449","0","2927","2927","10","10","true","true","true","true","true","True","1200","1200","True","1053583","386417","True","True","True","True","True","D:\AI\AITRASH\workspaces\project - Изменение масштаба для планировок квартир\09_outputs\_full_wip\20260727_full_mkd2\Корпус 2.3\х120_POZD_WEB_K2-3_s10_et3,5_6.ai","D:\AI\AITRASH\workspaces\project - Изменение масштаба для планировок квартир\09_outputs\_full_wip\20260727_full_mkd2\Корпус 2.3\х120_POZD_WEB_K2-3_s10_et3,5_6.png","D:\AI\AITRASH\workspaces\project - Изменение масштаба для планировок квартир\09_outputs\_diagnostics\full_20260727_full_mkd2\details\222_POZD_WEB_K2-3_s10_et3,5_6_attempt1.json","D:\AI\AITRASH\workspaces\project - Изменение масштаба для планировок квартир\09_outputs\_diagnostics\full_20260727_full_mkd2\verify_details\222_POZD_WEB_K2-3_s10_et3,5_6_verify_attempt1.json","Независимая проверка AI/PNG/SHA-256 пройдена."
"215_235_20260727_144422","223","OK","Корпус 2.3/POZD_WEB_K2-3_s10_et3_3.ai","170","OK","true","1","1200","1200","600","600","true","1195","0","2420","2420","10","10","true","true","true","true","true","True","1200","1200","True","800855","639145","True","True","True","True","True","D:\AI\AITRASH\workspaces\project - Изменение масштаба для планировок квартир\09_outputs\_full_wip\20260727_full_mkd2\Корпус 2.3\х170_POZD_WEB_K2-3_s10_et3_3.ai","D:\AI\AITRASH\workspaces\project - Изменение масштаба для планировок квартир\09_outputs\_full_wip\20260727_full_mkd2\Корпус 2.3\х170_POZD_WEB_K2-3_s10_et3_3.png","D:\AI\AITRASH\workspaces\project - Изменение масштаба для планировок квартир\09_outputs\_diagnostics\full_20260727_full_mkd2\details\223_POZD_WEB_K2-3_s10_et3_3_attempt1.json","D:\AI\AITRASH\workspaces\project - Изменение масштаба для планировок квартир\09_outputs\_diagnostics\full_20260727_full_mkd2\verify_details\223_POZD_WEB_K2-3_s10_et3_3_verify_attempt1.json","Независимая проверка AI/PNG/SHA-256 пройдена."
"215_235_20260727_144422","224","OK","Корпус 2.3/POZD_WEB_K2-3_s10_et4_1.ai","170","OK","true","1","1200","1200","600","600","true","1019","0","2062","2062","11","11","true","true","true","true","true","True","1200","1200","True","920337","519663","True","True","True","True","True","D:\AI\AITRASH\workspaces\project - Изменение масштаба для планировок квартир\09_outputs\_full_wip\20260727_full_mkd2\Корпус 2.3\х170_POZD_WEB_K2-3_s10_et4_1.ai","D:\AI\AITRASH\workspaces\project - Изменение масштаба для планировок квартир\09_outputs\_full_wip\20260727_full_mkd2\Корпус 2.3\х170_POZD_WEB_K2-3_s10_et4_1.png","D:\AI\AITRASH\workspaces\project - Изменение масштаба для планировок квартир\09_outputs\_diagnostics\full_20260727_full_mkd2\details\224_POZD_WEB_K2-3_s10_et4_1_attempt1.json","D:\AI\AITRASH\workspaces\project - Изменение масштаба для планировок квартир\09_outputs\_diagnostics\full_20260727_full_mkd2\verify_details\224_POZD_WEB_K2-3_s10_et4_1_verify_attempt1.json","Независимая проверка AI/PNG/SHA-256 пройдена."
"215_235_20260727_144422","225","OK","Корпус 2.3/POZD_WEB_K2-3_s10_et4_2.ai","200","OK","true","1","1200","1200","600","600","true","678","0","1381","1381","10","10","true","true","true","true","true","True","1200","1200","True","990930","449070","True","True","True","True","True","D:\AI\AITRASH\workspaces\project - Изменение масштаба для планировок квартир\09_outputs\_full_wip\20260727_full_mkd2\Корпус 2.3\х200_POZD_WEB_K2-3_s10_et4_2.ai","D:\AI\AITRASH\workspaces\project - Изменение масштаба для планировок квартир\09_outputs\_full_wip\20260727_full_mkd2\Корпус 2.3\х200_POZD_WEB_K2-3_s10_et4_2.png","D:\AI\AITRASH\workspaces\project - Изменение масштаба для планировок квартир\09_outputs\_diagnostics\full_20260727_full_mkd2\details\225_POZD_WEB_K2-3_s10_et4_2_attempt1.json","D:\AI\AITRASH\workspaces\project - Изменение масштаба для планировок квартир\09_outputs\_diagnostics\full_20260727_full_mkd2\verify_details\225_POZD_WEB_K2-3_s10_et4_2_verify_attempt1.json","Независимая проверка AI/PNG/SHA-256 пройдена."
"215_235_20260727_144422","226","OK","Корпус 2.3/POZD_WEB_K2-3_s10_et4_3.ai","170","OK","true","1","1200","1200","600","600","true","1195","0","2420","2420","10","10","true","true","true","true","true","True","1200","1200","True","803175","636825","True","True","True","True","True","D:\AI\AITRASH\workspaces\project - Изменение масштаба для планировок квартир\09_outputs\_full_wip\20260727_full_mkd2\Корпус 2.3\х170_POZD_WEB_K2-3_s10_et4_3.ai","D:\AI\AITRASH\workspaces\project - Изменение масштаба для планировок квартир\09_outputs\_full_wip\20260727_full_mkd2\Корпус 2.3\х170_POZD_WEB_K2-3_s10_et4_3.png","D:\AI\AITRASH\workspaces\project - Изменение масштаба для планировок квартир\09_outputs\_diagnostics\full_20260727_full_mkd2\details\226_POZD_WEB_K2-3_s10_et4_3_attempt1.json","D:\AI\AITRASH\workspaces\project - Изменение масштаба для планировок квартир\09_outputs\_diagnostics\full_20260727_full_mkd2\verify_details\226_POZD_WEB_K2-3_s10_et4_3_verify_attempt1.json","Независимая проверка AI/PNG/SHA-256 пройдена."
"215_235_20260727_144422","227","OK","Корпус 2.3/POZD_WEB_K2-3_s10_et4_4.ai","170","OK","true","1","1200","1200","600","600","true","1333","0","2701","2701","12","12","true","true","true","true","true","True","1200","1200","True","796387","643613","True","True","True","True","True","D:\AI\AITRASH\workspaces\project - Изменение масштаба для планировок квартир\09_outputs\_full_wip\20260727_full_mkd2\Корпус 2.3\х170_POZD_WEB_K2-3_s10_et4_4.ai","D:\AI\AITRASH\workspaces\project - Изменение масштаба для планировок квартир\09_outputs\_full_wip\20260727_full_mkd2\Корпус 2.3\х170_POZD_WEB_K2-3_s10_et4_4.png","D:\AI\AITRASH\workspaces\project - Изменение масштаба для планировок квартир\09_outputs\_diagnostics\full_20260727_full_mkd2\details\227_POZD_WEB_K2-3_s10_et4_4_attempt1.json","D:\AI\AITRASH\workspaces\project - Изменение масштаба для планировок квартир\09_outputs\_diagnostics\full_20260727_full_mkd2\verify_details\227_POZD_WEB_K2-3_s10_et4_4_verify_attempt1.json","Независимая проверка AI/PNG/SHA-256 пройдена."
"215_235_20260727_144422","228","OK","Корпус 2.3/POZD_WEB_K2-3_s10_et4_5.ai","120","OK","true","1","1200","1200","600","600","true","1711","0","3451","3451","11","11","true","true","true","true","true","True","1200","1200","True","924017","515983","True","True","True","True","True","D:\AI\AITRASH\workspaces\project - Изменение масштаба для планировок квартир\09_outputs\_full_wip\20260727_full_mkd2\Корпус 2.3\х120_POZD_WEB_K2-3_s10_et4_5.ai","D:\AI\AITRASH\workspaces\project - Изменение масштаба для планировок квартир\09_outputs\_full_wip\20260727_full_mkd2\Корпус 2.3\х120_POZD_WEB_K2-3_s10_et4_5.png","D:\AI\AITRASH\workspaces\project - Изменение масштаба для планировок квартир\09_outputs\_diagnostics\full_20260727_full_mkd2\details\228_POZD_WEB_K2-3_s10_et4_5_attempt1.json","D:\AI\AITRASH\workspaces\project - Изменение масштаба для планировок квартир\09_outputs\_diagnostics\full_20260727_full_mkd2\verify_details\228_POZD_WEB_K2-3_s10_et4_5_verify_attempt1.json","Независимая проверка AI/PNG/SHA-256 пройдена."
"215_235_20260727_144422","229","OK","Корпус 2.3/POZD_WEB_K2-3_s10_et4_6.ai","120","OK","true","1","1200","1200","600","600","true","1438","0","2905","2905","10","10","true","true","true","true","true","True","1200","1200","True","1052897","387103","True","True","True","True","True","D:\AI\AITRASH\workspaces\project - Изменение масштаба для планировок квартир\09_outputs\_full_wip\20260727_full_mkd2\Корпус 2.3\х120_POZD_WEB_K2-3_s10_et4_6.ai","D:\AI\AITRASH\workspaces\project - Изменение масштаба для планировок квартир\09_outputs\_full_wip\20260727_full_mkd2\Корпус 2.3\х120_POZD_WEB_K2-3_s10_et4_6.png","D:\AI\AITRASH\workspaces\project - Изменение масштаба для планировок квартир\09_outputs\_diagnostics\full_20260727_full_mkd2\details\229_POZD_WEB_K2-3_s10_et4_6_attempt1.json","D:\AI\AITRASH\workspaces\project - Изменение масштаба для планировок квартир\09_outputs\_diagnostics\full_20260727_full_mkd2\verify_details\229_POZD_WEB_K2-3_s10_et4_6_verify_attempt1.json","Независимая проверка AI/PNG/SHA-256 пройдена."
"215_235_20260727_144422","230","OK","Корпус 2.3/POZD_WEB_K2-3_s10_et6_3.ai","170","OK","true","1","1200","1200","600","600","true","1208","0","2450","2450","11","11","true","true","true","true","true","True","1200","1200","True","788560","651440","True","True","True","True","True","D:\AI\AITRASH\workspaces\project - Изменение масштаба для планировок квартир\09_outputs\_full_wip\20260727_full_mkd2\Корпус 2.3\х170_POZD_WEB_K2-3_s10_et6_3.ai","D:\AI\AITRASH\workspaces\project - Изменение масштаба для планировок квартир\09_outputs\_full_wip\20260727_full_mkd2\Корпус 2.3\х170_POZD_WEB_K2-3_s10_et6_3.png","D:\AI\AITRASH\workspaces\project - Изменение масштаба для планировок квартир\09_outputs\_diagnostics\full_20260727_full_mkd2\details\230_POZD_WEB_K2-3_s10_et6_3_attempt1.json","D:\AI\AITRASH\workspaces\project - Изменение масштаба для планировок квартир\09_outputs\_diagnostics\full_20260727_full_mkd2\verify_details\230_POZD_WEB_K2-3_s10_et6_3_verify_attempt1.json","Независимая проверка AI/PNG/SHA-256 пройдена."
"215_235_20260727_144422","231","OK","Корпус 2.3/POZD_WEB_K2-3_s10_et6_4.ai","170","OK","true","1","1200","1200","600","600","true","1258","0","2550","2550","11","11","true","true","true","true","true","True","1200","1200","True","796516","643484","True","True","True","True","True","D:\AI\AITRASH\workspaces\project - Изменение масштаба для планировок квартир\09_outputs\_full_wip\20260727_full_mkd2\Корпус 2.3\х170_POZD_WEB_K2-3_s10_et6_4.ai","D:\AI\AITRASH\workspaces\project - Изменение масштаба для планировок квартир\09_outputs\_full_wip\20260727_full_mkd2\Корпус 2.3\х170_POZD_WEB_K2-3_s10_et6_4.png","D:\AI\AITRASH\workspaces\project - Изменение масштаба для планировок квартир\09_outputs\_diagnostics\full_20260727_full_mkd2\details\231_POZD_WEB_K2-3_s10_et6_4_attempt1.json","D:\AI\AITRASH\workspaces\project - Изменение масштаба для планировок квартир\09_outputs\_diagnostics\full_20260727_full_mkd2\verify_details\231_POZD_WEB_K2-3_s10_et6_4_verify_attempt1.json","Независимая проверка AI/PNG/SHA-256 пройдена."
"215_235_20260727_144422","232","OK","Корпус 2.3/POZD_WEB_K2-3_s10_et6_5.ai","200","OK","true","1","1200","1200","600","600","true","863","0","1747","1747","10","10","true","true","true","true","true","True","1200","1200","True","882791","557209","True","True","True","True","True","D:\AI\AITRASH\workspaces\project - Изменение масштаба для планировок квартир\09_outputs\_full_wip\20260727_full_mkd2\Корпус 2.3\х200_POZD_WEB_K2-3_s10_et6_5.ai","D:\AI\AITRASH\workspaces\project - Изменение масштаба для планировок квартир\09_outputs\_full_wip\20260727_full_mkd2\Корпус 2.3\х200_POZD_WEB_K2-3_s10_et6_5.png","D:\AI\AITRASH\workspaces\project - Изменение масштаба для планировок квартир\09_outputs\_diagnostics\full_20260727_full_mkd2\details\232_POZD_WEB_K2-3_s10_et6_5_attempt1.json","D:\AI\AITRASH\workspaces\project - Изменение масштаба для планировок квартир\09_outputs\_diagnostics\full_20260727_full_mkd2\verify_details\232_POZD_WEB_K2-3_s10_et6_5_verify_attempt1.json","Независимая проверка AI/PNG/SHA-256 пройдена."
"215_235_20260727_144422","234","OK","Корпус 2.3/POZD_WEB_K2-3_s11_et1_4.ai","170","OK","true","1","1200","1200","600","600","true","1742","0","3529","3529","14","14","true","true","true","true","true","True","1200","1200","True","836840","603160","True","True","True","True","True","D:\AI\AITRASH\workspaces\project - Изменение масштаба для планировок квартир\09_outputs\_full_wip\20260727_full_mkd2\Корпус 2.3\х170_POZD_WEB_K2-3_s11_et1_4.ai","D:\AI\AITRASH\workspaces\project - Изменение масштаба для планировок квартир\09_outputs\_full_wip\20260727_full_mkd2\Корпус 2.3\х170_POZD_WEB_K2-3_s11_et1_4.png","D:\AI\AITRASH\workspaces\project - Изменение масштаба для планировок квартир\09_outputs\_diagnostics\full_20260727_full_mkd2\details\234_POZD_WEB_K2-3_s11_et1_4_attempt1.json","D:\AI\AITRASH\workspaces\project - Изменение масштаба для планировок квартир\09_outputs\_diagnostics\full_20260727_full_mkd2\verify_details\234_POZD_WEB_K2-3_s11_et1_4_verify_attempt1.json","Независимая проверка AI/PNG/SHA-256 пройдена."
"215_235_20260727_144422","235","OK","Корпус 2.3/POZD_WEB_K2-3_s11_et1_5.ai","170","OK","true","1","1200","1200","600","600","true","1656","0","3343","3343","15","15","true","true","true","true","true","True","1200","1200","True","884478","555522","True","True","True","True","True","D:\AI\AITRASH\workspaces\project - Изменение масштаба для планировок квартир\09_outputs\_full_wip\20260727_full_mkd2\Корпус 2.3\х170_POZD_WEB_K2-3_s11_et1_5.ai","D:\AI\AITRASH\workspaces\project - Изменение масштаба для планировок квартир\09_outputs\_full_wip\20260727_full_mkd2\Корпус 2.3\х170_POZD_WEB_K2-3_s11_et1_5.png","D:\AI\AITRASH\workspaces\project - Изменение масштаба для планировок квартир\09_outputs\_diagnostics\full_20260727_full_mkd2\details\235_POZD_WEB_K2-3_s11_et1_5_attempt1.json","D:\AI\AITRASH\workspaces\project - Изменение масштаба для планировок квартир\09_outputs\_diagnostics\full_20260727_full_mkd2\verify_details\235_POZD_WEB_K2-3_s11_et1_5_verify_attempt1.json","Независимая проверка AI/PNG/SHA-256 пройдена."
"233_233_20260727_163031","233","OK","Корпус 2.3/POZD_WEB_K2-3_s10_et6_6.ai","100","OK","true","1","1200","1200","600","600","true","3830","0","7729","7729","16","16","true","true","true","true","true","True","1200","1200","True","964785","475215","True","True","True","True","True","D:\AI\AITRASH\workspaces\project - Изменение масштаба для планировок квартир\09_outputs\_full_wip\20260727_full_mkd2\Корпус 2.3\х100_POZD_WEB_K2-3_s10_et6_6.ai","D:\AI\AITRASH\workspaces\project - Изменение масштаба для планировок квартир\09_outputs\_full_wip\20260727_full_mkd2\Корпус 2.3\х100_POZD_WEB_K2-3_s10_et6_6.png","D:\AI\AITRASH\workspaces\project - Изменение масштаба для планировок квартир\09_outputs\_diagnostics\full_20260727_full_mkd2\details\233_POZD_WEB_K2-3_s10_et6_6_attempt2.json","D:\AI\AITRASH\workspaces\project - Изменение масштаба для планировок квартир\09_outputs\_diagnostics\full_20260727_full_mkd2\verify_details\233_POZD_WEB_K2-3_s10_et6_6_verify_attempt1.json","Независимая проверка AI/PNG/SHA-256 пройдена."
"233_384_20260727_113930","233","OK","Корпус 2.3/POZD_WEB_K2-3_s10_et6_6.ai","100","OK","true","1","1200","1200","600","600","true","3830","0","7729","7729","16","16","true","true","true","true","true","True","1200","1200","True","964785","475215","True","True","True","True","True","D:\AI\AITRASH\workspaces\project - Изменение масштаба для планировок квартир\09_outputs\_full_wip\20260727_full_mkd2\Корпус 2.3\х100_POZD_WEB_K2-3_s10_et6_6.ai","D:\AI\AITRASH\workspaces\project - Изменение масштаба для планировок квартир\09_outputs\_full_wip\20260727_full_mkd2\Корпус 2.3\х100_POZD_WEB_K2-3_s10_et6_6.png","D:\AI\AITRASH\workspaces\project - Изменение масштаба для планировок квартир\09_outputs\_diagnostics\full_20260727_full_mkd2\details\233_POZD_WEB_K2-3_s10_et6_6_attempt1.json","D:\AI\AITRASH\workspaces\project - Изменение масштаба для планировок квартир\09_outputs\_diagnostics\full_20260727_full_mkd2\verify_details\233_POZD_WEB_K2-3_s10_et6_6_verify.json","Независимая проверка AI/PNG/SHA-256 пройдена."
"233_384_20260727_113930","355","OK","Корпус 2.3/POZD_WEB_K2-3_s8_et3_3.ai","150","OK","true","1","1200","1200","600","600","true","1586","0","3197","3197","10","10","true","true","true","true","true","True","1200","1200","True","721080","718920","True","True","True","True","True","D:\AI\AITRASH\workspaces\project - Изменение масштаба для планировок квартир\09_outputs\_full_wip\20260727_full_mkd2\Корпус 2.3\х150_POZD_WEB_K2-3_s8_et3_3.ai","D:\AI\AITRASH\workspaces\project - Изменение масштаба для планировок квартир\09_outputs\_full_wip\20260727_full_mkd2\Корпус 2.3\х150_POZD_WEB_K2-3_s8_et3_3.png","D:\AI\AITRASH\workspaces\project - Изменение масштаба для планировок квартир\09_outputs\_diagnostics\full_20260727_full_mkd2\details\355_POZD_WEB_K2-3_s8_et3_3_attempt1.json","D:\AI\AITRASH\workspaces\project - Изменение масштаба для планировок квартир\09_outputs\_diagnostics\full_20260727_full_mkd2\verify_details\355_POZD_WEB_K2-3_s8_et3_3_verify.json","Независимая проверка AI/PNG/SHA-256 пройдена."
"233_384_20260727_113930","384","OK","Корпус 2.3/POZD_WEB_K2-3_s9_et5_5.ai","100","OK","true","1","1200","1200","600","600","true","2827","0","5709","5709","15","15","true","true","true","true","true","True","1200","1200","True","1006241","433759","True","True","True","True","True","D:\AI\AITRASH\workspaces\project - Изменение масштаба для планировок квартир\09_outputs\_full_wip\20260727_full_mkd2\Корпус 2.3\х100_POZD_WEB_K2-3_s9_et5_5.ai","D:\AI\AITRASH\workspaces\project - Изменение масштаба для планировок квартир\09_outputs\_full_wip\20260727_full_mkd2\Корпус 2.3\х100_POZD_WEB_K2-3_s9_et5_5.png","D:\AI\AITRASH\workspaces\project - Изменение масштаба для планировок квартир\09_outputs\_diagnostics\full_20260727_full_mkd2\details\384_POZD_WEB_K2-3_s9_et5_5_attempt1.json","D:\AI\AITRASH\workspaces\project - Изменение масштаба для планировок квартир\09_outputs\_diagnostics\full_20260727_full_mkd2\verify_details\384_POZD_WEB_K2-3_s9_et5_5_verify.json","Независимая проверка AI/PNG/SHA-256 пройдена."
"236_256_20260727_150010","236","OK","Корпус 2.3/POZD_WEB_K2-3_s11_et1_6.ai","200","OK","true","1","1200","1200","600","600","true","1985","0","4017","4017","14","14","true","true","true","true","true","True","1200","1200","True","697075","742925","True","True","True","True","True","D:\AI\AITRASH\workspaces\project - Изменение масштаба для планировок квартир\09_outputs\_full_wip\20260727_full_mkd2\Корпус 2.3\х200_POZD_WEB_K2-3_s11_et1_6.ai","D:\AI\AITRASH\workspaces\project - Изменение масштаба для планировок квартир\09_outputs\_full_wip\20260727_full_mkd2\Корпус 2.3\х200_POZD_WEB_K2-3_s11_et1_6.png","D:\AI\AITRASH\workspaces\project - Изменение масштаба для планировок квартир\09_outputs\_diagnostics\full_20260727_full_mkd2\details\236_POZD_WEB_K2-3_s11_et1_6_attempt1.json","D:\AI\AITRASH\workspaces\project - Изменение масштаба для планировок квартир\09_outputs\_diagnostics\full_20260727_full_mkd2\verify_details\236_POZD_WEB_K2-3_s11_et1_6_verify_attempt1.json","Независимая проверка AI/PNG/SHA-256 пройдена."
"236_256_20260727_150010","237","OK","Корпус 2.3/POZD_WEB_K2-3_s11_et1_7.ai","110","OK","true","1","1200","1200","600","600","true","2964","0","5998","5998","14","14","true","true","true","true","true","True","1200","1200","True","887334","552666","True","True","True","True","True","D:\AI\AITRASH\workspaces\project - Изменение масштаба для планировок квартир\09_outputs\_full_wip\20260727_full_mkd2\Корпус 2.3\х110_POZD_WEB_K2-3_s11_et1_7.ai","D:\AI\AITRASH\workspaces\project - Изменение масштаба для планировок квартир\09_outputs\_full_wip\20260727_full_mkd2\Корпус 2.3\х110_POZD_WEB_K2-3_s11_et1_7.png","D:\AI\AITRASH\workspaces\project - Изменение масштаба для планировок квартир\09_outputs\_diagnostics\full_20260727_full_mkd2\details\237_POZD_WEB_K2-3_s11_et1_7_attempt1.json","D:\AI\AITRASH\workspaces\project - Изменение масштаба для планировок квартир\09_outputs\_diagnostics\full_20260727_full_mkd2\verify_details\237_POZD_WEB_K2-3_s11_et1_7_verify_attempt1.json","Независимая проверка AI/PNG/SHA-256 пройдена."
"236_256_20260727_150010","238","OK","Корпус 2.3/POZD_WEB_K2-3_s11_et2,4_2.ai","200","OK","true","1","1200","1200","600","600","true","825","0","1658","1658","10","10","true","true","true","true","true","True","1200","1200","True","820382","619618","True","True","True","True","True","D:\AI\AITRASH\workspaces\project - Изменение масштаба для планировок квартир\09_outputs\_full_wip\20260727_full_mkd2\Корпус 2.3\х200_POZD_WEB_K2-3_s11_et2,4_2.ai","D:\AI\AITRASH\workspaces\project - Изменение масштаба для планировок квартир\09_outputs\_full_wip\20260727_full_mkd2\Корпус 2.3\х200_POZD_WEB_K2-3_s11_et2,4_2.png","D:\AI\AITRASH\workspaces\project - Изменение масштаба для планировок квартир\09_outputs\_diagnostics\full_20260727_full_mkd2\details\238_POZD_WEB_K2-3_s11_et2,4_2_attempt1.json","D:\AI\AITRASH\workspaces\project - Изменение масштаба для планировок квартир\09_outputs\_diagnostics\full_20260727_full_mkd2\verify_details\238_POZD_WEB_K2-3_s11_et2,4_2_verify_attempt1.json","Независимая проверка AI/PNG/SHA-256 пройдена."
"236_256_20260727_150010","239","OK","Корпус 2.3/POZD_WEB_K2-3_s11_et2,6_1.ai","120","OK","true","1","1200","1200","600","600","true","2006","0","4063","4063","12","12","true","true","true","true","true","True","1200","1200","True","843577","596423","True","True","True","True","True","D:\AI\AITRASH\workspaces\project - Изменение масштаба для планировок квартир\09_outputs\_full_wip\20260727_full_mkd2\Корпус 2.3\х120_POZD_WEB_K2-3_s11_et2,6_1.ai","D:\AI\AITRASH\workspaces\project - Изменение масштаба для планировок квартир\09_outputs\_full_wip\20260727_full_mkd2\Корпус 2.3\х120_POZD_WEB_K2-3_s11_et2,6_1.png","D:\AI\AITRASH\workspaces\project - Изменение масштаба для планировок квартир\09_outputs\_diagnostics\full_20260727_full_mkd2\details\239_POZD_WEB_K2-3_s11_et2,6_1_attempt1.json","D:\AI\AITRASH\workspaces\project - Изменение масштаба для планировок квартир\09_outputs\_diagnostics\full_20260727_full_mkd2\verify_details\239_POZD_WEB_K2-3_s11_et2,6_1_verify_attempt1.json","Независимая проверка AI/PNG/SHA-256 пройдена."
"236_256_20260727_150010","240","OK","Корпус 2.3/POZD_WEB_K2-3_s11_et2,6_4.ai","120","OK","true","1","1200","1200","600","600","true","2118","0","4277","4277","11","11","true","true","true","true","true","True","1200","1200","True","822696","617304","True","True","True","True","True","D:\AI\AITRASH\workspaces\project - Изменение масштаба для планировок квартир\09_outputs\_full_wip\20260727_full_mkd2\Корпус 2.3\х120_POZD_WEB_K2-3_s11_et2,6_4.ai","D:\AI\AITRASH\workspaces\project - Изменение масштаба для планировок квартир\09_outputs\_full_wip\20260727_full_mkd2\Корпус 2.3\х120_POZD_WEB_K2-3_s11_et2,6_4.png","D:\AI\AITRASH\workspaces\project - Изменение масштаба для планировок квартир\09_outputs\_diagnostics\full_20260727_full_mkd2\details\240_POZD_WEB_K2-3_s11_et2,6_4_attempt1.json","D:\AI\AITRASH\workspaces\project - Изменение масштаба для планировок квартир\09_outputs\_diagnostics\full_20260727_full_mkd2\verify_details\240_POZD_WEB_K2-3_s11_et2,6_4_verify_attempt1.json","Независимая проверка AI/PNG/SHA-256 пройдена."
"236_256_20260727_150010","241","OK","Корпус 2.3/POZD_WEB_K2-3_s11_et2_3.ai","200","OK","true","1","1200","1200","600","600","true","889","0","1788","1788","10","10","true","true","true","true","true","True","1200","1200","True","834201","605799","True","True","True","True","True","D:\AI\AITRASH\workspaces\project - Изменение масштаба для планировок квартир\09_outputs\_full_wip\20260727_full_mkd2\Корпус 2.3\х200_POZD_WEB_K2-3_s11_et2_3.ai","D:\AI\AITRASH\workspaces\project - Изменение масштаба для планировок квартир\09_outputs\_full_wip\20260727_full_mkd2\Корпус 2.3\х200_POZD_WEB_K2-3_s11_et2_3.png","D:\AI\AITRASH\workspaces\project - Изменение масштаба для планировок квартир\09_outputs\_diagnostics\full_20260727_full_mkd2\details\241_POZD_WEB_K2-3_s11_et2_3_attempt1.json","D:\AI\AITRASH\workspaces\project - Изменение масштаба для планировок квартир\09_outputs\_diagnostics\full_20260727_full_mkd2\verify_details\241_POZD_WEB_K2-3_s11_et2_3_verify_attempt1.json","Независимая проверка AI/PNG/SHA-256 пройдена."
"236_256_20260727_150010","242","OK","Корпус 2.3/POZD_WEB_K2-3_s11_et3,5_1.ai","120","OK","true","1","1200","1200","600","600","true","1981","0","4008","4008","11","11","true","true","true","true","true","True","1200","1200","True","850445","589555","True","True","True","True","True","D:\AI\AITRASH\workspaces\project - Изменение масштаба для планировок квартир\09_outputs\_full_wip\20260727_full_mkd2\Корпус 2.3\х120_POZD_WEB_K2-3_s11_et3,5_1.ai","D:\AI\AITRASH\workspaces\project - Изменение масштаба для планировок квартир\09_outputs\_full_wip\20260727_full_mkd2\Корпус 2.3\х120_POZD_WEB_K2-3_s11_et3,5_1.png","D:\AI\AITRASH\workspaces\project - Изменение масштаба для планировок квартир\09_outputs\_diagnostics\full_20260727_full_mkd2\details\242_POZD_WEB_K2-3_s11_et3,5_1_attempt1.json","D:\AI\AITRASH\workspaces\project - Изменение масштаба для планировок квартир\09_outputs\_diagnostics\full_20260727_full_mkd2\verify_details\242_POZD_WEB_K2-3_s11_et3,5_1_verify_attempt1.json","Независимая проверка AI/PNG/SHA-256 пройдена."
"236_256_20260727_150010","243","OK","Корпус 2.3/POZD_WEB_K2-3_s11_et3,5_2.ai","200","OK","true","1","1200","1200","600","600","true","832","0","1674","1674","10","10","true","true","true","true","true","True","1200","1200","True","819901","620099","True","True","True","True","True","D:\AI\AITRASH\workspaces\project - Изменение масштаба для планировок квартир\09_outputs\_full_wip\20260727_full_mkd2\Корпус 2.3\х200_POZD_WEB_K2-3_s11_et3,5_2.ai","D:\AI\AITRASH\workspaces\project - Изменение масштаба для планировок квартир\09_outputs\_full_wip\20260727_full_mkd2\Корпус 2.3\х200_POZD_WEB_K2-3_s11_et3,5_2.png","D:\AI\AITRASH\workspaces\project - Изменение масштаба для планировок квартир\09_outputs\_diagnostics\full_20260727_full_mkd2\details\243_POZD_WEB_K2-3_s11_et3,5_2_attempt1.json","D:\AI\AITRASH\workspaces\project - Изменение масштаба для планировок квартир\09_outputs\_diagnostics\full_20260727_full_mkd2\verify_details\243_POZD_WEB_K2-3_s11_et3,5_2_verify_attempt1.json","Независимая проверка AI/PNG/SHA-256 пройдена."
"236_256_20260727_150010","244","OK","Корпус 2.3/POZD_WEB_K2-3_s11_et3,5_3.ai","200","OK","true","1","1200","1200","600","600","true","885","0","1779","1779","10","10","true","true","true","true","true","True","1200","1200","True","835893","604107","True","True","True","True","True","D:\AI\AITRASH\workspaces\project - Изменение масштаба для планировок квартир\09_outputs\_full_wip\20260727_full_mkd2\Корпус 2.3\х200_POZD_WEB_K2-3_s11_et3,5_3.ai","D:\AI\AITRASH\workspaces\project - Изменение масштаба для планировок квартир\09_outputs\_full_wip\20260727_full_mkd2\Корпус 2.3\х200_POZD_WEB_K2-3_s11_et3,5_3.png","D:\AI\AITRASH\workspaces\project - Изменение масштаба для планировок квартир\09_outputs\_diagnostics\full_20260727_full_mkd2\details\244_POZD_WEB_K2-3_s11_et3,5_3_attempt1.json","D:\AI\AITRASH\workspaces\project - Изменение масштаба для планировок квартир\09_outputs\_diagnostics\full_20260727_full_mkd2\verify_details\244_POZD_WEB_K2-3_s11_et3,5_3_verify_attempt1.json","Независимая проверка AI/PNG/SHA-256 пройдена."
"236_256_20260727_150010","245","OK","Корпус 2.3/POZD_WEB_K2-3_s11_et3,5_4.ai","120","OK","true","1","1200","1200","600","600","true","2104","0","4245","4245","10","10","true","true","true","true","true","True","1200","1200","True","832061","607939","True","True","True","True","True","D:\AI\AITRASH\workspaces\project - Изменение масштаба для планировок квартир\09_outputs\_full_wip\20260727_full_mkd2\Корпус 2.3\х120_POZD_WEB_K2-3_s11_et3,5_4.ai","D:\AI\AITRASH\workspaces\project - Изменение масштаба для планировок квартир\09_outputs\_full_wip\20260727_full_mkd2\Корпус 2.3\х120_POZD_WEB_K2-3_s11_et3,5_4.png","D:\AI\AITRASH\workspaces\project - Изменение масштаба для планировок квартир\09_outputs\_diagnostics\full_20260727_full_mkd2\details\245_POZD_WEB_K2-3_s11_et3,5_4_attempt1.json","D:\AI\AITRASH\workspaces\project - Изменение масштаба для планировок квартир\09_outputs\_diagnostics\full_20260727_full_mkd2\verify_details\245_POZD_WEB_K2-3_s11_et3,5_4_verify_attempt1.json","Независимая проверка AI/PNG/SHA-256 пройдена."
"236_256_20260727_150010","246","OK","Корпус 2.3/POZD_WEB_K2-3_s11_et4_1.ai","110","OK","true","1","1200","1200","600","600","true","2009","0","4070","4070","12","12","true","true","true","true","true","True","1200","1200","True","932327","507673","True","True","True","True","True","D:\AI\AITRASH\workspaces\project - Изменение масштаба для планировок квартир\09_outputs\_full_wip\20260727_full_mkd2\Корпус 2.3\х110_POZD_WEB_K2-3_s11_et4_1.ai","D:\AI\AITRASH\workspaces\project - Изменение масштаба для планировок квартир\09_outputs\_full_wip\20260727_full_mkd2\Корпус 2.3\х110_POZD_WEB_K2-3_s11_et4_1.png","D:\AI\AITRASH\workspaces\project - Изменение масштаба для планировок квартир\09_outputs\_diagnostics\full_20260727_full_mkd2\details\246_POZD_WEB_K2-3_s11_et4_1_attempt1.json","D:\AI\AITRASH\workspaces\project - Изменение масштаба для планировок квартир\09_outputs\_diagnostics\full_20260727_full_mkd2\verify_details\246_POZD_WEB_K2-3_s11_et4_1_verify_attempt1.json","Независимая проверка AI/PNG/SHA-256 пройдена."
"236_256_20260727_150010","247","OK","Корпус 2.3/POZD_WEB_K2-3_s11_et4_3.ai","200","OK","true","1","1200","1200","600","600","true","902","0","1818","1818","11","11","true","true","true","true","true","True","1200","1200","True","815589","624411","True","True","True","True","True","D:\AI\AITRASH\workspaces\project - Изменение масштаба для планировок квартир\09_outputs\_full_wip\20260727_full_mkd2\Корпус 2.3\х200_POZD_WEB_K2-3_s11_et4_3.ai","D:\AI\AITRASH\workspaces\project - Изменение масштаба для планировок квартир\09_outputs\_full_wip\20260727_full_mkd2\Корпус 2.3\х200_POZD_WEB_K2-3_s11_et4_3.png","D:\AI\AITRASH\workspaces\project - Изменение масштаба для планировок квартир\09_outputs\_diagnostics\full_20260727_full_mkd2\details\247_POZD_WEB_K2-3_s11_et4_3_attempt1.json","D:\AI\AITRASH\workspaces\project - Изменение масштаба для планировок квартир\09_outputs\_diagnostics\full_20260727_full_mkd2\verify_details\247_POZD_WEB_K2-3_s11_et4_3_verify_attempt1.json","Независимая проверка AI/PNG/SHA-256 пройдена."
"236_256_20260727_150010","248","OK","Корпус 2.3/POZD_WEB_K2-3_s11_et4_4.ai","120","OK","true","1","1200","1200","600","600","true","2113","0","4267","4267","11","11","true","true","true","true","true","True","1200","1200","True","824052","615948","True","True","True","True","True","D:\AI\AITRASH\workspaces\project - Изменение масштаба для планировок квартир\09_outputs\_full_wip\20260727_full_mkd2\Корпус 2.3\х120_POZD_WEB_K2-3_s11_et4_4.ai","D:\AI\AITRASH\workspaces\project - Изменение масштаба для планировок квартир\09_outputs\_full_wip\20260727_full_mkd2\Корпус 2.3\х120_POZD_WEB_K2-3_s11_et4_4.png","D:\AI\AITRASH\workspaces\project - Изменение масштаба для планировок квартир\09_outputs\_diagnostics\full_20260727_full_mkd2\details\248_POZD_WEB_K2-3_s11_et4_4_attempt1.json","D:\AI\AITRASH\workspaces\project - Изменение масштаба для планировок квартир\09_outputs\_diagnostics\full_20260727_full_mkd2\verify_details\248_POZD_WEB_K2-3_s11_et4_4_verify_attempt1.json","Независимая проверка AI/PNG/SHA-256 пройдена."
"236_256_20260727_150010","249","OK","Корпус 2.3/POZD_WEB_K2-3_s11_et6_2.ai","200","OK","true","1","1200","1200","600","600","true","838","0","1688","1688","11","11","true","true","true","true","true","True","1200","1200","True","800072","639928","True","True","True","True","True","D:\AI\AITRASH\workspaces\project - Изменение масштаба для планировок квартир\09_outputs\_full_wip\20260727_full_mkd2\Корпус 2.3\х200_POZD_WEB_K2-3_s11_et6_2.ai","D:\AI\AITRASH\workspaces\project - Изменение масштаба для планировок квартир\09_outputs\_full_wip\20260727_full_mkd2\Корпус 2.3\х200_POZD_WEB_K2-3_s11_et6_2.png","D:\AI\AITRASH\workspaces\project - Изменение масштаба для планировок квартир\09_outputs\_diagnostics\full_20260727_full_mkd2\details\249_POZD_WEB_K2-3_s11_et6_2_attempt1.json","D:\AI\AITRASH\workspaces\project - Изменение масштаба для планировок квартир\09_outputs\_diagnostics\full_20260727_full_mkd2\verify_details\249_POZD_WEB_K2-3_s11_et6_2_verify_attempt1.json","Независимая проверка AI/PNG/SHA-256 пройдена."
"236_256_20260727_150010","250","OK","Корпус 2.3/POZD_WEB_K2-3_s11_et6_3.ai","200","OK","true","1","1200","1200","600","600","true","880","0","1770","1770","10","10","true","true","true","true","true","True","1200","1200","True","835861","604139","True","True","True","True","True","D:\AI\AITRASH\workspaces\project - Изменение масштаба для планировок квартир\09_outputs\_full_wip\20260727_full_mkd2\Корпус 2.3\х200_POZD_WEB_K2-3_s11_et6_3.ai","D:\AI\AITRASH\workspaces\project - Изменение масштаба для планировок квартир\09_outputs\_full_wip\20260727_full_mkd2\Корпус 2.3\х200_POZD_WEB_K2-3_s11_et6_3.png","D:\AI\AITRASH\workspaces\project - Изменение масштаба для планировок квартир\09_outputs\_diagnostics\full_20260727_full_mkd2\details\250_POZD_WEB_K2-3_s11_et6_3_attempt1.json","D:\AI\AITRASH\workspaces\project - Изменение масштаба для планировок квартир\09_outputs\_diagnostics\full_20260727_full_mkd2\verify_details\250_POZD_WEB_K2-3_s11_et6_3_verify_attempt1.json","Независимая проверка AI/PNG/SHA-256 пройдена."
"236_256_20260727_150010","251","OK","Корпус 2.3/POZD_WEB_K2-3_s12_et1,4_2.ai","170","OK","true","1","1200","1200","600","600","true","1703","0","3450","3450","14","14","true","true","true","true","true","True","1200","1200","True","888485","551515","True","True","True","True","True","D:\AI\AITRASH\workspaces\project - Изменение масштаба для планировок квартир\09_outputs\_full_wip\20260727_full_mkd2\Корпус 2.3\х170_POZD_WEB_K2-3_s12_et1,4_2.ai","D:\AI\AITRASH\workspaces\project - Изменение масштаба для планировок квартир\09_outputs\_full_wip\20260727_full_mkd2\Корпус 2.3\х170_POZD_WEB_K2-3_s12_et1,4_2.png","D:\AI\AITRASH\workspaces\project - Изменение масштаба для планировок квартир\09_outputs\_diagnostics\full_20260727_full_mkd2\details\251_POZD_WEB_K2-3_s12_et1,4_2_attempt1.json","D:\AI\AITRASH\workspaces\project - Изменение масштаба для планировок квартир\09_outputs\_diagnostics\full_20260727_full_mkd2\verify_details\251_POZD_WEB_K2-3_s12_et1,4_2_verify_attempt1.json","Независимая проверка AI/PNG/SHA-256 пройдена."
"236_256_20260727_150010","252","OK","Корпус 2.3/POZD_WEB_K2-3_s12_et1_1.ai","110","OK","true","1","1200","1200","600.000001","600","true","2166","0","4390","4390","16","16","true","true","true","true","true","True","1200","1200","True","1104592","335408","True","True","True","True","True","D:\AI\AITRASH\workspaces\project - Изменение масштаба для планировок квартир\09_outputs\_full_wip\20260727_full_mkd2\Корпус 2.3\х110_POZD_WEB_K2-3_s12_et1_1.ai","D:\AI\AITRASH\workspaces\project - Изменение масштаба для планировок квартир\09_outputs\_full_wip\20260727_full_mkd2\Корпус 2.3\х110_POZD_WEB_K2-3_s12_et1_1.png","D:\AI\AITRASH\workspaces\project - Изменение масштаба для планировок квартир\09_outputs\_diagnostics\full_20260727_full_mkd2\details\252_POZD_WEB_K2-3_s12_et1_1_attempt1.json","D:\AI\AITRASH\workspaces\project - Изменение масштаба для планировок квартир\09_outputs\_diagnostics\full_20260727_full_mkd2\verify_details\252_POZD_WEB_K2-3_s12_et1_1_verify_attempt1.json","Независимая проверка AI/PNG/SHA-256 пройдена."
"236_256_20260727_150010","253","OK","Корпус 2.3/POZD_WEB_K2-3_s12_et1_2.ai","170","OK","true","1","1200","1200","600","600","true","1695","0","3434","3434","14","14","true","true","true","true","true","True","1200","1200","True","888628","551372","True","True","True","True","True","D:\AI\AITRASH\workspaces\project - Изменение масштаба для планировок квартир\09_outputs\_full_wip\20260727_full_mkd2\Корпус 2.3\х170_POZD_WEB_K2-3_s12_et1_2.ai","D:\AI\AITRASH\workspaces\project - Изменение масштаба для планировок квартир\09_outputs\_full_wip\20260727_full_mkd2\Корпус 2.3\х170_POZD_WEB_K2-3_s12_et1_2.png","D:\AI\AITRASH\workspaces\project - Изменение масштаба для планировок квартир\09_outputs\_diagnostics\full_20260727_full_mkd2\details\253_POZD_WEB_K2-3_s12_et1_2_attempt1.json","D:\AI\AITRASH\workspaces\project - Изменение масштаба для планировок квартир\09_outputs\_diagnostics\full_20260727_full_mkd2\verify_details\253_POZD_WEB_K2-3_s12_et1_2_verify_attempt1.json","Независимая проверка AI/PNG/SHA-256 пройдена."
"236_256_20260727_150010","255","OK","Корпус 2.3/POZD_WEB_K2-3_s12_et2_1.ai","120","OK","true","1","1200","1200","600","600","true","1418","0","2871","2871","11","11","true","true","true","true","true","True","1200","1200","True","1067788","372212","True","True","True","True","True","D:\AI\AITRASH\workspaces\project - Изменение масштаба для планировок квартир\09_outputs\_full_wip\20260727_full_mkd2\Корпус 2.3\х120_POZD_WEB_K2-3_s12_et2_1.ai","D:\AI\AITRASH\workspaces\project - Изменение масштаба для планировок квартир\09_outputs\_full_wip\20260727_full_mkd2\Корпус 2.3\х120_POZD_WEB_K2-3_s12_et2_1.png","D:\AI\AITRASH\workspaces\project - Изменение масштаба для планировок квартир\09_outputs\_diagnostics\full_20260727_full_mkd2\details\255_POZD_WEB_K2-3_s12_et2_1_attempt1.json","D:\AI\AITRASH\workspaces\project - Изменение масштаба для планировок квартир\09_outputs\_diagnostics\full_20260727_full_mkd2\verify_details\255_POZD_WEB_K2-3_s12_et2_1_verify_attempt1.json","Независимая проверка AI/PNG/SHA-256 пройдена."
"236_256_20260727_150010","256","OK","Корпус 2.3/POZD_WEB_K2-3_s12_et2_3.ai","200","OK","true","1","1200","1200","600","600","true","785","0","1577","1577","10","10","true","true","true","true","true","True","1200","1200","True","819743","620257","True","True","True","True","True","D:\AI\AITRASH\workspaces\project - Изменение масштаба для планировок квартир\09_outputs\_full_wip\20260727_full_mkd2\Корпус 2.3\х200_POZD_WEB_K2-3_s12_et2_3.ai","D:\AI\AITRASH\workspaces\project - Изменение масштаба для планировок квартир\09_outputs\_full_wip\20260727_full_mkd2\Корпус 2.3\х200_POZD_WEB_K2-3_s12_et2_3.png","D:\AI\AITRASH\workspaces\project - Изменение масштаба для планировок квартир\09_outputs\_diagnostics\full_20260727_full_mkd2\details\256_POZD_WEB_K2-3_s12_et2_3_attempt1.json","D:\AI\AITRASH\workspaces\project - Изменение масштаба для планировок квартир\09_outputs\_diagnostics\full_20260727_full_mkd2\verify_details\256_POZD_WEB_K2-3_s12_et2_3_verify_attempt1.json","Независимая проверка AI/PNG/SHA-256 пройдена."
"254_254_20260727_115828","254","OK","Корпус 2.3/POZD_WEB_K2-3_s12_et1_3.ai","150","OK","true","1","1200","1200","600","600","true","2177","0","4410","4410","15","15","true","true","true","true","true","True","1200","1200","True","785784","654216","True","True","True","True","True","D:\AI\AITRASH\workspaces\project - Изменение масштаба для планировок квартир\09_outputs\_full_wip\20260727_full_mkd2\Корпус 2.3\х150_POZD_WEB_K2-3_s12_et1_3.ai","D:\AI\AITRASH\workspaces\project - Изменение масштаба для планировок квартир\09_outputs\_full_wip\20260727_full_mkd2\Корпус 2.3\х150_POZD_WEB_K2-3_s12_et1_3.png","D:\AI\AITRASH\workspaces\project - Изменение масштаба для планировок квартир\09_outputs\_diagnostics\full_20260727_full_mkd2\details\254_POZD_WEB_K2-3_s12_et1_3_attempt1.json","D:\AI\AITRASH\workspaces\project - Изменение масштаба для планировок квартир\09_outputs\_diagnostics\full_20260727_full_mkd2\verify_details\254_POZD_WEB_K2-3_s12_et1_3_verify_attempt1.json","Независимая проверка AI/PNG/SHA-256 пройдена."
"257_276_20260727_151555","257","OK","Корпус 2.3/POZD_WEB_K2-3_s12_et2_4.ai","120","OK","true","1","1200","1200","600","600","true","2071","0","4191","4191","12","12","true","true","true","true","true","True","1200","1200","True","840436","599564","True","True","True","True","True","D:\AI\AITRASH\workspaces\project - Изменение масштаба для планировок квартир\09_outputs\_full_wip\20260727_full_mkd2\Корпус 2.3\х120_POZD_WEB_K2-3_s12_et2_4.ai","D:\AI\AITRASH\workspaces\project - Изменение масштаба для планировок квартир\09_outputs\_full_wip\20260727_full_mkd2\Корпус 2.3\х120_POZD_WEB_K2-3_s12_et2_4.png","D:\AI\AITRASH\workspaces\project - Изменение масштаба для планировок квартир\09_outputs\_diagnostics\full_20260727_full_mkd2\details\257_POZD_WEB_K2-3_s12_et2_4_attempt1.json","D:\AI\AITRASH\workspaces\project - Изменение масштаба для планировок квартир\09_outputs\_diagnostics\full_20260727_full_mkd2\verify_details\257_POZD_WEB_K2-3_s12_et2_4_verify_attempt1.json","Независимая проверка AI/PNG/SHA-256 пройдена."
"257_276_20260727_151555","258","OK","Корпус 2.3/POZD_WEB_K2-3_s12_et3,5_1.ai","120","OK","true","1","1200","1200","600","600","true","1421","0","2878","2878","11","11","true","true","true","true","true","True","1200","1200","True","1066790","373210","True","True","True","True","True","D:\AI\AITRASH\workspaces\project - Изменение масштаба для планировок квартир\09_outputs\_full_wip\20260727_full_mkd2\Корпус 2.3\х120_POZD_WEB_K2-3_s12_et3,5_1.ai","D:\AI\AITRASH\workspaces\project - Изменение масштаба для планировок квартир\09_outputs\_full_wip\20260727_full_mkd2\Корпус 2.3\х120_POZD_WEB_K2-3_s12_et3,5_1.png","D:\AI\AITRASH\workspaces\project - Изменение масштаба для планировок квартир\09_outputs\_diagnostics\full_20260727_full_mkd2\details\258_POZD_WEB_K2-3_s12_et3,5_1_attempt1.json","D:\AI\AITRASH\workspaces\project - Изменение масштаба для планировок квартир\09_outputs\_diagnostics\full_20260727_full_mkd2\verify_details\258_POZD_WEB_K2-3_s12_et3,5_1_verify_attempt1.json","Независимая проверка AI/PNG/SHA-256 пройдена."
"257_276_20260727_151555","259","OK","Корпус 2.3/POZD_WEB_K2-3_s12_et3,5_2.ai","200","OK","true","1","1200","1200","600","600","true","874","0","1758","1758","10","10","true","true","true","true","true","True","1200","1200","True","818648","621352","True","True","True","True","True","D:\AI\AITRASH\workspaces\project - Изменение масштаба для планировок квартир\09_outputs\_full_wip\20260727_full_mkd2\Корпус 2.3\х200_POZD_WEB_K2-3_s12_et3,5_2.ai","D:\AI\AITRASH\workspaces\project - Изменение масштаба для планировок квартир\09_outputs\_full_wip\20260727_full_mkd2\Корпус 2.3\х200_POZD_WEB_K2-3_s12_et3,5_2.png","D:\AI\AITRASH\workspaces\project - Изменение масштаба для планировок квартир\09_outputs\_diagnostics\full_20260727_full_mkd2\details\259_POZD_WEB_K2-3_s12_et3,5_2_attempt1.json","D:\AI\AITRASH\workspaces\project - Изменение масштаба для планировок квартир\09_outputs\_diagnostics\full_20260727_full_mkd2\verify_details\259_POZD_WEB_K2-3_s12_et3,5_2_verify_attempt1.json","Независимая проверка AI/PNG/SHA-256 пройдена."
"257_276_20260727_151555","260","OK","Корпус 2.3/POZD_WEB_K2-3_s12_et3,5_3.ai","200","OK","true","1","1200","1200","600","600","true","785","0","1579","1579","10","10","true","true","true","true","true","True","1200","1200","True","819524","620476","True","True","True","True","True","D:\AI\AITRASH\workspaces\project - Изменение масштаба для планировок квартир\09_outputs\_full_wip\20260727_full_mkd2\Корпус 2.3\х200_POZD_WEB_K2-3_s12_et3,5_3.ai","D:\AI\AITRASH\workspaces\project - Изменение масштаба для планировок квартир\09_outputs\_full_wip\20260727_full_mkd2\Корпус 2.3\х200_POZD_WEB_K2-3_s12_et3,5_3.png","D:\AI\AITRASH\workspaces\project - Изменение масштаба для планировок квартир\09_outputs\_diagnostics\full_20260727_full_mkd2\details\260_POZD_WEB_K2-3_s12_et3,5_3_attempt1.json","D:\AI\AITRASH\workspaces\project - Изменение масштаба для планировок квартир\09_outputs\_diagnostics\full_20260727_full_mkd2\verify_details\260_POZD_WEB_K2-3_s12_et3,5_3_verify_attempt1.json","Независимая проверка AI/PNG/SHA-256 пройдена."
"257_276_20260727_151555","261","OK","Корпус 2.3/POZD_WEB_K2-3_s12_et3_4.ai","120","OK","true","1","1200","1200","600","600","true","2076","0","4202","4202","11","11","true","true","true","true","true","True","1200","1200","True","847299","592701","True","True","True","True","True","D:\AI\AITRASH\workspaces\project - Изменение масштаба для планировок квартир\09_outputs\_full_wip\20260727_full_mkd2\Корпус 2.3\х120_POZD_WEB_K2-3_s12_et3_4.ai","D:\AI\AITRASH\workspaces\project - Изменение масштаба для планировок квартир\09_outputs\_full_wip\20260727_full_mkd2\Корпус 2.3\х120_POZD_WEB_K2-3_s12_et3_4.png","D:\AI\AITRASH\workspaces\project - Изменение масштаба для планировок квартир\09_outputs\_diagnostics\full_20260727_full_mkd2\details\261_POZD_WEB_K2-3_s12_et3_4_attempt1.json","D:\AI\AITRASH\workspaces\project - Изменение масштаба для планировок квартир\09_outputs\_diagnostics\full_20260727_full_mkd2\verify_details\261_POZD_WEB_K2-3_s12_et3_4_verify_attempt1.json","Независимая проверка AI/PNG/SHA-256 пройдена."
"257_276_20260727_151555","262","OK","Корпус 2.3/POZD_WEB_K2-3_s12_et4_1.ai","110","OK","true","1","1200","1200","600","600","true","1450","0","2943","2943","12","12","true","true","true","true","true","True","1200","1200","True","1114999","325001","True","True","True","True","True","D:\AI\AITRASH\workspaces\project - Изменение масштаба для планировок квартир\09_outputs\_full_wip\20260727_full_mkd2\Корпус 2.3\х110_POZD_WEB_K2-3_s12_et4_1.ai","D:\AI\AITRASH\workspaces\project - Изменение масштаба для планировок квартир\09_outputs\_full_wip\20260727_full_mkd2\Корпус 2.3\х110_POZD_WEB_K2-3_s12_et4_1.png","D:\AI\AITRASH\workspaces\project - Изменение масштаба для планировок квартир\09_outputs\_diagnostics\full_20260727_full_mkd2\details\262_POZD_WEB_K2-3_s12_et4_1_attempt1.json","D:\AI\AITRASH\workspaces\project - Изменение масштаба для планировок квартир\09_outputs\_diagnostics\full_20260727_full_mkd2\verify_details\262_POZD_WEB_K2-3_s12_et4_1_verify_attempt1.json","Независимая проверка AI/PNG/SHA-256 пройдена."
"257_276_20260727_151555","263","OK","Корпус 2.3/POZD_WEB_K2-3_s12_et4_3.ai","200","OK","true","1","1200","1200","600","600","true","798","0","1607","1607","11","11","true","true","true","true","true","True","1200","1200","True","799316","640684","True","True","True","True","True","D:\AI\AITRASH\workspaces\project - Изменение масштаба для планировок квартир\09_outputs\_full_wip\20260727_full_mkd2\Корпус 2.3\х200_POZD_WEB_K2-3_s12_et4_3.ai","D:\AI\AITRASH\workspaces\project - Изменение масштаба для планировок квартир\09_outputs\_full_wip\20260727_full_mkd2\Корпус 2.3\х200_POZD_WEB_K2-3_s12_et4_3.png","D:\AI\AITRASH\workspaces\project - Изменение масштаба для планировок квартир\09_outputs\_diagnostics\full_20260727_full_mkd2\details\263_POZD_WEB_K2-3_s12_et4_3_attempt1.json","D:\AI\AITRASH\workspaces\project - Изменение масштаба для планировок квартир\09_outputs\_diagnostics\full_20260727_full_mkd2\verify_details\263_POZD_WEB_K2-3_s12_et4_3_verify_attempt1.json","Независимая проверка AI/PNG/SHA-256 пройдена."
"257_276_20260727_151555","264","OK","Корпус 2.3/POZD_WEB_K2-3_s12_et4_4.ai","120","OK","true","1","1200","1200","600","600","true","2064","0","4167","4167","11","11","true","true","true","true","true","True","1200","1200","True","848331","591669","True","True","True","True","True","D:\AI\AITRASH\workspaces\project - Изменение масштаба для планировок квартир\09_outputs\_full_wip\20260727_full_mkd2\Корпус 2.3\х120_POZD_WEB_K2-3_s12_et4_4.ai","D:\AI\AITRASH\workspaces\project - Изменение масштаба для планировок квартир\09_outputs\_full_wip\20260727_full_mkd2\Корпус 2.3\х120_POZD_WEB_K2-3_s12_et4_4.png","D:\AI\AITRASH\workspaces\project - Изменение масштаба для планировок квартир\09_outputs\_diagnostics\full_20260727_full_mkd2\details\264_POZD_WEB_K2-3_s12_et4_4_attempt1.json","D:\AI\AITRASH\workspaces\project - Изменение масштаба для планировок квартир\09_outputs\_diagnostics\full_20260727_full_mkd2\verify_details\264_POZD_WEB_K2-3_s12_et4_4_verify_attempt1.json","Независимая проверка AI/PNG/SHA-256 пройдена."
"257_276_20260727_151555","265","OK","Корпус 2.3/POZD_WEB_K2-3_s12_et5_4.ai","120","OK","true","1","1200","1200","600","600","true","2078","0","4204","4204","11","11","true","true","true","true","true","True","1200","1200","True","847306","592694","True","True","True","True","True","D:\AI\AITRASH\workspaces\project - Изменение масштаба для планировок квартир\09_outputs\_full_wip\20260727_full_mkd2\Корпус 2.3\х120_POZD_WEB_K2-3_s12_et5_4.ai","D:\AI\AITRASH\workspaces\project - Изменение масштаба для планировок квартир\09_outputs\_full_wip\20260727_full_mkd2\Корпус 2.3\х120_POZD_WEB_K2-3_s12_et5_4.png","D:\AI\AITRASH\workspaces\project - Изменение масштаба для планировок квартир\09_outputs\_diagnostics\full_20260727_full_mkd2\details\265_POZD_WEB_K2-3_s12_et5_4_attempt1.json","D:\AI\AITRASH\workspaces\project - Изменение масштаба для планировок квартир\09_outputs\_diagnostics\full_20260727_full_mkd2\verify_details\265_POZD_WEB_K2-3_s12_et5_4_verify_attempt1.json","Независимая проверка AI/PNG/SHA-256 пройдена."
"257_276_20260727_151555","266","OK","Корпус 2.3/POZD_WEB_K2-3_s12_et6_1.ai","110","OK","true","1","1200","1200","600","600","true","3793","0","7699","7699","15","15","true","true","true","true","true","True","1200","1200","True","1022420","417580","True","True","True","True","True","D:\AI\AITRASH\workspaces\project - Изменение масштаба для планировок квартир\09_outputs\_full_wip\20260727_full_mkd2\Корпус 2.3\х110_POZD_WEB_K2-3_s12_et6_1.ai","D:\AI\AITRASH\workspaces\project - Изменение масштаба для планировок квартир\09_outputs\_full_wip\20260727_full_mkd2\Корпус 2.3\х110_POZD_WEB_K2-3_s12_et6_1.png","D:\AI\AITRASH\workspaces\project - Изменение масштаба для планировок квартир\09_outputs\_diagnostics\full_20260727_full_mkd2\details\266_POZD_WEB_K2-3_s12_et6_1_attempt1.json","D:\AI\AITRASH\workspaces\project - Изменение масштаба для планировок квартир\09_outputs\_diagnostics\full_20260727_full_mkd2\verify_details\266_POZD_WEB_K2-3_s12_et6_1_verify_attempt1.json","Независимая проверка AI/PNG/SHA-256 пройдена."
"257_276_20260727_151555","267","OK","Корпус 2.3/POZD_WEB_K2-3_s12_et6_2.ai","200","OK","true","1","1200","1200","600","600","true","888","0","1790","1790","11","11","true","true","true","true","true","True","1200","1200","True","798207","641793","True","True","True","True","True","D:\AI\AITRASH\workspaces\project - Изменение масштаба для планировок квартир\09_outputs\_full_wip\20260727_full_mkd2\Корпус 2.3\х200_POZD_WEB_K2-3_s12_et6_2.ai","D:\AI\AITRASH\workspaces\project - Изменение масштаба для планировок квартир\09_outputs\_full_wip\20260727_full_mkd2\Корпус 2.3\х200_POZD_WEB_K2-3_s12_et6_2.png","D:\AI\AITRASH\workspaces\project - Изменение масштаба для планировок квартир\09_outputs\_diagnostics\full_20260727_full_mkd2\details\267_POZD_WEB_K2-3_s12_et6_2_attempt1.json","D:\AI\AITRASH\workspaces\project - Изменение масштаба для планировок квартир\09_outputs\_diagnostics\full_20260727_full_mkd2\verify_details\267_POZD_WEB_K2-3_s12_et6_2_verify_attempt1.json","Независимая проверка AI/PNG/SHA-256 пройдена."
"257_276_20260727_151555","268","OK","Корпус 2.3/POZD_WEB_K2-3_s12_et6_3.ai","200","OK","true","1","1200","1200","600","600","true","808","0","1626","1626","10","10","true","true","true","true","true","True","1200","1200","True","819732","620268","True","True","True","True","True","D:\AI\AITRASH\workspaces\project - Изменение масштаба для планировок квартир\09_outputs\_full_wip\20260727_full_mkd2\Корпус 2.3\х200_POZD_WEB_K2-3_s12_et6_3.ai","D:\AI\AITRASH\workspaces\project - Изменение масштаба для планировок квартир\09_outputs\_full_wip\20260727_full_mkd2\Корпус 2.3\х200_POZD_WEB_K2-3_s12_et6_3.png","D:\AI\AITRASH\workspaces\project - Изменение масштаба для планировок квартир\09_outputs\_diagnostics\full_20260727_full_mkd2\details\268_POZD_WEB_K2-3_s12_et6_3_attempt1.json","D:\AI\AITRASH\workspaces\project - Изменение масштаба для планировок квартир\09_outputs\_diagnostics\full_20260727_full_mkd2\verify_details\268_POZD_WEB_K2-3_s12_et6_3_verify_attempt1.json","Независимая проверка AI/PNG/SHA-256 пройдена."
"257_276_20260727_151555","269","OK","Корпус 2.3/POZD_WEB_K2-3_s12_et6_4.ai","110","OK","true","1","1200","1200","600","600","true","2075","0","4198","4198","11","11","true","true","true","true","true","True","1200","1200","True","930551","509449","True","True","True","True","True","D:\AI\AITRASH\workspaces\project - Изменение масштаба для планировок квартир\09_outputs\_full_wip\20260727_full_mkd2\Корпус 2.3\х110_POZD_WEB_K2-3_s12_et6_4.ai","D:\AI\AITRASH\workspaces\project - Изменение масштаба для планировок квартир\09_outputs\_full_wip\20260727_full_mkd2\Корпус 2.3\х110_POZD_WEB_K2-3_s12_et6_4.png","D:\AI\AITRASH\workspaces\project - Изменение масштаба для планировок квартир\09_outputs\_diagnostics\full_20260727_full_mkd2\details\269_POZD_WEB_K2-3_s12_et6_4_attempt1.json","D:\AI\AITRASH\workspaces\project - Изменение масштаба для планировок квартир\09_outputs\_diagnostics\full_20260727_full_mkd2\verify_details\269_POZD_WEB_K2-3_s12_et6_4_verify_attempt1.json","Независимая проверка AI/PNG/SHA-256 пройдена."
"257_276_20260727_151555","270","OK","Корпус 2.3/POZD_WEB_K2-3_s13_et1,3,5_9.ai","170","OK","true","1","1200","1200","600","600","true","1862","0","3779","3779","14","14","true","true","true","true","true","True","1200","1200","True","793939","646061","True","True","True","True","True","D:\AI\AITRASH\workspaces\project - Изменение масштаба для планировок квартир\09_outputs\_full_wip\20260727_full_mkd2\Корпус 2.3\х170_POZD_WEB_K2-3_s13_et1,3,5_9.ai","D:\AI\AITRASH\workspaces\project - Изменение масштаба для планировок квартир\09_outputs\_full_wip\20260727_full_mkd2\Корпус 2.3\х170_POZD_WEB_K2-3_s13_et1,3,5_9.png","D:\AI\AITRASH\workspaces\project - Изменение масштаба для планировок квартир\09_outputs\_diagnostics\full_20260727_full_mkd2\details\270_POZD_WEB_K2-3_s13_et1,3,5_9_attempt1.json","D:\AI\AITRASH\workspaces\project - Изменение масштаба для планировок квартир\09_outputs\_diagnostics\full_20260727_full_mkd2\verify_details\270_POZD_WEB_K2-3_s13_et1,3,5_9_verify_attempt1.json","Независимая проверка AI/PNG/SHA-256 пройдена."
"257_276_20260727_151555","271","OK","Корпус 2.3/POZD_WEB_K2-3_s13_et1,5_8.ai","200","OK","true","1","1200","1200","600","600","true","811","0","1637","1637","10","10","true","true","true","true","true","True","1200","1200","True","847725","592275","True","True","True","True","True","D:\AI\AITRASH\workspaces\project - Изменение масштаба для планировок квартир\09_outputs\_full_wip\20260727_full_mkd2\Корпус 2.3\х200_POZD_WEB_K2-3_s13_et1,5_8.ai","D:\AI\AITRASH\workspaces\project - Изменение масштаба для планировок квартир\09_outputs\_full_wip\20260727_full_mkd2\Корпус 2.3\х200_POZD_WEB_K2-3_s13_et1,5_8.png","D:\AI\AITRASH\workspaces\project - Изменение масштаба для планировок квартир\09_outputs\_diagnostics\full_20260727_full_mkd2\details\271_POZD_WEB_K2-3_s13_et1,5_8_attempt1.json","D:\AI\AITRASH\workspaces\project - Изменение масштаба для планировок квартир\09_outputs\_diagnostics\full_20260727_full_mkd2\verify_details\271_POZD_WEB_K2-3_s13_et1,5_8_verify_attempt1.json","Независимая проверка AI/PNG/SHA-256 пройдена."
"257_276_20260727_151555","272","OK","Корпус 2.3/POZD_WEB_K2-3_s13_et1,6_6.ai","150","OK","true","1","1200","1200","600","600","true","1519","0","3084","3084","10","10","true","true","true","true","true","True","1200","1200","True","833218","606782","True","True","True","True","True","D:\AI\AITRASH\workspaces\project - Изменение масштаба для планировок квартир\09_outputs\_full_wip\20260727_full_mkd2\Корпус 2.3\х150_POZD_WEB_K2-3_s13_et1,6_6.ai","D:\AI\AITRASH\workspaces\project - Изменение масштаба для планировок квартир\09_outputs\_full_wip\20260727_full_mkd2\Корпус 2.3\х150_POZD_WEB_K2-3_s13_et1,6_6.png","D:\AI\AITRASH\workspaces\project - Изменение масштаба для планировок квартир\09_outputs\_diagnostics\full_20260727_full_mkd2\details\272_POZD_WEB_K2-3_s13_et1,6_6_attempt1.json","D:\AI\AITRASH\workspaces\project - Изменение масштаба для планировок квартир\09_outputs\_diagnostics\full_20260727_full_mkd2\verify_details\272_POZD_WEB_K2-3_s13_et1,6_6_verify_attempt1.json","Независимая проверка AI/PNG/SHA-256 пройдена."
"257_276_20260727_151555","273","OK","Корпус 2.3/POZD_WEB_K2-3_s13_et1_2.ai","170","OK","true","1","1200","1200","600","600","true","1617","0","3275","3275","14","14","true","true","true","true","true","True","1200","1200","True","829907","610093","True","True","True","True","True","D:\AI\AITRASH\workspaces\project - Изменение масштаба для планировок квартир\09_outputs\_full_wip\20260727_full_mkd2\Корпус 2.3\х170_POZD_WEB_K2-3_s13_et1_2.ai","D:\AI\AITRASH\workspaces\project - Изменение масштаба для планировок квартир\09_outputs\_full_wip\20260727_full_mkd2\Корпус 2.3\х170_POZD_WEB_K2-3_s13_et1_2.png","D:\AI\AITRASH\workspaces\project - Изменение масштаба для планировок квартир\09_outputs\_diagnostics\full_20260727_full_mkd2\details\273_POZD_WEB_K2-3_s13_et1_2_attempt1.json","D:\AI\AITRASH\workspaces\project - Изменение масштаба для планировок квартир\09_outputs\_diagnostics\full_20260727_full_mkd2\verify_details\273_POZD_WEB_K2-3_s13_et1_2_verify_attempt1.json","Независимая проверка AI/PNG/SHA-256 пройдена."
"257_276_20260727_151555","274","OK","Корпус 2.3/POZD_WEB_K2-3_s13_et1_3.ai","150","OK","true","1","1200","1200","600","600","true","1387","0","2801","2801","10","10","true","true","true","true","true","True","1200","1200","True","871571","568429","True","True","True","True","True","D:\AI\AITRASH\workspaces\project - Изменение масштаба для планировок квартир\09_outputs\_full_wip\20260727_full_mkd2\Корпус 2.3\х150_POZD_WEB_K2-3_s13_et1_3.ai","D:\AI\AITRASH\workspaces\project - Изменение масштаба для планировок квартир\09_outputs\_full_wip\20260727_full_mkd2\Корпус 2.3\х150_POZD_WEB_K2-3_s13_et1_3.png","D:\AI\AITRASH\workspaces\project - Изменение масштаба для планировок квартир\09_outputs\_diagnostics\full_20260727_full_mkd2\details\274_POZD_WEB_K2-3_s13_et1_3_attempt1.json","D:\AI\AITRASH\workspaces\project - Изменение масштаба для планировок квартир\09_outputs\_diagnostics\full_20260727_full_mkd2\verify_details\274_POZD_WEB_K2-3_s13_et1_3_verify_attempt1.json","Независимая проверка AI/PNG/SHA-256 пройдена."
"257_276_20260727_151555","275","OK","Корпус 2.3/POZD_WEB_K2-3_s13_et1_5.ai","200","OK","true","1","1200","1200","600","600","true","841","0","1699","1699","10","10","true","true","true","true","true","True","1200","1200","True","850569","589431","True","True","True","True","True","D:\AI\AITRASH\workspaces\project - Изменение масштаба для планировок квартир\09_outputs\_full_wip\20260727_full_mkd2\Корпус 2.3\х200_POZD_WEB_K2-3_s13_et1_5.ai","D:\AI\AITRASH\workspaces\project - Изменение масштаба для планировок квартир\09_outputs\_full_wip\20260727_full_mkd2\Корпус 2.3\х200_POZD_WEB_K2-3_s13_et1_5.png","D:\AI\AITRASH\workspaces\project - Изменение масштаба для планировок квартир\09_outputs\_diagnostics\full_20260727_full_mkd2\details\275_POZD_WEB_K2-3_s13_et1_5_attempt1.json","D:\AI\AITRASH\workspaces\project - Изменение масштаба для планировок квартир\09_outputs\_diagnostics\full_20260727_full_mkd2\verify_details\275_POZD_WEB_K2-3_s13_et1_5_verify_attempt1.json","Независимая проверка AI/PNG/SHA-256 пройдена."
"257_276_20260727_151555","276","OK","Корпус 2.3/POZD_WEB_K2-3_s13_et1_6.ai","150","OK","true","1","1200","1200","600","600","true","1512","0","3066","3066","10","10","true","true","true","true","true","True","1200","1200","True","833903","606097","True","True","True","True","True","D:\AI\AITRASH\workspaces\project - Изменение масштаба для планировок квартир\09_outputs\_full_wip\20260727_full_mkd2\Корпус 2.3\х150_POZD_WEB_K2-3_s13_et1_6.ai","D:\AI\AITRASH\workspaces\project - Изменение масштаба для планировок квартир\09_outputs\_full_wip\20260727_full_mkd2\Корпус 2.3\х150_POZD_WEB_K2-3_s13_et1_6.png","D:\AI\AITRASH\workspaces\project - Изменение масштаба для планировок квартир\09_outputs\_diagnostics\full_20260727_full_mkd2\details\276_POZD_WEB_K2-3_s13_et1_6_attempt1.json","D:\AI\AITRASH\workspaces\project - Изменение масштаба для планировок квартир\09_outputs\_diagnostics\full_20260727_full_mkd2\verify_details\276_POZD_WEB_K2-3_s13_et1_6_verify_attempt1.json","Независимая проверка AI/PNG/SHA-256 пройдена."
"277_296_20260727_152803","277","OK","Корпус 2.3/POZD_WEB_K2-3_s13_et1_7.ai","200","OK","true","1","1200","1200","600","600","true","892","0","1809","1809","10","10","true","true","true","true","true","True","1200","1200","True","837966","602034","True","True","True","True","True","D:\AI\AITRASH\workspaces\project - Изменение масштаба для планировок квартир\09_outputs\_full_wip\20260727_full_mkd2\Корпус 2.3\х200_POZD_WEB_K2-3_s13_et1_7.ai","D:\AI\AITRASH\workspaces\project - Изменение масштаба для планировок квартир\09_outputs\_full_wip\20260727_full_mkd2\Корпус 2.3\х200_POZD_WEB_K2-3_s13_et1_7.png","D:\AI\AITRASH\workspaces\project - Изменение масштаба для планировок квартир\09_outputs\_diagnostics\full_20260727_full_mkd2\details\277_POZD_WEB_K2-3_s13_et1_7_attempt1.json","D:\AI\AITRASH\workspaces\project - Изменение масштаба для планировок квартир\09_outputs\_diagnostics\full_20260727_full_mkd2\verify_details\277_POZD_WEB_K2-3_s13_et1_7_verify_attempt1.json","Независимая проверка AI/PNG/SHA-256 пройдена."
"277_296_20260727_152803","278","OK","Корпус 2.3/POZD_WEB_K2-3_s13_et1_9.ai","170","OK","true","1","1200","1200","600","600","true","1859","0","3768","3768","14","14","true","true","true","true","true","True","1200","1200","True","792938","647062","True","True","True","True","True","D:\AI\AITRASH\workspaces\project - Изменение масштаба для планировок квартир\09_outputs\_full_wip\20260727_full_mkd2\Корпус 2.3\х170_POZD_WEB_K2-3_s13_et1_9.ai","D:\AI\AITRASH\workspaces\project - Изменение масштаба для планировок квартир\09_outputs\_full_wip\20260727_full_mkd2\Корпус 2.3\х170_POZD_WEB_K2-3_s13_et1_9.png","D:\AI\AITRASH\workspaces\project - Изменение масштаба для планировок квартир\09_outputs\_diagnostics\full_20260727_full_mkd2\details\278_POZD_WEB_K2-3_s13_et1_9_attempt1.json","D:\AI\AITRASH\workspaces\project - Изменение масштаба для планировок квартир\09_outputs\_diagnostics\full_20260727_full_mkd2\verify_details\278_POZD_WEB_K2-3_s13_et1_9_verify_attempt1.json","Независимая проверка AI/PNG/SHA-256 пройдена."
"277_296_20260727_152803","279","OK","Корпус 2.3/POZD_WEB_K2-3_s13_et2,4_4.ai","120","OK","true","1","1200","1200","600","600","true","1663","0","3362","3362","11","11","true","true","true","true","true","True","1200","1200","True","954907","485093","True","True","True","True","True","D:\AI\AITRASH\workspaces\project - Изменение масштаба для планировок квартир\09_outputs\_full_wip\20260727_full_mkd2\Корпус 2.3\х120_POZD_WEB_K2-3_s13_et2,4_4.ai","D:\AI\AITRASH\workspaces\project - Изменение масштаба для планировок квартир\09_outputs\_full_wip\20260727_full_mkd2\Корпус 2.3\х120_POZD_WEB_K2-3_s13_et2,4_4.png","D:\AI\AITRASH\workspaces\project - Изменение масштаба для планировок квартир\09_outputs\_diagnostics\full_20260727_full_mkd2\details\279_POZD_WEB_K2-3_s13_et2,4_4_attempt1.json","D:\AI\AITRASH\workspaces\project - Изменение масштаба для планировок квартир\09_outputs\_diagnostics\full_20260727_full_mkd2\verify_details\279_POZD_WEB_K2-3_s13_et2,4_4_verify_attempt1.json","Независимая проверка AI/PNG/SHA-256 пройдена."
"277_296_20260727_152803","280","OK","Корпус 2.3/POZD_WEB_K2-3_s13_et2,5_2.ai","200","OK","true","1","1200","1200","600","600","true","800","0","1625","1625","10","10","true","true","true","true","true","True","1200","1200","True","878934","561066","True","True","True","True","True","D:\AI\AITRASH\workspaces\project - Изменение масштаба для планировок квартир\09_outputs\_full_wip\20260727_full_mkd2\Корпус 2.3\х200_POZD_WEB_K2-3_s13_et2,5_2.ai","D:\AI\AITRASH\workspaces\project - Изменение масштаба для планировок квартир\09_outputs\_full_wip\20260727_full_mkd2\Корпус 2.3\х200_POZD_WEB_K2-3_s13_et2,5_2.png","D:\AI\AITRASH\workspaces\project - Изменение масштаба для планировок квартир\09_outputs\_diagnostics\full_20260727_full_mkd2\details\280_POZD_WEB_K2-3_s13_et2,5_2_attempt1.json","D:\AI\AITRASH\workspaces\project - Изменение масштаба для планировок квартир\09_outputs\_diagnostics\full_20260727_full_mkd2\verify_details\280_POZD_WEB_K2-3_s13_et2,5_2_verify_attempt1.json","Независимая проверка AI/PNG/SHA-256 пройдена."
"277_296_20260727_152803","281","OK","Корпус 2.3/POZD_WEB_K2-3_s13_et2,6_1.ai","200","OK","true","1","1200","1200","600","600","true","867","0","1748","1748","10","10","true","true","true","true","true","True","1200","1200","True","822356","617644","True","True","True","True","True","D:\AI\AITRASH\workspaces\project - Изменение масштаба для планировок квартир\09_outputs\_full_wip\20260727_full_mkd2\Корпус 2.3\х200_POZD_WEB_K2-3_s13_et2,6_1.ai","D:\AI\AITRASH\workspaces\project - Изменение масштаба для планировок квартир\09_outputs\_full_wip\20260727_full_mkd2\Корпус 2.3\х200_POZD_WEB_K2-3_s13_et2,6_1.png","D:\AI\AITRASH\workspaces\project - Изменение масштаба для планировок квартир\09_outputs\_diagnostics\full_20260727_full_mkd2\details\281_POZD_WEB_K2-3_s13_et2,6_1_attempt1.json","D:\AI\AITRASH\workspaces\project - Изменение масштаба для планировок квартир\09_outputs\_diagnostics\full_20260727_full_mkd2\verify_details\281_POZD_WEB_K2-3_s13_et2,6_1_verify_attempt1.json","Независимая проверка AI/PNG/SHA-256 пройдена."
"277_296_20260727_152803","282","OK","Корпус 2.3/POZD_WEB_K2-3_s13_et2,6_6.ai","170","OK","true","1","1200","1200","600","600","true","1267","0","2560","2560","10","10","true","true","true","true","true","True","1200","1200","True","811245","628755","True","True","True","True","True","D:\AI\AITRASH\workspaces\project - Изменение масштаба для планировок квартир\09_outputs\_full_wip\20260727_full_mkd2\Корпус 2.3\х170_POZD_WEB_K2-3_s13_et2,6_6.ai","D:\AI\AITRASH\workspaces\project - Изменение масштаба для планировок квартир\09_outputs\_full_wip\20260727_full_mkd2\Корпус 2.3\х170_POZD_WEB_K2-3_s13_et2,6_6.png","D:\AI\AITRASH\workspaces\project - Изменение масштаба для планировок квартир\09_outputs\_diagnostics\full_20260727_full_mkd2\details\282_POZD_WEB_K2-3_s13_et2,6_6_attempt1.json","D:\AI\AITRASH\workspaces\project - Изменение масштаба для планировок квартир\09_outputs\_diagnostics\full_20260727_full_mkd2\verify_details\282_POZD_WEB_K2-3_s13_et2,6_6_verify_attempt1.json","Независимая проверка AI/PNG/SHA-256 пройдена."
"277_296_20260727_152803","283","OK","Корпус 2.3/POZD_WEB_K2-3_s13_et2_11.ai","170","OK","true","1","1200","1200","600","600","true","1027","0","2087","2087","11","11","true","true","true","true","true","True","1200","1200","True","880264","559736","True","True","True","True","True","D:\AI\AITRASH\workspaces\project - Изменение масштаба для планировок квартир\09_outputs\_full_wip\20260727_full_mkd2\Корпус 2.3\х170_POZD_WEB_K2-3_s13_et2_11.ai","D:\AI\AITRASH\workspaces\project - Изменение масштаба для планировок квартир\09_outputs\_full_wip\20260727_full_mkd2\Корпус 2.3\х170_POZD_WEB_K2-3_s13_et2_11.png","D:\AI\AITRASH\workspaces\project - Изменение масштаба для планировок квартир\09_outputs\_diagnostics\full_20260727_full_mkd2\details\283_POZD_WEB_K2-3_s13_et2_11_attempt1.json","D:\AI\AITRASH\workspaces\project - Изменение масштаба для планировок квартир\09_outputs\_diagnostics\full_20260727_full_mkd2\verify_details\283_POZD_WEB_K2-3_s13_et2_11_verify_attempt1.json","Независимая проверка AI/PNG/SHA-256 пройдена."
"277_296_20260727_152803","284","OK","Корпус 2.3/POZD_WEB_K2-3_s13_et2_3.ai","200","OK","true","1","1200","1200","600","600","true","806","0","1627","1627","10","10","true","true","true","true","true","True","1200","1200","True","854230","585770","True","True","True","True","True","D:\AI\AITRASH\workspaces\project - Изменение масштаба для планировок квартир\09_outputs\_full_wip\20260727_full_mkd2\Корпус 2.3\х200_POZD_WEB_K2-3_s13_et2_3.ai","D:\AI\AITRASH\workspaces\project - Изменение масштаба для планировок квартир\09_outputs\_full_wip\20260727_full_mkd2\Корпус 2.3\х200_POZD_WEB_K2-3_s13_et2_3.png","D:\AI\AITRASH\workspaces\project - Изменение масштаба для планировок квартир\09_outputs\_diagnostics\full_20260727_full_mkd2\details\284_POZD_WEB_K2-3_s13_et2_3_attempt1.json","D:\AI\AITRASH\workspaces\project - Изменение масштаба для планировок квартир\09_outputs\_diagnostics\full_20260727_full_mkd2\verify_details\284_POZD_WEB_K2-3_s13_et2_3_verify_attempt1.json","Независимая проверка AI/PNG/SHA-256 пройдена."
"277_296_20260727_152803","285","OK","Корпус 2.3/POZD_WEB_K2-3_s13_et2_5.ai","150","OK","true","1","1200","1200","600","600","true","1293","0","2622","2622","11","11","true","true","true","true","true","True","1200","1200","True","893240","546760","True","True","True","True","True","D:\AI\AITRASH\workspaces\project - Изменение масштаба для планировок квартир\09_outputs\_full_wip\20260727_full_mkd2\Корпус 2.3\х150_POZD_WEB_K2-3_s13_et2_5.ai","D:\AI\AITRASH\workspaces\project - Изменение масштаба для планировок квартир\09_outputs\_full_wip\20260727_full_mkd2\Корпус 2.3\х150_POZD_WEB_K2-3_s13_et2_5.png","D:\AI\AITRASH\workspaces\project - Изменение масштаба для планировок квартир\09_outputs\_diagnostics\full_20260727_full_mkd2\details\285_POZD_WEB_K2-3_s13_et2_5_attempt1.json","D:\AI\AITRASH\workspaces\project - Изменение масштаба для планировок квартир\09_outputs\_diagnostics\full_20260727_full_mkd2\verify_details\285_POZD_WEB_K2-3_s13_et2_5_verify_attempt1.json","Независимая проверка AI/PNG/SHA-256 пройдена."
"277_296_20260727_152803","286","OK","Корпус 2.3/POZD_WEB_K2-3_s13_et2_7.ai","200","OK","true","1","1200","1200","600","600","true","821","0","1665","1665","11","11","true","true","true","true","true","True","1200","1200","True","825980","614020","True","True","True","True","True","D:\AI\AITRASH\workspaces\project - Изменение масштаба для планировок квартир\09_outputs\_full_wip\20260727_full_mkd2\Корпус 2.3\х200_POZD_WEB_K2-3_s13_et2_7.ai","D:\AI\AITRASH\workspaces\project - Изменение масштаба для планировок квартир\09_outputs\_full_wip\20260727_full_mkd2\Корпус 2.3\х200_POZD_WEB_K2-3_s13_et2_7.png","D:\AI\AITRASH\workspaces\project - Изменение масштаба для планировок квартир\09_outputs\_diagnostics\full_20260727_full_mkd2\details\286_POZD_WEB_K2-3_s13_et2_7_attempt1.json","D:\AI\AITRASH\workspaces\project - Изменение масштаба для планировок квартир\09_outputs\_diagnostics\full_20260727_full_mkd2\verify_details\286_POZD_WEB_K2-3_s13_et2_7_verify_attempt1.json","Независимая проверка AI/PNG/SHA-256 пройдена."
"277_296_20260727_152803","287","OK","Корпус 2.3/POZD_WEB_K2-3_s13_et2_8.ai","150","OK","true","1","1200","1200","600","600","true","1498","0","3034","3034","10","10","true","true","true","true","true","True","1200","1200","True","832432","607568","True","True","True","True","True","D:\AI\AITRASH\workspaces\project - Изменение масштаба для планировок квартир\09_outputs\_full_wip\20260727_full_mkd2\Корпус 2.3\х150_POZD_WEB_K2-3_s13_et2_8.ai","D:\AI\AITRASH\workspaces\project - Изменение масштаба для планировок квартир\09_outputs\_full_wip\20260727_full_mkd2\Корпус 2.3\х150_POZD_WEB_K2-3_s13_et2_8.png","D:\AI\AITRASH\workspaces\project - Изменение масштаба для планировок квартир\09_outputs\_diagnostics\full_20260727_full_mkd2\details\287_POZD_WEB_K2-3_s13_et2_8_attempt1.json","D:\AI\AITRASH\workspaces\project - Изменение масштаба для планировок квартир\09_outputs\_diagnostics\full_20260727_full_mkd2\verify_details\287_POZD_WEB_K2-3_s13_et2_8_verify_attempt1.json","Независимая проверка AI/PNG/SHA-256 пройдена."
"277_296_20260727_152803","288","OK","Корпус 2.3/POZD_WEB_K2-3_s13_et2_9.ai","200","OK","true","1","1200","1200","600","600","true","887","0","1800","1800","11","11","true","true","true","true","true","True","1200","1200","True","819490","620510","True","True","True","True","True","D:\AI\AITRASH\workspaces\project - Изменение масштаба для планировок квартир\09_outputs\_full_wip\20260727_full_mkd2\Корпус 2.3\х200_POZD_WEB_K2-3_s13_et2_9.ai","D:\AI\AITRASH\workspaces\project - Изменение масштаба для планировок квартир\09_outputs\_full_wip\20260727_full_mkd2\Корпус 2.3\х200_POZD_WEB_K2-3_s13_et2_9.png","D:\AI\AITRASH\workspaces\project - Изменение масштаба для планировок квартир\09_outputs\_diagnostics\full_20260727_full_mkd2\details\288_POZD_WEB_K2-3_s13_et2_9_attempt1.json","D:\AI\AITRASH\workspaces\project - Изменение масштаба для планировок квартир\09_outputs\_diagnostics\full_20260727_full_mkd2\verify_details\288_POZD_WEB_K2-3_s13_et2_9_verify_attempt1.json","Независимая проверка AI/PNG/SHA-256 пройдена."
"277_296_20260727_152803","289","OK","Корпус 2.3/POZD_WEB_K2-3_s13_et3,5_1.ai","200","OK","true","1","1200","1200","600","600","true","860","0","1734","1734","10","10","true","true","true","true","true","True","1200","1200","True","823110","616890","True","True","True","True","True","D:\AI\AITRASH\workspaces\project - Изменение масштаба для планировок квартир\09_outputs\_full_wip\20260727_full_mkd2\Корпус 2.3\х200_POZD_WEB_K2-3_s13_et3,5_1.ai","D:\AI\AITRASH\workspaces\project - Изменение масштаба для планировок квартир\09_outputs\_full_wip\20260727_full_mkd2\Корпус 2.3\х200_POZD_WEB_K2-3_s13_et3,5_1.png","D:\AI\AITRASH\workspaces\project - Изменение масштаба для планировок квартир\09_outputs\_diagnostics\full_20260727_full_mkd2\details\289_POZD_WEB_K2-3_s13_et3,5_1_attempt1.json","D:\AI\AITRASH\workspaces\project - Изменение масштаба для планировок квартир\09_outputs\_diagnostics\full_20260727_full_mkd2\verify_details\289_POZD_WEB_K2-3_s13_et3,5_1_verify_attempt1.json","Независимая проверка AI/PNG/SHA-256 пройдена."
"277_296_20260727_152803","290","OK","Корпус 2.3/POZD_WEB_K2-3_s13_et3,5_3.ai","200","OK","true","1","1200","1200","600","600","true","806","0","1627","1627","10","10","true","true","true","true","true","True","1200","1200","True","854207","585793","True","True","True","True","True","D:\AI\AITRASH\workspaces\project - Изменение масштаба для планировок квартир\09_outputs\_full_wip\20260727_full_mkd2\Корпус 2.3\х200_POZD_WEB_K2-3_s13_et3,5_3.ai","D:\AI\AITRASH\workspaces\project - Изменение масштаба для планировок квартир\09_outputs\_full_wip\20260727_full_mkd2\Корпус 2.3\х200_POZD_WEB_K2-3_s13_et3,5_3.png","D:\AI\AITRASH\workspaces\project - Изменение масштаба для планировок квартир\09_outputs\_diagnostics\full_20260727_full_mkd2\details\290_POZD_WEB_K2-3_s13_et3,5_3_attempt1.json","D:\AI\AITRASH\workspaces\project - Изменение масштаба для планировок квартир\09_outputs\_diagnostics\full_20260727_full_mkd2\verify_details\290_POZD_WEB_K2-3_s13_et3,5_3_verify_attempt1.json","Независимая проверка AI/PNG/SHA-256 пройдена."
"277_296_20260727_152803","291","OK","Корпус 2.3/POZD_WEB_K2-3_s13_et3,5_4.ai","120","OK","true","1","1200","1200","600","600","true","1706","0","3452","3452","11","11","true","true","true","true","true","True","1200","1200","True","954397","485603","True","True","True","True","True","D:\AI\AITRASH\workspaces\project - Изменение масштаба для планировок квартир\09_outputs\_full_wip\20260727_full_mkd2\Корпус 2.3\х120_POZD_WEB_K2-3_s13_et3,5_4.ai","D:\AI\AITRASH\workspaces\project - Изменение масштаба для планировок квартир\09_outputs\_full_wip\20260727_full_mkd2\Корпус 2.3\х120_POZD_WEB_K2-3_s13_et3,5_4.png","D:\AI\AITRASH\workspaces\project - Изменение масштаба для планировок квартир\09_outputs\_diagnostics\full_20260727_full_mkd2\details\291_POZD_WEB_K2-3_s13_et3,5_4_attempt1.json","D:\AI\AITRASH\workspaces\project - Изменение масштаба для планировок квартир\09_outputs\_diagnostics\full_20260727_full_mkd2\verify_details\291_POZD_WEB_K2-3_s13_et3,5_4_verify_attempt1.json","Независимая проверка AI/PNG/SHA-256 пройдена."
"277_296_20260727_152803","292","OK","Корпус 2.3/POZD_WEB_K2-3_s13_et3,5_5.ai","170","OK","true","1","1200","1200","600","600","true","1295","0","2622","2622","10","10","true","true","true","true","true","True","1200","1200","True","750490","689510","True","True","True","True","True","D:\AI\AITRASH\workspaces\project - Изменение масштаба для планировок квартир\09_outputs\_full_wip\20260727_full_mkd2\Корпус 2.3\х170_POZD_WEB_K2-3_s13_et3,5_5.ai","D:\AI\AITRASH\workspaces\project - Изменение масштаба для планировок квартир\09_outputs\_full_wip\20260727_full_mkd2\Корпус 2.3\х170_POZD_WEB_K2-3_s13_et3,5_5.png","D:\AI\AITRASH\workspaces\project - Изменение масштаба для планировок квартир\09_outputs\_diagnostics\full_20260727_full_mkd2\details\292_POZD_WEB_K2-3_s13_et3,5_5_attempt1.json","D:\AI\AITRASH\workspaces\project - Изменение масштаба для планировок квартир\09_outputs\_diagnostics\full_20260727_full_mkd2\verify_details\292_POZD_WEB_K2-3_s13_et3,5_5_verify_attempt1.json","Независимая проверка AI/PNG/SHA-256 пройдена."
"277_296_20260727_152803","293","OK","Корпус 2.3/POZD_WEB_K2-3_s13_et3,5_6.ai","170","OK","true","1","1200","1200","600","600","true","1271","0","2569","2569","10","10","true","true","true","true","true","True","1200","1200","True","813781","626219","True","True","True","True","True","D:\AI\AITRASH\workspaces\project - Изменение масштаба для планировок квартир\09_outputs\_full_wip\20260727_full_mkd2\Корпус 2.3\х170_POZD_WEB_K2-3_s13_et3,5_6.ai","D:\AI\AITRASH\workspaces\project - Изменение масштаба для планировок квартир\09_outputs\_full_wip\20260727_full_mkd2\Корпус 2.3\х170_POZD_WEB_K2-3_s13_et3,5_6.png","D:\AI\AITRASH\workspaces\project - Изменение масштаба для планировок квартир\09_outputs\_diagnostics\full_20260727_full_mkd2\details\293_POZD_WEB_K2-3_s13_et3,5_6_attempt1.json","D:\AI\AITRASH\workspaces\project - Изменение масштаба для планировок квартир\09_outputs\_diagnostics\full_20260727_full_mkd2\verify_details\293_POZD_WEB_K2-3_s13_et3,5_6_verify_attempt1.json","Независимая проверка AI/PNG/SHA-256 пройдена."
"277_296_20260727_152803","294","OK","Корпус 2.3/POZD_WEB_K2-3_s13_et3_7.ai","200","OK","true","1","1200","1200","600","600","true","809","0","1635","1635","10","10","true","true","true","true","true","True","1200","1200","True","845868","594132","True","True","True","True","True","D:\AI\AITRASH\workspaces\project - Изменение масштаба для планировок квартир\09_outputs\_full_wip\20260727_full_mkd2\Корпус 2.3\х200_POZD_WEB_K2-3_s13_et3_7.ai","D:\AI\AITRASH\workspaces\project - Изменение масштаба для планировок квартир\09_outputs\_full_wip\20260727_full_mkd2\Корпус 2.3\х200_POZD_WEB_K2-3_s13_et3_7.png","D:\AI\AITRASH\workspaces\project - Изменение масштаба для планировок квартир\09_outputs\_diagnostics\full_20260727_full_mkd2\details\294_POZD_WEB_K2-3_s13_et3_7_attempt1.json","D:\AI\AITRASH\workspaces\project - Изменение масштаба для планировок квартир\09_outputs\_diagnostics\full_20260727_full_mkd2\verify_details\294_POZD_WEB_K2-3_s13_et3_7_verify_attempt1.json","Независимая проверка AI/PNG/SHA-256 пройдена."
"277_296_20260727_152803","295","OK","Корпус 2.3/POZD_WEB_K2-3_s13_et3_8.ai","150","OK","true","1","1200","1200","600","600","true","1560","0","3167","3167","13","13","true","true","true","true","true","True","1200","1200","True","811587","628413","True","True","True","True","True","D:\AI\AITRASH\workspaces\project - Изменение масштаба для планировок квартир\09_outputs\_full_wip\20260727_full_mkd2\Корпус 2.3\х150_POZD_WEB_K2-3_s13_et3_8.ai","D:\AI\AITRASH\workspaces\project - Изменение масштаба для планировок квартир\09_outputs\_full_wip\20260727_full_mkd2\Корпус 2.3\х150_POZD_WEB_K2-3_s13_et3_8.png","D:\AI\AITRASH\workspaces\project - Изменение масштаба для планировок квартир\09_outputs\_diagnostics\full_20260727_full_mkd2\details\295_POZD_WEB_K2-3_s13_et3_8_attempt1.json","D:\AI\AITRASH\workspaces\project - Изменение масштаба для планировок квартир\09_outputs\_diagnostics\full_20260727_full_mkd2\verify_details\295_POZD_WEB_K2-3_s13_et3_8_verify_attempt1.json","Независимая проверка AI/PNG/SHA-256 пройдена."
"277_296_20260727_152803","296","OK","Корпус 2.3/POZD_WEB_K2-3_s13_et4_1.ai","200","OK","true","1","1200","1200","600","600","true","879","0","1776","1776","11","11","true","true","true","true","true","True","1200","1200","True","802303","637697","True","True","True","True","True","D:\AI\AITRASH\workspaces\project - Изменение масштаба для планировок квартир\09_outputs\_full_wip\20260727_full_mkd2\Корпус 2.3\х200_POZD_WEB_K2-3_s13_et4_1.ai","D:\AI\AITRASH\workspaces\project - Изменение масштаба для планировок квартир\09_outputs\_full_wip\20260727_full_mkd2\Корпус 2.3\х200_POZD_WEB_K2-3_s13_et4_1.png","D:\AI\AITRASH\workspaces\project - Изменение масштаба для планировок квартир\09_outputs\_diagnostics\full_20260727_full_mkd2\details\296_POZD_WEB_K2-3_s13_et4_1_attempt1.json","D:\AI\AITRASH\workspaces\project - Изменение масштаба для планировок квартир\09_outputs\_diagnostics\full_20260727_full_mkd2\verify_details\296_POZD_WEB_K2-3_s13_et4_1_verify_attempt1.json","Независимая проверка AI/PNG/SHA-256 пройдена."
"297_316_20260727_154040","297","OK","Корпус 2.3/POZD_WEB_K2-3_s13_et4_11.ai","200","OK","true","1","1200","1200","600","600","true","1023","0","2076","2076","10","10","true","true","true","true","true","True","1200","1200","True","684988","755012","True","True","True","True","True","D:\AI\AITRASH\workspaces\project - Изменение масштаба для планировок квартир\09_outputs\_full_wip\20260727_full_mkd2\Корпус 2.3\х200_POZD_WEB_K2-3_s13_et4_11.ai","D:\AI\AITRASH\workspaces\project - Изменение масштаба для планировок квартир\09_outputs\_full_wip\20260727_full_mkd2\Корпус 2.3\х200_POZD_WEB_K2-3_s13_et4_11.png","D:\AI\AITRASH\workspaces\project - Изменение масштаба для планировок квартир\09_outputs\_diagnostics\full_20260727_full_mkd2\details\297_POZD_WEB_K2-3_s13_et4_11_attempt1.json","D:\AI\AITRASH\workspaces\project - Изменение масштаба для планировок квартир\09_outputs\_diagnostics\full_20260727_full_mkd2\verify_details\297_POZD_WEB_K2-3_s13_et4_11_verify_attempt1.json","Независимая проверка AI/PNG/SHA-256 пройдена."
"297_316_20260727_154040","298","OK","Корпус 2.3/POZD_WEB_K2-3_s13_et4_2.ai","200","OK","true","1","1200","1200","600","600","true","707","0","1590","1590","10","10","true","true","true","true","true","True","1200","1200","True","879160","560840","True","True","True","True","True","D:\AI\AITRASH\workspaces\project - Изменение масштаба для планировок квартир\09_outputs\_full_wip\20260727_full_mkd2\Корпус 2.3\х200_POZD_WEB_K2-3_s13_et4_2.ai","D:\AI\AITRASH\workspaces\project - Изменение масштаба для планировок квартир\09_outputs\_full_wip\20260727_full_mkd2\Корпус 2.3\х200_POZD_WEB_K2-3_s13_et4_2.png","D:\AI\AITRASH\workspaces\project - Изменение масштаба для планировок квартир\09_outputs\_diagnostics\full_20260727_full_mkd2\details\298_POZD_WEB_K2-3_s13_et4_2_attempt1.json","D:\AI\AITRASH\workspaces\project - Изменение масштаба для планировок квартир\09_outputs\_diagnostics\full_20260727_full_mkd2\verify_details\298_POZD_WEB_K2-3_s13_et4_2_verify_attempt1.json","Независимая проверка AI/PNG/SHA-256 пройдена."
"297_316_20260727_154040","299","OK","Корпус 2.3/POZD_WEB_K2-3_s13_et4_3.ai","200","OK","true","1","1200","1200","600","600","true","820","0","1659","1659","11","11","true","true","true","true","true","True","1200","1200","True","834112","605888","True","True","True","True","True","D:\AI\AITRASH\workspaces\project - Изменение масштаба для планировок квартир\09_outputs\_full_wip\20260727_full_mkd2\Корпус 2.3\х200_POZD_WEB_K2-3_s13_et4_3.ai","D:\AI\AITRASH\workspaces\project - Изменение масштаба для планировок квартир\09_outputs\_full_wip\20260727_full_mkd2\Корпус 2.3\х200_POZD_WEB_K2-3_s13_et4_3.png","D:\AI\AITRASH\workspaces\project - Изменение масштаба для планировок квартир\09_outputs\_diagnostics\full_20260727_full_mkd2\details\299_POZD_WEB_K2-3_s13_et4_3_attempt1.json","D:\AI\AITRASH\workspaces\project - Изменение масштаба для планировок квартир\09_outputs\_diagnostics\full_20260727_full_mkd2\verify_details\299_POZD_WEB_K2-3_s13_et4_3_verify_attempt1.json","Независимая проверка AI/PNG/SHA-256 пройдена."
"297_316_20260727_154040","300","OK","Корпус 2.3/POZD_WEB_K2-3_s13_et4_5.ai","150","OK","true","1","1200","1200","600","600","true","1288","0","2612","2612","11","11","true","true","true","true","true","True","1200","1200","True","893203","546797","True","True","True","True","True","D:\AI\AITRASH\workspaces\project - Изменение масштаба для планировок квартир\09_outputs\_full_wip\20260727_full_mkd2\Корпус 2.3\х150_POZD_WEB_K2-3_s13_et4_5.ai","D:\AI\AITRASH\workspaces\project - Изменение масштаба для планировок квартир\09_outputs\_full_wip\20260727_full_mkd2\Корпус 2.3\х150_POZD_WEB_K2-3_s13_et4_5.png","D:\AI\AITRASH\workspaces\project - Изменение масштаба для планировок квартир\09_outputs\_diagnostics\full_20260727_full_mkd2\details\300_POZD_WEB_K2-3_s13_et4_5_attempt1.json","D:\AI\AITRASH\workspaces\project - Изменение масштаба для планировок квартир\09_outputs\_diagnostics\full_20260727_full_mkd2\verify_details\300_POZD_WEB_K2-3_s13_et4_5_verify_attempt1.json","Независимая проверка AI/PNG/SHA-256 пройдена."
"297_316_20260727_154040","301","OK","Корпус 2.3/POZD_WEB_K2-3_s13_et4_6.ai","170","OK","true","1","1200","1200","600","600","true","1292","0","2619","2619","11","11","true","true","true","true","true","True","1200","1200","True","796513","643487","True","True","True","True","True","D:\AI\AITRASH\workspaces\project - Изменение масштаба для планировок квартир\09_outputs\_full_wip\20260727_full_mkd2\Корпус 2.3\х170_POZD_WEB_K2-3_s13_et4_6.ai","D:\AI\AITRASH\workspaces\project - Изменение масштаба для планировок квартир\09_outputs\_full_wip\20260727_full_mkd2\Корпус 2.3\х170_POZD_WEB_K2-3_s13_et4_6.png","D:\AI\AITRASH\workspaces\project - Изменение масштаба для планировок квартир\09_outputs\_diagnostics\full_20260727_full_mkd2\details\301_POZD_WEB_K2-3_s13_et4_6_attempt1.json","D:\AI\AITRASH\workspaces\project - Изменение масштаба для планировок квартир\09_outputs\_diagnostics\full_20260727_full_mkd2\verify_details\301_POZD_WEB_K2-3_s13_et4_6_verify_attempt1.json","Независимая проверка AI/PNG/SHA-256 пройдена."
"297_316_20260727_154040","302","OK","Корпус 2.3/POZD_WEB_K2-3_s13_et4_7.ai","200","OK","true","1","1200","1200","600","600","true","820","0","1658","1658","10","10","true","true","true","true","true","True","1200","1200","True","845868","594132","True","True","True","True","True","D:\AI\AITRASH\workspaces\project - Изменение масштаба для планировок квартир\09_outputs\_full_wip\20260727_full_mkd2\Корпус 2.3\х200_POZD_WEB_K2-3_s13_et4_7.ai","D:\AI\AITRASH\workspaces\project - Изменение масштаба для планировок квартир\09_outputs\_full_wip\20260727_full_mkd2\Корпус 2.3\х200_POZD_WEB_K2-3_s13_et4_7.png","D:\AI\AITRASH\workspaces\project - Изменение масштаба для планировок квартир\09_outputs\_diagnostics\full_20260727_full_mkd2\details\302_POZD_WEB_K2-3_s13_et4_7_attempt1.json","D:\AI\AITRASH\workspaces\project - Изменение масштаба для планировок квартир\09_outputs\_diagnostics\full_20260727_full_mkd2\verify_details\302_POZD_WEB_K2-3_s13_et4_7_verify_attempt1.json","Независимая проверка AI/PNG/SHA-256 пройдена."
"297_316_20260727_154040","303","OK","Корпус 2.3/POZD_WEB_K2-3_s13_et4_8.ai","150","OK","true","1","1200","1200","600","600","true","1526","0","3101","3101","11","11","true","true","true","true","true","True","1200","1200","True","811413","628587","True","True","True","True","True","D:\AI\AITRASH\workspaces\project - Изменение масштаба для планировок квартир\09_outputs\_full_wip\20260727_full_mkd2\Корпус 2.3\х150_POZD_WEB_K2-3_s13_et4_8.ai","D:\AI\AITRASH\workspaces\project - Изменение масштаба для планировок квартир\09_outputs\_full_wip\20260727_full_mkd2\Корпус 2.3\х150_POZD_WEB_K2-3_s13_et4_8.png","D:\AI\AITRASH\workspaces\project - Изменение масштаба для планировок квартир\09_outputs\_diagnostics\full_20260727_full_mkd2\details\303_POZD_WEB_K2-3_s13_et4_8_attempt1.json","D:\AI\AITRASH\workspaces\project - Изменение масштаба для планировок квартир\09_outputs\_diagnostics\full_20260727_full_mkd2\verify_details\303_POZD_WEB_K2-3_s13_et4_8_verify_attempt1.json","Независимая проверка AI/PNG/SHA-256 пройдена."
"297_316_20260727_154040","304","OK","Корпус 2.3/POZD_WEB_K2-3_s13_et4_9.ai","200","OK","true","1","1200","1200","600","600","true","878","0","1777","1777","10","10","true","true","true","true","true","True","1200","1200","True","839985","600015","True","True","True","True","True","D:\AI\AITRASH\workspaces\project - Изменение масштаба для планировок квартир\09_outputs\_full_wip\20260727_full_mkd2\Корпус 2.3\х200_POZD_WEB_K2-3_s13_et4_9.ai","D:\AI\AITRASH\workspaces\project - Изменение масштаба для планировок квартир\09_outputs\_full_wip\20260727_full_mkd2\Корпус 2.3\х200_POZD_WEB_K2-3_s13_et4_9.png","D:\AI\AITRASH\workspaces\project - Изменение масштаба для планировок квартир\09_outputs\_diagnostics\full_20260727_full_mkd2\details\304_POZD_WEB_K2-3_s13_et4_9_attempt1.json","D:\AI\AITRASH\workspaces\project - Изменение масштаба для планировок квартир\09_outputs\_diagnostics\full_20260727_full_mkd2\verify_details\304_POZD_WEB_K2-3_s13_et4_9_verify_attempt1.json","Независимая проверка AI/PNG/SHA-256 пройдена."
"297_316_20260727_154040","305","OK","Корпус 2.3/POZD_WEB_K2-3_s13_et5_5.ai","170","OK","true","1","1200","1200","600","600","true","1280","0","2592","2592","10","10","true","true","true","true","true","True","1200","1200","True","752104","687896","True","True","True","True","True","D:\AI\AITRASH\workspaces\project - Изменение масштаба для планировок квартир\09_outputs\_full_wip\20260727_full_mkd2\Корпус 2.3\х170_POZD_WEB_K2-3_s13_et5_5.ai","D:\AI\AITRASH\workspaces\project - Изменение масштаба для планировок квартир\09_outputs\_full_wip\20260727_full_mkd2\Корпус 2.3\х170_POZD_WEB_K2-3_s13_et5_5.png","D:\AI\AITRASH\workspaces\project - Изменение масштаба для планировок квартир\09_outputs\_diagnostics\full_20260727_full_mkd2\details\305_POZD_WEB_K2-3_s13_et5_5_attempt1.json","D:\AI\AITRASH\workspaces\project - Изменение масштаба для планировок квартир\09_outputs\_diagnostics\full_20260727_full_mkd2\verify_details\305_POZD_WEB_K2-3_s13_et5_5_verify_attempt1.json","Независимая проверка AI/PNG/SHA-256 пройдена."
"297_316_20260727_154040","306","OK","Корпус 2.3/POZD_WEB_K2-3_s13_et5_7.ai","200","OK","true","1","1200","1200","600","600","true","804","0","1626","1626","10","10","true","true","true","true","true","True","1200","1200","True","848381","591619","True","True","True","True","True","D:\AI\AITRASH\workspaces\project - Изменение масштаба для планировок квартир\09_outputs\_full_wip\20260727_full_mkd2\Корпус 2.3\х200_POZD_WEB_K2-3_s13_et5_7.ai","D:\AI\AITRASH\workspaces\project - Изменение масштаба для планировок квартир\09_outputs\_full_wip\20260727_full_mkd2\Корпус 2.3\х200_POZD_WEB_K2-3_s13_et5_7.png","D:\AI\AITRASH\workspaces\project - Изменение масштаба для планировок квартир\09_outputs\_diagnostics\full_20260727_full_mkd2\details\306_POZD_WEB_K2-3_s13_et5_7_attempt1.json","D:\AI\AITRASH\workspaces\project - Изменение масштаба для планировок квартир\09_outputs\_diagnostics\full_20260727_full_mkd2\verify_details\306_POZD_WEB_K2-3_s13_et5_7_verify_attempt1.json","Независимая проверка AI/PNG/SHA-256 пройдена."
"297_316_20260727_154040","307","OK","Корпус 2.3/POZD_WEB_K2-3_s13_et6_3.ai","150","OK","true","1","1200","1200","600","600","true","1841","0","3740","3740","14","14","true","true","true","true","true","True","1200","1200","True","771928","668072","True","True","True","True","True","D:\AI\AITRASH\workspaces\project - Изменение масштаба для планировок квартир\09_outputs\_full_wip\20260727_full_mkd2\Корпус 2.3\х150_POZD_WEB_K2-3_s13_et6_3.ai","D:\AI\AITRASH\workspaces\project - Изменение масштаба для планировок квартир\09_outputs\_full_wip\20260727_full_mkd2\Корпус 2.3\х150_POZD_WEB_K2-3_s13_et6_3.png","D:\AI\AITRASH\workspaces\project - Изменение масштаба для планировок квартир\09_outputs\_diagnostics\full_20260727_full_mkd2\details\307_POZD_WEB_K2-3_s13_et6_3_attempt1.json","D:\AI\AITRASH\workspaces\project - Изменение масштаба для планировок квартир\09_outputs\_diagnostics\full_20260727_full_mkd2\verify_details\307_POZD_WEB_K2-3_s13_et6_3_verify_attempt1.json","Независимая проверка AI/PNG/SHA-256 пройдена."
"297_316_20260727_154040","308","OK","Корпус 2.3/POZD_WEB_K2-3_s13_et6_5.ai","170","OK","true","1","1200","1200","600","600","true","1274","0","2583","2583","10","10","true","true","true","true","true","True","1200","1200","True","811252","628748","True","True","True","True","True","D:\AI\AITRASH\workspaces\project - Изменение масштаба для планировок квартир\09_outputs\_full_wip\20260727_full_mkd2\Корпус 2.3\х170_POZD_WEB_K2-3_s13_et6_5.ai","D:\AI\AITRASH\workspaces\project - Изменение масштаба для планировок квартир\09_outputs\_full_wip\20260727_full_mkd2\Корпус 2.3\х170_POZD_WEB_K2-3_s13_et6_5.png","D:\AI\AITRASH\workspaces\project - Изменение масштаба для планировок квартир\09_outputs\_diagnostics\full_20260727_full_mkd2\details\308_POZD_WEB_K2-3_s13_et6_5_attempt1.json","D:\AI\AITRASH\workspaces\project - Изменение масштаба для планировок квартир\09_outputs\_diagnostics\full_20260727_full_mkd2\verify_details\308_POZD_WEB_K2-3_s13_et6_5_verify_attempt1.json","Независимая проверка AI/PNG/SHA-256 пройдена."
"297_316_20260727_154040","309","OK","Корпус 2.3/POZD_WEB_K2-3_s13_et6_7.ai","150","OK","true","1","1200","1200","600","600","true","2334","0","4729","4729","18","18","true","true","true","true","true","True","1200","1200","True","802212","637788","True","True","True","True","True","D:\AI\AITRASH\workspaces\project - Изменение масштаба для планировок квартир\09_outputs\_full_wip\20260727_full_mkd2\Корпус 2.3\х150_POZD_WEB_K2-3_s13_et6_7.ai","D:\AI\AITRASH\workspaces\project - Изменение масштаба для планировок квартир\09_outputs\_full_wip\20260727_full_mkd2\Корпус 2.3\х150_POZD_WEB_K2-3_s13_et6_7.png","D:\AI\AITRASH\workspaces\project - Изменение масштаба для планировок квартир\09_outputs\_diagnostics\full_20260727_full_mkd2\details\309_POZD_WEB_K2-3_s13_et6_7_attempt1.json","D:\AI\AITRASH\workspaces\project - Изменение масштаба для планировок квартир\09_outputs\_diagnostics\full_20260727_full_mkd2\verify_details\309_POZD_WEB_K2-3_s13_et6_7_verify_attempt1.json","Независимая проверка AI/PNG/SHA-256 пройдена."
"297_316_20260727_154040","310","OK","Корпус 2.3/POZD_WEB_K2-3_s13_et6_9.ai","170","OK","true","1","1200","1200","600","600","true","1034","0","2100","2100","11","11","true","true","true","true","true","True","1200","1200","True","880344","559656","True","True","True","True","True","D:\AI\AITRASH\workspaces\project - Изменение масштаба для планировок квартир\09_outputs\_full_wip\20260727_full_mkd2\Корпус 2.3\х170_POZD_WEB_K2-3_s13_et6_9.ai","D:\AI\AITRASH\workspaces\project - Изменение масштаба для планировок квартир\09_outputs\_full_wip\20260727_full_mkd2\Корпус 2.3\х170_POZD_WEB_K2-3_s13_et6_9.png","D:\AI\AITRASH\workspaces\project - Изменение масштаба для планировок квартир\09_outputs\_diagnostics\full_20260727_full_mkd2\details\310_POZD_WEB_K2-3_s13_et6_9_attempt1.json","D:\AI\AITRASH\workspaces\project - Изменение масштаба для планировок квартир\09_outputs\_diagnostics\full_20260727_full_mkd2\verify_details\310_POZD_WEB_K2-3_s13_et6_9_verify_attempt1.json","Независимая проверка AI/PNG/SHA-256 пройдена."
"297_316_20260727_154040","311","OK","Корпус 2.3/POZD_WEB_K2-3_s14_et1,3,5_2.ai","170","OK","true","1","1200","1200","600","600","true","1293","0","2619","2619","10","10","true","true","true","true","true","True","1200","1200","True","725658","714342","True","True","True","True","True","D:\AI\AITRASH\workspaces\project - Изменение масштаба для планировок квартир\09_outputs\_full_wip\20260727_full_mkd2\Корпус 2.3\х170_POZD_WEB_K2-3_s14_et1,3,5_2.ai","D:\AI\AITRASH\workspaces\project - Изменение масштаба для планировок квартир\09_outputs\_full_wip\20260727_full_mkd2\Корпус 2.3\х170_POZD_WEB_K2-3_s14_et1,3,5_2.png","D:\AI\AITRASH\workspaces\project - Изменение масштаба для планировок квартир\09_outputs\_diagnostics\full_20260727_full_mkd2\details\311_POZD_WEB_K2-3_s14_et1,3,5_2_attempt1.json","D:\AI\AITRASH\workspaces\project - Изменение масштаба для планировок квартир\09_outputs\_diagnostics\full_20260727_full_mkd2\verify_details\311_POZD_WEB_K2-3_s14_et1,3,5_2_verify_attempt1.json","Независимая проверка AI/PNG/SHA-256 пройдена."
"297_316_20260727_154040","312","OK","Корпус 2.3/POZD_WEB_K2-3_s14_et1,3,5_3.ai","200","OK","true","1","1200","1200","600","600","true","820","0","1654","1654","10","10","true","true","true","true","true","True","1200","1200","True","854777","585223","True","True","True","True","True","D:\AI\AITRASH\workspaces\project - Изменение масштаба для планировок квартир\09_outputs\_full_wip\20260727_full_mkd2\Корпус 2.3\х200_POZD_WEB_K2-3_s14_et1,3,5_3.ai","D:\AI\AITRASH\workspaces\project - Изменение масштаба для планировок квартир\09_outputs\_full_wip\20260727_full_mkd2\Корпус 2.3\х200_POZD_WEB_K2-3_s14_et1,3,5_3.png","D:\AI\AITRASH\workspaces\project - Изменение масштаба для планировок квартир\09_outputs\_diagnostics\full_20260727_full_mkd2\details\312_POZD_WEB_K2-3_s14_et1,3,5_3_attempt1.json","D:\AI\AITRASH\workspaces\project - Изменение масштаба для планировок квартир\09_outputs\_diagnostics\full_20260727_full_mkd2\verify_details\312_POZD_WEB_K2-3_s14_et1,3,5_3_verify_attempt1.json","Независимая проверка AI/PNG/SHA-256 пройдена."
"297_316_20260727_154040","313","OK","Корпус 2.3/POZD_WEB_K2-3_s14_et1_1.ai","150","OK","true","1","1200","1200","600","600","true","2128","0","4308","4308","14","14","true","true","true","true","true","True","1200","1200","True","797774","642226","True","True","True","True","True","D:\AI\AITRASH\workspaces\project - Изменение масштаба для планировок квартир\09_outputs\_full_wip\20260727_full_mkd2\Корпус 2.3\х150_POZD_WEB_K2-3_s14_et1_1.ai","D:\AI\AITRASH\workspaces\project - Изменение масштаба для планировок квартир\09_outputs\_full_wip\20260727_full_mkd2\Корпус 2.3\х150_POZD_WEB_K2-3_s14_et1_1.png","D:\AI\AITRASH\workspaces\project - Изменение масштаба для планировок квартир\09_outputs\_diagnostics\full_20260727_full_mkd2\details\313_POZD_WEB_K2-3_s14_et1_1_attempt1.json","D:\AI\AITRASH\workspaces\project - Изменение масштаба для планировок квартир\09_outputs\_diagnostics\full_20260727_full_mkd2\verify_details\313_POZD_WEB_K2-3_s14_et1_1_verify_attempt1.json","Независимая проверка AI/PNG/SHA-256 пройдена."
"297_316_20260727_154040","314","OK","Корпус 2.3/POZD_WEB_K2-3_s14_et2,6_1.ai","170","OK","true","1","1200","1200","600","600","true","1273","0","2570","2570","10","10","true","true","true","true","true","True","1200","1200","True","759115","680885","True","True","True","True","True","D:\AI\AITRASH\workspaces\project - Изменение масштаба для планировок квартир\09_outputs\_full_wip\20260727_full_mkd2\Корпус 2.3\х170_POZD_WEB_K2-3_s14_et2,6_1.ai","D:\AI\AITRASH\workspaces\project - Изменение масштаба для планировок квартир\09_outputs\_full_wip\20260727_full_mkd2\Корпус 2.3\х170_POZD_WEB_K2-3_s14_et2,6_1.png","D:\AI\AITRASH\workspaces\project - Изменение масштаба для планировок квартир\09_outputs\_diagnostics\full_20260727_full_mkd2\details\314_POZD_WEB_K2-3_s14_et2,6_1_attempt1.json","D:\AI\AITRASH\workspaces\project - Изменение масштаба для планировок квартир\09_outputs\_diagnostics\full_20260727_full_mkd2\verify_details\314_POZD_WEB_K2-3_s14_et2,6_1_verify_attempt1.json","Независимая проверка AI/PNG/SHA-256 пройдена."
"297_316_20260727_154040","315","OK","Корпус 2.3/POZD_WEB_K2-3_s14_et2,6_2.ai","150","OK","true","1","1200","1200","600","600","true","1258","0","2552","2552","11","11","true","true","true","true","true","True","1200","1200","True","871453","568547","True","True","True","True","True","D:\AI\AITRASH\workspaces\project - Изменение масштаба для планировок квартир\09_outputs\_full_wip\20260727_full_mkd2\Корпус 2.3\х150_POZD_WEB_K2-3_s14_et2,6_2.ai","D:\AI\AITRASH\workspaces\project - Изменение масштаба для планировок квартир\09_outputs\_full_wip\20260727_full_mkd2\Корпус 2.3\х150_POZD_WEB_K2-3_s14_et2,6_2.png","D:\AI\AITRASH\workspaces\project - Изменение масштаба для планировок квартир\09_outputs\_diagnostics\full_20260727_full_mkd2\details\315_POZD_WEB_K2-3_s14_et2,6_2_attempt1.json","D:\AI\AITRASH\workspaces\project - Изменение масштаба для планировок квартир\09_outputs\_diagnostics\full_20260727_full_mkd2\verify_details\315_POZD_WEB_K2-3_s14_et2,6_2_verify_attempt1.json","Независимая проверка AI/PNG/SHA-256 пройдена."
"297_316_20260727_154040","316","OK","Корпус 2.3/POZD_WEB_K2-3_s14_et2,6_3.ai","200","OK","true","1","1200","1200","600","600","true","841","0","1700","1700","11","11","true","true","true","true","true","True","1200","1200","True","849353","590647","True","True","True","True","True","D:\AI\AITRASH\workspaces\project - Изменение масштаба для планировок квартир\09_outputs\_full_wip\20260727_full_mkd2\Корпус 2.3\х200_POZD_WEB_K2-3_s14_et2,6_3.ai","D:\AI\AITRASH\workspaces\project - Изменение масштаба для планировок квартир\09_outputs\_full_wip\20260727_full_mkd2\Корпус 2.3\х200_POZD_WEB_K2-3_s14_et2,6_3.png","D:\AI\AITRASH\workspaces\project - Изменение масштаба для планировок квартир\09_outputs\_diagnostics\full_20260727_full_mkd2\details\316_POZD_WEB_K2-3_s14_et2,6_3_attempt1.json","D:\AI\AITRASH\workspaces\project - Изменение масштаба для планировок квартир\09_outputs\_diagnostics\full_20260727_full_mkd2\verify_details\316_POZD_WEB_K2-3_s14_et2,6_3_verify_attempt1.json","Независимая проверка AI/PNG/SHA-256 пройдена."
"317_336_20260727_155313","317","OK","Корпус 2.3/POZD_WEB_K2-3_s14_et2_4.ai","200","OK","true","1","1200","1200","600","600","true","909","0","1837","1837","11","11","true","true","true","true","true","True","1200","1200","True","750528","689472","True","True","True","True","True","D:\AI\AITRASH\workspaces\project - Изменение масштаба для планировок квартир\09_outputs\_full_wip\20260727_full_mkd2\Корпус 2.3\х200_POZD_WEB_K2-3_s14_et2_4.ai","D:\AI\AITRASH\workspaces\project - Изменение масштаба для планировок квартир\09_outputs\_full_wip\20260727_full_mkd2\Корпус 2.3\х200_POZD_WEB_K2-3_s14_et2_4.png","D:\AI\AITRASH\workspaces\project - Изменение масштаба для планировок квартир\09_outputs\_diagnostics\full_20260727_full_mkd2\details\317_POZD_WEB_K2-3_s14_et2_4_attempt1.json","D:\AI\AITRASH\workspaces\project - Изменение масштаба для планировок квартир\09_outputs\_diagnostics\full_20260727_full_mkd2\verify_details\317_POZD_WEB_K2-3_s14_et2_4_verify_attempt1.json","Независимая проверка AI/PNG/SHA-256 пройдена."
"317_336_20260727_155313","318","OK","Корпус 2.3/POZD_WEB_K2-3_s14_et2_5.ai","200","OK","true","1","1200","1200","600","600","true","960","0","1930","1930","11","11","true","true","true","true","true","True","1200","1200","True","786017","653983","True","True","True","True","True","D:\AI\AITRASH\workspaces\project - Изменение масштаба для планировок квартир\09_outputs\_full_wip\20260727_full_mkd2\Корпус 2.3\х200_POZD_WEB_K2-3_s14_et2_5.ai","D:\AI\AITRASH\workspaces\project - Изменение масштаба для планировок квартир\09_outputs\_full_wip\20260727_full_mkd2\Корпус 2.3\х200_POZD_WEB_K2-3_s14_et2_5.png","D:\AI\AITRASH\workspaces\project - Изменение масштаба для планировок квартир\09_outputs\_diagnostics\full_20260727_full_mkd2\details\318_POZD_WEB_K2-3_s14_et2_5_attempt1.json","D:\AI\AITRASH\workspaces\project - Изменение масштаба для планировок квартир\09_outputs\_diagnostics\full_20260727_full_mkd2\verify_details\318_POZD_WEB_K2-3_s14_et2_5_verify_attempt1.json","Независимая проверка AI/PNG/SHA-256 пройдена."
"317_336_20260727_155313","319","OK","Корпус 2.3/POZD_WEB_K2-3_s14_et3,5_1.ai","170","OK","true","1","1200","1200","600","600","true","1281","0","2590","2590","10","10","true","true","true","true","true","True","1200","1200","True","761666","678334","True","True","True","True","True","D:\AI\AITRASH\workspaces\project - Изменение масштаба для планировок квартир\09_outputs\_full_wip\20260727_full_mkd2\Корпус 2.3\х170_POZD_WEB_K2-3_s14_et3,5_1.ai","D:\AI\AITRASH\workspaces\project - Изменение масштаба для планировок квартир\09_outputs\_full_wip\20260727_full_mkd2\Корпус 2.3\х170_POZD_WEB_K2-3_s14_et3,5_1.png","D:\AI\AITRASH\workspaces\project - Изменение масштаба для планировок квартир\09_outputs\_diagnostics\full_20260727_full_mkd2\details\319_POZD_WEB_K2-3_s14_et3,5_1_attempt1.json","D:\AI\AITRASH\workspaces\project - Изменение масштаба для планировок квартир\09_outputs\_diagnostics\full_20260727_full_mkd2\verify_details\319_POZD_WEB_K2-3_s14_et3,5_1_verify_attempt1.json","Независимая проверка AI/PNG/SHA-256 пройдена."
"317_336_20260727_155313","320","OK","Корпус 2.3/POZD_WEB_K2-3_s14_et3,5_5.ai","200","OK","true","1","1200","1200","600","600","true","970","0","1953","1953","10","10","true","true","true","true","true","True","1200","1200","True","805508","634492","True","True","True","True","True","D:\AI\AITRASH\workspaces\project - Изменение масштаба для планировок квартир\09_outputs\_full_wip\20260727_full_mkd2\Корпус 2.3\х200_POZD_WEB_K2-3_s14_et3,5_5.ai","D:\AI\AITRASH\workspaces\project - Изменение масштаба для планировок квартир\09_outputs\_full_wip\20260727_full_mkd2\Корпус 2.3\х200_POZD_WEB_K2-3_s14_et3,5_5.png","D:\AI\AITRASH\workspaces\project - Изменение масштаба для планировок квартир\09_outputs\_diagnostics\full_20260727_full_mkd2\details\320_POZD_WEB_K2-3_s14_et3,5_5_attempt1.json","D:\AI\AITRASH\workspaces\project - Изменение масштаба для планировок квартир\09_outputs\_diagnostics\full_20260727_full_mkd2\verify_details\320_POZD_WEB_K2-3_s14_et3,5_5_verify_attempt1.json","Независимая проверка AI/PNG/SHA-256 пройдена."
"317_336_20260727_155313","321","OK","Корпус 2.3/POZD_WEB_K2-3_s14_et3_4.ai","200","OK","true","1","1200","1200","600","600","true","907","0","1830","1830","11","11","true","true","true","true","true","True","1200","1200","True","766786","673214","True","True","True","True","True","D:\AI\AITRASH\workspaces\project - Изменение масштаба для планировок квартир\09_outputs\_full_wip\20260727_full_mkd2\Корпус 2.3\х200_POZD_WEB_K2-3_s14_et3_4.ai","D:\AI\AITRASH\workspaces\project - Изменение масштаба для планировок квартир\09_outputs\_full_wip\20260727_full_mkd2\Корпус 2.3\х200_POZD_WEB_K2-3_s14_et3_4.png","D:\AI\AITRASH\workspaces\project - Изменение масштаба для планировок квартир\09_outputs\_diagnostics\full_20260727_full_mkd2\details\321_POZD_WEB_K2-3_s14_et3_4_attempt1.json","D:\AI\AITRASH\workspaces\project - Изменение масштаба для планировок квартир\09_outputs\_diagnostics\full_20260727_full_mkd2\verify_details\321_POZD_WEB_K2-3_s14_et3_4_verify_attempt1.json","Независимая проверка AI/PNG/SHA-256 пройдена."
"317_336_20260727_155313","322","OK","Корпус 2.3/POZD_WEB_K2-3_s14_et4_1.ai","170","OK","true","1","1200","1200","600","600","true","1282","0","2597","2597","11","11","true","true","true","true","true","True","1200","1200","True","745118","694882","True","True","True","True","True","D:\AI\AITRASH\workspaces\project - Изменение масштаба для планировок квартир\09_outputs\_full_wip\20260727_full_mkd2\Корпус 2.3\х170_POZD_WEB_K2-3_s14_et4_1.ai","D:\AI\AITRASH\workspaces\project - Изменение масштаба для планировок квартир\09_outputs\_full_wip\20260727_full_mkd2\Корпус 2.3\х170_POZD_WEB_K2-3_s14_et4_1.png","D:\AI\AITRASH\workspaces\project - Изменение масштаба для планировок квартир\09_outputs\_diagnostics\full_20260727_full_mkd2\details\322_POZD_WEB_K2-3_s14_et4_1_attempt1.json","D:\AI\AITRASH\workspaces\project - Изменение масштаба для планировок квартир\09_outputs\_diagnostics\full_20260727_full_mkd2\verify_details\322_POZD_WEB_K2-3_s14_et4_1_verify_attempt1.json","Независимая проверка AI/PNG/SHA-256 пройдена."
"317_336_20260727_155313","323","OK","Корпус 2.3/POZD_WEB_K2-3_s14_et4_2.ai","170","OK","true","1","1200","1200","600","600","true","1269","0","2565","2565","10","10","true","true","true","true","true","True","1200","1200","True","722654","717346","True","True","True","True","True","D:\AI\AITRASH\workspaces\project - Изменение масштаба для планировок квартир\09_outputs\_full_wip\20260727_full_mkd2\Корпус 2.3\х170_POZD_WEB_K2-3_s14_et4_2.ai","D:\AI\AITRASH\workspaces\project - Изменение масштаба для планировок квартир\09_outputs\_full_wip\20260727_full_mkd2\Корпус 2.3\х170_POZD_WEB_K2-3_s14_et4_2.png","D:\AI\AITRASH\workspaces\project - Изменение масштаба для планировок квартир\09_outputs\_diagnostics\full_20260727_full_mkd2\details\323_POZD_WEB_K2-3_s14_et4_2_attempt1.json","D:\AI\AITRASH\workspaces\project - Изменение масштаба для планировок квартир\09_outputs\_diagnostics\full_20260727_full_mkd2\verify_details\323_POZD_WEB_K2-3_s14_et4_2_verify_attempt1.json","Независимая проверка AI/PNG/SHA-256 пройдена."
"317_336_20260727_155313","324","OK","Корпус 2.3/POZD_WEB_K2-3_s14_et4_3.ai","200","OK","true","1","1200","1200","600","600","true","829","0","1682","1682","11","11","true","true","true","true","true","True","1200","1200","True","829250","610750","True","True","True","True","True","D:\AI\AITRASH\workspaces\project - Изменение масштаба для планировок квартир\09_outputs\_full_wip\20260727_full_mkd2\Корпус 2.3\х200_POZD_WEB_K2-3_s14_et4_3.ai","D:\AI\AITRASH\workspaces\project - Изменение масштаба для планировок квартир\09_outputs\_full_wip\20260727_full_mkd2\Корпус 2.3\х200_POZD_WEB_K2-3_s14_et4_3.png","D:\AI\AITRASH\workspaces\project - Изменение масштаба для планировок квартир\09_outputs\_diagnostics\full_20260727_full_mkd2\details\324_POZD_WEB_K2-3_s14_et4_3_attempt1.json","D:\AI\AITRASH\workspaces\project - Изменение масштаба для планировок квартир\09_outputs\_diagnostics\full_20260727_full_mkd2\verify_details\324_POZD_WEB_K2-3_s14_et4_3_verify_attempt1.json","Независимая проверка AI/PNG/SHA-256 пройдена."
"317_336_20260727_155313","325","OK","Корпус 2.3/POZD_WEB_K2-3_s14_et4_4.ai","200","OK","true","1","1200","1200","600","600","true","918","0","1855","1855","11","11","true","true","true","true","true","True","1200","1200","True","747985","692015","True","True","True","True","True","D:\AI\AITRASH\workspaces\project - Изменение масштаба для планировок квартир\09_outputs\_full_wip\20260727_full_mkd2\Корпус 2.3\х200_POZD_WEB_K2-3_s14_et4_4.ai","D:\AI\AITRASH\workspaces\project - Изменение масштаба для планировок квартир\09_outputs\_full_wip\20260727_full_mkd2\Корпус 2.3\х200_POZD_WEB_K2-3_s14_et4_4.png","D:\AI\AITRASH\workspaces\project - Изменение масштаба для планировок квартир\09_outputs\_diagnostics\full_20260727_full_mkd2\details\325_POZD_WEB_K2-3_s14_et4_4_attempt1.json","D:\AI\AITRASH\workspaces\project - Изменение масштаба для планировок квартир\09_outputs\_diagnostics\full_20260727_full_mkd2\verify_details\325_POZD_WEB_K2-3_s14_et4_4_verify_attempt1.json","Независимая проверка AI/PNG/SHA-256 пройдена."
"317_336_20260727_155313","326","OK","Корпус 2.3/POZD_WEB_K2-3_s14_et4_5.ai","200","OK","true","1","1200","1200","600","600","true","964","0","1941","1941","10","10","true","true","true","true","true","True","1200","1200","True","802288","637712","True","True","True","True","True","D:\AI\AITRASH\workspaces\project - Изменение масштаба для планировок квартир\09_outputs\_full_wip\20260727_full_mkd2\Корпус 2.3\х200_POZD_WEB_K2-3_s14_et4_5.ai","D:\AI\AITRASH\workspaces\project - Изменение масштаба для планировок квартир\09_outputs\_full_wip\20260727_full_mkd2\Корпус 2.3\х200_POZD_WEB_K2-3_s14_et4_5.png","D:\AI\AITRASH\workspaces\project - Изменение масштаба для планировок квартир\09_outputs\_diagnostics\full_20260727_full_mkd2\details\326_POZD_WEB_K2-3_s14_et4_5_attempt1.json","D:\AI\AITRASH\workspaces\project - Изменение масштаба для планировок квартир\09_outputs\_diagnostics\full_20260727_full_mkd2\verify_details\326_POZD_WEB_K2-3_s14_et4_5_verify_attempt1.json","Независимая проверка AI/PNG/SHA-256 пройдена."
"317_336_20260727_155313","327","OK","Корпус 2.3/POZD_WEB_K2-3_s14_et5_4.ai","200","OK","true","1","1200","1200","600","600","true","904","0","1823","1823","10","10","true","true","true","true","true","True","1200","1200","True","766767","673233","True","True","True","True","True","D:\AI\AITRASH\workspaces\project - Изменение масштаба для планировок квартир\09_outputs\_full_wip\20260727_full_mkd2\Корпус 2.3\х200_POZD_WEB_K2-3_s14_et5_4.ai","D:\AI\AITRASH\workspaces\project - Изменение масштаба для планировок квартир\09_outputs\_full_wip\20260727_full_mkd2\Корпус 2.3\х200_POZD_WEB_K2-3_s14_et5_4.png","D:\AI\AITRASH\workspaces\project - Изменение масштаба для планировок квартир\09_outputs\_diagnostics\full_20260727_full_mkd2\details\327_POZD_WEB_K2-3_s14_et5_4_attempt1.json","D:\AI\AITRASH\workspaces\project - Изменение масштаба для планировок квартир\09_outputs\_diagnostics\full_20260727_full_mkd2\verify_details\327_POZD_WEB_K2-3_s14_et5_4_verify_attempt1.json","Независимая проверка AI/PNG/SHA-256 пройдена."
"317_336_20260727_155313","328","OK","Корпус 2.3/POZD_WEB_K2-3_s14_et6_4.ai","200","OK","true","1","1200","1200","600","600","true","923","0","1865","1865","11","11","true","true","true","true","true","True","1200","1200","True","746573","693427","True","True","True","True","True","D:\AI\AITRASH\workspaces\project - Изменение масштаба для планировок квартир\09_outputs\_full_wip\20260727_full_mkd2\Корпус 2.3\х200_POZD_WEB_K2-3_s14_et6_4.ai","D:\AI\AITRASH\workspaces\project - Изменение масштаба для планировок квартир\09_outputs\_full_wip\20260727_full_mkd2\Корпус 2.3\х200_POZD_WEB_K2-3_s14_et6_4.png","D:\AI\AITRASH\workspaces\project - Изменение масштаба для планировок квартир\09_outputs\_diagnostics\full_20260727_full_mkd2\details\328_POZD_WEB_K2-3_s14_et6_4_attempt1.json","D:\AI\AITRASH\workspaces\project - Изменение масштаба для планировок квартир\09_outputs\_diagnostics\full_20260727_full_mkd2\verify_details\328_POZD_WEB_K2-3_s14_et6_4_verify_attempt1.json","Независимая проверка AI/PNG/SHA-256 пройдена."
"317_336_20260727_155313","329","OK","Корпус 2.3/POZD_WEB_K2-3_s14_et6_5.ai","200","OK","true","1","1200","1200","600","600","true","950","0","1918","1918","11","11","true","true","true","true","true","True","1200","1200","True","781822","658178","True","True","True","True","True","D:\AI\AITRASH\workspaces\project - Изменение масштаба для планировок квартир\09_outputs\_full_wip\20260727_full_mkd2\Корпус 2.3\х200_POZD_WEB_K2-3_s14_et6_5.ai","D:\AI\AITRASH\workspaces\project - Изменение масштаба для планировок квартир\09_outputs\_full_wip\20260727_full_mkd2\Корпус 2.3\х200_POZD_WEB_K2-3_s14_et6_5.png","D:\AI\AITRASH\workspaces\project - Изменение масштаба для планировок квартир\09_outputs\_diagnostics\full_20260727_full_mkd2\details\329_POZD_WEB_K2-3_s14_et6_5_attempt1.json","D:\AI\AITRASH\workspaces\project - Изменение масштаба для планировок квартир\09_outputs\_diagnostics\full_20260727_full_mkd2\verify_details\329_POZD_WEB_K2-3_s14_et6_5_verify_attempt1.json","Независимая проверка AI/PNG/SHA-256 пройдена."
"317_336_20260727_155313","330","OK","Корпус 2.3/POZD_WEB_K2-3_s8_et1,2_10.ai","200","OK","true","1","1200","1200","600","600","true","1429","0","2895","2895","15","15","true","true","true","true","true","True","1200","1200","True","849029","590971","True","True","True","True","True","D:\AI\AITRASH\workspaces\project - Изменение масштаба для планировок квартир\09_outputs\_full_wip\20260727_full_mkd2\Корпус 2.3\х200_POZD_WEB_K2-3_s8_et1,2_10.ai","D:\AI\AITRASH\workspaces\project - Изменение масштаба для планировок квартир\09_outputs\_full_wip\20260727_full_mkd2\Корпус 2.3\х200_POZD_WEB_K2-3_s8_et1,2_10.png","D:\AI\AITRASH\workspaces\project - Изменение масштаба для планировок квартир\09_outputs\_diagnostics\full_20260727_full_mkd2\details\330_POZD_WEB_K2-3_s8_et1,2_10_attempt1.json","D:\AI\AITRASH\workspaces\project - Изменение масштаба для планировок квартир\09_outputs\_diagnostics\full_20260727_full_mkd2\verify_details\330_POZD_WEB_K2-3_s8_et1,2_10_verify_attempt1.json","Независимая проверка AI/PNG/SHA-256 пройдена."
"317_336_20260727_155313","331","OK","Корпус 2.3/POZD_WEB_K2-3_s8_et1,3_5.ai","200","OK","true","1","1200","1200","600","600","true","893","0","1813","1813","10","10","true","true","true","true","true","True","1200","1200","True","840238","599762","True","True","True","True","True","D:\AI\AITRASH\workspaces\project - Изменение масштаба для планировок квартир\09_outputs\_full_wip\20260727_full_mkd2\Корпус 2.3\х200_POZD_WEB_K2-3_s8_et1,3_5.ai","D:\AI\AITRASH\workspaces\project - Изменение масштаба для планировок квартир\09_outputs\_full_wip\20260727_full_mkd2\Корпус 2.3\х200_POZD_WEB_K2-3_s8_et1,3_5.png","D:\AI\AITRASH\workspaces\project - Изменение масштаба для планировок квартир\09_outputs\_diagnostics\full_20260727_full_mkd2\details\331_POZD_WEB_K2-3_s8_et1,3_5_attempt1.json","D:\AI\AITRASH\workspaces\project - Изменение масштаба для планировок квартир\09_outputs\_diagnostics\full_20260727_full_mkd2\verify_details\331_POZD_WEB_K2-3_s8_et1,3_5_verify_attempt1.json","Независимая проверка AI/PNG/SHA-256 пройдена."
"317_336_20260727_155313","332","OK","Корпус 2.3/POZD_WEB_K2-3_s8_et1_1.ai","170","OK","true","1","1200","1200","600","600","true","1733","0","3504","3504","14","14","true","true","true","true","true","True","1200","1200","True","819828","620172","True","True","True","True","True","D:\AI\AITRASH\workspaces\project - Изменение масштаба для планировок квартир\09_outputs\_full_wip\20260727_full_mkd2\Корпус 2.3\х170_POZD_WEB_K2-3_s8_et1_1.ai","D:\AI\AITRASH\workspaces\project - Изменение масштаба для планировок квартир\09_outputs\_full_wip\20260727_full_mkd2\Корпус 2.3\х170_POZD_WEB_K2-3_s8_et1_1.png","D:\AI\AITRASH\workspaces\project - Изменение масштаба для планировок квартир\09_outputs\_diagnostics\full_20260727_full_mkd2\details\332_POZD_WEB_K2-3_s8_et1_1_attempt1.json","D:\AI\AITRASH\workspaces\project - Изменение масштаба для планировок квартир\09_outputs\_diagnostics\full_20260727_full_mkd2\verify_details\332_POZD_WEB_K2-3_s8_et1_1_verify_attempt1.json","Независимая проверка AI/PNG/SHA-256 пройдена."
"317_336_20260727_155313","333","OK","Корпус 2.3/POZD_WEB_K2-3_s8_et1_10.ai","200","OK","true","1","1200","1200","600","600","true","1415","0","2865","2865","15","15","true","true","true","true","true","True","1200","1200","True","851927","588073","True","True","True","True","True","D:\AI\AITRASH\workspaces\project - Изменение масштаба для планировок квартир\09_outputs\_full_wip\20260727_full_mkd2\Корпус 2.3\х200_POZD_WEB_K2-3_s8_et1_10.ai","D:\AI\AITRASH\workspaces\project - Изменение масштаба для планировок квартир\09_outputs\_full_wip\20260727_full_mkd2\Корпус 2.3\х200_POZD_WEB_K2-3_s8_et1_10.png","D:\AI\AITRASH\workspaces\project - Изменение масштаба для планировок квартир\09_outputs\_diagnostics\full_20260727_full_mkd2\details\333_POZD_WEB_K2-3_s8_et1_10_attempt1.json","D:\AI\AITRASH\workspaces\project - Изменение масштаба для планировок квартир\09_outputs\_diagnostics\full_20260727_full_mkd2\verify_details\333_POZD_WEB_K2-3_s8_et1_10_verify_attempt1.json","Независимая проверка AI/PNG/SHA-256 пройдена."
"317_336_20260727_155313","334","OK","Корпус 2.3/POZD_WEB_K2-3_s8_et1_2.ai","200","OK","true","1","1200","1200","600","600","true","1639","0","3316","3316","14","14","true","true","true","true","true","True","1200","1200","True","701519","738481","True","True","True","True","True","D:\AI\AITRASH\workspaces\project - Изменение масштаба для планировок квартир\09_outputs\_full_wip\20260727_full_mkd2\Корпус 2.3\х200_POZD_WEB_K2-3_s8_et1_2.ai","D:\AI\AITRASH\workspaces\project - Изменение масштаба для планировок квартир\09_outputs\_full_wip\20260727_full_mkd2\Корпус 2.3\х200_POZD_WEB_K2-3_s8_et1_2.png","D:\AI\AITRASH\workspaces\project - Изменение масштаба для планировок квартир\09_outputs\_diagnostics\full_20260727_full_mkd2\details\334_POZD_WEB_K2-3_s8_et1_2_attempt1.json","D:\AI\AITRASH\workspaces\project - Изменение масштаба для планировок квартир\09_outputs\_diagnostics\full_20260727_full_mkd2\verify_details\334_POZD_WEB_K2-3_s8_et1_2_verify_attempt1.json","Независимая проверка AI/PNG/SHA-256 пройдена."
"317_336_20260727_155313","335","OK","Корпус 2.3/POZD_WEB_K2-3_s8_et1_3.ai","150","OK","true","1","1200","1200","600","600","true","2217","0","4485","4485","14","14","true","true","true","true","true","True","1200","1200","True","572303","867697","True","True","True","True","True","D:\AI\AITRASH\workspaces\project - Изменение масштаба для планировок квартир\09_outputs\_full_wip\20260727_full_mkd2\Корпус 2.3\х150_POZD_WEB_K2-3_s8_et1_3.ai","D:\AI\AITRASH\workspaces\project - Изменение масштаба для планировок квартир\09_outputs\_full_wip\20260727_full_mkd2\Корпус 2.3\х150_POZD_WEB_K2-3_s8_et1_3.png","D:\AI\AITRASH\workspaces\project - Изменение масштаба для планировок квартир\09_outputs\_diagnostics\full_20260727_full_mkd2\details\335_POZD_WEB_K2-3_s8_et1_3_attempt1.json","D:\AI\AITRASH\workspaces\project - Изменение масштаба для планировок квартир\09_outputs\_diagnostics\full_20260727_full_mkd2\verify_details\335_POZD_WEB_K2-3_s8_et1_3_verify_attempt1.json","Независимая проверка AI/PNG/SHA-256 пройдена."
"317_336_20260727_155313","336","OK","Корпус 2.3/POZD_WEB_K2-3_s8_et1_4.ai","150","OK","true","1","1200","1200","600","600","true","1629","0","3286","3286","10","10","true","true","true","true","true","True","1200","1200","True","728497","711503","True","True","True","True","True","D:\AI\AITRASH\workspaces\project - Изменение масштаба для планировок квартир\09_outputs\_full_wip\20260727_full_mkd2\Корпус 2.3\х150_POZD_WEB_K2-3_s8_et1_4.ai","D:\AI\AITRASH\workspaces\project - Изменение масштаба для планировок квартир\09_outputs\_full_wip\20260727_full_mkd2\Корпус 2.3\х150_POZD_WEB_K2-3_s8_et1_4.png","D:\AI\AITRASH\workspaces\project - Изменение масштаба для планировок квартир\09_outputs\_diagnostics\full_20260727_full_mkd2\details\336_POZD_WEB_K2-3_s8_et1_4_attempt1.json","D:\AI\AITRASH\workspaces\project - Изменение масштаба для планировок квартир\09_outputs\_diagnostics\full_20260727_full_mkd2\verify_details\336_POZD_WEB_K2-3_s8_et1_4_verify_attempt1.json","Независимая проверка AI/PNG/SHA-256 пройдена."
"337_357_20260727_160439","337","OK","Корпус 2.3/POZD_WEB_K2-3_s8_et1_5.ai","200","OK","true","1","1200","1200","600","600","true","891","0","1809","1809","10","10","true","true","true","true","true","True","1200","1200","True","840238","599762","True","True","True","True","True","D:\AI\AITRASH\workspaces\project - Изменение масштаба для планировок квартир\09_outputs\_full_wip\20260727_full_mkd2\Корпус 2.3\х200_POZD_WEB_K2-3_s8_et1_5.ai","D:\AI\AITRASH\workspaces\project - Изменение масштаба для планировок квартир\09_outputs\_full_wip\20260727_full_mkd2\Корпус 2.3\х200_POZD_WEB_K2-3_s8_et1_5.png","D:\AI\AITRASH\workspaces\project - Изменение масштаба для планировок квартир\09_outputs\_diagnostics\full_20260727_full_mkd2\details\337_POZD_WEB_K2-3_s8_et1_5_attempt1.json","D:\AI\AITRASH\workspaces\project - Изменение масштаба для планировок квартир\09_outputs\_diagnostics\full_20260727_full_mkd2\verify_details\337_POZD_WEB_K2-3_s8_et1_5_verify_attempt1.json","Независимая проверка AI/PNG/SHA-256 пройдена."
"337_357_20260727_160439","338","OK","Корпус 2.3/POZD_WEB_K2-3_s8_et1_6.ai","200","OK","true","1","1200","1200","600","600","true","900","0","1813","1813","10","10","true","true","true","true","true","True","1200","1200","True","821615","618385","True","True","True","True","True","D:\AI\AITRASH\workspaces\project - Изменение масштаба для планировок квартир\09_outputs\_full_wip\20260727_full_mkd2\Корпус 2.3\х200_POZD_WEB_K2-3_s8_et1_6.ai","D:\AI\AITRASH\workspaces\project - Изменение масштаба для планировок квартир\09_outputs\_full_wip\20260727_full_mkd2\Корпус 2.3\х200_POZD_WEB_K2-3_s8_et1_6.png","D:\AI\AITRASH\workspaces\project - Изменение масштаба для планировок квартир\09_outputs\_diagnostics\full_20260727_full_mkd2\details\338_POZD_WEB_K2-3_s8_et1_6_attempt1.json","D:\AI\AITRASH\workspaces\project - Изменение масштаба для планировок квартир\09_outputs\_diagnostics\full_20260727_full_mkd2\verify_details\338_POZD_WEB_K2-3_s8_et1_6_verify_attempt1.json","Независимая проверка AI/PNG/SHA-256 пройдена."
"337_357_20260727_160439","339","OK","Корпус 2.3/POZD_WEB_K2-3_s8_et1_8.ai","150","OK","true","1","1200","1200","600","600","true","1420","0","2877","2877","10","10","true","true","true","true","true","True","1200","1200","True","774235","665765","True","True","True","True","True","D:\AI\AITRASH\workspaces\project - Изменение масштаба для планировок квартир\09_outputs\_full_wip\20260727_full_mkd2\Корпус 2.3\х150_POZD_WEB_K2-3_s8_et1_8.ai","D:\AI\AITRASH\workspaces\project - Изменение масштаба для планировок квартир\09_outputs\_full_wip\20260727_full_mkd2\Корпус 2.3\х150_POZD_WEB_K2-3_s8_et1_8.png","D:\AI\AITRASH\workspaces\project - Изменение масштаба для планировок квартир\09_outputs\_diagnostics\full_20260727_full_mkd2\details\339_POZD_WEB_K2-3_s8_et1_8_attempt1.json","D:\AI\AITRASH\workspaces\project - Изменение масштаба для планировок квартир\09_outputs\_diagnostics\full_20260727_full_mkd2\verify_details\339_POZD_WEB_K2-3_s8_et1_8_verify_attempt1.json","Независимая проверка AI/PNG/SHA-256 пройдена."
"337_357_20260727_160439","340","OK","Корпус 2.3/POZD_WEB_K2-3_s8_et1_9.ai","170","OK","true","1","1200","1200","600","600","true","1298","0","2633","2633","10","10","true","true","true","true","true","True","1200","1200","True","794772","645228","True","True","True","True","True","D:\AI\AITRASH\workspaces\project - Изменение масштаба для планировок квартир\09_outputs\_full_wip\20260727_full_mkd2\Корпус 2.3\х170_POZD_WEB_K2-3_s8_et1_9.ai","D:\AI\AITRASH\workspaces\project - Изменение масштаба для планировок квартир\09_outputs\_full_wip\20260727_full_mkd2\Корпус 2.3\х170_POZD_WEB_K2-3_s8_et1_9.png","D:\AI\AITRASH\workspaces\project - Изменение масштаба для планировок квартир\09_outputs\_diagnostics\full_20260727_full_mkd2\details\340_POZD_WEB_K2-3_s8_et1_9_attempt1.json","D:\AI\AITRASH\workspaces\project - Изменение масштаба для планировок квартир\09_outputs\_diagnostics\full_20260727_full_mkd2\verify_details\340_POZD_WEB_K2-3_s8_et1_9_verify_attempt1.json","Независимая проверка AI/PNG/SHA-256 пройдена."
"337_357_20260727_160439","341","OK","Корпус 2.3/POZD_WEB_K2-3_s8_et2,3,4_11.ai","200","OK","true","1","1200","1200","600","600","true","774","0","1562","1562","10","10","true","true","true","true","true","True","1200","1200","True","931606","508394","True","True","True","True","True","D:\AI\AITRASH\workspaces\project - Изменение масштаба для планировок квартир\09_outputs\_full_wip\20260727_full_mkd2\Корпус 2.3\х200_POZD_WEB_K2-3_s8_et2,3,4_11.ai","D:\AI\AITRASH\workspaces\project - Изменение масштаба для планировок квартир\09_outputs\_full_wip\20260727_full_mkd2\Корпус 2.3\х200_POZD_WEB_K2-3_s8_et2,3,4_11.png","D:\AI\AITRASH\workspaces\project - Изменение масштаба для планировок квартир\09_outputs\_diagnostics\full_20260727_full_mkd2\details\341_POZD_WEB_K2-3_s8_et2,3,4_11_attempt1.json","D:\AI\AITRASH\workspaces\project - Изменение масштаба для планировок квартир\09_outputs\_diagnostics\full_20260727_full_mkd2\verify_details\341_POZD_WEB_K2-3_s8_et2,3,4_11_verify_attempt1.json","Независимая проверка AI/PNG/SHA-256 пройдена."
"337_357_20260727_160439","342","OK","Корпус 2.3/POZD_WEB_K2-3_s8_et2,4_2.ai","200","OK","true","1","1200","1200","600","600","true","862","0","1736","1736","10","10","true","true","true","true","true","True","1200","1200","True","841154","598846","True","True","True","True","True","D:\AI\AITRASH\workspaces\project - Изменение масштаба для планировок квартир\09_outputs\_full_wip\20260727_full_mkd2\Корпус 2.3\х200_POZD_WEB_K2-3_s8_et2,4_2.ai","D:\AI\AITRASH\workspaces\project - Изменение масштаба для планировок квартир\09_outputs\_full_wip\20260727_full_mkd2\Корпус 2.3\х200_POZD_WEB_K2-3_s8_et2,4_2.png","D:\AI\AITRASH\workspaces\project - Изменение масштаба для планировок квартир\09_outputs\_diagnostics\full_20260727_full_mkd2\details\342_POZD_WEB_K2-3_s8_et2,4_2_attempt1.json","D:\AI\AITRASH\workspaces\project - Изменение масштаба для планировок квартир\09_outputs\_diagnostics\full_20260727_full_mkd2\verify_details\342_POZD_WEB_K2-3_s8_et2,4_2_verify_attempt1.json","Независимая проверка AI/PNG/SHA-256 пройдена."
"337_357_20260727_160439","343","OK","Корпус 2.3/POZD_WEB_K2-3_s8_et2,4_6.ai","170","OK","true","1","1200","1200","600","600","true","1195","0","2414","2414","10","10","true","true","true","true","true","True","1200","1200","True","776772","663228","True","True","True","True","True","D:\AI\AITRASH\workspaces\project - Изменение масштаба для планировок квартир\09_outputs\_full_wip\20260727_full_mkd2\Корпус 2.3\х170_POZD_WEB_K2-3_s8_et2,4_6.ai","D:\AI\AITRASH\workspaces\project - Изменение масштаба для планировок квартир\09_outputs\_full_wip\20260727_full_mkd2\Корпус 2.3\х170_POZD_WEB_K2-3_s8_et2,4_6.png","D:\AI\AITRASH\workspaces\project - Изменение масштаба для планировок квартир\09_outputs\_diagnostics\full_20260727_full_mkd2\details\343_POZD_WEB_K2-3_s8_et2,4_6_attempt1.json","D:\AI\AITRASH\workspaces\project - Изменение масштаба для планировок квартир\09_outputs\_diagnostics\full_20260727_full_mkd2\verify_details\343_POZD_WEB_K2-3_s8_et2,4_6_verify_attempt1.json","Независимая проверка AI/PNG/SHA-256 пройдена."
"337_357_20260727_160439","344","OK","Корпус 2.3/POZD_WEB_K2-3_s8_et2_1.ai","170","OK","true","1","1200","1200","600","600","true","1265","0","2566","2566","10","10","true","true","true","true","true","True","1200","1200","True","700324","739676","True","True","True","True","True","D:\AI\AITRASH\workspaces\project - Изменение масштаба для планировок квартир\09_outputs\_full_wip\20260727_full_mkd2\Корпус 2.3\х170_POZD_WEB_K2-3_s8_et2_1.ai","D:\AI\AITRASH\workspaces\project - Изменение масштаба для планировок квартир\09_outputs\_full_wip\20260727_full_mkd2\Корпус 2.3\х170_POZD_WEB_K2-3_s8_et2_1.png","D:\AI\AITRASH\workspaces\project - Изменение масштаба для планировок квартир\09_outputs\_diagnostics\full_20260727_full_mkd2\details\344_POZD_WEB_K2-3_s8_et2_1_attempt1.json","D:\AI\AITRASH\workspaces\project - Изменение масштаба для планировок квартир\09_outputs\_diagnostics\full_20260727_full_mkd2\verify_details\344_POZD_WEB_K2-3_s8_et2_1_verify_attempt1.json","Независимая проверка AI/PNG/SHA-256 пройдена."
"337_357_20260727_160439","345","OK","Корпус 2.3/POZD_WEB_K2-3_s8_et2_10.ai","170","OK","true","1","1200","1200","600","600","true","1284","0","2605","2605","11","11","true","true","true","true","true","True","1200","1200","True","782909","657091","True","True","True","True","True","D:\AI\AITRASH\workspaces\project - Изменение масштаба для планировок квартир\09_outputs\_full_wip\20260727_full_mkd2\Корпус 2.3\х170_POZD_WEB_K2-3_s8_et2_10.ai","D:\AI\AITRASH\workspaces\project - Изменение масштаба для планировок квартир\09_outputs\_full_wip\20260727_full_mkd2\Корпус 2.3\х170_POZD_WEB_K2-3_s8_et2_10.png","D:\AI\AITRASH\workspaces\project - Изменение масштаба для планировок квартир\09_outputs\_diagnostics\full_20260727_full_mkd2\details\345_POZD_WEB_K2-3_s8_et2_10_attempt1.json","D:\AI\AITRASH\workspaces\project - Изменение масштаба для планировок квартир\09_outputs\_diagnostics\full_20260727_full_mkd2\verify_details\345_POZD_WEB_K2-3_s8_et2_10_verify_attempt1.json","Независимая проверка AI/PNG/SHA-256 пройдена."
"337_357_20260727_160439","346","OK","Корпус 2.3/POZD_WEB_K2-3_s8_et2_2.ai","200","OK","true","1","1200","1200","600","600","true","864","0","1744","1744","10","10","true","true","true","true","true","True","1200","1200","True","840331","599669","True","True","True","True","True","D:\AI\AITRASH\workspaces\project - Изменение масштаба для планировок квартир\09_outputs\_full_wip\20260727_full_mkd2\Корпус 2.3\х200_POZD_WEB_K2-3_s8_et2_2.ai","D:\AI\AITRASH\workspaces\project - Изменение масштаба для планировок квартир\09_outputs\_full_wip\20260727_full_mkd2\Корпус 2.3\х200_POZD_WEB_K2-3_s8_et2_2.png","D:\AI\AITRASH\workspaces\project - Изменение масштаба для планировок квартир\09_outputs\_diagnostics\full_20260727_full_mkd2\details\346_POZD_WEB_K2-3_s8_et2_2_attempt1.json","D:\AI\AITRASH\workspaces\project - Изменение масштаба для планировок квартир\09_outputs\_diagnostics\full_20260727_full_mkd2\verify_details\346_POZD_WEB_K2-3_s8_et2_2_verify_attempt1.json","Независимая проверка AI/PNG/SHA-256 пройдена."
"337_357_20260727_160439","347","OK","Корпус 2.3/POZD_WEB_K2-3_s8_et2_3.ai","150","OK","true","1","1200","1200","600","600","true","1589","0","3207","3207","10","10","true","true","true","true","true","True","1200","1200","True","719206","720794","True","True","True","True","True","D:\AI\AITRASH\workspaces\project - Изменение масштаба для планировок квартир\09_outputs\_full_wip\20260727_full_mkd2\Корпус 2.3\х150_POZD_WEB_K2-3_s8_et2_3.ai","D:\AI\AITRASH\workspaces\project - Изменение масштаба для планировок квартир\09_outputs\_full_wip\20260727_full_mkd2\Корпус 2.3\х150_POZD_WEB_K2-3_s8_et2_3.png","D:\AI\AITRASH\workspaces\project - Изменение масштаба для планировок квартир\09_outputs\_diagnostics\full_20260727_full_mkd2\details\347_POZD_WEB_K2-3_s8_et2_3_attempt1.json","D:\AI\AITRASH\workspaces\project - Изменение масштаба для планировок квартир\09_outputs\_diagnostics\full_20260727_full_mkd2\verify_details\347_POZD_WEB_K2-3_s8_et2_3_verify_attempt1.json","Независимая проверка AI/PNG/SHA-256 пройдена."
"337_357_20260727_160439","348","OK","Корпус 2.3/POZD_WEB_K2-3_s8_et2_4.ai","150","OK","true","1","1200","1200","600","600","true","1610","0","3254","3254","11","11","true","true","true","true","true","True","1200","1200","True","703898","736102","True","True","True","True","True","D:\AI\AITRASH\workspaces\project - Изменение масштаба для планировок квартир\09_outputs\_full_wip\20260727_full_mkd2\Корпус 2.3\х150_POZD_WEB_K2-3_s8_et2_4.ai","D:\AI\AITRASH\workspaces\project - Изменение масштаба для планировок квартир\09_outputs\_full_wip\20260727_full_mkd2\Корпус 2.3\х150_POZD_WEB_K2-3_s8_et2_4.png","D:\AI\AITRASH\workspaces\project - Изменение масштаба для планировок квартир\09_outputs\_diagnostics\full_20260727_full_mkd2\details\348_POZD_WEB_K2-3_s8_et2_4_attempt1.json","D:\AI\AITRASH\workspaces\project - Изменение масштаба для планировок квартир\09_outputs\_diagnostics\full_20260727_full_mkd2\verify_details\348_POZD_WEB_K2-3_s8_et2_4_verify_attempt1.json","Независимая проверка AI/PNG/SHA-256 пройдена."
"337_357_20260727_160439","349","OK","Корпус 2.3/POZD_WEB_K2-3_s8_et2_5.ai","200","OK","true","1","1200","1200","600","600","true","867","0","1753","1753","10","10","true","true","true","true","true","True","1200","1200","True","838442","601558","True","True","True","True","True","D:\AI\AITRASH\workspaces\project - Изменение масштаба для планировок квартир\09_outputs\_full_wip\20260727_full_mkd2\Корпус 2.3\х200_POZD_WEB_K2-3_s8_et2_5.ai","D:\AI\AITRASH\workspaces\project - Изменение масштаба для планировок квартир\09_outputs\_full_wip\20260727_full_mkd2\Корпус 2.3\х200_POZD_WEB_K2-3_s8_et2_5.png","D:\AI\AITRASH\workspaces\project - Изменение масштаба для планировок квартир\09_outputs\_diagnostics\full_20260727_full_mkd2\details\349_POZD_WEB_K2-3_s8_et2_5_attempt1.json","D:\AI\AITRASH\workspaces\project - Изменение масштаба для планировок квартир\09_outputs\_diagnostics\full_20260727_full_mkd2\verify_details\349_POZD_WEB_K2-3_s8_et2_5_verify_attempt1.json","Независимая проверка AI/PNG/SHA-256 пройдена."
"337_357_20260727_160439","350","OK","Корпус 2.3/POZD_WEB_K2-3_s8_et2_7.ai","200","OK","true","1","1200","1200","600","600","true","682","0","1388","1388","10","10","true","true","true","true","true","True","1200","1200","True","999993","440007","True","True","True","True","True","D:\AI\AITRASH\workspaces\project - Изменение масштаба для планировок квартир\09_outputs\_full_wip\20260727_full_mkd2\Корпус 2.3\х200_POZD_WEB_K2-3_s8_et2_7.ai","D:\AI\AITRASH\workspaces\project - Изменение масштаба для планировок квартир\09_outputs\_full_wip\20260727_full_mkd2\Корпус 2.3\х200_POZD_WEB_K2-3_s8_et2_7.png","D:\AI\AITRASH\workspaces\project - Изменение масштаба для планировок квартир\09_outputs\_diagnostics\full_20260727_full_mkd2\details\350_POZD_WEB_K2-3_s8_et2_7_attempt1.json","D:\AI\AITRASH\workspaces\project - Изменение масштаба для планировок квартир\09_outputs\_diagnostics\full_20260727_full_mkd2\verify_details\350_POZD_WEB_K2-3_s8_et2_7_verify_attempt1.json","Независимая проверка AI/PNG/SHA-256 пройдена."
"337_357_20260727_160439","351","OK","Корпус 2.3/POZD_WEB_K2-3_s8_et2_8.ai","200","OK","true","1","1200","1200","600","600","true","752","0","1533","1533","11","11","true","true","true","true","true","True","1200","1200","True","944568","495432","True","True","True","True","True","D:\AI\AITRASH\workspaces\project - Изменение масштаба для планировок квартир\09_outputs\_full_wip\20260727_full_mkd2\Корпус 2.3\х200_POZD_WEB_K2-3_s8_et2_8.ai","D:\AI\AITRASH\workspaces\project - Изменение масштаба для планировок квартир\09_outputs\_full_wip\20260727_full_mkd2\Корпус 2.3\х200_POZD_WEB_K2-3_s8_et2_8.png","D:\AI\AITRASH\workspaces\project - Изменение масштаба для планировок квартир\09_outputs\_diagnostics\full_20260727_full_mkd2\details\351_POZD_WEB_K2-3_s8_et2_8_attempt1.json","D:\AI\AITRASH\workspaces\project - Изменение масштаба для планировок квартир\09_outputs\_diagnostics\full_20260727_full_mkd2\verify_details\351_POZD_WEB_K2-3_s8_et2_8_verify_attempt1.json","Независимая проверка AI/PNG/SHA-256 пройдена."
"337_357_20260727_160439","352","OK","Корпус 2.3/POZD_WEB_K2-3_s8_et2_9.ai","150","OK","true","1","1200","1200","600","600","true","1482","0","3005","3005","11","11","true","true","true","true","true","True","1200","1200","True","761413","678587","True","True","True","True","True","D:\AI\AITRASH\workspaces\project - Изменение масштаба для планировок квартир\09_outputs\_full_wip\20260727_full_mkd2\Корпус 2.3\х150_POZD_WEB_K2-3_s8_et2_9.ai","D:\AI\AITRASH\workspaces\project - Изменение масштаба для планировок квартир\09_outputs\_full_wip\20260727_full_mkd2\Корпус 2.3\х150_POZD_WEB_K2-3_s8_et2_9.png","D:\AI\AITRASH\workspaces\project - Изменение масштаба для планировок квартир\09_outputs\_diagnostics\full_20260727_full_mkd2\details\352_POZD_WEB_K2-3_s8_et2_9_attempt1.json","D:\AI\AITRASH\workspaces\project - Изменение масштаба для планировок квартир\09_outputs\_diagnostics\full_20260727_full_mkd2\verify_details\352_POZD_WEB_K2-3_s8_et2_9_verify_attempt1.json","Независимая проверка AI/PNG/SHA-256 пройдена."
"337_357_20260727_160439","353","OK","Корпус 2.3/POZD_WEB_K2-3_s8_et3_1.ai","170","OK","true","1","1200","1200","600","600","true","1286","0","2613","2613","10","10","true","true","true","true","true","True","1200","1200","True","701014","738986","True","True","True","True","True","D:\AI\AITRASH\workspaces\project - Изменение масштаба для планировок квартир\09_outputs\_full_wip\20260727_full_mkd2\Корпус 2.3\х170_POZD_WEB_K2-3_s8_et3_1.ai","D:\AI\AITRASH\workspaces\project - Изменение масштаба для планировок квартир\09_outputs\_full_wip\20260727_full_mkd2\Корпус 2.3\х170_POZD_WEB_K2-3_s8_et3_1.png","D:\AI\AITRASH\workspaces\project - Изменение масштаба для планировок квартир\09_outputs\_diagnostics\full_20260727_full_mkd2\details\353_POZD_WEB_K2-3_s8_et3_1_attempt1.json","D:\AI\AITRASH\workspaces\project - Изменение масштаба для планировок квартир\09_outputs\_diagnostics\full_20260727_full_mkd2\verify_details\353_POZD_WEB_K2-3_s8_et3_1_verify_attempt1.json","Независимая проверка AI/PNG/SHA-256 пройдена."
"337_357_20260727_160439","354","OK","Корпус 2.3/POZD_WEB_K2-3_s8_et3_2.ai","200","OK","true","1","1200","1200","600","600","true","868","0","1745","1745","10","10","true","true","true","true","true","True","1200","1200","True","841142","598858","True","True","True","True","True","D:\AI\AITRASH\workspaces\project - Изменение масштаба для планировок квартир\09_outputs\_full_wip\20260727_full_mkd2\Корпус 2.3\х200_POZD_WEB_K2-3_s8_et3_2.ai","D:\AI\AITRASH\workspaces\project - Изменение масштаба для планировок квартир\09_outputs\_full_wip\20260727_full_mkd2\Корпус 2.3\х200_POZD_WEB_K2-3_s8_et3_2.png","D:\AI\AITRASH\workspaces\project - Изменение масштаба для планировок квартир\09_outputs\_diagnostics\full_20260727_full_mkd2\details\354_POZD_WEB_K2-3_s8_et3_2_attempt1.json","D:\AI\AITRASH\workspaces\project - Изменение масштаба для планировок квартир\09_outputs\_diagnostics\full_20260727_full_mkd2\verify_details\354_POZD_WEB_K2-3_s8_et3_2_verify_attempt1.json","Независимая проверка AI/PNG/SHA-256 пройдена."
"337_357_20260727_160439","356","OK","Корпус 2.3/POZD_WEB_K2-3_s8_et3_4.ai","150","OK","true","1","1200","1200","600","600","true","1589","0","3208","3208","10","10","true","true","true","true","true","True","1200","1200","True","723906","716094","True","True","True","True","True","D:\AI\AITRASH\workspaces\project - Изменение масштаба для планировок квартир\09_outputs\_full_wip\20260727_full_mkd2\Корпус 2.3\х150_POZD_WEB_K2-3_s8_et3_4.ai","D:\AI\AITRASH\workspaces\project - Изменение масштаба для планировок квартир\09_outputs\_full_wip\20260727_full_mkd2\Корпус 2.3\х150_POZD_WEB_K2-3_s8_et3_4.png","D:\AI\AITRASH\workspaces\project - Изменение масштаба для планировок квартир\09_outputs\_diagnostics\full_20260727_full_mkd2\details\356_POZD_WEB_K2-3_s8_et3_4_attempt1.json","D:\AI\AITRASH\workspaces\project - Изменение масштаба для планировок квартир\09_outputs\_diagnostics\full_20260727_full_mkd2\verify_details\356_POZD_WEB_K2-3_s8_et3_4_verify_attempt1.json","Независимая проверка AI/PNG/SHA-256 пройдена."
"337_357_20260727_160439","357","OK","Корпус 2.3/POZD_WEB_K2-3_s8_et3_6.ai","170","OK","true","1","1200","1200","600","600","true","1061","0","2381","2381","10","10","true","true","true","true","true","True","1200","1200","True","779171","660829","True","True","True","True","True","D:\AI\AITRASH\workspaces\project - Изменение масштаба для планировок квартир\09_outputs\_full_wip\20260727_full_mkd2\Корпус 2.3\х170_POZD_WEB_K2-3_s8_et3_6.ai","D:\AI\AITRASH\workspaces\project - Изменение масштаба для планировок квартир\09_outputs\_full_wip\20260727_full_mkd2\Корпус 2.3\х170_POZD_WEB_K2-3_s8_et3_6.png","D:\AI\AITRASH\workspaces\project - Изменение масштаба для планировок квартир\09_outputs\_diagnostics\full_20260727_full_mkd2\details\357_POZD_WEB_K2-3_s8_et3_6_attempt1.json","D:\AI\AITRASH\workspaces\project - Изменение масштаба для планировок квартир\09_outputs\_diagnostics\full_20260727_full_mkd2\verify_details\357_POZD_WEB_K2-3_s8_et3_6_verify_attempt1.json","Независимая проверка AI/PNG/SHA-256 пройдена."
"355_355_20260727_163127","355","OK","Корпус 2.3/POZD_WEB_K2-3_s8_et3_3.ai","150","OK","true","1","1200","1200","600","600","true","1586","0","3197","3197","10","10","true","true","true","true","true","True","1200","1200","True","721080","718920","True","True","True","True","True","D:\AI\AITRASH\workspaces\project - Изменение масштаба для планировок квартир\09_outputs\_full_wip\20260727_full_mkd2\Корпус 2.3\х150_POZD_WEB_K2-3_s8_et3_3.ai","D:\AI\AITRASH\workspaces\project - Изменение масштаба для планировок квартир\09_outputs\_full_wip\20260727_full_mkd2\Корпус 2.3\х150_POZD_WEB_K2-3_s8_et3_3.png","D:\AI\AITRASH\workspaces\project - Изменение масштаба для планировок квартир\09_outputs\_diagnostics\full_20260727_full_mkd2\details\355_POZD_WEB_K2-3_s8_et3_3_attempt2.json","D:\AI\AITRASH\workspaces\project - Изменение масштаба для планировок квартир\09_outputs\_diagnostics\full_20260727_full_mkd2\verify_details\355_POZD_WEB_K2-3_s8_et3_3_verify_attempt1.json","Независимая проверка AI/PNG/SHA-256 пройдена."
"358_377_20260727_161612","358","OK","Корпус 2.3/POZD_WEB_K2-3_s8_et3_7.ai","200","OK","true","1","1200","1200","600","600","true","694","0","1411","1411","10","10","true","true","true","true","true","True","1200","1200","True","996593","443407","True","True","True","True","True","D:\AI\AITRASH\workspaces\project - Изменение масштаба для планировок квартир\09_outputs\_full_wip\20260727_full_mkd2\Корпус 2.3\х200_POZD_WEB_K2-3_s8_et3_7.ai","D:\AI\AITRASH\workspaces\project - Изменение масштаба для планировок квартир\09_outputs\_full_wip\20260727_full_mkd2\Корпус 2.3\х200_POZD_WEB_K2-3_s8_et3_7.png","D:\AI\AITRASH\workspaces\project - Изменение масштаба для планировок квартир\09_outputs\_diagnostics\full_20260727_full_mkd2\details\358_POZD_WEB_K2-3_s8_et3_7_attempt1.json","D:\AI\AITRASH\workspaces\project - Изменение масштаба для планировок квартир\09_outputs\_diagnostics\full_20260727_full_mkd2\verify_details\358_POZD_WEB_K2-3_s8_et3_7_verify_attempt1.json","Независимая проверка AI/PNG/SHA-256 пройдена."
"358_377_20260727_161612","359","OK","Корпус 2.3/POZD_WEB_K2-3_s8_et3_8.ai","200","OK","true","1","1200","1200","600","600","true","743","0","1510","1510","10","10","true","true","true","true","true","True","1200","1200","True","964605","475395","True","True","True","True","True","D:\AI\AITRASH\workspaces\project - Изменение масштаба для планировок квартир\09_outputs\_full_wip\20260727_full_mkd2\Корпус 2.3\х200_POZD_WEB_K2-3_s8_et3_8.ai","D:\AI\AITRASH\workspaces\project - Изменение масштаба для планировок квартир\09_outputs\_full_wip\20260727_full_mkd2\Корпус 2.3\х200_POZD_WEB_K2-3_s8_et3_8.png","D:\AI\AITRASH\workspaces\project - Изменение масштаба для планировок квартир\09_outputs\_diagnostics\full_20260727_full_mkd2\details\359_POZD_WEB_K2-3_s8_et3_8_attempt1.json","D:\AI\AITRASH\workspaces\project - Изменение масштаба для планировок квартир\09_outputs\_diagnostics\full_20260727_full_mkd2\verify_details\359_POZD_WEB_K2-3_s8_et3_8_verify_attempt1.json","Независимая проверка AI/PNG/SHA-256 пройдена."
"358_377_20260727_161612","360","OK","Корпус 2.3/POZD_WEB_K2-3_s8_et3_9.ai","150","OK","true","1","1200","1200","600","600","true","1478","0","2993","2993","10","10","true","true","true","true","true","True","1200","1200","True","772602","667398","True","True","True","True","True","D:\AI\AITRASH\workspaces\project - Изменение масштаба для планировок квартир\09_outputs\_full_wip\20260727_full_mkd2\Корпус 2.3\х150_POZD_WEB_K2-3_s8_et3_9.ai","D:\AI\AITRASH\workspaces\project - Изменение масштаба для планировок квартир\09_outputs\_full_wip\20260727_full_mkd2\Корпус 2.3\х150_POZD_WEB_K2-3_s8_et3_9.png","D:\AI\AITRASH\workspaces\project - Изменение масштаба для планировок квартир\09_outputs\_diagnostics\full_20260727_full_mkd2\details\360_POZD_WEB_K2-3_s8_et3_9_attempt1.json","D:\AI\AITRASH\workspaces\project - Изменение масштаба для планировок квартир\09_outputs\_diagnostics\full_20260727_full_mkd2\verify_details\360_POZD_WEB_K2-3_s8_et3_9_verify_attempt1.json","Независимая проверка AI/PNG/SHA-256 пройдена."
"358_377_20260727_161612","361","OK","Корпус 2.3/POZD_WEB_K2-3_s8_et4_1.ai","170","OK","true","1","1200","1200","600","600","true","1278","0","2596","2596","11","11","true","true","true","true","true","True","1200","1200","True","690659","749341","True","True","True","True","True","D:\AI\AITRASH\workspaces\project - Изменение масштаба для планировок квартир\09_outputs\_full_wip\20260727_full_mkd2\Корпус 2.3\х170_POZD_WEB_K2-3_s8_et4_1.ai","D:\AI\AITRASH\workspaces\project - Изменение масштаба для планировок квартир\09_outputs\_full_wip\20260727_full_mkd2\Корпус 2.3\х170_POZD_WEB_K2-3_s8_et4_1.png","D:\AI\AITRASH\workspaces\project - Изменение масштаба для планировок квартир\09_outputs\_diagnostics\full_20260727_full_mkd2\details\361_POZD_WEB_K2-3_s8_et4_1_attempt1.json","D:\AI\AITRASH\workspaces\project - Изменение масштаба для планировок квартир\09_outputs\_diagnostics\full_20260727_full_mkd2\verify_details\361_POZD_WEB_K2-3_s8_et4_1_verify_attempt1.json","Независимая проверка AI/PNG/SHA-256 пройдена."
"358_377_20260727_161612","362","OK","Корпус 2.3/POZD_WEB_K2-3_s8_et4_10.ai","170","OK","true","1","1200","1200","600","600","true","1268","0","2571","2571","10","10","true","true","true","true","true","True","1200","1200","True","795314","644686","True","True","True","True","True","D:\AI\AITRASH\workspaces\project - Изменение масштаба для планировок квартир\09_outputs\_full_wip\20260727_full_mkd2\Корпус 2.3\х170_POZD_WEB_K2-3_s8_et4_10.ai","D:\AI\AITRASH\workspaces\project - Изменение масштаба для планировок квартир\09_outputs\_full_wip\20260727_full_mkd2\Корпус 2.3\х170_POZD_WEB_K2-3_s8_et4_10.png","D:\AI\AITRASH\workspaces\project - Изменение масштаба для планировок квартир\09_outputs\_diagnostics\full_20260727_full_mkd2\details\362_POZD_WEB_K2-3_s8_et4_10_attempt1.json","D:\AI\AITRASH\workspaces\project - Изменение масштаба для планировок квартир\09_outputs\_diagnostics\full_20260727_full_mkd2\verify_details\362_POZD_WEB_K2-3_s8_et4_10_verify_attempt1.json","Независимая проверка AI/PNG/SHA-256 пройдена."
"358_377_20260727_161612","363","OK","Корпус 2.3/POZD_WEB_K2-3_s8_et4_3.ai","150","OK","true","1","1200","1200","600","600","true","1619","0","3270","3270","11","11","true","true","true","true","true","True","1200","1200","True","697704","742296","True","True","True","True","True","D:\AI\AITRASH\workspaces\project - Изменение масштаба для планировок квартир\09_outputs\_full_wip\20260727_full_mkd2\Корпус 2.3\х150_POZD_WEB_K2-3_s8_et4_3.ai","D:\AI\AITRASH\workspaces\project - Изменение масштаба для планировок квартир\09_outputs\_full_wip\20260727_full_mkd2\Корпус 2.3\х150_POZD_WEB_K2-3_s8_et4_3.png","D:\AI\AITRASH\workspaces\project - Изменение масштаба для планировок квартир\09_outputs\_diagnostics\full_20260727_full_mkd2\details\363_POZD_WEB_K2-3_s8_et4_3_attempt1.json","D:\AI\AITRASH\workspaces\project - Изменение масштаба для планировок квартир\09_outputs\_diagnostics\full_20260727_full_mkd2\verify_details\363_POZD_WEB_K2-3_s8_et4_3_verify_attempt1.json","Независимая проверка AI/PNG/SHA-256 пройдена."
"358_377_20260727_161612","364","OK","Корпус 2.3/POZD_WEB_K2-3_s8_et4_4.ai","150","OK","true","1","1200","1200","600","600","true","1596","0","3224","3224","10","10","true","true","true","true","true","True","1200","1200","True","725742","714258","True","True","True","True","True","D:\AI\AITRASH\workspaces\project - Изменение масштаба для планировок квартир\09_outputs\_full_wip\20260727_full_mkd2\Корпус 2.3\х150_POZD_WEB_K2-3_s8_et4_4.ai","D:\AI\AITRASH\workspaces\project - Изменение масштаба для планировок квартир\09_outputs\_full_wip\20260727_full_mkd2\Корпус 2.3\х150_POZD_WEB_K2-3_s8_et4_4.png","D:\AI\AITRASH\workspaces\project - Изменение масштаба для планировок квартир\09_outputs\_diagnostics\full_20260727_full_mkd2\details\364_POZD_WEB_K2-3_s8_et4_4_attempt1.json","D:\AI\AITRASH\workspaces\project - Изменение масштаба для планировок квартир\09_outputs\_diagnostics\full_20260727_full_mkd2\verify_details\364_POZD_WEB_K2-3_s8_et4_4_verify_attempt1.json","Независимая проверка AI/PNG/SHA-256 пройдена."
"358_377_20260727_161612","365","OK","Корпус 2.3/POZD_WEB_K2-3_s8_et4_5.ai","200","OK","true","1","1200","1200","600","600","true","898","0","1817","1817","11","11","true","true","true","true","true","True","1200","1200","True","830060","609940","True","True","True","True","True","D:\AI\AITRASH\workspaces\project - Изменение масштаба для планировок квартир\09_outputs\_full_wip\20260727_full_mkd2\Корпус 2.3\х200_POZD_WEB_K2-3_s8_et4_5.ai","D:\AI\AITRASH\workspaces\project - Изменение масштаба для планировок квартир\09_outputs\_full_wip\20260727_full_mkd2\Корпус 2.3\х200_POZD_WEB_K2-3_s8_et4_5.png","D:\AI\AITRASH\workspaces\project - Изменение масштаба для планировок квартир\09_outputs\_diagnostics\full_20260727_full_mkd2\details\365_POZD_WEB_K2-3_s8_et4_5_attempt1.json","D:\AI\AITRASH\workspaces\project - Изменение масштаба для планировок квартир\09_outputs\_diagnostics\full_20260727_full_mkd2\verify_details\365_POZD_WEB_K2-3_s8_et4_5_verify_attempt1.json","Независимая проверка AI/PNG/SHA-256 пройдена."
"358_377_20260727_161612","366","OK","Корпус 2.3/POZD_WEB_K2-3_s8_et4_7.ai","200","OK","true","1","1200","1200","600","600","true","691","0","1411","1411","11","11","true","true","true","true","true","True","1200","1200","True","979803","460197","True","True","True","True","True","D:\AI\AITRASH\workspaces\project - Изменение масштаба для планировок квартир\09_outputs\_full_wip\20260727_full_mkd2\Корпус 2.3\х200_POZD_WEB_K2-3_s8_et4_7.ai","D:\AI\AITRASH\workspaces\project - Изменение масштаба для планировок квартир\09_outputs\_full_wip\20260727_full_mkd2\Корпус 2.3\х200_POZD_WEB_K2-3_s8_et4_7.png","D:\AI\AITRASH\workspaces\project - Изменение масштаба для планировок квартир\09_outputs\_diagnostics\full_20260727_full_mkd2\details\366_POZD_WEB_K2-3_s8_et4_7_attempt1.json","D:\AI\AITRASH\workspaces\project - Изменение масштаба для планировок квартир\09_outputs\_diagnostics\full_20260727_full_mkd2\verify_details\366_POZD_WEB_K2-3_s8_et4_7_verify_attempt1.json","Независимая проверка AI/PNG/SHA-256 пройдена."
"358_377_20260727_161612","367","OK","Корпус 2.3/POZD_WEB_K2-3_s8_et4_8.ai","200","OK","true","1","1200","1200","600","600","true","742","0","1508","1508","10","10","true","true","true","true","true","True","1200","1200","True","964605","475395","True","True","True","True","True","D:\AI\AITRASH\workspaces\project - Изменение масштаба для планировок квартир\09_outputs\_full_wip\20260727_full_mkd2\Корпус 2.3\х200_POZD_WEB_K2-3_s8_et4_8.ai","D:\AI\AITRASH\workspaces\project - Изменение масштаба для планировок квартир\09_outputs\_full_wip\20260727_full_mkd2\Корпус 2.3\х200_POZD_WEB_K2-3_s8_et4_8.png","D:\AI\AITRASH\workspaces\project - Изменение масштаба для планировок квартир\09_outputs\_diagnostics\full_20260727_full_mkd2\details\367_POZD_WEB_K2-3_s8_et4_8_attempt1.json","D:\AI\AITRASH\workspaces\project - Изменение масштаба для планировок квартир\09_outputs\_diagnostics\full_20260727_full_mkd2\verify_details\367_POZD_WEB_K2-3_s8_et4_8_verify_attempt1.json","Независимая проверка AI/PNG/SHA-256 пройдена."
"358_377_20260727_161612","368","OK","Корпус 2.3/POZD_WEB_K2-3_s8_et4_9.ai","150","OK","true","1","1200","1200","600","600","true","1505","0","3055","3055","11","11","true","true","true","true","true","True","1200","1200","True","750421","689579","True","True","True","True","True","D:\AI\AITRASH\workspaces\project - Изменение масштаба для планировок квартир\09_outputs\_full_wip\20260727_full_mkd2\Корпус 2.3\х150_POZD_WEB_K2-3_s8_et4_9.ai","D:\AI\AITRASH\workspaces\project - Изменение масштаба для планировок квартир\09_outputs\_full_wip\20260727_full_mkd2\Корпус 2.3\х150_POZD_WEB_K2-3_s8_et4_9.png","D:\AI\AITRASH\workspaces\project - Изменение масштаба для планировок квартир\09_outputs\_diagnostics\full_20260727_full_mkd2\details\368_POZD_WEB_K2-3_s8_et4_9_attempt1.json","D:\AI\AITRASH\workspaces\project - Изменение масштаба для планировок квартир\09_outputs\_diagnostics\full_20260727_full_mkd2\verify_details\368_POZD_WEB_K2-3_s8_et4_9_verify_attempt1.json","Независимая проверка AI/PNG/SHA-256 пройдена."
"358_377_20260727_161612","369","OK","Корпус 2.3/POZD_WEB_K2-3_s9_et2,4_3.ai","200","OK","true","1","1200","1200","600","600","true","872","0","1759","1759","10","10","true","true","true","true","true","True","1200","1200","True","812611","627389","True","True","True","True","True","D:\AI\AITRASH\workspaces\project - Изменение масштаба для планировок квартир\09_outputs\_full_wip\20260727_full_mkd2\Корпус 2.3\х200_POZD_WEB_K2-3_s9_et2,4_3.ai","D:\AI\AITRASH\workspaces\project - Изменение масштаба для планировок квартир\09_outputs\_full_wip\20260727_full_mkd2\Корпус 2.3\х200_POZD_WEB_K2-3_s9_et2,4_3.png","D:\AI\AITRASH\workspaces\project - Изменение масштаба для планировок квартир\09_outputs\_diagnostics\full_20260727_full_mkd2\details\369_POZD_WEB_K2-3_s9_et2,4_3_attempt1.json","D:\AI\AITRASH\workspaces\project - Изменение масштаба для планировок квартир\09_outputs\_diagnostics\full_20260727_full_mkd2\verify_details\369_POZD_WEB_K2-3_s9_et2,4_3_verify_attempt1.json","Независимая проверка AI/PNG/SHA-256 пройдена."
"358_377_20260727_161612","370","OK","Корпус 2.3/POZD_WEB_K2-3_s9_et2,6_1.ai","170","OK","true","1","1200","1200","600","600","true","1265","0","2557","2557","10","10","true","true","true","true","true","True","1200","1200","True","763925","676075","True","True","True","True","True","D:\AI\AITRASH\workspaces\project - Изменение масштаба для планировок квартир\09_outputs\_full_wip\20260727_full_mkd2\Корпус 2.3\х170_POZD_WEB_K2-3_s9_et2,6_1.ai","D:\AI\AITRASH\workspaces\project - Изменение масштаба для планировок квартир\09_outputs\_full_wip\20260727_full_mkd2\Корпус 2.3\х170_POZD_WEB_K2-3_s9_et2,6_1.png","D:\AI\AITRASH\workspaces\project - Изменение масштаба для планировок квартир\09_outputs\_diagnostics\full_20260727_full_mkd2\details\370_POZD_WEB_K2-3_s9_et2,6_1_attempt1.json","D:\AI\AITRASH\workspaces\project - Изменение масштаба для планировок квартир\09_outputs\_diagnostics\full_20260727_full_mkd2\verify_details\370_POZD_WEB_K2-3_s9_et2,6_1_verify_attempt1.json","Независимая проверка AI/PNG/SHA-256 пройдена."
"358_377_20260727_161612","371","OK","Корпус 2.3/POZD_WEB_K2-3_s9_et2,6_2.ai","170","OK","true","1","1200","1200","600","600","true","1322","0","2673","2673","10","10","true","true","true","true","true","True","1200","1200","True","720694","719306","True","True","True","True","True","D:\AI\AITRASH\workspaces\project - Изменение масштаба для планировок квартир\09_outputs\_full_wip\20260727_full_mkd2\Корпус 2.3\х170_POZD_WEB_K2-3_s9_et2,6_2.ai","D:\AI\AITRASH\workspaces\project - Изменение масштаба для планировок квартир\09_outputs\_full_wip\20260727_full_mkd2\Корпус 2.3\х170_POZD_WEB_K2-3_s9_et2,6_2.png","D:\AI\AITRASH\workspaces\project - Изменение масштаба для планировок квартир\09_outputs\_diagnostics\full_20260727_full_mkd2\details\371_POZD_WEB_K2-3_s9_et2,6_2_attempt1.json","D:\AI\AITRASH\workspaces\project - Изменение масштаба для планировок квартир\09_outputs\_diagnostics\full_20260727_full_mkd2\verify_details\371_POZD_WEB_K2-3_s9_et2,6_2_verify_attempt1.json","Независимая проверка AI/PNG/SHA-256 пройдена."
"358_377_20260727_161612","372","OK","Корпус 2.3/POZD_WEB_K2-3_s9_et2_4.ai","200","OK","true","1","1200","1200","600","600","true","891","0","1807","1807","10","10","true","true","true","true","true","True","1200","1200","True","766298","673702","True","True","True","True","True","D:\AI\AITRASH\workspaces\project - Изменение масштаба для планировок квартир\09_outputs\_full_wip\20260727_full_mkd2\Корпус 2.3\х200_POZD_WEB_K2-3_s9_et2_4.ai","D:\AI\AITRASH\workspaces\project - Изменение масштаба для планировок квартир\09_outputs\_full_wip\20260727_full_mkd2\Корпус 2.3\х200_POZD_WEB_K2-3_s9_et2_4.png","D:\AI\AITRASH\workspaces\project - Изменение масштаба для планировок квартир\09_outputs\_diagnostics\full_20260727_full_mkd2\details\372_POZD_WEB_K2-3_s9_et2_4_attempt1.json","D:\AI\AITRASH\workspaces\project - Изменение масштаба для планировок квартир\09_outputs\_diagnostics\full_20260727_full_mkd2\verify_details\372_POZD_WEB_K2-3_s9_et2_4_verify_attempt1.json","Независимая проверка AI/PNG/SHA-256 пройдена."
"358_377_20260727_161612","373","OK","Корпус 2.3/POZD_WEB_K2-3_s9_et2_5.ai","110","OK","true","1","1200","1200","600.000001","600","true","1643","0","3337","3337","11","11","true","true","true","true","true","True","1200","1200","True","971622","468378","True","True","True","True","True","D:\AI\AITRASH\workspaces\project - Изменение масштаба для планировок квартир\09_outputs\_full_wip\20260727_full_mkd2\Корпус 2.3\х110_POZD_WEB_K2-3_s9_et2_5.ai","D:\AI\AITRASH\workspaces\project - Изменение масштаба для планировок квартир\09_outputs\_full_wip\20260727_full_mkd2\Корпус 2.3\х110_POZD_WEB_K2-3_s9_et2_5.png","D:\AI\AITRASH\workspaces\project - Изменение масштаба для планировок квартир\09_outputs\_diagnostics\full_20260727_full_mkd2\details\373_POZD_WEB_K2-3_s9_et2_5_attempt1.json","D:\AI\AITRASH\workspaces\project - Изменение масштаба для планировок квартир\09_outputs\_diagnostics\full_20260727_full_mkd2\verify_details\373_POZD_WEB_K2-3_s9_et2_5_verify_attempt1.json","Независимая проверка AI/PNG/SHA-256 пройдена."
"358_377_20260727_161612","374","OK","Корпус 2.3/POZD_WEB_K2-3_s9_et3,5_1.ai","170","OK","true","1","1200","1200","600","600","true","1276","0","2579","2579","10","10","true","true","true","true","true","True","1200","1200","True","766303","673697","True","True","True","True","True","D:\AI\AITRASH\workspaces\project - Изменение масштаба для планировок квартир\09_outputs\_full_wip\20260727_full_mkd2\Корпус 2.3\х170_POZD_WEB_K2-3_s9_et3,5_1.ai","D:\AI\AITRASH\workspaces\project - Изменение масштаба для планировок квартир\09_outputs\_full_wip\20260727_full_mkd2\Корпус 2.3\х170_POZD_WEB_K2-3_s9_et3,5_1.png","D:\AI\AITRASH\workspaces\project - Изменение масштаба для планировок квартир\09_outputs\_diagnostics\full_20260727_full_mkd2\details\374_POZD_WEB_K2-3_s9_et3,5_1_attempt1.json","D:\AI\AITRASH\workspaces\project - Изменение масштаба для планировок квартир\09_outputs\_diagnostics\full_20260727_full_mkd2\verify_details\374_POZD_WEB_K2-3_s9_et3,5_1_verify_attempt1.json","Независимая проверка AI/PNG/SHA-256 пройдена."
"358_377_20260727_161612","375","OK","Корпус 2.3/POZD_WEB_K2-3_s9_et3,5_2.ai","170","OK","true","1","1200","1200","600","600","true","1322","0","2673","2673","10","10","true","true","true","true","true","True","1200","1200","True","723074","716926","True","True","True","True","True","D:\AI\AITRASH\workspaces\project - Изменение масштаба для планировок квартир\09_outputs\_full_wip\20260727_full_mkd2\Корпус 2.3\х170_POZD_WEB_K2-3_s9_et3,5_2.ai","D:\AI\AITRASH\workspaces\project - Изменение масштаба для планировок квартир\09_outputs\_full_wip\20260727_full_mkd2\Корпус 2.3\х170_POZD_WEB_K2-3_s9_et3,5_2.png","D:\AI\AITRASH\workspaces\project - Изменение масштаба для планировок квартир\09_outputs\_diagnostics\full_20260727_full_mkd2\details\375_POZD_WEB_K2-3_s9_et3,5_2_attempt1.json","D:\AI\AITRASH\workspaces\project - Изменение масштаба для планировок квартир\09_outputs\_diagnostics\full_20260727_full_mkd2\verify_details\375_POZD_WEB_K2-3_s9_et3,5_2_verify_attempt1.json","Независимая проверка AI/PNG/SHA-256 пройдена."
"358_377_20260727_161612","376","OK","Корпус 2.3/POZD_WEB_K2-3_s9_et3,5_3.ai","200","OK","true","1","1200","1200","600","600","true","875","0","1765","1765","10","10","true","true","true","true","true","True","1200","1200","True","812727","627273","True","True","True","True","True","D:\AI\AITRASH\workspaces\project - Изменение масштаба для планировок квартир\09_outputs\_full_wip\20260727_full_mkd2\Корпус 2.3\х200_POZD_WEB_K2-3_s9_et3,5_3.ai","D:\AI\AITRASH\workspaces\project - Изменение масштаба для планировок квартир\09_outputs\_full_wip\20260727_full_mkd2\Корпус 2.3\х200_POZD_WEB_K2-3_s9_et3,5_3.png","D:\AI\AITRASH\workspaces\project - Изменение масштаба для планировок квартир\09_outputs\_diagnostics\full_20260727_full_mkd2\details\376_POZD_WEB_K2-3_s9_et3,5_3_attempt1.json","D:\AI\AITRASH\workspaces\project - Изменение масштаба для планировок квартир\09_outputs\_diagnostics\full_20260727_full_mkd2\verify_details\376_POZD_WEB_K2-3_s9_et3,5_3_verify_attempt1.json","Независимая проверка AI/PNG/SHA-256 пройдена."
"358_377_20260727_161612","377","OK","Корпус 2.3/POZD_WEB_K2-3_s9_et3_4.ai","200","OK","true","1","1200","1200","600","600","true","893","0","1810","1810","10","10","true","true","true","true","true","True","1200","1200","True","766298","673702","True","True","True","True","True","D:\AI\AITRASH\workspaces\project - Изменение масштаба для планировок квартир\09_outputs\_full_wip\20260727_full_mkd2\Корпус 2.3\х200_POZD_WEB_K2-3_s9_et3_4.ai","D:\AI\AITRASH\workspaces\project - Изменение масштаба для планировок квартир\09_outputs\_full_wip\20260727_full_mkd2\Корпус 2.3\х200_POZD_WEB_K2-3_s9_et3_4.png","D:\AI\AITRASH\workspaces\project - Изменение масштаба для планировок квартир\09_outputs\_diagnostics\full_20260727_full_mkd2\details\377_POZD_WEB_K2-3_s9_et3_4_attempt1.json","D:\AI\AITRASH\workspaces\project - Изменение масштаба для планировок квартир\09_outputs\_diagnostics\full_20260727_full_mkd2\verify_details\377_POZD_WEB_K2-3_s9_et3_4_verify_attempt1.json","Независимая проверка AI/PNG/SHA-256 пройдена."
"378_387_20260727_162309","378","OK","Корпус 2.3/POZD_WEB_K2-3_s9_et3_5.ai","110","OK","true","1","1200","1200","600","600","true","1641","0","3332","3332","10","10","true","true","true","true","true","True","1200","1200","True","979191","460809","True","True","True","True","True","D:\AI\AITRASH\workspaces\project - Изменение масштаба для планировок квартир\09_outputs\_full_wip\20260727_full_mkd2\Корпус 2.3\х110_POZD_WEB_K2-3_s9_et3_5.ai","D:\AI\AITRASH\workspaces\project - Изменение масштаба для планировок квартир\09_outputs\_full_wip\20260727_full_mkd2\Корпус 2.3\х110_POZD_WEB_K2-3_s9_et3_5.png","D:\AI\AITRASH\workspaces\project - Изменение масштаба для планировок квартир\09_outputs\_diagnostics\full_20260727_full_mkd2\details\378_POZD_WEB_K2-3_s9_et3_5_attempt1.json","D:\AI\AITRASH\workspaces\project - Изменение масштаба для планировок квартир\09_outputs\_diagnostics\full_20260727_full_mkd2\verify_details\378_POZD_WEB_K2-3_s9_et3_5_verify_attempt1.json","Независимая проверка AI/PNG/SHA-256 пройдена."
"378_387_20260727_162309","379","OK","Корпус 2.3/POZD_WEB_K2-3_s9_et4_1.ai","170","OK","true","1","1200","1200","600","600","true","1276","0","2582","2582","11","11","true","true","true","true","true","True","1200","1200","True","752380","687620","True","True","True","True","True","D:\AI\AITRASH\workspaces\project - Изменение масштаба для планировок квартир\09_outputs\_full_wip\20260727_full_mkd2\Корпус 2.3\х170_POZD_WEB_K2-3_s9_et4_1.ai","D:\AI\AITRASH\workspaces\project - Изменение масштаба для планировок квартир\09_outputs\_full_wip\20260727_full_mkd2\Корпус 2.3\х170_POZD_WEB_K2-3_s9_et4_1.png","D:\AI\AITRASH\workspaces\project - Изменение масштаба для планировок квартир\09_outputs\_diagnostics\full_20260727_full_mkd2\details\379_POZD_WEB_K2-3_s9_et4_1_attempt1.json","D:\AI\AITRASH\workspaces\project - Изменение масштаба для планировок квартир\09_outputs\_diagnostics\full_20260727_full_mkd2\verify_details\379_POZD_WEB_K2-3_s9_et4_1_verify_attempt1.json","Независимая проверка AI/PNG/SHA-256 пройдена."
"378_387_20260727_162309","380","OK","Корпус 2.3/POZD_WEB_K2-3_s9_et4_2.ai","150","OK","true","1","1200","1200","600","600","true","1342","0","2718","2718","11","11","true","true","true","true","true","True","1200","1200","True","867837","572163","True","True","True","True","True","D:\AI\AITRASH\workspaces\project - Изменение масштаба для планировок квартир\09_outputs\_full_wip\20260727_full_mkd2\Корпус 2.3\х150_POZD_WEB_K2-3_s9_et4_2.ai","D:\AI\AITRASH\workspaces\project - Изменение масштаба для планировок квартир\09_outputs\_full_wip\20260727_full_mkd2\Корпус 2.3\х150_POZD_WEB_K2-3_s9_et4_2.png","D:\AI\AITRASH\workspaces\project - Изменение масштаба для планировок квартир\09_outputs\_diagnostics\full_20260727_full_mkd2\details\380_POZD_WEB_K2-3_s9_et4_2_attempt1.json","D:\AI\AITRASH\workspaces\project - Изменение масштаба для планировок квартир\09_outputs\_diagnostics\full_20260727_full_mkd2\verify_details\380_POZD_WEB_K2-3_s9_et4_2_verify_attempt1.json","Независимая проверка AI/PNG/SHA-256 пройдена."
"378_387_20260727_162309","381","OK","Корпус 2.3/POZD_WEB_K2-3_s9_et4_4.ai","200","OK","true","1","1200","1200","600","600","true","934","0","1899","1899","11","11","true","true","true","true","true","True","1200","1200","True","744485","695515","True","True","True","True","True","D:\AI\AITRASH\workspaces\project - Изменение масштаба для планировок квартир\09_outputs\_full_wip\20260727_full_mkd2\Корпус 2.3\х200_POZD_WEB_K2-3_s9_et4_4.ai","D:\AI\AITRASH\workspaces\project - Изменение масштаба для планировок квартир\09_outputs\_full_wip\20260727_full_mkd2\Корпус 2.3\х200_POZD_WEB_K2-3_s9_et4_4.png","D:\AI\AITRASH\workspaces\project - Изменение масштаба для планировок квартир\09_outputs\_diagnostics\full_20260727_full_mkd2\details\381_POZD_WEB_K2-3_s9_et4_4_attempt1.json","D:\AI\AITRASH\workspaces\project - Изменение масштаба для планировок квартир\09_outputs\_diagnostics\full_20260727_full_mkd2\verify_details\381_POZD_WEB_K2-3_s9_et4_4_verify_attempt1.json","Независимая проверка AI/PNG/SHA-256 пройдена."
"378_387_20260727_162309","382","OK","Корпус 2.3/POZD_WEB_K2-3_s9_et4_5.ai","110","OK","true","1","1200","1200","600","600","true","1646","0","3344","3344","12","12","true","true","true","true","true","True","1200","1200","True","975371","464629","True","True","True","True","True","D:\AI\AITRASH\workspaces\project - Изменение масштаба для планировок квартир\09_outputs\_full_wip\20260727_full_mkd2\Корпус 2.3\х110_POZD_WEB_K2-3_s9_et4_5.ai","D:\AI\AITRASH\workspaces\project - Изменение масштаба для планировок квартир\09_outputs\_full_wip\20260727_full_mkd2\Корпус 2.3\х110_POZD_WEB_K2-3_s9_et4_5.png","D:\AI\AITRASH\workspaces\project - Изменение масштаба для планировок квартир\09_outputs\_diagnostics\full_20260727_full_mkd2\details\382_POZD_WEB_K2-3_s9_et4_5_attempt1.json","D:\AI\AITRASH\workspaces\project - Изменение масштаба для планировок квартир\09_outputs\_diagnostics\full_20260727_full_mkd2\verify_details\382_POZD_WEB_K2-3_s9_et4_5_verify_attempt1.json","Независимая проверка AI/PNG/SHA-256 пройдена."
"378_387_20260727_162309","383","OK","Корпус 2.3/POZD_WEB_K2-3_s9_et5_4.ai","110","OK","true","1","1200","1200","600","600","true","2639","0","5320","5320","15","15","true","true","true","true","true","True","1200","1200","True","978055","461945","True","True","True","True","True","D:\AI\AITRASH\workspaces\project - Изменение масштаба для планировок квартир\09_outputs\_full_wip\20260727_full_mkd2\Корпус 2.3\х110_POZD_WEB_K2-3_s9_et5_4.ai","D:\AI\AITRASH\workspaces\project - Изменение масштаба для планировок квартир\09_outputs\_full_wip\20260727_full_mkd2\Корпус 2.3\х110_POZD_WEB_K2-3_s9_et5_4.png","D:\AI\AITRASH\workspaces\project - Изменение масштаба для планировок квартир\09_outputs\_diagnostics\full_20260727_full_mkd2\details\383_POZD_WEB_K2-3_s9_et5_4_attempt1.json","D:\AI\AITRASH\workspaces\project - Изменение масштаба для планировок квартир\09_outputs\_diagnostics\full_20260727_full_mkd2\verify_details\383_POZD_WEB_K2-3_s9_et5_4_verify_attempt1.json","Независимая проверка AI/PNG/SHA-256 пройдена."
"378_387_20260727_162309","385","OK","Корпус 2.3/POZD_WEB_K2-3_s9_et6_3.ai","200","OK","true","1","1200","1200","600","600","true","804","0","1799","1799","11","11","true","true","true","true","true","True","1200","1200","True","792244","647756","True","True","True","True","True","D:\AI\AITRASH\workspaces\project - Изменение масштаба для планировок квартир\09_outputs\_full_wip\20260727_full_mkd2\Корпус 2.3\х200_POZD_WEB_K2-3_s9_et6_3.ai","D:\AI\AITRASH\workspaces\project - Изменение масштаба для планировок квартир\09_outputs\_full_wip\20260727_full_mkd2\Корпус 2.3\х200_POZD_WEB_K2-3_s9_et6_3.png","D:\AI\AITRASH\workspaces\project - Изменение масштаба для планировок квартир\09_outputs\_diagnostics\full_20260727_full_mkd2\details\385_POZD_WEB_K2-3_s9_et6_3_attempt1.json","D:\AI\AITRASH\workspaces\project - Изменение масштаба для планировок квартир\09_outputs\_diagnostics\full_20260727_full_mkd2\verify_details\385_POZD_WEB_K2-3_s9_et6_3_verify_attempt1.json","Независимая проверка AI/PNG/SHA-256 пройдена."
"378_387_20260727_162309","386","OK","Корпус 2.3/POZD_WEB_K2-3_s9_et6_4.ai","150","OK","true","1","1200","1200","600","600","true","1054","0","2138","2138","13","13","true","true","true","true","true","True","1200","1200","True","894967","545033","True","True","True","True","True","D:\AI\AITRASH\workspaces\project - Изменение масштаба для планировок квартир\09_outputs\_full_wip\20260727_full_mkd2\Корпус 2.3\х150_POZD_WEB_K2-3_s9_et6_4.ai","D:\AI\AITRASH\workspaces\project - Изменение масштаба для планировок квартир\09_outputs\_full_wip\20260727_full_mkd2\Корпус 2.3\х150_POZD_WEB_K2-3_s9_et6_4.png","D:\AI\AITRASH\workspaces\project - Изменение масштаба для планировок квартир\09_outputs\_diagnostics\full_20260727_full_mkd2\details\386_POZD_WEB_K2-3_s9_et6_4_attempt1.json","D:\AI\AITRASH\workspaces\project - Изменение масштаба для планировок квартир\09_outputs\_diagnostics\full_20260727_full_mkd2\verify_details\386_POZD_WEB_K2-3_s9_et6_4_verify_attempt1.json","Независимая проверка AI/PNG/SHA-256 пройдена."
"378_387_20260727_162309","387","OK","Корпус 2.3/POZD_WEB_K2-3_s9_et6_5.ai","150","OK","true","1","1200","1200","600","600","true","1180","0","2394","2394","12","12","true","true","true","true","true","True","1200","1200","True","768463","671537","True","True","True","True","True","D:\AI\AITRASH\workspaces\project - Изменение масштаба для планировок квартир\09_outputs\_full_wip\20260727_full_mkd2\Корпус 2.3\х150_POZD_WEB_K2-3_s9_et6_5.ai","D:\AI\AITRASH\workspaces\project - Изменение масштаба для планировок квартир\09_outputs\_full_wip\20260727_full_mkd2\Корпус 2.3\х150_POZD_WEB_K2-3_s9_et6_5.png","D:\AI\AITRASH\workspaces\project - Изменение масштаба для планировок квартир\09_outputs\_diagnostics\full_20260727_full_mkd2\details\387_POZD_WEB_K2-3_s9_et6_5_attempt1.json","D:\AI\AITRASH\workspaces\project - Изменение масштаба для планировок квартир\09_outputs\_diagnostics\full_20260727_full_mkd2\verify_details\387_POZD_WEB_K2-3_s9_et6_5_verify_attempt1.json","Независимая проверка AI/PNG/SHA-256 пройдена."
"384_384_20260727_163257","384","OK","Корпус 2.3/POZD_WEB_K2-3_s9_et5_5.ai","100","OK","true","1","1200","1200","600","600","true","2827","0","5709","5709","15","15","true","true","true","true","true","True","1200","1200","True","1006241","433759","True","True","True","True","True","D:\AI\AITRASH\workspaces\project - Изменение масштаба для планировок квартир\09_outputs\_full_wip\20260727_full_mkd2\Корпус 2.3\х100_POZD_WEB_K2-3_s9_et5_5.ai","D:\AI\AITRASH\workspaces\project - Изменение масштаба для планировок квартир\09_outputs\_full_wip\20260727_full_mkd2\Корпус 2.3\х100_POZD_WEB_K2-3_s9_et5_5.png","D:\AI\AITRASH\workspaces\project - Изменение масштаба для планировок квартир\09_outputs\_diagnostics\full_20260727_full_mkd2\details\384_POZD_WEB_K2-3_s9_et5_5_attempt2.json","D:\AI\AITRASH\workspaces\project - Изменение масштаба для планировок квартир\09_outputs\_diagnostics\full_20260727_full_mkd2\verify_details\384_POZD_WEB_K2-3_s9_et5_5_verify_attempt1.json","Независимая проверка AI/PNG/SHA-256 пройдена."
