"index","corpus","source_relpath","source_ai","reference_png","source_size_bytes","source_sha256_before","source_sha256_after","override_scale_percent","override_reason","status","applied_scale_percent","output_ai","output_png","output_ai_sha256","output_png_sha256","audit_json","attempts","last_error"
"0","Корпус 2.1","Корпус 2.1/POZD_WEB_K2-1_s1_et1_1.ai","D:\AI\AITRASH\LIBRARY\02_CATALOG\02_PRESALE_Поздняково\01_ARTIFACTS\МКД2\Корпус 2.1\POZD_WEB_K2-1_s1_et1_1.ai","D:\AI\AITRASH\LIBRARY\02_CATALOG\02_PRESALE_Поздняково\01_ARTIFACTS\МКД2\Корпус 2.1\POZD_WEB_K2-1_s1_et1_1.png","309512","6149a7ad078252e799ed8ede5c764e817de1ddeb3b37127b78b056f81704e044","","","","PENDING","","","","","","","0",""
"1","Корпус 2.1","Корпус 2.1/POZD_WEB_K2-1_s1_et1_2.ai","D:\AI\AITRASH\LIBRARY\02_CATALOG\02_PRESALE_Поздняково\01_ARTIFACTS\МКД2\Корпус 2.1\POZD_WEB_K2-1_s1_et1_2.ai","D:\AI\AITRASH\LIBRARY\02_CATALOG\02_PRESALE_Поздняково\01_ARTIFACTS\МКД2\Корпус 2.1\POZD_WEB_K2-1_s1_et1_2.png","196408","90cb2108d321575974c4857fca5eab1a77ab474a69ee24946fa60d6eecf18d4a","","","","PENDING","","","","","","","0",""
"2","Корпус 2.1","Корпус 2.1/POZD_WEB_K2-1_s1_et1_3.ai","D:\AI\AITRASH\LIBRARY\02_CATALOG\02_PRESALE_Поздняково\01_ARTIFACTS\МКД2\Корпус 2.1\POZD_WEB_K2-1_s1_et1_3.ai","D:\AI\AITRASH\LIBRARY\02_CATALOG\02_PRESALE_Поздняково\01_ARTIFACTS\МКД2\Корпус 2.1\POZD_WEB_K2-1_s1_et1_3.png","160679","4e1efd44189aa68771b5b7c632294c8778c0939d841524db8dbf12a5585c04b3","","","","PENDING","","","","","","","0",""
"3","Корпус 2.1","Корпус 2.1/POZD_WEB_K2-1_s1_et1_4.ai","D:\AI\AITRASH\LIBRARY\02_CATALOG\02_PRESALE_Поздняково\01_ARTIFACTS\МКД2\Корпус 2.1\POZD_WEB_K2-1_s1_et1_4.ai","D:\AI\AITRASH\LIBRARY\02_CATALOG\02_PRESALE_Поздняково\01_ARTIFACTS\МКД2\Корпус 2.1\POZD_WEB_K2-1_s1_et1_4.png","158370","db4dea501b9b9326093440acc61a557b1c1b8200f246b81e2c885da0cb7f9566","","","","PENDING","","","","","","","0",""
"4","Корпус 2.1","Корпус 2.1/POZD_WEB_K2-1_s1_et1_5.ai","D:\AI\AITRASH\LIBRARY\02_CATALOG\02_PRESALE_Поздняково\01_ARTIFACTS\МКД2\Корпус 2.1\POZD_WEB_K2-1_s1_et1_5.ai","D:\AI\AITRASH\LIBRARY\02_CATALOG\02_PRESALE_Поздняково\01_ARTIFACTS\МКД2\Корпус 2.1\POZD_WEB_K2-1_s1_et1_5.png","299838","40f9e5ba80dd64cce3baeff3c8bb498a74d661919059b2a0116159697019a17b","","","","PENDING","","","","","","","0",""
"5","Корпус 2.1","Корпус 2.1/POZD_WEB_K2-1_s1_et1_6.ai","D:\AI\AITRASH\LIBRARY\02_CATALOG\02_PRESALE_Поздняково\01_ARTIFACTS\МКД2\Корпус 2.1\POZD_WEB_K2-1_s1_et1_6.ai","D:\AI\AITRASH\LIBRARY\02_CATALOG\02_PRESALE_Поздняково\01_ARTIFACTS\МКД2\Корпус 2.1\POZD_WEB_K2-1_s1_et1_6.png","246504","7652598056ffb78da27866f056800eada1a44715d948fdac729aae664632fae1","","","","PENDING","","","","","","","0",""
"6","Корпус 2.1","Корпус 2.1/POZD_WEB_K2-1_s1_et2,4_3.ai","D:\AI\AITRASH\LIBRARY\02_CATALOG\02_PRESALE_Поздняково\01_ARTIFACTS\МКД2\Корпус 2.1\POZD_WEB_K2-1_s1_et2,4_3.ai","D:\AI\AITRASH\LIBRARY\02_CATALOG\02_PRESALE_Поздняково\01_ARTIFACTS\МКД2\Корпус 2.1\POZD_WEB_K2-1_s1_et2,4_3.png","200532","49c9b429f2f4487bc24c40248a146107450b31fed9fb371c066caef90efc1d78","","","","PENDING","","","","","","","0",""
"7","Корпус 2.1","Корпус 2.1/POZD_WEB_K2-1_s1_et2,4_5.ai","D:\AI\AITRASH\LIBRARY\02_CATALOG\02_PRESALE_Поздняково\01_ARTIFACTS\МКД2\Корпус 2.1\POZD_WEB_K2-1_s1_et2,4_5.ai","D:\AI\AITRASH\LIBRARY\02_CATALOG\02_PRESALE_Поздняково\01_ARTIFACTS\МКД2\Корпус 2.1\POZD_WEB_K2-1_s1_et2,4_5.png","227914","176394bf4dbb15783337be2cca2ed9441232e4f58182874b221963ef41b950ed","","","","PENDING","","","","","","","0",""
"8","Корпус 2.1","Корпус 2.1/POZD_WEB_K2-1_s1_et2,6_4.ai","D:\AI\AITRASH\LIBRARY\02_CATALOG\02_PRESALE_Поздняково\01_ARTIFACTS\МКД2\Корпус 2.1\POZD_WEB_K2-1_s1_et2,6_4.ai","D:\AI\AITRASH\LIBRARY\02_CATALOG\02_PRESALE_Поздняково\01_ARTIFACTS\МКД2\Корпус 2.1\POZD_WEB_K2-1_s1_et2,6_4.png","160519","5ae2da643e0a175709d37dc7fc76cf0833e5e92c6431a11216ac3320a247a44f","","","","PENDING","","","","","","","0",""
"9","Корпус 2.1","Корпус 2.1/POZD_WEB_K2-1_s1_et2_1.ai","D:\AI\AITRASH\LIBRARY\02_CATALOG\02_PRESALE_Поздняково\01_ARTIFACTS\МКД2\Корпус 2.1\POZD_WEB_K2-1_s1_et2_1.ai","D:\AI\AITRASH\LIBRARY\02_CATALOG\02_PRESALE_Поздняково\01_ARTIFACTS\МКД2\Корпус 2.1\POZD_WEB_K2-1_s1_et2_1.png","196909","f08deaaa61016bc4f515cbb471b95abdd63137de0df0723e1303f320cf2b943b","","","","PENDING","","","","","","","0",""
"10","Корпус 2.1","Корпус 2.1/POZD_WEB_K2-1_s1_et2_2.ai","D:\AI\AITRASH\LIBRARY\02_CATALOG\02_PRESALE_Поздняково\01_ARTIFACTS\МКД2\Корпус 2.1\POZD_WEB_K2-1_s1_et2_2.ai","D:\AI\AITRASH\LIBRARY\02_CATALOG\02_PRESALE_Поздняково\01_ARTIFACTS\МКД2\Корпус 2.1\POZD_WEB_K2-1_s1_et2_2.png","202319","c7238ec6e97e2db2d601d0ba1fa309722127af09af97b37f19d7866fe86e9bde","","","","PENDING","","","","","","","0",""
"11","Корпус 2.1","Корпус 2.1/POZD_WEB_K2-1_s1_et2_6.ai","D:\AI\AITRASH\LIBRARY\02_CATALOG\02_PRESALE_Поздняково\01_ARTIFACTS\МКД2\Корпус 2.1\POZD_WEB_K2-1_s1_et2_6.ai","D:\AI\AITRASH\LIBRARY\02_CATALOG\02_PRESALE_Поздняково\01_ARTIFACTS\МКД2\Корпус 2.1\POZD_WEB_K2-1_s1_et2_6.png","203896","cb9628a8fb5036c54ea6822457ba3ff90066a3709a98d659d9129c9ef15015d6","","","","PENDING","","","","","","","0",""
"12","Корпус 2.1","Корпус 2.1/POZD_WEB_K2-1_s1_et3,5_1.ai","D:\AI\AITRASH\LIBRARY\02_CATALOG\02_PRESALE_Поздняково\01_ARTIFACTS\МКД2\Корпус 2.1\POZD_WEB_K2-1_s1_et3,5_1.ai","D:\AI\AITRASH\LIBRARY\02_CATALOG\02_PRESALE_Поздняково\01_ARTIFACTS\МКД2\Корпус 2.1\POZD_WEB_K2-1_s1_et3,5_1.png","192006","cba1976b1389520fcdfadb293265777df0d44721c4e55831bf9b9041527d2966","","","","PENDING","","","","","","","0",""
"13","Корпус 2.1","Корпус 2.1/POZD_WEB_K2-1_s1_et3,5_2.ai","D:\AI\AITRASH\LIBRARY\02_CATALOG\02_PRESALE_Поздняково\01_ARTIFACTS\МКД2\Корпус 2.1\POZD_WEB_K2-1_s1_et3,5_2.ai","D:\AI\AITRASH\LIBRARY\02_CATALOG\02_PRESALE_Поздняково\01_ARTIFACTS\МКД2\Корпус 2.1\POZD_WEB_K2-1_s1_et3,5_2.png","195811","7e71dc84fde0920777cf12fa588b9aa88227bdae1bf4e21de84a760e4fe00faa","","","","PENDING","","","","","","","0",""
"14","Корпус 2.1","Корпус 2.1/POZD_WEB_K2-1_s1_et3,5_3.ai","D:\AI\AITRASH\LIBRARY\02_CATALOG\02_PRESALE_Поздняково\01_ARTIFACTS\МКД2\Корпус 2.1\POZD_WEB_K2-1_s1_et3,5_3.ai","D:\AI\AITRASH\LIBRARY\02_CATALOG\02_PRESALE_Поздняково\01_ARTIFACTS\МКД2\Корпус 2.1\POZD_WEB_K2-1_s1_et3,5_3.png","199355","6c762af12e0cdd795be079ffb5fbc59a542d5e517a843a1c8ddf88abca84dd55","","","","PENDING","","","","","","","0",""
"15","Корпус 2.1","Корпус 2.1/POZD_WEB_K2-1_s1_et3,5_4.ai","D:\AI\AITRASH\LIBRARY\02_CATALOG\02_PRESALE_Поздняково\01_ARTIFACTS\МКД2\Корпус 2.1\POZD_WEB_K2-1_s1_et3,5_4.ai","D:\AI\AITRASH\LIBRARY\02_CATALOG\02_PRESALE_Поздняково\01_ARTIFACTS\МКД2\Корпус 2.1\POZD_WEB_K2-1_s1_et3,5_4.png","161712","a5e0791ef94174e9050cefc6fd9c345ccd01b7878f521dfe623e7ec0df0ed40f","","","","PENDING","","","","","","","0",""
"16","Корпус 2.1","Корпус 2.1/POZD_WEB_K2-1_s1_et3,5_5.ai","D:\AI\AITRASH\LIBRARY\02_CATALOG\02_PRESALE_Поздняково\01_ARTIFACTS\МКД2\Корпус 2.1\POZD_WEB_K2-1_s1_et3,5_5.ai","D:\AI\AITRASH\LIBRARY\02_CATALOG\02_PRESALE_Поздняково\01_ARTIFACTS\МКД2\Корпус 2.1\POZD_WEB_K2-1_s1_et3,5_5.png","227778","3a91f804031ae1a4a62577e04ae9a57d41bffbbcda73903801707c9f67f246a0","","","","PENDING","","","","","","","0",""
"17","Корпус 2.1","Корпус 2.1/POZD_WEB_K2-1_s1_et3,5_6.ai","D:\AI\AITRASH\LIBRARY\02_CATALOG\02_PRESALE_Поздняково\01_ARTIFACTS\МКД2\Корпус 2.1\POZD_WEB_K2-1_s1_et3,5_6.ai","D:\AI\AITRASH\LIBRARY\02_CATALOG\02_PRESALE_Поздняково\01_ARTIFACTS\МКД2\Корпус 2.1\POZD_WEB_K2-1_s1_et3,5_6.png","204539","0a72f67f26edc44c028e1610e9840cb1599f52ff077907a768d22fb5d03e8f39","","","","PENDING","","","","","","","0",""
"18","Корпус 2.1","Корпус 2.1/POZD_WEB_K2-1_s1_et4_1.ai","D:\AI\AITRASH\LIBRARY\02_CATALOG\02_PRESALE_Поздняково\01_ARTIFACTS\МКД2\Корпус 2.1\POZD_WEB_K2-1_s1_et4_1.ai","D:\AI\AITRASH\LIBRARY\02_CATALOG\02_PRESALE_Поздняково\01_ARTIFACTS\МКД2\Корпус 2.1\POZD_WEB_K2-1_s1_et4_1.png","188568","e7aa136e0ed853f2d975512c8832374d3412c71218a4afb580aab00024b2cb3e","","","","PENDING","","","","","","","0",""
"19","Корпус 2.1","Корпус 2.1/POZD_WEB_K2-1_s1_et4_2.ai","D:\AI\AITRASH\LIBRARY\02_CATALOG\02_PRESALE_Поздняково\01_ARTIFACTS\МКД2\Корпус 2.1\POZD_WEB_K2-1_s1_et4_2.ai","D:\AI\AITRASH\LIBRARY\02_CATALOG\02_PRESALE_Поздняково\01_ARTIFACTS\МКД2\Корпус 2.1\POZD_WEB_K2-1_s1_et4_2.png","199732","2a44c0f77c128527434b7bfd2411a2178777b8d65767f627cf87175a88a77a18","","","","PENDING","","","","","","","0",""
"20","Корпус 2.1","Корпус 2.1/POZD_WEB_K2-1_s1_et4_4.ai","D:\AI\AITRASH\LIBRARY\02_CATALOG\02_PRESALE_Поздняково\01_ARTIFACTS\МКД2\Корпус 2.1\POZD_WEB_K2-1_s1_et4_4.ai","D:\AI\AITRASH\LIBRARY\02_CATALOG\02_PRESALE_Поздняково\01_ARTIFACTS\МКД2\Корпус 2.1\POZD_WEB_K2-1_s1_et4_4.png","164664","d5d1c7320bfa21f07ae0901e492681b33fc81a5123275f549cb718384c9248d9","","","","PENDING","","","","","","","0",""
"21","Корпус 2.1","Корпус 2.1/POZD_WEB_K2-1_s1_et4_6.ai","D:\AI\AITRASH\LIBRARY\02_CATALOG\02_PRESALE_Поздняково\01_ARTIFACTS\МКД2\Корпус 2.1\POZD_WEB_K2-1_s1_et4_6.ai","D:\AI\AITRASH\LIBRARY\02_CATALOG\02_PRESALE_Поздняково\01_ARTIFACTS\МКД2\Корпус 2.1\POZD_WEB_K2-1_s1_et4_6.png","208545","7b2fabc737c742eee29b29420972ecb93e1f93ef89f9e0573510bd274fdd7141","","","","PENDING","","","","","","","0",""
"22","Корпус 2.1","Корпус 2.1/POZD_WEB_K2-1_s1_et6_1.ai","D:\AI\AITRASH\LIBRARY\02_CATALOG\02_PRESALE_Поздняково\01_ARTIFACTS\МКД2\Корпус 2.1\POZD_WEB_K2-1_s1_et6_1.ai","D:\AI\AITRASH\LIBRARY\02_CATALOG\02_PRESALE_Поздняково\01_ARTIFACTS\МКД2\Корпус 2.1\POZD_WEB_K2-1_s1_et6_1.png","199524","354e3cd35d544a6638a9994414363eac25fb6ef1c15ba3b346ba6dd8ceb96bca","","","","PENDING","","","","","","","0",""
"23","Корпус 2.1","Корпус 2.1/POZD_WEB_K2-1_s1_et6_2.ai","D:\AI\AITRASH\LIBRARY\02_CATALOG\02_PRESALE_Поздняково\01_ARTIFACTS\МКД2\Корпус 2.1\POZD_WEB_K2-1_s1_et6_2.ai","D:\AI\AITRASH\LIBRARY\02_CATALOG\02_PRESALE_Поздняково\01_ARTIFACTS\МКД2\Корпус 2.1\POZD_WEB_K2-1_s1_et6_2.png","202288","31a788b11f2d53c48b074029a2104766d0db32289cd676665fe721d2fbba7488","","","","PENDING","","","","","","","0",""
"24","Корпус 2.1","Корпус 2.1/POZD_WEB_K2-1_s1_et6_3.ai","D:\AI\AITRASH\LIBRARY\02_CATALOG\02_PRESALE_Поздняково\01_ARTIFACTS\МКД2\Корпус 2.1\POZD_WEB_K2-1_s1_et6_3.ai","D:\AI\AITRASH\LIBRARY\02_CATALOG\02_PRESALE_Поздняково\01_ARTIFACTS\МКД2\Корпус 2.1\POZD_WEB_K2-1_s1_et6_3.png","201979","bfe3d1d9e2248fa66b6358532d0ea1a974d6f86a238d07bc0a5608ad4a7b7a60","","","","PENDING","","","","","","","0",""
"25","Корпус 2.1","Корпус 2.1/POZD_WEB_K2-1_s1_et6_5.ai","D:\AI\AITRASH\LIBRARY\02_CATALOG\02_PRESALE_Поздняково\01_ARTIFACTS\МКД2\Корпус 2.1\POZD_WEB_K2-1_s1_et6_5.ai","D:\AI\AITRASH\LIBRARY\02_CATALOG\02_PRESALE_Поздняково\01_ARTIFACTS\МКД2\Корпус 2.1\POZD_WEB_K2-1_s1_et6_5.png","232857","518fc96bb16de4b4073de5db77e0ef3a28f71f8da398df3fcbb9d035b4334cd0","","","","PENDING","","","","","","","0",""
"26","Корпус 2.1","Корпус 2.1/POZD_WEB_K2-1_s1_et6_6.ai","D:\AI\AITRASH\LIBRARY\02_CATALOG\02_PRESALE_Поздняково\01_ARTIFACTS\МКД2\Корпус 2.1\POZD_WEB_K2-1_s1_et6_6.ai","D:\AI\AITRASH\LIBRARY\02_CATALOG\02_PRESALE_Поздняково\01_ARTIFACTS\МКД2\Корпус 2.1\POZD_WEB_K2-1_s1_et6_6.png","209552","fbafaa120a404839eb5727dd231567aea0acc7d4b06c531ecb4b685178e940d8","","","","PENDING","","","","","","","0",""
"27","Корпус 2.1","Корпус 2.1/POZD_WEB_K2-1_s2_et1_1.ai","D:\AI\AITRASH\LIBRARY\02_CATALOG\02_PRESALE_Поздняково\01_ARTIFACTS\МКД2\Корпус 2.1\POZD_WEB_K2-1_s2_et1_1.ai","D:\AI\AITRASH\LIBRARY\02_CATALOG\02_PRESALE_Поздняково\01_ARTIFACTS\МКД2\Корпус 2.1\POZD_WEB_K2-1_s2_et1_1.png","320028","33a702526ca34d99368725ae4ee8f15e4415209e06efd47839309939b21f48b0","","","","PENDING","","","","","","","0",""
"28","Корпус 2.1","Корпус 2.1/POZD_WEB_K2-1_s2_et1_2.ai","D:\AI\AITRASH\LIBRARY\02_CATALOG\02_PRESALE_Поздняково\01_ARTIFACTS\МКД2\Корпус 2.1\POZD_WEB_K2-1_s2_et1_2.ai","D:\AI\AITRASH\LIBRARY\02_CATALOG\02_PRESALE_Поздняково\01_ARTIFACTS\МКД2\Корпус 2.1\POZD_WEB_K2-1_s2_et1_2.png","251731","6f163c5c5de16ebfe835086d633833874c0b2d74411b58b00d72f53078e5ce66","","","","PENDING","","","","","","","0",""
"29","Корпус 2.1","Корпус 2.1/POZD_WEB_K2-1_s2_et1_3.ai","D:\AI\AITRASH\LIBRARY\02_CATALOG\02_PRESALE_Поздняково\01_ARTIFACTS\МКД2\Корпус 2.1\POZD_WEB_K2-1_s2_et1_3.ai","D:\AI\AITRASH\LIBRARY\02_CATALOG\02_PRESALE_Поздняково\01_ARTIFACTS\МКД2\Корпус 2.1\POZD_WEB_K2-1_s2_et1_3.png","177013","10b669383e4ebaf6108f41a302bc738cc5bdb7125a8f25dedfcbc8e5ad4edc91","","","","PENDING","","","","","","","0",""
"30","Корпус 2.1","Корпус 2.1/POZD_WEB_K2-1_s2_et1_4.ai","D:\AI\AITRASH\LIBRARY\02_CATALOG\02_PRESALE_Поздняково\01_ARTIFACTS\МКД2\Корпус 2.1\POZD_WEB_K2-1_s2_et1_4.ai","D:\AI\AITRASH\LIBRARY\02_CATALOG\02_PRESALE_Поздняково\01_ARTIFACTS\МКД2\Корпус 2.1\POZD_WEB_K2-1_s2_et1_4.png","158319","85267b102b3e5a6f0c80a715eb967667088583372dafa94caa5e48d22502a9f2","","","","PENDING","","","","","","","0",""
"31","Корпус 2.1","Корпус 2.1/POZD_WEB_K2-1_s2_et1_5.ai","D:\AI\AITRASH\LIBRARY\02_CATALOG\02_PRESALE_Поздняково\01_ARTIFACTS\МКД2\Корпус 2.1\POZD_WEB_K2-1_s2_et1_5.ai","D:\AI\AITRASH\LIBRARY\02_CATALOG\02_PRESALE_Поздняково\01_ARTIFACTS\МКД2\Корпус 2.1\POZD_WEB_K2-1_s2_et1_5.png","157003","ee5135f71ff5c2087d6cc8b7b44466c643809729e5bb8aba720a9b9141657686","","","","PENDING","","","","","","","0",""
"32","Корпус 2.1","Корпус 2.1/POZD_WEB_K2-1_s2_et1_6.ai","D:\AI\AITRASH\LIBRARY\02_CATALOG\02_PRESALE_Поздняково\01_ARTIFACTS\МКД2\Корпус 2.1\POZD_WEB_K2-1_s2_et1_6.ai","D:\AI\AITRASH\LIBRARY\02_CATALOG\02_PRESALE_Поздняково\01_ARTIFACTS\МКД2\Корпус 2.1\POZD_WEB_K2-1_s2_et1_6.png","205077","08ad1ff0945dc79d83442137fcff761a74d72852726b86ff8461370edc6d027c","","","","PENDING","","","","","","","0",""
"33","Корпус 2.1","Корпус 2.1/POZD_WEB_K2-1_s2_et1_7.ai","D:\AI\AITRASH\LIBRARY\02_CATALOG\02_PRESALE_Поздняково\01_ARTIFACTS\МКД2\Корпус 2.1\POZD_WEB_K2-1_s2_et1_7.ai","D:\AI\AITRASH\LIBRARY\02_CATALOG\02_PRESALE_Поздняково\01_ARTIFACTS\МКД2\Корпус 2.1\POZD_WEB_K2-1_s2_et1_7.png","193250","2114e7fc83a7b300e0bc21bedf0a447d4a030f771e96ae8ec550c314974eee64","","","","PENDING","","","","","","","0",""
"34","Корпус 2.1","Корпус 2.1/POZD_WEB_K2-1_s2_et1_8.ai","D:\AI\AITRASH\LIBRARY\02_CATALOG\02_PRESALE_Поздняково\01_ARTIFACTS\МКД2\Корпус 2.1\POZD_WEB_K2-1_s2_et1_8.ai","D:\AI\AITRASH\LIBRARY\02_CATALOG\02_PRESALE_Поздняково\01_ARTIFACTS\МКД2\Корпус 2.1\POZD_WEB_K2-1_s2_et1_8.png","218560","833ebb6addf547586b3fed5d00c3bf790146e56c69732ae476abcba1a75209c2","","","","PENDING","","","","","","","0",""
"35","Корпус 2.1","Корпус 2.1/POZD_WEB_K2-1_s2_et2,4_1.ai","D:\AI\AITRASH\LIBRARY\02_CATALOG\02_PRESALE_Поздняково\01_ARTIFACTS\МКД2\Корпус 2.1\POZD_WEB_K2-1_s2_et2,4_1.ai","D:\AI\AITRASH\LIBRARY\02_CATALOG\02_PRESALE_Поздняково\01_ARTIFACTS\МКД2\Корпус 2.1\POZD_WEB_K2-1_s2_et2,4_1.png","192719","bbefad49157c4fe03eeef40a8838ce7d4c41c010269d2f127e8a15e4fee9b9e2","","","","PENDING","","","","","","","0",""
"36","Корпус 2.1","Корпус 2.1/POZD_WEB_K2-1_s2_et2,4_4.ai","D:\AI\AITRASH\LIBRARY\02_CATALOG\02_PRESALE_Поздняково\01_ARTIFACTS\МКД2\Корпус 2.1\POZD_WEB_K2-1_s2_et2,4_4.ai","D:\AI\AITRASH\LIBRARY\02_CATALOG\02_PRESALE_Поздняково\01_ARTIFACTS\МКД2\Корпус 2.1\POZD_WEB_K2-1_s2_et2,4_4.png","166806","128e79d674af1e97f5d9eb29028428612ae27269a769599f2df22e529c0e7ad4","","","","PENDING","","","","","","","0",""
"37","Корпус 2.1","Корпус 2.1/POZD_WEB_K2-1_s2_et2,4_8.ai","D:\AI\AITRASH\LIBRARY\02_CATALOG\02_PRESALE_Поздняково\01_ARTIFACTS\МКД2\Корпус 2.1\POZD_WEB_K2-1_s2_et2,4_8.ai","D:\AI\AITRASH\LIBRARY\02_CATALOG\02_PRESALE_Поздняково\01_ARTIFACTS\МКД2\Корпус 2.1\POZD_WEB_K2-1_s2_et2,4_8.png","217776","e9baa74653eb2c18f091f7391011caa2d6ef6df00d322992c618050917dac999","","","","PENDING","","","","","","","0",""
"38","Корпус 2.1","Корпус 2.1/POZD_WEB_K2-1_s2_et2,6_2.ai","D:\AI\AITRASH\LIBRARY\02_CATALOG\02_PRESALE_Поздняково\01_ARTIFACTS\МКД2\Корпус 2.1\POZD_WEB_K2-1_s2_et2,6_2.ai","D:\AI\AITRASH\LIBRARY\02_CATALOG\02_PRESALE_Поздняково\01_ARTIFACTS\МКД2\Корпус 2.1\POZD_WEB_K2-1_s2_et2,6_2.png","165853","d11051b9e2a6d5324b00574e47b49b80f9731c640f99239629f140d504a2866f","","","","PENDING","","","","","","","0",""
"39","Корпус 2.1","Корпус 2.1/POZD_WEB_K2-1_s2_et2,6_3.ai","D:\AI\AITRASH\LIBRARY\02_CATALOG\02_PRESALE_Поздняково\01_ARTIFACTS\МКД2\Корпус 2.1\POZD_WEB_K2-1_s2_et2,6_3.ai","D:\AI\AITRASH\LIBRARY\02_CATALOG\02_PRESALE_Поздняково\01_ARTIFACTS\МКД2\Корпус 2.1\POZD_WEB_K2-1_s2_et2,6_3.png","169304","0e687d77ff599198fcd5a1d6296bed662929a7f02d19f0f3eeaa8ff46dc9dff2","","","","PENDING","","","","","","","0",""
"40","Корпус 2.1","Корпус 2.1/POZD_WEB_K2-1_s2_et2,6_5.ai","D:\AI\AITRASH\LIBRARY\02_CATALOG\02_PRESALE_Поздняково\01_ARTIFACTS\МКД2\Корпус 2.1\POZD_WEB_K2-1_s2_et2,6_5.ai","D:\AI\AITRASH\LIBRARY\02_CATALOG\02_PRESALE_Поздняково\01_ARTIFACTS\МКД2\Корпус 2.1\POZD_WEB_K2-1_s2_et2,6_5.png","162497","472db064064a2a9ed6aa7190465dbcf5edbd8c26be3fb13edd53d337e81ac23f","","","","PENDING","","","","","","","0",""
"41","Корпус 2.1","Корпус 2.1/POZD_WEB_K2-1_s2_et2_6.ai","D:\AI\AITRASH\LIBRARY\02_CATALOG\02_PRESALE_Поздняково\01_ARTIFACTS\МКД2\Корпус 2.1\POZD_WEB_K2-1_s2_et2_6.ai","D:\AI\AITRASH\LIBRARY\02_CATALOG\02_PRESALE_Поздняково\01_ARTIFACTS\МКД2\Корпус 2.1\POZD_WEB_K2-1_s2_et2_6.png","223988","ce2a7a4ee5d4d45f58da843c0b149254a44af952caf8b2c2b4e52fd3cd558b13","","","","PENDING","","","","","","","0",""
"42","Корпус 2.1","Корпус 2.1/POZD_WEB_K2-1_s2_et2_7.ai","D:\AI\AITRASH\LIBRARY\02_CATALOG\02_PRESALE_Поздняково\01_ARTIFACTS\МКД2\Корпус 2.1\POZD_WEB_K2-1_s2_et2_7.ai","D:\AI\AITRASH\LIBRARY\02_CATALOG\02_PRESALE_Поздняково\01_ARTIFACTS\МКД2\Корпус 2.1\POZD_WEB_K2-1_s2_et2_7.png","189288","17ca6a3bcf0cf4b6d07bd73d5b78989ef366f0cf179268c6f17cf006ad357eae","","","","PENDING","","","","","","","0",""
"43","Корпус 2.1","Корпус 2.1/POZD_WEB_K2-1_s2_et2_9.ai","D:\AI\AITRASH\LIBRARY\02_CATALOG\02_PRESALE_Поздняково\01_ARTIFACTS\МКД2\Корпус 2.1\POZD_WEB_K2-1_s2_et2_9.ai","D:\AI\AITRASH\LIBRARY\02_CATALOG\02_PRESALE_Поздняково\01_ARTIFACTS\МКД2\Корпус 2.1\POZD_WEB_K2-1_s2_et2_9.png","211761","c84d4188a52ed48c2880248603ce3b4c32259bb975337b2bc548ecf76139584f","","","","PENDING","","","","","","","0",""
"44","Корпус 2.1","Корпус 2.1/POZD_WEB_K2-1_s2_et3,5_1.ai","D:\AI\AITRASH\LIBRARY\02_CATALOG\02_PRESALE_Поздняково\01_ARTIFACTS\МКД2\Корпус 2.1\POZD_WEB_K2-1_s2_et3,5_1.ai","D:\AI\AITRASH\LIBRARY\02_CATALOG\02_PRESALE_Поздняково\01_ARTIFACTS\МКД2\Корпус 2.1\POZD_WEB_K2-1_s2_et3,5_1.png","192443","7fd01dfdb1cd59aed4df780c510eaebe76b41534ef41b9175cfcf70bcc21cef0","","","","PENDING","","","","","","","0",""
"45","Корпус 2.1","Корпус 2.1/POZD_WEB_K2-1_s2_et3,5_2.ai","D:\AI\AITRASH\LIBRARY\02_CATALOG\02_PRESALE_Поздняково\01_ARTIFACTS\МКД2\Корпус 2.1\POZD_WEB_K2-1_s2_et3,5_2.ai","D:\AI\AITRASH\LIBRARY\02_CATALOG\02_PRESALE_Поздняково\01_ARTIFACTS\МКД2\Корпус 2.1\POZD_WEB_K2-1_s2_et3,5_2.png","166389","032967807c37acf7b2a718e180b04fd14ed3b155f67b2fdbd4c035531cd6fbaa","","","","PENDING","","","","","","","0",""
"46","Корпус 2.1","Корпус 2.1/POZD_WEB_K2-1_s2_et3,5_3.ai","D:\AI\AITRASH\LIBRARY\02_CATALOG\02_PRESALE_Поздняково\01_ARTIFACTS\МКД2\Корпус 2.1\POZD_WEB_K2-1_s2_et3,5_3.ai","D:\AI\AITRASH\LIBRARY\02_CATALOG\02_PRESALE_Поздняково\01_ARTIFACTS\МКД2\Корпус 2.1\POZD_WEB_K2-1_s2_et3,5_3.png","169706","f95ac17699da8cb00c90a88054746a582fd7082dc4124b1255312af7bacf8020","","","","PENDING","","","","","","","0",""
"47","Корпус 2.1","Корпус 2.1/POZD_WEB_K2-1_s2_et3,5_4.ai","D:\AI\AITRASH\LIBRARY\02_CATALOG\02_PRESALE_Поздняково\01_ARTIFACTS\МКД2\Корпус 2.1\POZD_WEB_K2-1_s2_et3,5_4.ai","D:\AI\AITRASH\LIBRARY\02_CATALOG\02_PRESALE_Поздняково\01_ARTIFACTS\МКД2\Корпус 2.1\POZD_WEB_K2-1_s2_et3,5_4.png","166816","734bac1a21c774c6bbac77b46d331eeb3e5c7039e792eabc87ea108f62d5edb0","","","","PENDING","","","","","","","0",""
"48","Корпус 2.1","Корпус 2.1/POZD_WEB_K2-1_s2_et3,5_5.ai","D:\AI\AITRASH\LIBRARY\02_CATALOG\02_PRESALE_Поздняково\01_ARTIFACTS\МКД2\Корпус 2.1\POZD_WEB_K2-1_s2_et3,5_5.ai","D:\AI\AITRASH\LIBRARY\02_CATALOG\02_PRESALE_Поздняково\01_ARTIFACTS\МКД2\Корпус 2.1\POZD_WEB_K2-1_s2_et3,5_5.png","162598","a83616b404959c334ad458318d137c5dccae3e8d322e5d6dfc2278e5285db394","","","","PENDING","","","","","","","0",""
"49","Корпус 2.1","Корпус 2.1/POZD_WEB_K2-1_s2_et3,5_6.ai","D:\AI\AITRASH\LIBRARY\02_CATALOG\02_PRESALE_Поздняково\01_ARTIFACTS\МКД2\Корпус 2.1\POZD_WEB_K2-1_s2_et3,5_6.ai","D:\AI\AITRASH\LIBRARY\02_CATALOG\02_PRESALE_Поздняково\01_ARTIFACTS\МКД2\Корпус 2.1\POZD_WEB_K2-1_s2_et3,5_6.png","224458","68d9a1da34defd66ed9600da9628979ca3e444f40564e67f85a285c0844b5a5b","","","","PENDING","","","","","","","0",""
"50","Корпус 2.1","Корпус 2.1/POZD_WEB_K2-1_s2_et3,5_7.ai","D:\AI\AITRASH\LIBRARY\02_CATALOG\02_PRESALE_Поздняково\01_ARTIFACTS\МКД2\Корпус 2.1\POZD_WEB_K2-1_s2_et3,5_7.ai","D:\AI\AITRASH\LIBRARY\02_CATALOG\02_PRESALE_Поздняково\01_ARTIFACTS\МКД2\Корпус 2.1\POZD_WEB_K2-1_s2_et3,5_7.png","189104","880ea522d1f81cf8ab00c7631f952efd9608b0cc94f7955403402f61a554e62f","","","","PENDING","","","","","","","0",""
"51","Корпус 2.1","Корпус 2.1/POZD_WEB_K2-1_s2_et3,5_8.ai","D:\AI\AITRASH\LIBRARY\02_CATALOG\02_PRESALE_Поздняково\01_ARTIFACTS\МКД2\Корпус 2.1\POZD_WEB_K2-1_s2_et3,5_8.ai","D:\AI\AITRASH\LIBRARY\02_CATALOG\02_PRESALE_Поздняково\01_ARTIFACTS\МКД2\Корпус 2.1\POZD_WEB_K2-1_s2_et3,5_8.png","221087","6c427715744c64d00406cc2db07efc07b1313229e9bef03291974cc302bf2a88","","","","PENDING","","","","","","","0",""
"52","Корпус 2.1","Корпус 2.1/POZD_WEB_K2-1_s2_et3,5_9.ai","D:\AI\AITRASH\LIBRARY\02_CATALOG\02_PRESALE_Поздняково\01_ARTIFACTS\МКД2\Корпус 2.1\POZD_WEB_K2-1_s2_et3,5_9.ai","D:\AI\AITRASH\LIBRARY\02_CATALOG\02_PRESALE_Поздняково\01_ARTIFACTS\МКД2\Корпус 2.1\POZD_WEB_K2-1_s2_et3,5_9.png","210507","c41b92dfbbbecd327b0be8992e6f801c03b356478c5359af3e0792c7d0c349a5","","","","PENDING","","","","","","","0",""
"53","Корпус 2.1","Корпус 2.1/POZD_WEB_K2-1_s2_et4_2.ai","D:\AI\AITRASH\LIBRARY\02_CATALOG\02_PRESALE_Поздняково\01_ARTIFACTS\МКД2\Корпус 2.1\POZD_WEB_K2-1_s2_et4_2.ai","D:\AI\AITRASH\LIBRARY\02_CATALOG\02_PRESALE_Поздняково\01_ARTIFACTS\МКД2\Корпус 2.1\POZD_WEB_K2-1_s2_et4_2.png","173113","076368ec992a3b2b26902cf55a6924ad42efdbbef17bd3ce4a01f34b6e47e6f2","","","","PENDING","","","","","","","0",""
"54","Корпус 2.1","Корпус 2.1/POZD_WEB_K2-1_s2_et4_3.ai","D:\AI\AITRASH\LIBRARY\02_CATALOG\02_PRESALE_Поздняково\01_ARTIFACTS\МКД2\Корпус 2.1\POZD_WEB_K2-1_s2_et4_3.ai","D:\AI\AITRASH\LIBRARY\02_CATALOG\02_PRESALE_Поздняково\01_ARTIFACTS\МКД2\Корпус 2.1\POZD_WEB_K2-1_s2_et4_3.png","171589","b619b2bcd0056685aac7512581ad604a5d77612b436212b9c7d5b3def156f9dc","","","","PENDING","","","","","","","0",""
"55","Корпус 2.1","Корпус 2.1/POZD_WEB_K2-1_s2_et4_5.ai","D:\AI\AITRASH\LIBRARY\02_CATALOG\02_PRESALE_Поздняково\01_ARTIFACTS\МКД2\Корпус 2.1\POZD_WEB_K2-1_s2_et4_5.ai","D:\AI\AITRASH\LIBRARY\02_CATALOG\02_PRESALE_Поздняково\01_ARTIFACTS\МКД2\Корпус 2.1\POZD_WEB_K2-1_s2_et4_5.png","167479","023f15a85b534d3ed40eb6b1f22d3003015a6d9b8b288d673380cc5a1ba05011","","","","PENDING","","","","","","","0",""
"56","Корпус 2.1","Корпус 2.1/POZD_WEB_K2-1_s2_et4_6.ai","D:\AI\AITRASH\LIBRARY\02_CATALOG\02_PRESALE_Поздняково\01_ARTIFACTS\МКД2\Корпус 2.1\POZD_WEB_K2-1_s2_et4_6.ai","D:\AI\AITRASH\LIBRARY\02_CATALOG\02_PRESALE_Поздняково\01_ARTIFACTS\МКД2\Корпус 2.1\POZD_WEB_K2-1_s2_et4_6.png","228369","e24fe4e5580137d75df86d025f301a79ab73ab646a720e9808da2abd15864e79","","","","PENDING","","","","","","","0",""
"57","Корпус 2.1","Корпус 2.1/POZD_WEB_K2-1_s2_et4_7.ai","D:\AI\AITRASH\LIBRARY\02_CATALOG\02_PRESALE_Поздняково\01_ARTIFACTS\МКД2\Корпус 2.1\POZD_WEB_K2-1_s2_et4_7.ai","D:\AI\AITRASH\LIBRARY\02_CATALOG\02_PRESALE_Поздняково\01_ARTIFACTS\МКД2\Корпус 2.1\POZD_WEB_K2-1_s2_et4_7.png","194371","a0f0f5b627ca95267dd425ca12686a1897181325dab35de10fe2f2ffbdbf36f3","","","","PENDING","","","","","","","0",""
"58","Корпус 2.1","Корпус 2.1/POZD_WEB_K2-1_s2_et4_9.ai","D:\AI\AITRASH\LIBRARY\02_CATALOG\02_PRESALE_Поздняково\01_ARTIFACTS\МКД2\Корпус 2.1\POZD_WEB_K2-1_s2_et4_9.ai","D:\AI\AITRASH\LIBRARY\02_CATALOG\02_PRESALE_Поздняково\01_ARTIFACTS\МКД2\Корпус 2.1\POZD_WEB_K2-1_s2_et4_9.png","214275","d2b550aabf022cfa877a02e6afc49f7a955431f5b1d93cf4fd5ade007a21525f","","","","PENDING","","","","","","","0",""
"59","Корпус 2.1","Корпус 2.1/POZD_WEB_K2-1_s2_et6_1.ai","D:\AI\AITRASH\LIBRARY\02_CATALOG\02_PRESALE_Поздняково\01_ARTIFACTS\МКД2\Корпус 2.1\POZD_WEB_K2-1_s2_et6_1.ai","D:\AI\AITRASH\LIBRARY\02_CATALOG\02_PRESALE_Поздняково\01_ARTIFACTS\МКД2\Корпус 2.1\POZD_WEB_K2-1_s2_et6_1.png","196427","2fc7b79fae2c0f1e692ff0427db4d5cb50eb7a0cd9672f37b3b6115053c06abd","","","","PENDING","","","","","","","0",""
"60","Корпус 2.1","Корпус 2.1/POZD_WEB_K2-1_s2_et6_4.ai","D:\AI\AITRASH\LIBRARY\02_CATALOG\02_PRESALE_Поздняково\01_ARTIFACTS\МКД2\Корпус 2.1\POZD_WEB_K2-1_s2_et6_4.ai","D:\AI\AITRASH\LIBRARY\02_CATALOG\02_PRESALE_Поздняково\01_ARTIFACTS\МКД2\Корпус 2.1\POZD_WEB_K2-1_s2_et6_4.png","171053","9a575ef2946edef652c61240d60368bae5458172f39144971fb05500e922af15","","","","PENDING","","","","","","","0",""
"61","Корпус 2.1","Корпус 2.1/POZD_WEB_K2-1_s2_et6_6.ai","D:\AI\AITRASH\LIBRARY\02_CATALOG\02_PRESALE_Поздняково\01_ARTIFACTS\МКД2\Корпус 2.1\POZD_WEB_K2-1_s2_et6_6.ai","D:\AI\AITRASH\LIBRARY\02_CATALOG\02_PRESALE_Поздняково\01_ARTIFACTS\МКД2\Корпус 2.1\POZD_WEB_K2-1_s2_et6_6.png","230054","f96df7a4ea2a9d6a1ef4859f002f7532aef80631c80daf2bc82d6fc0f51d42ed","","","","PENDING","","","","","","","0",""
"62","Корпус 2.1","Корпус 2.1/POZD_WEB_K2-1_s2_et6_7.ai","D:\AI\AITRASH\LIBRARY\02_CATALOG\02_PRESALE_Поздняково\01_ARTIFACTS\МКД2\Корпус 2.1\POZD_WEB_K2-1_s2_et6_7.ai","D:\AI\AITRASH\LIBRARY\02_CATALOG\02_PRESALE_Поздняково\01_ARTIFACTS\МКД2\Корпус 2.1\POZD_WEB_K2-1_s2_et6_7.png","194858","456c7e7342d8e2faa7e4323cd5012c8bfae97194a1d9deda3a298e0d4080e928","","","","PENDING","","","","","","","0",""
"63","Корпус 2.1","Корпус 2.1/POZD_WEB_K2-1_s2_et6_8.ai","D:\AI\AITRASH\LIBRARY\02_CATALOG\02_PRESALE_Поздняково\01_ARTIFACTS\МКД2\Корпус 2.1\POZD_WEB_K2-1_s2_et6_8.ai","D:\AI\AITRASH\LIBRARY\02_CATALOG\02_PRESALE_Поздняково\01_ARTIFACTS\МКД2\Корпус 2.1\POZD_WEB_K2-1_s2_et6_8.png","224072","cf0e55c4ff8323f3dc0329e89595eccc04f02746f240cfac7189f34654893a82","","","","PENDING","","","","","","","0",""
"64","Корпус 2.1","Корпус 2.1/POZD_WEB_K2-1_s2_et6_9.ai","D:\AI\AITRASH\LIBRARY\02_CATALOG\02_PRESALE_Поздняково\01_ARTIFACTS\МКД2\Корпус 2.1\POZD_WEB_K2-1_s2_et6_9.ai","D:\AI\AITRASH\LIBRARY\02_CATALOG\02_PRESALE_Поздняково\01_ARTIFACTS\МКД2\Корпус 2.1\POZD_WEB_K2-1_s2_et6_9.png","212314","b9afda33c25557a930de1a9e1eb9fd140b6ba445d383c28c9a6ace7613cfc93c","","","","PENDING","","","","","","","0",""
"65","Корпус 2.1","Корпус 2.1/POZD_WEB_K2-1_s3_et1,3,5_5.ai","D:\AI\AITRASH\LIBRARY\02_CATALOG\02_PRESALE_Поздняково\01_ARTIFACTS\МКД2\Корпус 2.1\POZD_WEB_K2-1_s3_et1,3,5_5.ai","D:\AI\AITRASH\LIBRARY\02_CATALOG\02_PRESALE_Поздняково\01_ARTIFACTS\МКД2\Корпус 2.1\POZD_WEB_K2-1_s3_et1,3,5_5.png","208907","285b41524e9bd9bbc7fb68826a6f31920e757b92cbf48387b2fea7a2a7136004","","","","PENDING","","","","","","","0",""
"66","Корпус 2.1","Корпус 2.1/POZD_WEB_K2-1_s3_et1_2.ai","D:\AI\AITRASH\LIBRARY\02_CATALOG\02_PRESALE_Поздняково\01_ARTIFACTS\МКД2\Корпус 2.1\POZD_WEB_K2-1_s3_et1_2.ai","D:\AI\AITRASH\LIBRARY\02_CATALOG\02_PRESALE_Поздняково\01_ARTIFACTS\МКД2\Корпус 2.1\POZD_WEB_K2-1_s3_et1_2.png","348174","6709bcf0dbf5d53b73b1506a31e7151e2faeee57ce95c6e28618d1c98e484dc5","","","","PENDING","","","","","","","0",""
"67","Корпус 2.1","Корпус 2.1/POZD_WEB_K2-1_s3_et1_3.ai","D:\AI\AITRASH\LIBRARY\02_CATALOG\02_PRESALE_Поздняково\01_ARTIFACTS\МКД2\Корпус 2.1\POZD_WEB_K2-1_s3_et1_3.ai","D:\AI\AITRASH\LIBRARY\02_CATALOG\02_PRESALE_Поздняково\01_ARTIFACTS\МКД2\Корпус 2.1\POZD_WEB_K2-1_s3_et1_3.png","308480","bdaa10496fca6cdc77193eab3c7cec8977c886f9621b14b44c3a8dacd85f8645","","","","PENDING","","","","","","","0",""
"68","Корпус 2.1","Корпус 2.1/POZD_WEB_K2-1_s3_et1_4.ai","D:\AI\AITRASH\LIBRARY\02_CATALOG\02_PRESALE_Поздняково\01_ARTIFACTS\МКД2\Корпус 2.1\POZD_WEB_K2-1_s3_et1_4.ai","D:\AI\AITRASH\LIBRARY\02_CATALOG\02_PRESALE_Поздняково\01_ARTIFACTS\МКД2\Корпус 2.1\POZD_WEB_K2-1_s3_et1_4.png","322697","a90eb3ed76972163e1c03df537c0c8c54e342791e7d286944b66ff94cd877348","a90eb3ed76972163e1c03df537c0c8c54e342791e7d286944b66ff94cd877348","","","OK","110","D:\AI\AITRASH\workspaces\project - Изменение масштаба для планировок квартир\09_outputs\_full_wip\20260727_full_mkd2\Корпус 2.1\х110_POZD_WEB_K2-1_s3_et1_4.ai","D:\AI\AITRASH\workspaces\project - Изменение масштаба для планировок квартир\09_outputs\_full_wip\20260727_full_mkd2\Корпус 2.1\х110_POZD_WEB_K2-1_s3_et1_4.png","7e650988032965a42f95a88247d975683f651d52e7b7de68ce55c1890a08d169","092f5f4de2f60fe67379ba5120917d06195b0293e9898057d33cb92a5b760db8","D:\AI\AITRASH\workspaces\project - Изменение масштаба для планировок квартир\09_outputs\_diagnostics\full_20260727_full_mkd2\details\068_POZD_WEB_K2-1_s3_et1_4_attempt1.json","1",""
"69","Корпус 2.1","Корпус 2.1/POZD_WEB_K2-1_s3_et2,4_1.ai","D:\AI\AITRASH\LIBRARY\02_CATALOG\02_PRESALE_Поздняково\01_ARTIFACTS\МКД2\Корпус 2.1\POZD_WEB_K2-1_s3_et2,4_1.ai","D:\AI\AITRASH\LIBRARY\02_CATALOG\02_PRESALE_Поздняково\01_ARTIFACTS\МКД2\Корпус 2.1\POZD_WEB_K2-1_s3_et2,4_1.png","229318","454269c1c86cbb5d8ff1fa4892e779425edf5e774e83473f7c60c74b36dcfa0f","","","","PENDING","","","","","","","0",""
"70","Корпус 2.1","Корпус 2.1/POZD_WEB_K2-1_s3_et2,4_5.ai","D:\AI\AITRASH\LIBRARY\02_CATALOG\02_PRESALE_Поздняково\01_ARTIFACTS\МКД2\Корпус 2.1\POZD_WEB_K2-1_s3_et2,4_5.ai","D:\AI\AITRASH\LIBRARY\02_CATALOG\02_PRESALE_Поздняково\01_ARTIFACTS\МКД2\Корпус 2.1\POZD_WEB_K2-1_s3_et2,4_5.png","166463","2bcb188c23ac8061035f64f6a05bb93e0fc265748d7aee4eb7aa8ecf12528b65","","","","PENDING","","","","","","","0",""
"71","Корпус 2.1","Корпус 2.1/POZD_WEB_K2-1_s3_et2,6_3.ai","D:\AI\AITRASH\LIBRARY\02_CATALOG\02_PRESALE_Поздняково\01_ARTIFACTS\МКД2\Корпус 2.1\POZD_WEB_K2-1_s3_et2,6_3.ai","D:\AI\AITRASH\LIBRARY\02_CATALOG\02_PRESALE_Поздняково\01_ARTIFACTS\МКД2\Корпус 2.1\POZD_WEB_K2-1_s3_et2,6_3.png","199777","e02e77f611bcb992da299129178acbe514e9a63663db58656ed09d6f375b0d57","","","","PENDING","","","","","","","0",""
"72","Корпус 2.1","Корпус 2.1/POZD_WEB_K2-1_s3_et2_2.ai","D:\AI\AITRASH\LIBRARY\02_CATALOG\02_PRESALE_Поздняково\01_ARTIFACTS\МКД2\Корпус 2.1\POZD_WEB_K2-1_s3_et2_2.ai","D:\AI\AITRASH\LIBRARY\02_CATALOG\02_PRESALE_Поздняково\01_ARTIFACTS\МКД2\Корпус 2.1\POZD_WEB_K2-1_s3_et2_2.png","209305","5bf3ece0fea6cbab44225a8cd9264881ce91c67e9eff78d4d2ad07dda7a64995","","","","PENDING","","","","","","","0",""
"73","Корпус 2.1","Корпус 2.1/POZD_WEB_K2-1_s3_et2_4.ai","D:\AI\AITRASH\LIBRARY\02_CATALOG\02_PRESALE_Поздняково\01_ARTIFACTS\МКД2\Корпус 2.1\POZD_WEB_K2-1_s3_et2_4.ai","D:\AI\AITRASH\LIBRARY\02_CATALOG\02_PRESALE_Поздняково\01_ARTIFACTS\МКД2\Корпус 2.1\POZD_WEB_K2-1_s3_et2_4.png","237227","89c5192e3123c1df1720b577c40e59eaca791106ab2f2b9df60a2604ae7b5412","","","","PENDING","","","","","","","0",""
"74","Корпус 2.1","Корпус 2.1/POZD_WEB_K2-1_s3_et3,5_1.ai","D:\AI\AITRASH\LIBRARY\02_CATALOG\02_PRESALE_Поздняково\01_ARTIFACTS\МКД2\Корпус 2.1\POZD_WEB_K2-1_s3_et3,5_1.ai","D:\AI\AITRASH\LIBRARY\02_CATALOG\02_PRESALE_Поздняково\01_ARTIFACTS\МКД2\Корпус 2.1\POZD_WEB_K2-1_s3_et3,5_1.png","230206","203fa35e03621c36357805abbd521896083d77cb6db7c1c13232b99bd8b643c0","","","","PENDING","","","","","","","0",""
"75","Корпус 2.1","Корпус 2.1/POZD_WEB_K2-1_s3_et3,5_2.ai","D:\AI\AITRASH\LIBRARY\02_CATALOG\02_PRESALE_Поздняково\01_ARTIFACTS\МКД2\Корпус 2.1\POZD_WEB_K2-1_s3_et3,5_2.ai","D:\AI\AITRASH\LIBRARY\02_CATALOG\02_PRESALE_Поздняково\01_ARTIFACTS\МКД2\Корпус 2.1\POZD_WEB_K2-1_s3_et3,5_2.png","208791","e5853fe7eb37b864880ba1e4d2e1b20f919c5cfa76a87459bf76a155bf1db65a","","","","PENDING","","","","","","","0",""
"76","Корпус 2.1","Корпус 2.1/POZD_WEB_K2-1_s3_et3,5_3.ai","D:\AI\AITRASH\LIBRARY\02_CATALOG\02_PRESALE_Поздняково\01_ARTIFACTS\МКД2\Корпус 2.1\POZD_WEB_K2-1_s3_et3,5_3.ai","D:\AI\AITRASH\LIBRARY\02_CATALOG\02_PRESALE_Поздняково\01_ARTIFACTS\МКД2\Корпус 2.1\POZD_WEB_K2-1_s3_et3,5_3.png","199773","ae0d5758d6a772ae98998db896601405d68f6f77c48838e1e02f9065adfdfcde","","","","PENDING","","","","","","","0",""
"77","Корпус 2.1","Корпус 2.1/POZD_WEB_K2-1_s3_et3,5_4.ai","D:\AI\AITRASH\LIBRARY\02_CATALOG\02_PRESALE_Поздняково\01_ARTIFACTS\МКД2\Корпус 2.1\POZD_WEB_K2-1_s3_et3,5_4.ai","D:\AI\AITRASH\LIBRARY\02_CATALOG\02_PRESALE_Поздняково\01_ARTIFACTS\МКД2\Корпус 2.1\POZD_WEB_K2-1_s3_et3,5_4.png","236943","8f9517703e1ad9c1378b504196a15d4679da154aa21020220db3796e3928014c","","","","PENDING","","","","","","","0",""
"78","Корпус 2.1","Корпус 2.1/POZD_WEB_K2-1_s3_et4_2.ai","D:\AI\AITRASH\LIBRARY\02_CATALOG\02_PRESALE_Поздняково\01_ARTIFACTS\МКД2\Корпус 2.1\POZD_WEB_K2-1_s3_et4_2.ai","D:\AI\AITRASH\LIBRARY\02_CATALOG\02_PRESALE_Поздняково\01_ARTIFACTS\МКД2\Корпус 2.1\POZD_WEB_K2-1_s3_et4_2.png","211934","00430979e0af3ace04e3f88b6f32b6aef659932dff9cd86c5e940fbc2f8c4e64","","","","PENDING","","","","","","","0",""
"79","Корпус 2.1","Корпус 2.1/POZD_WEB_K2-1_s3_et4_3.ai","D:\AI\AITRASH\LIBRARY\02_CATALOG\02_PRESALE_Поздняково\01_ARTIFACTS\МКД2\Корпус 2.1\POZD_WEB_K2-1_s3_et4_3.ai","D:\AI\AITRASH\LIBRARY\02_CATALOG\02_PRESALE_Поздняково\01_ARTIFACTS\МКД2\Корпус 2.1\POZD_WEB_K2-1_s3_et4_3.png","205322","48ac3a973784655d0508771dba624646a7e157a371b9d6a76dc3dfddb991762c","","","","PENDING","","","","","","","0",""
"80","Корпус 2.1","Корпус 2.1/POZD_WEB_K2-1_s3_et4_4.ai","D:\AI\AITRASH\LIBRARY\02_CATALOG\02_PRESALE_Поздняково\01_ARTIFACTS\МКД2\Корпус 2.1\POZD_WEB_K2-1_s3_et4_4.ai","D:\AI\AITRASH\LIBRARY\02_CATALOG\02_PRESALE_Поздняково\01_ARTIFACTS\МКД2\Корпус 2.1\POZD_WEB_K2-1_s3_et4_4.png","235287","2064ef5be9b6d58819a8412c1c74b2e8c9ec941ae2b9c4d7a3c43d635b371227","","","","PENDING","","","","","","","0",""
"81","Корпус 2.1","Корпус 2.1/POZD_WEB_K2-1_s3_et6_1.ai","D:\AI\AITRASH\LIBRARY\02_CATALOG\02_PRESALE_Поздняково\01_ARTIFACTS\МКД2\Корпус 2.1\POZD_WEB_K2-1_s3_et6_1.ai","D:\AI\AITRASH\LIBRARY\02_CATALOG\02_PRESALE_Поздняково\01_ARTIFACTS\МКД2\Корпус 2.1\POZD_WEB_K2-1_s3_et6_1.png","235419","a16d041c68efa13f9a7dd56f18cee39e4e747d507f39247a4b030d9120ccb328","","","","PENDING","","","","","","","0",""
"82","Корпус 2.1","Корпус 2.1/POZD_WEB_K2-1_s3_et6_2.ai","D:\AI\AITRASH\LIBRARY\02_CATALOG\02_PRESALE_Поздняково\01_ARTIFACTS\МКД2\Корпус 2.1\POZD_WEB_K2-1_s3_et6_2.ai","D:\AI\AITRASH\LIBRARY\02_CATALOG\02_PRESALE_Поздняково\01_ARTIFACTS\МКД2\Корпус 2.1\POZD_WEB_K2-1_s3_et6_2.png","206641","3213b8be1ecfae10ce109ac0880fdef3e08b2891f20a587ef507230c7491b0aa","","","","PENDING","","","","","","","0",""
"83","Корпус 2.1","Корпус 2.1/POZD_WEB_K2-1_s3_et6_4.ai","D:\AI\AITRASH\LIBRARY\02_CATALOG\02_PRESALE_Поздняково\01_ARTIFACTS\МКД2\Корпус 2.1\POZD_WEB_K2-1_s3_et6_4.ai","D:\AI\AITRASH\LIBRARY\02_CATALOG\02_PRESALE_Поздняково\01_ARTIFACTS\МКД2\Корпус 2.1\POZD_WEB_K2-1_s3_et6_4.png","235908","228114d25696a7ea8a376b4f0f2703611a41798ca76d6086a9f8134f53d7e5a8","","","","PENDING","","","","","","","0",""
"84","Корпус 2.1","Корпус 2.1/POZD_WEB_K2-1_s3_et6_5.ai","D:\AI\AITRASH\LIBRARY\02_CATALOG\02_PRESALE_Поздняково\01_ARTIFACTS\МКД2\Корпус 2.1\POZD_WEB_K2-1_s3_et6_5.ai","D:\AI\AITRASH\LIBRARY\02_CATALOG\02_PRESALE_Поздняково\01_ARTIFACTS\МКД2\Корпус 2.1\POZD_WEB_K2-1_s3_et6_5.png","171652","19d1440ed051d9010417f047b32ed4b2fe7f2706f71e831a5833b420934c1c0b","","","","PENDING","","","","","","","0",""
"85","Корпус 2.1","Корпус 2.1/POZD_WEB_K2-1_s4_et1_1.ai","D:\AI\AITRASH\LIBRARY\02_CATALOG\02_PRESALE_Поздняково\01_ARTIFACTS\МКД2\Корпус 2.1\POZD_WEB_K2-1_s4_et1_1.ai","D:\AI\AITRASH\LIBRARY\02_CATALOG\02_PRESALE_Поздняково\01_ARTIFACTS\МКД2\Корпус 2.1\POZD_WEB_K2-1_s4_et1_1.png","188544","149d7c71c19dbef315eded24fb01dff96a1dba5627b989c9c0c14a78908fbdf7","","","","PENDING","","","","","","","0",""
"86","Корпус 2.1","Корпус 2.1/POZD_WEB_K2-1_s4_et1_2.ai","D:\AI\AITRASH\LIBRARY\02_CATALOG\02_PRESALE_Поздняково\01_ARTIFACTS\МКД2\Корпус 2.1\POZD_WEB_K2-1_s4_et1_2.ai","D:\AI\AITRASH\LIBRARY\02_CATALOG\02_PRESALE_Поздняково\01_ARTIFACTS\МКД2\Корпус 2.1\POZD_WEB_K2-1_s4_et1_2.png","169741","aec24211747eab2bebb5d433435553cb0967d27f42cef342c4b1a894a5ea958a","","","","PENDING","","","","","","","0",""
"87","Корпус 2.1","Корпус 2.1/POZD_WEB_K2-1_s4_et1_3.ai","D:\AI\AITRASH\LIBRARY\02_CATALOG\02_PRESALE_Поздняково\01_ARTIFACTS\МКД2\Корпус 2.1\POZD_WEB_K2-1_s4_et1_3.ai","D:\AI\AITRASH\LIBRARY\02_CATALOG\02_PRESALE_Поздняково\01_ARTIFACTS\МКД2\Корпус 2.1\POZD_WEB_K2-1_s4_et1_3.png","147055","d195b43c57ec906aa7b6f0858d83e9b541855a05b6acfc7b11196d07f53ff44c","","","","PENDING","","","","","","","0",""
"88","Корпус 2.1","Корпус 2.1/POZD_WEB_K2-1_s4_et1_4.ai","D:\AI\AITRASH\LIBRARY\02_CATALOG\02_PRESALE_Поздняково\01_ARTIFACTS\МКД2\Корпус 2.1\POZD_WEB_K2-1_s4_et1_4.ai","D:\AI\AITRASH\LIBRARY\02_CATALOG\02_PRESALE_Поздняково\01_ARTIFACTS\МКД2\Корпус 2.1\POZD_WEB_K2-1_s4_et1_4.png","305066","54e55df6664d080ca2ae26702b6750c01867087dd6bc2c0f1c6cc6a4545a35d4","","","","PENDING","","","","","","","0",""
"89","Корпус 2.1","Корпус 2.1/POZD_WEB_K2-1_s4_et1_5.ai","D:\AI\AITRASH\LIBRARY\02_CATALOG\02_PRESALE_Поздняково\01_ARTIFACTS\МКД2\Корпус 2.1\POZD_WEB_K2-1_s4_et1_5.ai","D:\AI\AITRASH\LIBRARY\02_CATALOG\02_PRESALE_Поздняково\01_ARTIFACTS\МКД2\Корпус 2.1\POZD_WEB_K2-1_s4_et1_5.png","279355","e09cb8f7fc4e26e51a028b04dae1170436f80eb74014a9d8e0726cf38ba4d2d7","","","","PENDING","","","","","","","0",""
"90","Корпус 2.1","Корпус 2.1/POZD_WEB_K2-1_s4_et2,4_2.ai","D:\AI\AITRASH\LIBRARY\02_CATALOG\02_PRESALE_Поздняково\01_ARTIFACTS\МКД2\Корпус 2.1\POZD_WEB_K2-1_s4_et2,4_2.ai","D:\AI\AITRASH\LIBRARY\02_CATALOG\02_PRESALE_Поздняково\01_ARTIFACTS\МКД2\Корпус 2.1\POZD_WEB_K2-1_s4_et2,4_2.png","162281","f4121de7db6ae60b166923be529c3bf20fbe614cf48c38d998f59d6337ffb9fe","","","","PENDING","","","","","","","0",""
"91","Корпус 2.1","Корпус 2.1/POZD_WEB_K2-1_s4_et2,6_4.ai","D:\AI\AITRASH\LIBRARY\02_CATALOG\02_PRESALE_Поздняково\01_ARTIFACTS\МКД2\Корпус 2.1\POZD_WEB_K2-1_s4_et2,6_4.ai","D:\AI\AITRASH\LIBRARY\02_CATALOG\02_PRESALE_Поздняково\01_ARTIFACTS\МКД2\Корпус 2.1\POZD_WEB_K2-1_s4_et2,6_4.png","198895","19a10cdf0842b8cf34f303ef70f5605e1d7d47ded8c6e1cda1d11136004c3dc6","","","","PENDING","","","","","","","0",""
"92","Корпус 2.1","Корпус 2.1/POZD_WEB_K2-1_s4_et2_1.ai","D:\AI\AITRASH\LIBRARY\02_CATALOG\02_PRESALE_Поздняково\01_ARTIFACTS\МКД2\Корпус 2.1\POZD_WEB_K2-1_s4_et2_1.ai","D:\AI\AITRASH\LIBRARY\02_CATALOG\02_PRESALE_Поздняково\01_ARTIFACTS\МКД2\Корпус 2.1\POZD_WEB_K2-1_s4_et2_1.png","250270","4e775fa759445afcc4c1f8509653c300911a9159702acaed6efe71d4f45e1b45","","","","PENDING","","","","","","","0",""
"93","Корпус 2.1","Корпус 2.1/POZD_WEB_K2-1_s4_et2_3.ai","D:\AI\AITRASH\LIBRARY\02_CATALOG\02_PRESALE_Поздняково\01_ARTIFACTS\МКД2\Корпус 2.1\POZD_WEB_K2-1_s4_et2_3.ai","D:\AI\AITRASH\LIBRARY\02_CATALOG\02_PRESALE_Поздняково\01_ARTIFACTS\МКД2\Корпус 2.1\POZD_WEB_K2-1_s4_et2_3.png","233667","0952a0ff148df4e4657d5459f89a0dcb6cdedd715d8dd3803b438182846e0aba","","","","PENDING","","","","","","","0",""
"94","Корпус 2.1","Корпус 2.1/POZD_WEB_K2-1_s4_et2_5.ai","D:\AI\AITRASH\LIBRARY\02_CATALOG\02_PRESALE_Поздняково\01_ARTIFACTS\МКД2\Корпус 2.1\POZD_WEB_K2-1_s4_et2_5.ai","D:\AI\AITRASH\LIBRARY\02_CATALOG\02_PRESALE_Поздняково\01_ARTIFACTS\МКД2\Корпус 2.1\POZD_WEB_K2-1_s4_et2_5.png","212351","6319b5d996413352bd64fc34b5c0121c0cda34eddd9e741b36cd04f4d928efd4","","","","PENDING","","","","","","","0",""
"95","Корпус 2.1","Корпус 2.1/POZD_WEB_K2-1_s4_et2_6.ai","D:\AI\AITRASH\LIBRARY\02_CATALOG\02_PRESALE_Поздняково\01_ARTIFACTS\МКД2\Корпус 2.1\POZD_WEB_K2-1_s4_et2_6.ai","D:\AI\AITRASH\LIBRARY\02_CATALOG\02_PRESALE_Поздняково\01_ARTIFACTS\МКД2\Корпус 2.1\POZD_WEB_K2-1_s4_et2_6.png","210084","4b727bff40a5856c24cdc863ccac0cdf47cc19ddddee7a406d9a06f6004948dc","","","","PENDING","","","","","","","0",""
"96","Корпус 2.1","Корпус 2.1/POZD_WEB_K2-1_s4_et2_7.ai","D:\AI\AITRASH\LIBRARY\02_CATALOG\02_PRESALE_Поздняково\01_ARTIFACTS\МКД2\Корпус 2.1\POZD_WEB_K2-1_s4_et2_7.ai","D:\AI\AITRASH\LIBRARY\02_CATALOG\02_PRESALE_Поздняково\01_ARTIFACTS\МКД2\Корпус 2.1\POZD_WEB_K2-1_s4_et2_7.png","156020","75ed3620cb108fc2c95cb6cb61c3a4073097ef927064c3a9b174622945701ce8","","","","PENDING","","","","","","","0",""
"97","Корпус 2.1","Корпус 2.1/POZD_WEB_K2-1_s4_et3,5_1.ai","D:\AI\AITRASH\LIBRARY\02_CATALOG\02_PRESALE_Поздняково\01_ARTIFACTS\МКД2\Корпус 2.1\POZD_WEB_K2-1_s4_et3,5_1.ai","D:\AI\AITRASH\LIBRARY\02_CATALOG\02_PRESALE_Поздняково\01_ARTIFACTS\МКД2\Корпус 2.1\POZD_WEB_K2-1_s4_et3,5_1.png","250561","ecea26dacaa3fd32703f100e62c105766894b5ebc6542ce9c76e55d66d6d9e91","","","","PENDING","","","","","","","0",""
"98","Корпус 2.1","Корпус 2.1/POZD_WEB_K2-1_s4_et3,5_2.ai","D:\AI\AITRASH\LIBRARY\02_CATALOG\02_PRESALE_Поздняково\01_ARTIFACTS\МКД2\Корпус 2.1\POZD_WEB_K2-1_s4_et3,5_2.ai","D:\AI\AITRASH\LIBRARY\02_CATALOG\02_PRESALE_Поздняково\01_ARTIFACTS\МКД2\Корпус 2.1\POZD_WEB_K2-1_s4_et3,5_2.png","161858","e08da1ee039ba81c36ffcae4ba4e82cf3c586548c6a5a24aceafadbd32330a75","","","","PENDING","","","","","","","0",""
"99","Корпус 2.1","Корпус 2.1/POZD_WEB_K2-1_s4_et3,5_3.ai","D:\AI\AITRASH\LIBRARY\02_CATALOG\02_PRESALE_Поздняково\01_ARTIFACTS\МКД2\Корпус 2.1\POZD_WEB_K2-1_s4_et3,5_3.ai","D:\AI\AITRASH\LIBRARY\02_CATALOG\02_PRESALE_Поздняково\01_ARTIFACTS\МКД2\Корпус 2.1\POZD_WEB_K2-1_s4_et3,5_3.png","234308","5b6f1ecfa24e42e8259bb5f767ff028befeaa0e0eaac5ad982929e4b77e15e9a","","","","PENDING","","","","","","","0",""
"100","Корпус 2.1","Корпус 2.1/POZD_WEB_K2-1_s4_et3,5_4.ai","D:\AI\AITRASH\LIBRARY\02_CATALOG\02_PRESALE_Поздняково\01_ARTIFACTS\МКД2\Корпус 2.1\POZD_WEB_K2-1_s4_et3,5_4.ai","D:\AI\AITRASH\LIBRARY\02_CATALOG\02_PRESALE_Поздняково\01_ARTIFACTS\МКД2\Корпус 2.1\POZD_WEB_K2-1_s4_et3,5_4.png","198951","d5ebd4f3671f1d80c06f84fda12d6f87c3a3af2b4287ba7129e5331aa17ac47e","","","","PENDING","","","","","","","0",""
"101","Корпус 2.1","Корпус 2.1/POZD_WEB_K2-1_s4_et3,5_5.ai","D:\AI\AITRASH\LIBRARY\02_CATALOG\02_PRESALE_Поздняково\01_ARTIFACTS\МКД2\Корпус 2.1\POZD_WEB_K2-1_s4_et3,5_5.ai","D:\AI\AITRASH\LIBRARY\02_CATALOG\02_PRESALE_Поздняково\01_ARTIFACTS\МКД2\Корпус 2.1\POZD_WEB_K2-1_s4_et3,5_5.png","212629","f2dc23f2a7e5a2103393c948bc21b48a407bfe36a349d1c32b9152b9f2723aba","","","","PENDING","","","","","","","0",""
"102","Корпус 2.1","Корпус 2.1/POZD_WEB_K2-1_s4_et3,5_6.ai","D:\AI\AITRASH\LIBRARY\02_CATALOG\02_PRESALE_Поздняково\01_ARTIFACTS\МКД2\Корпус 2.1\POZD_WEB_K2-1_s4_et3,5_6.ai","D:\AI\AITRASH\LIBRARY\02_CATALOG\02_PRESALE_Поздняково\01_ARTIFACTS\МКД2\Корпус 2.1\POZD_WEB_K2-1_s4_et3,5_6.png","210204","57a38e7817f170eb8388849ff6bfe131b131e1616e42415877eea8197b1706e2","","","","PENDING","","","","","","","0",""
"103","Корпус 2.1","Корпус 2.1/POZD_WEB_K2-1_s4_et3,5_7.ai","D:\AI\AITRASH\LIBRARY\02_CATALOG\02_PRESALE_Поздняково\01_ARTIFACTS\МКД2\Корпус 2.1\POZD_WEB_K2-1_s4_et3,5_7.ai","D:\AI\AITRASH\LIBRARY\02_CATALOG\02_PRESALE_Поздняково\01_ARTIFACTS\МКД2\Корпус 2.1\POZD_WEB_K2-1_s4_et3,5_7.png","155442","cf9811c26b665ac17a76532e3b04ebde34e9d8a0febb601b87f4014430e8e026","","","","PENDING","","","","","","","0",""
"104","Корпус 2.1","Корпус 2.1/POZD_WEB_K2-1_s4_et4_1.ai","D:\AI\AITRASH\LIBRARY\02_CATALOG\02_PRESALE_Поздняково\01_ARTIFACTS\МКД2\Корпус 2.1\POZD_WEB_K2-1_s4_et4_1.ai","D:\AI\AITRASH\LIBRARY\02_CATALOG\02_PRESALE_Поздняково\01_ARTIFACTS\МКД2\Корпус 2.1\POZD_WEB_K2-1_s4_et4_1.png","257003","cfa337b82550b80d4f6cd074d37e407f1822437a0bcfcd68d5ac9900275cf321","","","","PENDING","","","","","","","0",""
"105","Корпус 2.1","Корпус 2.1/POZD_WEB_K2-1_s4_et4_3.ai","D:\AI\AITRASH\LIBRARY\02_CATALOG\02_PRESALE_Поздняково\01_ARTIFACTS\МКД2\Корпус 2.1\POZD_WEB_K2-1_s4_et4_3.ai","D:\AI\AITRASH\LIBRARY\02_CATALOG\02_PRESALE_Поздняково\01_ARTIFACTS\МКД2\Корпус 2.1\POZD_WEB_K2-1_s4_et4_3.png","238631","75e8dcd3c213924f93ed0e4669ed00e265c8420775cf62e394b8f1d1a4e0ebcb","","","","PENDING","","","","","","","0",""
"106","Корпус 2.1","Корпус 2.1/POZD_WEB_K2-1_s4_et4_4.ai","D:\AI\AITRASH\LIBRARY\02_CATALOG\02_PRESALE_Поздняково\01_ARTIFACTS\МКД2\Корпус 2.1\POZD_WEB_K2-1_s4_et4_4.ai","D:\AI\AITRASH\LIBRARY\02_CATALOG\02_PRESALE_Поздняково\01_ARTIFACTS\МКД2\Корпус 2.1\POZD_WEB_K2-1_s4_et4_4.png","204041","4fa823348666f95f5ed45dc5a77e76c481af07f6aa4265e561f2ec849dc7ab4e","","","","PENDING","","","","","","","0",""
"107","Корпус 2.1","Корпус 2.1/POZD_WEB_K2-1_s4_et4_5.ai","D:\AI\AITRASH\LIBRARY\02_CATALOG\02_PRESALE_Поздняково\01_ARTIFACTS\МКД2\Корпус 2.1\POZD_WEB_K2-1_s4_et4_5.ai","D:\AI\AITRASH\LIBRARY\02_CATALOG\02_PRESALE_Поздняково\01_ARTIFACTS\МКД2\Корпус 2.1\POZD_WEB_K2-1_s4_et4_5.png","220926","82bb16f5a45be0f7524e12f60206ff7aa47aedd04cb75a3ac74d510b1a4e97ec","","","","PENDING","","","","","","","0",""
"108","Корпус 2.1","Корпус 2.1/POZD_WEB_K2-1_s4_et4_6.ai","D:\AI\AITRASH\LIBRARY\02_CATALOG\02_PRESALE_Поздняково\01_ARTIFACTS\МКД2\Корпус 2.1\POZD_WEB_K2-1_s4_et4_6.ai","D:\AI\AITRASH\LIBRARY\02_CATALOG\02_PRESALE_Поздняково\01_ARTIFACTS\МКД2\Корпус 2.1\POZD_WEB_K2-1_s4_et4_6.png","215287","a501204cefc9cf1ef10efcac2716ccf4a432449a8d509fc13118e4740609488b","","","","PENDING","","","","","","","0",""
"109","Корпус 2.1","Корпус 2.1/POZD_WEB_K2-1_s4_et4_7.ai","D:\AI\AITRASH\LIBRARY\02_CATALOG\02_PRESALE_Поздняково\01_ARTIFACTS\МКД2\Корпус 2.1\POZD_WEB_K2-1_s4_et4_7.ai","D:\AI\AITRASH\LIBRARY\02_CATALOG\02_PRESALE_Поздняково\01_ARTIFACTS\МКД2\Корпус 2.1\POZD_WEB_K2-1_s4_et4_7.png","155357","650dcacf31aa37dbab97efec1fb964bf44ed70e97643ab4c1eff16be5ad9d43e","","","","PENDING","","","","","","","0",""
"110","Корпус 2.1","Корпус 2.1/POZD_WEB_K2-1_s4_et6_1.ai","D:\AI\AITRASH\LIBRARY\02_CATALOG\02_PRESALE_Поздняково\01_ARTIFACTS\МКД2\Корпус 2.1\POZD_WEB_K2-1_s4_et6_1.ai","D:\AI\AITRASH\LIBRARY\02_CATALOG\02_PRESALE_Поздняково\01_ARTIFACTS\МКД2\Корпус 2.1\POZD_WEB_K2-1_s4_et6_1.png","252098","703c4d2e4623ef0cb29421ccf0d7dfb7a3f70208d446bef9f862114c37af8751","","","","PENDING","","","","","","","0",""
"111","Корпус 2.1","Корпус 2.1/POZD_WEB_K2-1_s4_et6_2.ai","D:\AI\AITRASH\LIBRARY\02_CATALOG\02_PRESALE_Поздняково\01_ARTIFACTS\МКД2\Корпус 2.1\POZD_WEB_K2-1_s4_et6_2.ai","D:\AI\AITRASH\LIBRARY\02_CATALOG\02_PRESALE_Поздняково\01_ARTIFACTS\МКД2\Корпус 2.1\POZD_WEB_K2-1_s4_et6_2.png","249379","8dd2eea0972bab9d165079e4c3978cd7cf0f148bf78712697efb7a4b192dad0b","","","","PENDING","","","","","","","0",""
"112","Корпус 2.1","Корпус 2.1/POZD_WEB_K2-1_s4_et6_3.ai","D:\AI\AITRASH\LIBRARY\02_CATALOG\02_PRESALE_Поздняково\01_ARTIFACTS\МКД2\Корпус 2.1\POZD_WEB_K2-1_s4_et6_3.ai","D:\AI\AITRASH\LIBRARY\02_CATALOG\02_PRESALE_Поздняково\01_ARTIFACTS\МКД2\Корпус 2.1\POZD_WEB_K2-1_s4_et6_3.png","232781","037a74550732ff9c4e82a90d523ba71ca7e9880065ae6612fb3abdef75a18dad","","","","PENDING","","","","","","","0",""
"113","Корпус 2.1","Корпус 2.1/POZD_WEB_K2-1_s4_et6_5.ai","D:\AI\AITRASH\LIBRARY\02_CATALOG\02_PRESALE_Поздняково\01_ARTIFACTS\МКД2\Корпус 2.1\POZD_WEB_K2-1_s4_et6_5.ai","D:\AI\AITRASH\LIBRARY\02_CATALOG\02_PRESALE_Поздняково\01_ARTIFACTS\МКД2\Корпус 2.1\POZD_WEB_K2-1_s4_et6_5.png","219688","ffaf6d92071d4677c6024a876a0326dc49055fc4b0618e2c2dc9f6e97191bee1","","","","PENDING","","","","","","","0",""
"114","Корпус 2.1","Корпус 2.1/POZD_WEB_K2-1_s4_et6_6.ai","D:\AI\AITRASH\LIBRARY\02_CATALOG\02_PRESALE_Поздняково\01_ARTIFACTS\МКД2\Корпус 2.1\POZD_WEB_K2-1_s4_et6_6.ai","D:\AI\AITRASH\LIBRARY\02_CATALOG\02_PRESALE_Поздняково\01_ARTIFACTS\МКД2\Корпус 2.1\POZD_WEB_K2-1_s4_et6_6.png","210444","4213b9bef87bf4050032c7921fcd52cf16f60d733e3d94f7ad1cd55f7712b972","","","","PENDING","","","","","","","0",""
"115","Корпус 2.1","Корпус 2.1/POZD_WEB_K2-1_s4_et6_7.ai","D:\AI\AITRASH\LIBRARY\02_CATALOG\02_PRESALE_Поздняково\01_ARTIFACTS\МКД2\Корпус 2.1\POZD_WEB_K2-1_s4_et6_7.ai","D:\AI\AITRASH\LIBRARY\02_CATALOG\02_PRESALE_Поздняково\01_ARTIFACTS\МКД2\Корпус 2.1\POZD_WEB_K2-1_s4_et6_7.png","158879","edd1fbed9c423f03d31eb0d59bd6270189f20c466bfa284405b9cbac42335af5","","","","PENDING","","","","","","","0",""
"116","Корпус 2.1","Корпус 2.1/POZD_WEB_K2-1_s5_et1_1.ai","D:\AI\AITRASH\LIBRARY\02_CATALOG\02_PRESALE_Поздняково\01_ARTIFACTS\МКД2\Корпус 2.1\POZD_WEB_K2-1_s5_et1_1.ai","D:\AI\AITRASH\LIBRARY\02_CATALOG\02_PRESALE_Поздняково\01_ARTIFACTS\МКД2\Корпус 2.1\POZD_WEB_K2-1_s5_et1_1.png","213378","c3be2bc5a9eb7b0f8bbe03e55b5385e9c6261c0a08e1dd7266aeb0f65da0fec1","","","","PENDING","","","","","","","0",""
"117","Корпус 2.1","Корпус 2.1/POZD_WEB_K2-1_s5_et1_2.ai","D:\AI\AITRASH\LIBRARY\02_CATALOG\02_PRESALE_Поздняково\01_ARTIFACTS\МКД2\Корпус 2.1\POZD_WEB_K2-1_s5_et1_2.ai","D:\AI\AITRASH\LIBRARY\02_CATALOG\02_PRESALE_Поздняково\01_ARTIFACTS\МКД2\Корпус 2.1\POZD_WEB_K2-1_s5_et1_2.png","272874","6e8fd2b437d989b23bf3f21f9a521569787d9ee014fd8a4f26f607010165d9ce","","","","PENDING","","","","","","","0",""
"118","Корпус 2.1","Корпус 2.1/POZD_WEB_K2-1_s5_et2,4,6_3.ai","D:\AI\AITRASH\LIBRARY\02_CATALOG\02_PRESALE_Поздняково\01_ARTIFACTS\МКД2\Корпус 2.1\POZD_WEB_K2-1_s5_et2,4,6_3.ai","D:\AI\AITRASH\LIBRARY\02_CATALOG\02_PRESALE_Поздняково\01_ARTIFACTS\МКД2\Корпус 2.1\POZD_WEB_K2-1_s5_et2,4,6_3.png","217055","53b50f60e49df6fa850a2068fdf53404bd19ff237fb70b5bccddeef18557f18f","","","","PENDING","","","","","","","0",""
"119","Корпус 2.1","Корпус 2.1/POZD_WEB_K2-1_s5_et2,4_6.ai","D:\AI\AITRASH\LIBRARY\02_CATALOG\02_PRESALE_Поздняково\01_ARTIFACTS\МКД2\Корпус 2.1\POZD_WEB_K2-1_s5_et2,4_6.ai","D:\AI\AITRASH\LIBRARY\02_CATALOG\02_PRESALE_Поздняково\01_ARTIFACTS\МКД2\Корпус 2.1\POZD_WEB_K2-1_s5_et2,4_6.png","190679","a65949be0b167eaa031ee4d037be7917b07ed8932e6c91d301aa08d2f0d8f094","","","","PENDING","","","","","","","0",""
"120","Корпус 2.1","Корпус 2.1/POZD_WEB_K2-1_s5_et2,6_10.ai","D:\AI\AITRASH\LIBRARY\02_CATALOG\02_PRESALE_Поздняково\01_ARTIFACTS\МКД2\Корпус 2.1\POZD_WEB_K2-1_s5_et2,6_10.ai","D:\AI\AITRASH\LIBRARY\02_CATALOG\02_PRESALE_Поздняково\01_ARTIFACTS\МКД2\Корпус 2.1\POZD_WEB_K2-1_s5_et2,6_10.png","194093","dbb5a02f944de53519f7f9c75313e44487fc50ad79df02fe47534cfd22dafd4e","","","","PENDING","","","","","","","0",""
"121","Корпус 2.1","Корпус 2.1/POZD_WEB_K2-1_s5_et2,6_11.ai","D:\AI\AITRASH\LIBRARY\02_CATALOG\02_PRESALE_Поздняково\01_ARTIFACTS\МКД2\Корпус 2.1\POZD_WEB_K2-1_s5_et2,6_11.ai","D:\AI\AITRASH\LIBRARY\02_CATALOG\02_PRESALE_Поздняково\01_ARTIFACTS\МКД2\Корпус 2.1\POZD_WEB_K2-1_s5_et2,6_11.png","193035","c31336a1928d68954abc7325644e97d7303a843011ce52cb13198f3656b52289","","","","PENDING","","","","","","","0",""
"122","Корпус 2.1","Корпус 2.1/POZD_WEB_K2-1_s5_et2,6_8.ai","D:\AI\AITRASH\LIBRARY\02_CATALOG\02_PRESALE_Поздняково\01_ARTIFACTS\МКД2\Корпус 2.1\POZD_WEB_K2-1_s5_et2,6_8.ai","D:\AI\AITRASH\LIBRARY\02_CATALOG\02_PRESALE_Поздняково\01_ARTIFACTS\МКД2\Корпус 2.1\POZD_WEB_K2-1_s5_et2,6_8.png","194434","c8febf0adebf1cd2e94bedc5294db12b173cbc9f75c15e85d73aba7b3b9d7b9e","","","","PENDING","","","","","","","0",""
"123","Корпус 2.1","Корпус 2.1/POZD_WEB_K2-1_s5_et2_1.ai","D:\AI\AITRASH\LIBRARY\02_CATALOG\02_PRESALE_Поздняково\01_ARTIFACTS\МКД2\Корпус 2.1\POZD_WEB_K2-1_s5_et2_1.ai","D:\AI\AITRASH\LIBRARY\02_CATALOG\02_PRESALE_Поздняково\01_ARTIFACTS\МКД2\Корпус 2.1\POZD_WEB_K2-1_s5_et2_1.png","195477","f9e3fed92febe22d4e09fbf28ca0fa291d44857bf7996caf37c8f4c5485e98e9","","","","PENDING","","","","","","","0",""
"124","Корпус 2.1","Корпус 2.1/POZD_WEB_K2-1_s5_et2_2.ai","D:\AI\AITRASH\LIBRARY\02_CATALOG\02_PRESALE_Поздняково\01_ARTIFACTS\МКД2\Корпус 2.1\POZD_WEB_K2-1_s5_et2_2.ai","D:\AI\AITRASH\LIBRARY\02_CATALOG\02_PRESALE_Поздняково\01_ARTIFACTS\МКД2\Корпус 2.1\POZD_WEB_K2-1_s5_et2_2.png","215327","15cd4ea4c217d8982e395daadbf2fbc5f5a5fce95d9c4a1eb8e7826846e8a068","","","","PENDING","","","","","","","0",""
"125","Корпус 2.1","Корпус 2.1/POZD_WEB_K2-1_s5_et2_4.ai","D:\AI\AITRASH\LIBRARY\02_CATALOG\02_PRESALE_Поздняково\01_ARTIFACTS\МКД2\Корпус 2.1\POZD_WEB_K2-1_s5_et2_4.ai","D:\AI\AITRASH\LIBRARY\02_CATALOG\02_PRESALE_Поздняково\01_ARTIFACTS\МКД2\Корпус 2.1\POZD_WEB_K2-1_s5_et2_4.png","197078","9d6c92ec05f5b02971b71051edf0d608b2748584a31443bef5ae706825624bfb","","","","PENDING","","","","","","","0",""
"126","Корпус 2.1","Корпус 2.1/POZD_WEB_K2-1_s5_et2_5.ai","D:\AI\AITRASH\LIBRARY\02_CATALOG\02_PRESALE_Поздняково\01_ARTIFACTS\МКД2\Корпус 2.1\POZD_WEB_K2-1_s5_et2_5.ai","D:\AI\AITRASH\LIBRARY\02_CATALOG\02_PRESALE_Поздняково\01_ARTIFACTS\МКД2\Корпус 2.1\POZD_WEB_K2-1_s5_et2_5.png","169041","e4c204bdc5a1ff8bb876322d9e03d318ff2fd48d852c72734036e31ab3ad8922","","","","PENDING","","","","","","","0",""
"127","Корпус 2.1","Корпус 2.1/POZD_WEB_K2-1_s5_et2_7.ai","D:\AI\AITRASH\LIBRARY\02_CATALOG\02_PRESALE_Поздняково\01_ARTIFACTS\МКД2\Корпус 2.1\POZD_WEB_K2-1_s5_et2_7.ai","D:\AI\AITRASH\LIBRARY\02_CATALOG\02_PRESALE_Поздняково\01_ARTIFACTS\МКД2\Корпус 2.1\POZD_WEB_K2-1_s5_et2_7.png","195784","c045bf9664ae9cd4cb7982cb1e2587d9f4d8ccdf7d31365411885b8825a5bbe6","","","","PENDING","","","","","","","0",""
"128","Корпус 2.1","Корпус 2.1/POZD_WEB_K2-1_s5_et2_9.ai","D:\AI\AITRASH\LIBRARY\02_CATALOG\02_PRESALE_Поздняково\01_ARTIFACTS\МКД2\Корпус 2.1\POZD_WEB_K2-1_s5_et2_9.ai","D:\AI\AITRASH\LIBRARY\02_CATALOG\02_PRESALE_Поздняково\01_ARTIFACTS\МКД2\Корпус 2.1\POZD_WEB_K2-1_s5_et2_9.png","208913","a6bfbd37268905acf36b8d52fcdceebd127b0ae97d16252db3d2f58e93eceffd","","","","PENDING","","","","","","","0",""
"129","Корпус 2.1","Корпус 2.1/POZD_WEB_K2-1_s5_et3,5_1.ai","D:\AI\AITRASH\LIBRARY\02_CATALOG\02_PRESALE_Поздняково\01_ARTIFACTS\МКД2\Корпус 2.1\POZD_WEB_K2-1_s5_et3,5_1.ai","D:\AI\AITRASH\LIBRARY\02_CATALOG\02_PRESALE_Поздняково\01_ARTIFACTS\МКД2\Корпус 2.1\POZD_WEB_K2-1_s5_et3,5_1.png","195341","de7b8a29f6fa533a7c58963b5914395bccc4e73c9327c6141f167c2b443c69c5","","","","PENDING","","","","","","","0",""
"130","Корпус 2.1","Корпус 2.1/POZD_WEB_K2-1_s5_et3,5_10.ai","D:\AI\AITRASH\LIBRARY\02_CATALOG\02_PRESALE_Поздняково\01_ARTIFACTS\МКД2\Корпус 2.1\POZD_WEB_K2-1_s5_et3,5_10.ai","D:\AI\AITRASH\LIBRARY\02_CATALOG\02_PRESALE_Поздняково\01_ARTIFACTS\МКД2\Корпус 2.1\POZD_WEB_K2-1_s5_et3,5_10.png","193344","13d7d358686d33dd17550a2b9ae6c799fc9f117a2cd31f4af92690ce460a7b12","","","","PENDING","","","","","","","0",""
"131","Корпус 2.1","Корпус 2.1/POZD_WEB_K2-1_s5_et3,5_11.ai","D:\AI\AITRASH\LIBRARY\02_CATALOG\02_PRESALE_Поздняково\01_ARTIFACTS\МКД2\Корпус 2.1\POZD_WEB_K2-1_s5_et3,5_11.ai","D:\AI\AITRASH\LIBRARY\02_CATALOG\02_PRESALE_Поздняково\01_ARTIFACTS\МКД2\Корпус 2.1\POZD_WEB_K2-1_s5_et3,5_11.png","186762","5dc45300e3c1c1bafdc3f4217d26467ade21febbba7057d889623e2c0006ec2a","","","","PENDING","","","","","","","0",""
"132","Корпус 2.1","Корпус 2.1/POZD_WEB_K2-1_s5_et3,5_2.ai","D:\AI\AITRASH\LIBRARY\02_CATALOG\02_PRESALE_Поздняково\01_ARTIFACTS\МКД2\Корпус 2.1\POZD_WEB_K2-1_s5_et3,5_2.ai","D:\AI\AITRASH\LIBRARY\02_CATALOG\02_PRESALE_Поздняково\01_ARTIFACTS\МКД2\Корпус 2.1\POZD_WEB_K2-1_s5_et3,5_2.png","216568","5c2be626e8ca9cded929b71cfa32259f474e5107e19f565a03079a2d2d1bf80f","","","","PENDING","","","","","","","0",""
"133","Корпус 2.1","Корпус 2.1/POZD_WEB_K2-1_s5_et3,5_3.ai","D:\AI\AITRASH\LIBRARY\02_CATALOG\02_PRESALE_Поздняково\01_ARTIFACTS\МКД2\Корпус 2.1\POZD_WEB_K2-1_s5_et3,5_3.ai","D:\AI\AITRASH\LIBRARY\02_CATALOG\02_PRESALE_Поздняково\01_ARTIFACTS\МКД2\Корпус 2.1\POZD_WEB_K2-1_s5_et3,5_3.png","216960","93adb56c1014d141565af408f44775028a88e4532fffa6ec7252779baae5e31c","","","","PENDING","","","","","","","0",""
"134","Корпус 2.1","Корпус 2.1/POZD_WEB_K2-1_s5_et3,5_4.ai","D:\AI\AITRASH\LIBRARY\02_CATALOG\02_PRESALE_Поздняково\01_ARTIFACTS\МКД2\Корпус 2.1\POZD_WEB_K2-1_s5_et3,5_4.ai","D:\AI\AITRASH\LIBRARY\02_CATALOG\02_PRESALE_Поздняково\01_ARTIFACTS\МКД2\Корпус 2.1\POZD_WEB_K2-1_s5_et3,5_4.png","196565","f4f205db96ec651f1a548641dc42f80975d744135e6dcad6e353278a2377159c","","","","PENDING","","","","","","","0",""
"135","Корпус 2.1","Корпус 2.1/POZD_WEB_K2-1_s5_et3,5_5.ai","D:\AI\AITRASH\LIBRARY\02_CATALOG\02_PRESALE_Поздняково\01_ARTIFACTS\МКД2\Корпус 2.1\POZD_WEB_K2-1_s5_et3,5_5.ai","D:\AI\AITRASH\LIBRARY\02_CATALOG\02_PRESALE_Поздняково\01_ARTIFACTS\МКД2\Корпус 2.1\POZD_WEB_K2-1_s5_et3,5_5.png","168994","4f5347bfc13f1a48c1f58f913ad4079aeb3a97e6dd62e2db55702f1c1554b08f","","","","PENDING","","","","","","","0",""
"136","Корпус 2.1","Корпус 2.1/POZD_WEB_K2-1_s5_et3,5_7.ai","D:\AI\AITRASH\LIBRARY\02_CATALOG\02_PRESALE_Поздняково\01_ARTIFACTS\МКД2\Корпус 2.1\POZD_WEB_K2-1_s5_et3,5_7.ai","D:\AI\AITRASH\LIBRARY\02_CATALOG\02_PRESALE_Поздняково\01_ARTIFACTS\МКД2\Корпус 2.1\POZD_WEB_K2-1_s5_et3,5_7.png","195813","c91d734a81a08b6d1c75798e6ea889154c1b3755a1e2d2dc550c04bc25bcda61","","","","PENDING","","","","","","","0",""
"137","Корпус 2.1","Корпус 2.1/POZD_WEB_K2-1_s5_et3,5_8.ai","D:\AI\AITRASH\LIBRARY\02_CATALOG\02_PRESALE_Поздняково\01_ARTIFACTS\МКД2\Корпус 2.1\POZD_WEB_K2-1_s5_et3,5_8.ai","D:\AI\AITRASH\LIBRARY\02_CATALOG\02_PRESALE_Поздняково\01_ARTIFACTS\МКД2\Корпус 2.1\POZD_WEB_K2-1_s5_et3,5_8.png","194118","9b7e91ba32a1bbaf1a1766e7c4186adef066c608c5c79668f12ff1b3105188f1","","","","PENDING","","","","","","","0",""
"138","Корпус 2.1","Корпус 2.1/POZD_WEB_K2-1_s5_et3,5_9.ai","D:\AI\AITRASH\LIBRARY\02_CATALOG\02_PRESALE_Поздняково\01_ARTIFACTS\МКД2\Корпус 2.1\POZD_WEB_K2-1_s5_et3,5_9.ai","D:\AI\AITRASH\LIBRARY\02_CATALOG\02_PRESALE_Поздняково\01_ARTIFACTS\МКД2\Корпус 2.1\POZD_WEB_K2-1_s5_et3,5_9.png","204494","6e0249f8b3bc3d51bcb67d30e85c895ec6ab9f17918071ce835595c2156c4ea2","","","","PENDING","","","","","","","0",""
"139","Корпус 2.1","Корпус 2.1/POZD_WEB_K2-1_s5_et3_6.ai","D:\AI\AITRASH\LIBRARY\02_CATALOG\02_PRESALE_Поздняково\01_ARTIFACTS\МКД2\Корпус 2.1\POZD_WEB_K2-1_s5_et3_6.ai","D:\AI\AITRASH\LIBRARY\02_CATALOG\02_PRESALE_Поздняково\01_ARTIFACTS\МКД2\Корпус 2.1\POZD_WEB_K2-1_s5_et3_6.png","196955","47d6f30e1bab55882ca92f8518f09ededaab9518bc8167bf1366ae6e6480b116","","","","PENDING","","","","","","","0",""
"140","Корпус 2.1","Корпус 2.1/POZD_WEB_K2-1_s5_et4_1.ai","D:\AI\AITRASH\LIBRARY\02_CATALOG\02_PRESALE_Поздняково\01_ARTIFACTS\МКД2\Корпус 2.1\POZD_WEB_K2-1_s5_et4_1.ai","D:\AI\AITRASH\LIBRARY\02_CATALOG\02_PRESALE_Поздняково\01_ARTIFACTS\МКД2\Корпус 2.1\POZD_WEB_K2-1_s5_et4_1.png","195639","b4e79bacef1182dbff05fdd212726e692d43abb8d5475a2e4893dcbeb23d866c","","","","PENDING","","","","","","","0",""
"141","Корпус 2.1","Корпус 2.1/POZD_WEB_K2-1_s5_et4_10.ai","D:\AI\AITRASH\LIBRARY\02_CATALOG\02_PRESALE_Поздняково\01_ARTIFACTS\МКД2\Корпус 2.1\POZD_WEB_K2-1_s5_et4_10.ai","D:\AI\AITRASH\LIBRARY\02_CATALOG\02_PRESALE_Поздняково\01_ARTIFACTS\МКД2\Корпус 2.1\POZD_WEB_K2-1_s5_et4_10.png","194170","ddbd3b5af7279b567b7aeb4e11edf46136c9aa4a084f8c1668cfd36e60ffd5c9","","","","PENDING","","","","","","","0",""
"142","Корпус 2.1","Корпус 2.1/POZD_WEB_K2-1_s5_et4_11.ai","D:\AI\AITRASH\LIBRARY\02_CATALOG\02_PRESALE_Поздняково\01_ARTIFACTS\МКД2\Корпус 2.1\POZD_WEB_K2-1_s5_et4_11.ai","D:\AI\AITRASH\LIBRARY\02_CATALOG\02_PRESALE_Поздняково\01_ARTIFACTS\МКД2\Корпус 2.1\POZD_WEB_K2-1_s5_et4_11.png","186675","57dc983991e05f4382acdaf1e281b9fe1db977d822033f91342bd9afc6407bf9","","","","PENDING","","","","","","","0",""
"143","Корпус 2.1","Корпус 2.1/POZD_WEB_K2-1_s5_et4_2.ai","D:\AI\AITRASH\LIBRARY\02_CATALOG\02_PRESALE_Поздняково\01_ARTIFACTS\МКД2\Корпус 2.1\POZD_WEB_K2-1_s5_et4_2.ai","D:\AI\AITRASH\LIBRARY\02_CATALOG\02_PRESALE_Поздняково\01_ARTIFACTS\МКД2\Корпус 2.1\POZD_WEB_K2-1_s5_et4_2.png","223190","51a443fa91dbc82165bd87e61f58fe1882e151a0b5445264cfd56af2b8b29bc6","","","","PENDING","","","","","","","0",""
"144","Корпус 2.1","Корпус 2.1/POZD_WEB_K2-1_s5_et4_4.ai","D:\AI\AITRASH\LIBRARY\02_CATALOG\02_PRESALE_Поздняково\01_ARTIFACTS\МКД2\Корпус 2.1\POZD_WEB_K2-1_s5_et4_4.ai","D:\AI\AITRASH\LIBRARY\02_CATALOG\02_PRESALE_Поздняково\01_ARTIFACTS\МКД2\Корпус 2.1\POZD_WEB_K2-1_s5_et4_4.png","202717","465cdb23ec71c2a045429286698125644f8602af6de71eae9cad69c67f9bd051","","","","PENDING","","","","","","","0",""
"145","Корпус 2.1","Корпус 2.1/POZD_WEB_K2-1_s5_et4_5.ai","D:\AI\AITRASH\LIBRARY\02_CATALOG\02_PRESALE_Поздняково\01_ARTIFACTS\МКД2\Корпус 2.1\POZD_WEB_K2-1_s5_et4_5.ai","D:\AI\AITRASH\LIBRARY\02_CATALOG\02_PRESALE_Поздняково\01_ARTIFACTS\МКД2\Корпус 2.1\POZD_WEB_K2-1_s5_et4_5.png","173257","d12e5dcb6f943af34dfbafb26bb87f6392dea46816e943e25bc2db91dbfb8861","","","","PENDING","","","","","","","0",""
"146","Корпус 2.1","Корпус 2.1/POZD_WEB_K2-1_s5_et4_7.ai","D:\AI\AITRASH\LIBRARY\02_CATALOG\02_PRESALE_Поздняково\01_ARTIFACTS\МКД2\Корпус 2.1\POZD_WEB_K2-1_s5_et4_7.ai","D:\AI\AITRASH\LIBRARY\02_CATALOG\02_PRESALE_Поздняково\01_ARTIFACTS\МКД2\Корпус 2.1\POZD_WEB_K2-1_s5_et4_7.png","201416","4c9302e31ea18f79e48e553f10e59e817ed27b004b1ae51f7b0ff71e68d7b386","","","","PENDING","","","","","","","0",""
"147","Корпус 2.1","Корпус 2.1/POZD_WEB_K2-1_s5_et4_8.ai","D:\AI\AITRASH\LIBRARY\02_CATALOG\02_PRESALE_Поздняково\01_ARTIFACTS\МКД2\Корпус 2.1\POZD_WEB_K2-1_s5_et4_8.ai","D:\AI\AITRASH\LIBRARY\02_CATALOG\02_PRESALE_Поздняково\01_ARTIFACTS\МКД2\Корпус 2.1\POZD_WEB_K2-1_s5_et4_8.png","200571","93e56095e51a98f3cf375d4343e3e207e89baf36c7293b8ec30eec271151879d","","","","PENDING","","","","","","","0",""
"148","Корпус 2.1","Корпус 2.1/POZD_WEB_K2-1_s5_et4_9.ai","D:\AI\AITRASH\LIBRARY\02_CATALOG\02_PRESALE_Поздняково\01_ARTIFACTS\МКД2\Корпус 2.1\POZD_WEB_K2-1_s5_et4_9.ai","D:\AI\AITRASH\LIBRARY\02_CATALOG\02_PRESALE_Поздняково\01_ARTIFACTS\МКД2\Корпус 2.1\POZD_WEB_K2-1_s5_et4_9.png","204020","05d62ff24275f6bb6853f130308126a226ed45b80284f6da2ad527e4c931ee9b","","","","PENDING","","","","","","","0",""
"149","Корпус 2.1","Корпус 2.1/POZD_WEB_K2-1_s5_et5_6.ai","D:\AI\AITRASH\LIBRARY\02_CATALOG\02_PRESALE_Поздняково\01_ARTIFACTS\МКД2\Корпус 2.1\POZD_WEB_K2-1_s5_et5_6.ai","D:\AI\AITRASH\LIBRARY\02_CATALOG\02_PRESALE_Поздняково\01_ARTIFACTS\МКД2\Корпус 2.1\POZD_WEB_K2-1_s5_et5_6.png","188832","de5d4ca7aa746184002e4f69d74fb8f6c547120ec2238aa44a1deb9151add757","","","","PENDING","","","","","","","0",""
"150","Корпус 2.1","Корпус 2.1/POZD_WEB_K2-1_s5_et6_1.ai","D:\AI\AITRASH\LIBRARY\02_CATALOG\02_PRESALE_Поздняково\01_ARTIFACTS\МКД2\Корпус 2.1\POZD_WEB_K2-1_s5_et6_1.ai","D:\AI\AITRASH\LIBRARY\02_CATALOG\02_PRESALE_Поздняково\01_ARTIFACTS\МКД2\Корпус 2.1\POZD_WEB_K2-1_s5_et6_1.png","201479","368c6b1196fd0d1f6dc3792be41f72bac41f5fb357cc6b20ce5f9216298a5989","","","","PENDING","","","","","","","0",""
"151","Корпус 2.1","Корпус 2.1/POZD_WEB_K2-1_s5_et6_2.ai","D:\AI\AITRASH\LIBRARY\02_CATALOG\02_PRESALE_Поздняково\01_ARTIFACTS\МКД2\Корпус 2.1\POZD_WEB_K2-1_s5_et6_2.ai","D:\AI\AITRASH\LIBRARY\02_CATALOG\02_PRESALE_Поздняково\01_ARTIFACTS\МКД2\Корпус 2.1\POZD_WEB_K2-1_s5_et6_2.png","213387","38e54b786e3324f5c8a0443367b423fc7c1ad0cdca2cfa94c3c4a57312f365db","","","","PENDING","","","","","","","0",""
"152","Корпус 2.1","Корпус 2.1/POZD_WEB_K2-1_s5_et6_4.ai","D:\AI\AITRASH\LIBRARY\02_CATALOG\02_PRESALE_Поздняково\01_ARTIFACTS\МКД2\Корпус 2.1\POZD_WEB_K2-1_s5_et6_4.ai","D:\AI\AITRASH\LIBRARY\02_CATALOG\02_PRESALE_Поздняково\01_ARTIFACTS\МКД2\Корпус 2.1\POZD_WEB_K2-1_s5_et6_4.png","206357","2635b36654f724c9bc3461844da92359005bcc06642aff823909ceafb347bb78","","","","PENDING","","","","","","","0",""
"153","Корпус 2.1","Корпус 2.1/POZD_WEB_K2-1_s5_et6_5.ai","D:\AI\AITRASH\LIBRARY\02_CATALOG\02_PRESALE_Поздняково\01_ARTIFACTS\МКД2\Корпус 2.1\POZD_WEB_K2-1_s5_et6_5.ai","D:\AI\AITRASH\LIBRARY\02_CATALOG\02_PRESALE_Поздняково\01_ARTIFACTS\МКД2\Корпус 2.1\POZD_WEB_K2-1_s5_et6_5.png","312246","053a4c410e7309392e9f4da38b495b76582d8e5a5e181addd2aa03c029cad50c","","","","PENDING","","","","","","","0",""
"154","Корпус 2.1","Корпус 2.1/POZD_WEB_K2-1_s5_et6_6.ai","D:\AI\AITRASH\LIBRARY\02_CATALOG\02_PRESALE_Поздняково\01_ARTIFACTS\МКД2\Корпус 2.1\POZD_WEB_K2-1_s5_et6_6.ai","D:\AI\AITRASH\LIBRARY\02_CATALOG\02_PRESALE_Поздняково\01_ARTIFACTS\МКД2\Корпус 2.1\POZD_WEB_K2-1_s5_et6_6.png","328411","d374445b46f1e0fa00b0c81b59b880396f3ae9ebcc25433d08fd69a4572421db","","","","PENDING","","","","","","","0",""
"155","Корпус 2.1","Корпус 2.1/POZD_WEB_K2-1_s5_et6_7.ai","D:\AI\AITRASH\LIBRARY\02_CATALOG\02_PRESALE_Поздняково\01_ARTIFACTS\МКД2\Корпус 2.1\POZD_WEB_K2-1_s5_et6_7.ai","D:\AI\AITRASH\LIBRARY\02_CATALOG\02_PRESALE_Поздняково\01_ARTIFACTS\МКД2\Корпус 2.1\POZD_WEB_K2-1_s5_et6_7.png","194458","992d23e62a11cdbe4252863b6dfdcbf622f634c88b2e2ac9a336ddccc75bc448","","","","PENDING","","","","","","","0",""
"156","Корпус 2.1","Корпус 2.1/POZD_WEB_K2-1_s5_et6_9.ai","D:\AI\AITRASH\LIBRARY\02_CATALOG\02_PRESALE_Поздняково\01_ARTIFACTS\МКД2\Корпус 2.1\POZD_WEB_K2-1_s5_et6_9.ai","D:\AI\AITRASH\LIBRARY\02_CATALOG\02_PRESALE_Поздняково\01_ARTIFACTS\МКД2\Корпус 2.1\POZD_WEB_K2-1_s5_et6_9.png","193574","d4e03a646825022a6a4044779d547e776092fc26c99da7703b89aa62d5c5979f","","","","PENDING","","","","","","","0",""
"157","Корпус 2.2","Корпус 2.2/POZD_WEB_K2-2_s6_et1_1.ai","D:\AI\AITRASH\LIBRARY\02_CATALOG\02_PRESALE_Поздняково\01_ARTIFACTS\МКД2\Корпус 2.2\POZD_WEB_K2-2_s6_et1_1.ai","D:\AI\AITRASH\LIBRARY\02_CATALOG\02_PRESALE_Поздняково\01_ARTIFACTS\МКД2\Корпус 2.2\POZD_WEB_K2-2_s6_et1_1.png","181335","9e6ee480aeb3b026c44ee48df16d246293a4ecd0a068079f7384fada17e80b07","","","","PENDING","","","","","","","0",""
"158","Корпус 2.2","Корпус 2.2/POZD_WEB_K2-2_s6_et1_2.ai","D:\AI\AITRASH\LIBRARY\02_CATALOG\02_PRESALE_Поздняково\01_ARTIFACTS\МКД2\Корпус 2.2\POZD_WEB_K2-2_s6_et1_2.ai","D:\AI\AITRASH\LIBRARY\02_CATALOG\02_PRESALE_Поздняково\01_ARTIFACTS\МКД2\Корпус 2.2\POZD_WEB_K2-2_s6_et1_2.png","200094","30800b783462408e7f9e85f3b0d800ccc932c4675353ec30822ed4ecc1d48592","","","","PENDING","","","","","","","0",""
"159","Корпус 2.2","Корпус 2.2/POZD_WEB_K2-2_s6_et1_3.ai","D:\AI\AITRASH\LIBRARY\02_CATALOG\02_PRESALE_Поздняково\01_ARTIFACTS\МКД2\Корпус 2.2\POZD_WEB_K2-2_s6_et1_3.ai","D:\AI\AITRASH\LIBRARY\02_CATALOG\02_PRESALE_Поздняково\01_ARTIFACTS\МКД2\Корпус 2.2\POZD_WEB_K2-2_s6_et1_3.png","190846","deaa53d7a5406e00187bdbc4d87548cc502ba267731b48cf3f47fefe4b3209f5","","","","PENDING","","","","","","","0",""
"160","Корпус 2.2","Корпус 2.2/POZD_WEB_K2-2_s6_et1_4.ai","D:\AI\AITRASH\LIBRARY\02_CATALOG\02_PRESALE_Поздняково\01_ARTIFACTS\МКД2\Корпус 2.2\POZD_WEB_K2-2_s6_et1_4.ai","D:\AI\AITRASH\LIBRARY\02_CATALOG\02_PRESALE_Поздняково\01_ARTIFACTS\МКД2\Корпус 2.2\POZD_WEB_K2-2_s6_et1_4.png","168235","a6a3ecfc683b7fb462ae5d235c21925e01ce57588859339db815f83c195a7dc6","","","","PENDING","","","","","","","0",""
"161","Корпус 2.2","Корпус 2.2/POZD_WEB_K2-2_s6_et1_5.ai","D:\AI\AITRASH\LIBRARY\02_CATALOG\02_PRESALE_Поздняково\01_ARTIFACTS\МКД2\Корпус 2.2\POZD_WEB_K2-2_s6_et1_5.ai","D:\AI\AITRASH\LIBRARY\02_CATALOG\02_PRESALE_Поздняково\01_ARTIFACTS\МКД2\Корпус 2.2\POZD_WEB_K2-2_s6_et1_5.png","154088","9b04da0933929ab83c3c9f668f369a352f9d383390ff3eba3b59ac9e05178bbe","","","","PENDING","","","","","","","0",""
"162","Корпус 2.2","Корпус 2.2/POZD_WEB_K2-2_s6_et1_6.ai","D:\AI\AITRASH\LIBRARY\02_CATALOG\02_PRESALE_Поздняково\01_ARTIFACTS\МКД2\Корпус 2.2\POZD_WEB_K2-2_s6_et1_6.ai","D:\AI\AITRASH\LIBRARY\02_CATALOG\02_PRESALE_Поздняково\01_ARTIFACTS\МКД2\Корпус 2.2\POZD_WEB_K2-2_s6_et1_6.png","494256","25b654beb14851b6533b500b62035be9fdd1de606102976b5b12eff62ccbb9b6","","","","PENDING","","","","","","","0",""
"163","Корпус 2.2","Корпус 2.2/POZD_WEB_K2-2_s6_et2,6_2.ai","D:\AI\AITRASH\LIBRARY\02_CATALOG\02_PRESALE_Поздняково\01_ARTIFACTS\МКД2\Корпус 2.2\POZD_WEB_K2-2_s6_et2,6_2.ai","D:\AI\AITRASH\LIBRARY\02_CATALOG\02_PRESALE_Поздняково\01_ARTIFACTS\МКД2\Корпус 2.2\POZD_WEB_K2-2_s6_et2,6_2.png","204166","a729bb1ee40f41249ee69f8f360b5d2a56dd183fb890307b439efab8b7f0a098","","","","PENDING","","","","","","","0",""
"164","Корпус 2.2","Корпус 2.2/POZD_WEB_K2-2_s6_et2,6_3.ai","D:\AI\AITRASH\LIBRARY\02_CATALOG\02_PRESALE_Поздняково\01_ARTIFACTS\МКД2\Корпус 2.2\POZD_WEB_K2-2_s6_et2,6_3.ai","D:\AI\AITRASH\LIBRARY\02_CATALOG\02_PRESALE_Поздняково\01_ARTIFACTS\МКД2\Корпус 2.2\POZD_WEB_K2-2_s6_et2,6_3.png","189069","42b915c5acd48314867204de0c9fed7f7c190be58043b6d3153723aa5c10c9ca","","","","PENDING","","","","","","","0",""
"165","Корпус 2.2","Корпус 2.2/POZD_WEB_K2-2_s6_et2_1.ai","D:\AI\AITRASH\LIBRARY\02_CATALOG\02_PRESALE_Поздняково\01_ARTIFACTS\МКД2\Корпус 2.2\POZD_WEB_K2-2_s6_et2_1.ai","D:\AI\AITRASH\LIBRARY\02_CATALOG\02_PRESALE_Поздняково\01_ARTIFACTS\МКД2\Корпус 2.2\POZD_WEB_K2-2_s6_et2_1.png","266625","d80e183d2d335e11c35ad552f4d59404d0a98ddb144c1c7584c2fd3f31d5afbc","","","","PENDING","","","","","","","0",""
"166","Корпус 2.2","Корпус 2.2/POZD_WEB_K2-2_s6_et2_4.ai","D:\AI\AITRASH\LIBRARY\02_CATALOG\02_PRESALE_Поздняково\01_ARTIFACTS\МКД2\Корпус 2.2\POZD_WEB_K2-2_s6_et2_4.ai","D:\AI\AITRASH\LIBRARY\02_CATALOG\02_PRESALE_Поздняково\01_ARTIFACTS\МКД2\Корпус 2.2\POZD_WEB_K2-2_s6_et2_4.png","168300","af6bf457fcb2516a37945be1ddce001d6ee7df627d5c671f4e955ecfcfde6112","","","","PENDING","","","","","","","0",""
"167","Корпус 2.2","Корпус 2.2/POZD_WEB_K2-2_s6_et2_5.ai","D:\AI\AITRASH\LIBRARY\02_CATALOG\02_PRESALE_Поздняково\01_ARTIFACTS\МКД2\Корпус 2.2\POZD_WEB_K2-2_s6_et2_5.ai","D:\AI\AITRASH\LIBRARY\02_CATALOG\02_PRESALE_Поздняково\01_ARTIFACTS\МКД2\Корпус 2.2\POZD_WEB_K2-2_s6_et2_5.png","156413","019615780ece1d237d9043415bd8ce3b0e0fd548a332baea4cb7faa6a8490c99","","","","PENDING","","","","","","","0",""
"168","Корпус 2.2","Корпус 2.2/POZD_WEB_K2-2_s6_et2_6.ai","D:\AI\AITRASH\LIBRARY\02_CATALOG\02_PRESALE_Поздняково\01_ARTIFACTS\МКД2\Корпус 2.2\POZD_WEB_K2-2_s6_et2_6.ai","D:\AI\AITRASH\LIBRARY\02_CATALOG\02_PRESALE_Поздняково\01_ARTIFACTS\МКД2\Корпус 2.2\POZD_WEB_K2-2_s6_et2_6.png","299297","79f3ae8395bb484e0b53c3e68a66493ff21e3962fad5975be31634c2b8497773","79f3ae8395bb484e0b53c3e68a66493ff21e3962fad5975be31634c2b8497773","","","OK","120","D:\AI\AITRASH\workspaces\project - Изменение масштаба для планировок квартир\09_outputs\_full_wip\20260727_full_mkd2\Корпус 2.2\х120_POZD_WEB_K2-2_s6_et2_6.ai","D:\AI\AITRASH\workspaces\project - Изменение масштаба для планировок квартир\09_outputs\_full_wip\20260727_full_mkd2\Корпус 2.2\х120_POZD_WEB_K2-2_s6_et2_6.png","25e845f46dc8e2304f04dfd2e7de77616c3e3d6981e70041a91db8b1a90e2099","41260df08f5c78beb4deea310793f5028e79ce29226a97d789c6a7e082557b49","D:\AI\AITRASH\workspaces\project - Изменение масштаба для планировок квартир\09_outputs\_diagnostics\full_20260727_full_mkd2\details\168_POZD_WEB_K2-2_s6_et2_6_attempt1.json","1",""
"169","Корпус 2.2","Корпус 2.2/POZD_WEB_K2-2_s6_et3,5_1.ai","D:\AI\AITRASH\LIBRARY\02_CATALOG\02_PRESALE_Поздняково\01_ARTIFACTS\МКД2\Корпус 2.2\POZD_WEB_K2-2_s6_et3,5_1.ai","D:\AI\AITRASH\LIBRARY\02_CATALOG\02_PRESALE_Поздняково\01_ARTIFACTS\МКД2\Корпус 2.2\POZD_WEB_K2-2_s6_et3,5_1.png","267441","f0f63916353faa3fc28311a0eb7771ec120c27743b6270e9cf25ce26bae743fe","","","","PENDING","","","","","","","0",""
"170","Корпус 2.2","Корпус 2.2/POZD_WEB_K2-2_s6_et3,5_2.ai","D:\AI\AITRASH\LIBRARY\02_CATALOG\02_PRESALE_Поздняково\01_ARTIFACTS\МКД2\Корпус 2.2\POZD_WEB_K2-2_s6_et3,5_2.ai","D:\AI\AITRASH\LIBRARY\02_CATALOG\02_PRESALE_Поздняково\01_ARTIFACTS\МКД2\Корпус 2.2\POZD_WEB_K2-2_s6_et3,5_2.png","200071","a9a7a6faa5fe7f77a3a0877d15c55e904a359aedff61fb4c3c68cd0bfc48715d","","","","PENDING","","","","","","","0",""
"171","Корпус 2.2","Корпус 2.2/POZD_WEB_K2-2_s6_et3,5_3.ai","D:\AI\AITRASH\LIBRARY\02_CATALOG\02_PRESALE_Поздняково\01_ARTIFACTS\МКД2\Корпус 2.2\POZD_WEB_K2-2_s6_et3,5_3.ai","D:\AI\AITRASH\LIBRARY\02_CATALOG\02_PRESALE_Поздняково\01_ARTIFACTS\МКД2\Корпус 2.2\POZD_WEB_K2-2_s6_et3,5_3.png","189070","7c3e90b74666602aca10db234219139d1470c3f8364a565342415770c9df3afa","","","","PENDING","","","","","","","0",""
"172","Корпус 2.2","Корпус 2.2/POZD_WEB_K2-2_s6_et3,5_4.ai","D:\AI\AITRASH\LIBRARY\02_CATALOG\02_PRESALE_Поздняково\01_ARTIFACTS\МКД2\Корпус 2.2\POZD_WEB_K2-2_s6_et3,5_4.ai","D:\AI\AITRASH\LIBRARY\02_CATALOG\02_PRESALE_Поздняково\01_ARTIFACTS\МКД2\Корпус 2.2\POZD_WEB_K2-2_s6_et3,5_4.png","166395","4b17a19fb8468cb3d86b75d64643b4039da1fd86963df4286dd567332c6ef4af","","","","PENDING","","","","","","","0",""
"173","Корпус 2.2","Корпус 2.2/POZD_WEB_K2-2_s6_et3,5_5.ai","D:\AI\AITRASH\LIBRARY\02_CATALOG\02_PRESALE_Поздняково\01_ARTIFACTS\МКД2\Корпус 2.2\POZD_WEB_K2-2_s6_et3,5_5.ai","D:\AI\AITRASH\LIBRARY\02_CATALOG\02_PRESALE_Поздняково\01_ARTIFACTS\МКД2\Корпус 2.2\POZD_WEB_K2-2_s6_et3,5_5.png","154672","a28b6eb67f8907aa19db2e2b70dd4f9f101ad8987a774fc425a15b89972d3c5b","","","","PENDING","","","","","","","0",""
"174","Корпус 2.2","Корпус 2.2/POZD_WEB_K2-2_s6_et3_6.ai","D:\AI\AITRASH\LIBRARY\02_CATALOG\02_PRESALE_Поздняково\01_ARTIFACTS\МКД2\Корпус 2.2\POZD_WEB_K2-2_s6_et3_6.ai","D:\AI\AITRASH\LIBRARY\02_CATALOG\02_PRESALE_Поздняково\01_ARTIFACTS\МКД2\Корпус 2.2\POZD_WEB_K2-2_s6_et3_6.png","299219","bc5435a609e4aaff8f8c1f580fe7a826cdd125765f99a4d1139631dbfa244065","","","","PENDING","","","","","","","0",""
"175","Корпус 2.2","Корпус 2.2/POZD_WEB_K2-2_s6_et4_1.ai","D:\AI\AITRASH\LIBRARY\02_CATALOG\02_PRESALE_Поздняково\01_ARTIFACTS\МКД2\Корпус 2.2\POZD_WEB_K2-2_s6_et4_1.ai","D:\AI\AITRASH\LIBRARY\02_CATALOG\02_PRESALE_Поздняково\01_ARTIFACTS\МКД2\Корпус 2.2\POZD_WEB_K2-2_s6_et4_1.png","273994","bcaaa088105e83a902bc85bfa801b9485397bea8d1925b13d6195aa0efdd2ca0","","","","PENDING","","","","","","","0",""
"176","Корпус 2.2","Корпус 2.2/POZD_WEB_K2-2_s6_et4_2.ai","D:\AI\AITRASH\LIBRARY\02_CATALOG\02_PRESALE_Поздняково\01_ARTIFACTS\МКД2\Корпус 2.2\POZD_WEB_K2-2_s6_et4_2.ai","D:\AI\AITRASH\LIBRARY\02_CATALOG\02_PRESALE_Поздняково\01_ARTIFACTS\МКД2\Корпус 2.2\POZD_WEB_K2-2_s6_et4_2.png","202287","2f4f6fe222a695a42ed87819f52b86332ed55740bf744d322aea536f8baf36b0","","","","PENDING","","","","","","","0",""
"177","Корпус 2.2","Корпус 2.2/POZD_WEB_K2-2_s6_et4_3.ai","D:\AI\AITRASH\LIBRARY\02_CATALOG\02_PRESALE_Поздняково\01_ARTIFACTS\МКД2\Корпус 2.2\POZD_WEB_K2-2_s6_et4_3.ai","D:\AI\AITRASH\LIBRARY\02_CATALOG\02_PRESALE_Поздняково\01_ARTIFACTS\МКД2\Корпус 2.2\POZD_WEB_K2-2_s6_et4_3.png","189795","8bc3efe7c72b661101bb40d56a42a1a6d1a7fc410e14def8116c2448486ba30a","","","","PENDING","","","","","","","0",""
"178","Корпус 2.2","Корпус 2.2/POZD_WEB_K2-2_s6_et4_4.ai","D:\AI\AITRASH\LIBRARY\02_CATALOG\02_PRESALE_Поздняково\01_ARTIFACTS\МКД2\Корпус 2.2\POZD_WEB_K2-2_s6_et4_4.ai","D:\AI\AITRASH\LIBRARY\02_CATALOG\02_PRESALE_Поздняково\01_ARTIFACTS\МКД2\Корпус 2.2\POZD_WEB_K2-2_s6_et4_4.png","166542","5a55508c0626a0357aa34c151dea35a4de7a7b0c7e19201ca6dee46be5fc4bac","","","","PENDING","","","","","","","0",""
"179","Корпус 2.2","Корпус 2.2/POZD_WEB_K2-2_s6_et4_5.ai","D:\AI\AITRASH\LIBRARY\02_CATALOG\02_PRESALE_Поздняково\01_ARTIFACTS\МКД2\Корпус 2.2\POZD_WEB_K2-2_s6_et4_5.ai","D:\AI\AITRASH\LIBRARY\02_CATALOG\02_PRESALE_Поздняково\01_ARTIFACTS\МКД2\Корпус 2.2\POZD_WEB_K2-2_s6_et4_5.png","156933","ce8b417ac5f0fd3e950e714eac773380417a85b4c8d49ef3e9d5e426d8d051db","","","","PENDING","","","","","","","0",""
"180","Корпус 2.2","Корпус 2.2/POZD_WEB_K2-2_s6_et4_6.ai","D:\AI\AITRASH\LIBRARY\02_CATALOG\02_PRESALE_Поздняково\01_ARTIFACTS\МКД2\Корпус 2.2\POZD_WEB_K2-2_s6_et4_6.ai","D:\AI\AITRASH\LIBRARY\02_CATALOG\02_PRESALE_Поздняково\01_ARTIFACTS\МКД2\Корпус 2.2\POZD_WEB_K2-2_s6_et4_6.png","297518","2de19a929fd005799be7f8a52190ed7580f49647a9c3f3652ea445d0c38f9c6f","","","","PENDING","","","","","","","0",""
"181","Корпус 2.2","Корпус 2.2/POZD_WEB_K2-2_s6_et5_6.ai","D:\AI\AITRASH\LIBRARY\02_CATALOG\02_PRESALE_Поздняково\01_ARTIFACTS\МКД2\Корпус 2.2\POZD_WEB_K2-2_s6_et5_6.ai","D:\AI\AITRASH\LIBRARY\02_CATALOG\02_PRESALE_Поздняково\01_ARTIFACTS\МКД2\Корпус 2.2\POZD_WEB_K2-2_s6_et5_6.png","296842","9c67d74b7ef4f606935da2d51d873accb7dc08050d4b6dc3529ffbee6e268cc8","","","","PENDING","","","","","","","0",""
"182","Корпус 2.2","Корпус 2.2/POZD_WEB_K2-2_s6_et6_1.ai","D:\AI\AITRASH\LIBRARY\02_CATALOG\02_PRESALE_Поздняково\01_ARTIFACTS\МКД2\Корпус 2.2\POZD_WEB_K2-2_s6_et6_1.ai","D:\AI\AITRASH\LIBRARY\02_CATALOG\02_PRESALE_Поздняково\01_ARTIFACTS\МКД2\Корпус 2.2\POZD_WEB_K2-2_s6_et6_1.png","272331","ea85c9d4e9f23665c3b3e7bb3c6fc9ccfb329d06ec60a045a3e5958a7c33df54","","","","PENDING","","","","","","","0",""
"183","Корпус 2.2","Корпус 2.2/POZD_WEB_K2-2_s6_et6_6.ai","D:\AI\AITRASH\LIBRARY\02_CATALOG\02_PRESALE_Поздняково\01_ARTIFACTS\МКД2\Корпус 2.2\POZD_WEB_K2-2_s6_et6_6.ai","D:\AI\AITRASH\LIBRARY\02_CATALOG\02_PRESALE_Поздняково\01_ARTIFACTS\МКД2\Корпус 2.2\POZD_WEB_K2-2_s6_et6_6.png","312044","4d15241106e056f78f45310d8fb68f2781703dee8890b21041abe056f31150c5","","","","PENDING","","","","","","","0",""
"184","Корпус 2.2","Корпус 2.2/POZD_WEB_K2-2_s7_et1,4_1.ai","D:\AI\AITRASH\LIBRARY\02_CATALOG\02_PRESALE_Поздняково\01_ARTIFACTS\МКД2\Корпус 2.2\POZD_WEB_K2-2_s7_et1,4_1.ai","D:\AI\AITRASH\LIBRARY\02_CATALOG\02_PRESALE_Поздняково\01_ARTIFACTS\МКД2\Корпус 2.2\POZD_WEB_K2-2_s7_et1,4_1.png","172508","4ff974bbae78d3673e99589358ef4fd3d97fc729d3924d586916da99629af7b8","","","","PENDING","","","","","","","0",""
"185","Корпус 2.2","Корпус 2.2/POZD_WEB_K2-2_s7_et1_2.ai","D:\AI\AITRASH\LIBRARY\02_CATALOG\02_PRESALE_Поздняково\01_ARTIFACTS\МКД2\Корпус 2.2\POZD_WEB_K2-2_s7_et1_2.ai","D:\AI\AITRASH\LIBRARY\02_CATALOG\02_PRESALE_Поздняково\01_ARTIFACTS\МКД2\Корпус 2.2\POZD_WEB_K2-2_s7_et1_2.png","187892","632d0cc942da8d054f8bbbf026ab48395ca0b4d63d0f72152d61ed06a62d1771","","","","PENDING","","","","","","","0",""
"186","Корпус 2.2","Корпус 2.2/POZD_WEB_K2-2_s7_et1_3.ai","D:\AI\AITRASH\LIBRARY\02_CATALOG\02_PRESALE_Поздняково\01_ARTIFACTS\МКД2\Корпус 2.2\POZD_WEB_K2-2_s7_et1_3.ai","D:\AI\AITRASH\LIBRARY\02_CATALOG\02_PRESALE_Поздняково\01_ARTIFACTS\МКД2\Корпус 2.2\POZD_WEB_K2-2_s7_et1_3.png","173807","f6c3c738077b31400c56a43b93ab07e5c9946b390e6a844fac01d7b2b8fe40d9","","","","PENDING","","","","","","","0",""
"187","Корпус 2.2","Корпус 2.2/POZD_WEB_K2-2_s7_et1_4.ai","D:\AI\AITRASH\LIBRARY\02_CATALOG\02_PRESALE_Поздняково\01_ARTIFACTS\МКД2\Корпус 2.2\POZD_WEB_K2-2_s7_et1_4.ai","D:\AI\AITRASH\LIBRARY\02_CATALOG\02_PRESALE_Поздняково\01_ARTIFACTS\МКД2\Корпус 2.2\POZD_WEB_K2-2_s7_et1_4.png","173994","4e19d057f0ee671b582c0dc7b8afbcd9b92def432e6c956ffc7f7c32b22ad139","","","","PENDING","","","","","","","0",""
"188","Корпус 2.2","Корпус 2.2/POZD_WEB_K2-2_s7_et1_5.ai","D:\AI\AITRASH\LIBRARY\02_CATALOG\02_PRESALE_Поздняково\01_ARTIFACTS\МКД2\Корпус 2.2\POZD_WEB_K2-2_s7_et1_5.ai","D:\AI\AITRASH\LIBRARY\02_CATALOG\02_PRESALE_Поздняково\01_ARTIFACTS\МКД2\Корпус 2.2\POZD_WEB_K2-2_s7_et1_5.png","207501","a63efdd041f75dec228e619b47018925f68fe2b2dd9b48caf3f27f5cdfaf3271","","","","PENDING","","","","","","","0",""
"189","Корпус 2.2","Корпус 2.2/POZD_WEB_K2-2_s7_et2,5_2.ai","D:\AI\AITRASH\LIBRARY\02_CATALOG\02_PRESALE_Поздняково\01_ARTIFACTS\МКД2\Корпус 2.2\POZD_WEB_K2-2_s7_et2,5_2.ai","D:\AI\AITRASH\LIBRARY\02_CATALOG\02_PRESALE_Поздняково\01_ARTIFACTS\МКД2\Корпус 2.2\POZD_WEB_K2-2_s7_et2,5_2.png","171082","037a572577ca3de1c74bb49c4ee2ec94d0a88f8e45b2b4a49dc6884c54353e86","","","","PENDING","","","","","","","0",""
"190","Корпус 2.2","Корпус 2.2/POZD_WEB_K2-2_s7_et2,6_4.ai","D:\AI\AITRASH\LIBRARY\02_CATALOG\02_PRESALE_Поздняково\01_ARTIFACTS\МКД2\Корпус 2.2\POZD_WEB_K2-2_s7_et2,6_4.ai","D:\AI\AITRASH\LIBRARY\02_CATALOG\02_PRESALE_Поздняково\01_ARTIFACTS\МКД2\Корпус 2.2\POZD_WEB_K2-2_s7_et2,6_4.png","205748","9423fab096b2080668819be8c279ee172c72f492b414ba6f4b61191dc5285f64","","","","PENDING","","","","","","","0",""
"191","Корпус 2.2","Корпус 2.2/POZD_WEB_K2-2_s7_et2_1.ai","D:\AI\AITRASH\LIBRARY\02_CATALOG\02_PRESALE_Поздняково\01_ARTIFACTS\МКД2\Корпус 2.2\POZD_WEB_K2-2_s7_et2_1.ai","D:\AI\AITRASH\LIBRARY\02_CATALOG\02_PRESALE_Поздняково\01_ARTIFACTS\МКД2\Корпус 2.2\POZD_WEB_K2-2_s7_et2_1.png","172290","80bcf11328c39ad80c3a9f03cd1779723a57bf86ff49471de438507fd05b59f2","","","","PENDING","","","","","","","0",""
"192","Корпус 2.2","Корпус 2.2/POZD_WEB_K2-2_s7_et2_3.ai","D:\AI\AITRASH\LIBRARY\02_CATALOG\02_PRESALE_Поздняково\01_ARTIFACTS\МКД2\Корпус 2.2\POZD_WEB_K2-2_s7_et2_3.ai","D:\AI\AITRASH\LIBRARY\02_CATALOG\02_PRESALE_Поздняково\01_ARTIFACTS\МКД2\Корпус 2.2\POZD_WEB_K2-2_s7_et2_3.png","197486","c1d2fb47593ccf8b1274ef1c8fdad1a431a712aeb3d0e6a51f837b2eeb60866d","","","","PENDING","","","","","","","0",""
"193","Корпус 2.2","Корпус 2.2/POZD_WEB_K2-2_s7_et2_5.ai","D:\AI\AITRASH\LIBRARY\02_CATALOG\02_PRESALE_Поздняково\01_ARTIFACTS\МКД2\Корпус 2.2\POZD_WEB_K2-2_s7_et2_5.ai","D:\AI\AITRASH\LIBRARY\02_CATALOG\02_PRESALE_Поздняково\01_ARTIFACTS\МКД2\Корпус 2.2\POZD_WEB_K2-2_s7_et2_5.png","209521","2422023ac83a062e4bace1469969211b87830a5d2278b31926f808d69e52a967","","","","PENDING","","","","","","","0",""
"194","Корпус 2.2","Корпус 2.2/POZD_WEB_K2-2_s7_et2_6.ai","D:\AI\AITRASH\LIBRARY\02_CATALOG\02_PRESALE_Поздняково\01_ARTIFACTS\МКД2\Корпус 2.2\POZD_WEB_K2-2_s7_et2_6.ai","D:\AI\AITRASH\LIBRARY\02_CATALOG\02_PRESALE_Поздняково\01_ARTIFACTS\МКД2\Корпус 2.2\POZD_WEB_K2-2_s7_et2_6.png","223409","b6feffcd38cf492f583be2c4a24321117fd69e03b66df0c6af37eb924ed7bc70","","","","PENDING","","","","","","","0",""
"195","Корпус 2.2","Корпус 2.2/POZD_WEB_K2-2_s7_et3,5_1.ai","D:\AI\AITRASH\LIBRARY\02_CATALOG\02_PRESALE_Поздняково\01_ARTIFACTS\МКД2\Корпус 2.2\POZD_WEB_K2-2_s7_et3,5_1.ai","D:\AI\AITRASH\LIBRARY\02_CATALOG\02_PRESALE_Поздняково\01_ARTIFACTS\МКД2\Корпус 2.2\POZD_WEB_K2-2_s7_et3,5_1.png","171786","efbe229ddf142114d762689a194caddb92ddcb13425b427303e2d6da529f0ff2","","","","PENDING","","","","","","","0",""
"196","Корпус 2.2","Корпус 2.2/POZD_WEB_K2-2_s7_et3,5_3.ai","D:\AI\AITRASH\LIBRARY\02_CATALOG\02_PRESALE_Поздняково\01_ARTIFACTS\МКД2\Корпус 2.2\POZD_WEB_K2-2_s7_et3,5_3.ai","D:\AI\AITRASH\LIBRARY\02_CATALOG\02_PRESALE_Поздняково\01_ARTIFACTS\МКД2\Корпус 2.2\POZD_WEB_K2-2_s7_et3,5_3.png","200068","0c9adb6270c8f0f6f3fd4dcd425493218ea4a0e747a4552f467d0f15ce48079e","","","","PENDING","","","","","","","0",""
"197","Корпус 2.2","Корпус 2.2/POZD_WEB_K2-2_s7_et3,5_4.ai","D:\AI\AITRASH\LIBRARY\02_CATALOG\02_PRESALE_Поздняково\01_ARTIFACTS\МКД2\Корпус 2.2\POZD_WEB_K2-2_s7_et3,5_4.ai","D:\AI\AITRASH\LIBRARY\02_CATALOG\02_PRESALE_Поздняково\01_ARTIFACTS\МКД2\Корпус 2.2\POZD_WEB_K2-2_s7_et3,5_4.png","202155","95530577dcabd639e1b5962f37288aa673802bee703bbeb1d7e40b40cf486b48","","","","PENDING","","","","","","","0",""
"198","Корпус 2.2","Корпус 2.2/POZD_WEB_K2-2_s7_et3,5_5.ai","D:\AI\AITRASH\LIBRARY\02_CATALOG\02_PRESALE_Поздняково\01_ARTIFACTS\МКД2\Корпус 2.2\POZD_WEB_K2-2_s7_et3,5_5.ai","D:\AI\AITRASH\LIBRARY\02_CATALOG\02_PRESALE_Поздняково\01_ARTIFACTS\МКД2\Корпус 2.2\POZD_WEB_K2-2_s7_et3,5_5.png","205086","a1ca669b0b57419366c1188b1f562e835c3dfeba411a2d791f9c0380f8096074","","","","PENDING","","","","","","","0",""
"199","Корпус 2.2","Корпус 2.2/POZD_WEB_K2-2_s7_et3,5_6.ai","D:\AI\AITRASH\LIBRARY\02_CATALOG\02_PRESALE_Поздняково\01_ARTIFACTS\МКД2\Корпус 2.2\POZD_WEB_K2-2_s7_et3,5_6.ai","D:\AI\AITRASH\LIBRARY\02_CATALOG\02_PRESALE_Поздняково\01_ARTIFACTS\МКД2\Корпус 2.2\POZD_WEB_K2-2_s7_et3,5_6.png","228662","153611d8b0daea44341e46bc4d8d05abe920c0cc99a84020f7e0869dc67caec1","","","","PENDING","","","","","","","0",""
"200","Корпус 2.2","Корпус 2.2/POZD_WEB_K2-2_s7_et3,6_2.ai","D:\AI\AITRASH\LIBRARY\02_CATALOG\02_PRESALE_Поздняково\01_ARTIFACTS\МКД2\Корпус 2.2\POZD_WEB_K2-2_s7_et3,6_2.ai","D:\AI\AITRASH\LIBRARY\02_CATALOG\02_PRESALE_Поздняково\01_ARTIFACTS\МКД2\Корпус 2.2\POZD_WEB_K2-2_s7_et3,6_2.png","171596","1ad982fe58e5340fd6ae7cf4185e471bc6a8d8736e15f2087dfd31533d3f08ee","","","","PENDING","","","","","","","0",""
"201","Корпус 2.2","Корпус 2.2/POZD_WEB_K2-2_s7_et4_2.ai","D:\AI\AITRASH\LIBRARY\02_CATALOG\02_PRESALE_Поздняково\01_ARTIFACTS\МКД2\Корпус 2.2\POZD_WEB_K2-2_s7_et4_2.ai","D:\AI\AITRASH\LIBRARY\02_CATALOG\02_PRESALE_Поздняково\01_ARTIFACTS\МКД2\Корпус 2.2\POZD_WEB_K2-2_s7_et4_2.png","174805","eee9f2a0ff8abe0b3fd8dc91585e342f6d7e5e6ef90f4488a6da5dd6acb3f502","","","","PENDING","","","","","","","0",""
"202","Корпус 2.2","Корпус 2.2/POZD_WEB_K2-2_s7_et4_3.ai","D:\AI\AITRASH\LIBRARY\02_CATALOG\02_PRESALE_Поздняково\01_ARTIFACTS\МКД2\Корпус 2.2\POZD_WEB_K2-2_s7_et4_3.ai","D:\AI\AITRASH\LIBRARY\02_CATALOG\02_PRESALE_Поздняково\01_ARTIFACTS\МКД2\Корпус 2.2\POZD_WEB_K2-2_s7_et4_3.png","201981","fb6d6ccadd6c9d127ae4e6438efd1a5ef0f7a2442845fa50524723963a602178","","","","PENDING","","","","","","","0",""
"203","Корпус 2.2","Корпус 2.2/POZD_WEB_K2-2_s7_et4_4.ai","D:\AI\AITRASH\LIBRARY\02_CATALOG\02_PRESALE_Поздняково\01_ARTIFACTS\МКД2\Корпус 2.2\POZD_WEB_K2-2_s7_et4_4.ai","D:\AI\AITRASH\LIBRARY\02_CATALOG\02_PRESALE_Поздняково\01_ARTIFACTS\МКД2\Корпус 2.2\POZD_WEB_K2-2_s7_et4_4.png","202400","ded51f3ae7f99b68d237d05e6c45d3af1b1249f9524cf96b3bdab624a605a0d7","","","","PENDING","","","","","","","0",""
"204","Корпус 2.2","Корпус 2.2/POZD_WEB_K2-2_s7_et4_5.ai","D:\AI\AITRASH\LIBRARY\02_CATALOG\02_PRESALE_Поздняково\01_ARTIFACTS\МКД2\Корпус 2.2\POZD_WEB_K2-2_s7_et4_5.ai","D:\AI\AITRASH\LIBRARY\02_CATALOG\02_PRESALE_Поздняково\01_ARTIFACTS\МКД2\Корпус 2.2\POZD_WEB_K2-2_s7_et4_5.png","205272","ee22f5f546e4ba07a8866d792399fce8a70d18a3f1bff00d7b5768faa67c9e18","","","","PENDING","","","","","","","0",""
"205","Корпус 2.2","Корпус 2.2/POZD_WEB_K2-2_s7_et4_6.ai","D:\AI\AITRASH\LIBRARY\02_CATALOG\02_PRESALE_Поздняково\01_ARTIFACTS\МКД2\Корпус 2.2\POZD_WEB_K2-2_s7_et4_6.ai","D:\AI\AITRASH\LIBRARY\02_CATALOG\02_PRESALE_Поздняково\01_ARTIFACTS\МКД2\Корпус 2.2\POZD_WEB_K2-2_s7_et4_6.png","228024","a2209d4a9c64088e291e5832af00c8b3776b0d235b0d3e43a7b5439bcf988ff3","","","","PENDING","","","","","","","0",""
"206","Корпус 2.2","Корпус 2.2/POZD_WEB_K2-2_s7_et6_1.ai","D:\AI\AITRASH\LIBRARY\02_CATALOG\02_PRESALE_Поздняково\01_ARTIFACTS\МКД2\Корпус 2.2\POZD_WEB_K2-2_s7_et6_1.ai","D:\AI\AITRASH\LIBRARY\02_CATALOG\02_PRESALE_Поздняково\01_ARTIFACTS\МКД2\Корпус 2.2\POZD_WEB_K2-2_s7_et6_1.png","175181","7afc76e1e8703cdbfe9eb2ac2da99189341bac345a1d9d1e4654b76ca1b8cce2","","","","PENDING","","","","","","","0",""
"207","Корпус 2.2","Корпус 2.2/POZD_WEB_K2-2_s7_et6_3.ai","D:\AI\AITRASH\LIBRARY\02_CATALOG\02_PRESALE_Поздняково\01_ARTIFACTS\МКД2\Корпус 2.2\POZD_WEB_K2-2_s7_et6_3.ai","D:\AI\AITRASH\LIBRARY\02_CATALOG\02_PRESALE_Поздняково\01_ARTIFACTS\МКД2\Корпус 2.2\POZD_WEB_K2-2_s7_et6_3.png","199201","1606a95180f08638a58c8858d89283398c2fb0c58d72b14217240f016fcd7c63","","","","PENDING","","","","","","","0",""
"208","Корпус 2.2","Корпус 2.2/POZD_WEB_K2-2_s7_et6_5.ai","D:\AI\AITRASH\LIBRARY\02_CATALOG\02_PRESALE_Поздняково\01_ARTIFACTS\МКД2\Корпус 2.2\POZD_WEB_K2-2_s7_et6_5.ai","D:\AI\AITRASH\LIBRARY\02_CATALOG\02_PRESALE_Поздняково\01_ARTIFACTS\МКД2\Корпус 2.2\POZD_WEB_K2-2_s7_et6_5.png","209126","60ae215e26a72865423120a5bc08ae2e5ec56a25a9e41db84cff795eb735b8c7","","","","PENDING","","","","","","","0",""
"209","Корпус 2.2","Корпус 2.2/POZD_WEB_K2-2_s7_et6_6.ai","D:\AI\AITRASH\LIBRARY\02_CATALOG\02_PRESALE_Поздняково\01_ARTIFACTS\МКД2\Корпус 2.2\POZD_WEB_K2-2_s7_et6_6.ai","D:\AI\AITRASH\LIBRARY\02_CATALOG\02_PRESALE_Поздняково\01_ARTIFACTS\МКД2\Корпус 2.2\POZD_WEB_K2-2_s7_et6_6.png","228050","671160bb94fa8a31481a052cd424d9c8e6b1f52bd3adf09f952d38ee803a8cf1","","","","PENDING","","","","","","","0",""
"210","Корпус 2.3","Корпус 2.3/POZD_WEB_K2-3_s10_et1_1.ai","D:\AI\AITRASH\LIBRARY\02_CATALOG\02_PRESALE_Поздняково\01_ARTIFACTS\МКД2\Корпус 2.3\POZD_WEB_K2-3_s10_et1_1.ai","D:\AI\AITRASH\LIBRARY\02_CATALOG\02_PRESALE_Поздняково\01_ARTIFACTS\МКД2\Корпус 2.3\POZD_WEB_K2-3_s10_et1_1.png","206618","60e4be773478ef42b5abefc9cd27e58423e3b33fde1fffc0636d23ce0b87ce6c","","","","PENDING","","","","","","","0",""
"211","Корпус 2.3","Корпус 2.3/POZD_WEB_K2-3_s10_et1_2.ai","D:\AI\AITRASH\LIBRARY\02_CATALOG\02_PRESALE_Поздняково\01_ARTIFACTS\МКД2\Корпус 2.3\POZD_WEB_K2-3_s10_et1_2.ai","D:\AI\AITRASH\LIBRARY\02_CATALOG\02_PRESALE_Поздняково\01_ARTIFACTS\МКД2\Корпус 2.3\POZD_WEB_K2-3_s10_et1_2.png","237025","72accf6516636cc5f3ee9f0f9ac42b540dad414158c4d2e0cf2dad39a5d31eb3","","","","PENDING","","","","","","","0",""
"212","Корпус 2.3","Корпус 2.3/POZD_WEB_K2-3_s10_et1_3.ai","D:\AI\AITRASH\LIBRARY\02_CATALOG\02_PRESALE_Поздняково\01_ARTIFACTS\МКД2\Корпус 2.3\POZD_WEB_K2-3_s10_et1_3.ai","D:\AI\AITRASH\LIBRARY\02_CATALOG\02_PRESALE_Поздняково\01_ARTIFACTS\МКД2\Корпус 2.3\POZD_WEB_K2-3_s10_et1_3.png","279534","ad19978201b71aeb9e4a02c60f60200926889988dbdd827a60b40adf0e89188d","","","","PENDING","","","","","","","0",""
"213","Корпус 2.3","Корпус 2.3/POZD_WEB_K2-3_s10_et2,6_1.ai","D:\AI\AITRASH\LIBRARY\02_CATALOG\02_PRESALE_Поздняково\01_ARTIFACTS\МКД2\Корпус 2.3\POZD_WEB_K2-3_s10_et2,6_1.ai","D:\AI\AITRASH\LIBRARY\02_CATALOG\02_PRESALE_Поздняково\01_ARTIFACTS\МКД2\Корпус 2.3\POZD_WEB_K2-3_s10_et2,6_1.png","173527","7a8b51fa09dc5d92b57c32c353ee9b8f3666ad3d0f9f86f19864279ded061680","","","","PENDING","","","","","","","0",""
"214","Корпус 2.3","Корпус 2.3/POZD_WEB_K2-3_s10_et2,6_2.ai","D:\AI\AITRASH\LIBRARY\02_CATALOG\02_PRESALE_Поздняково\01_ARTIFACTS\МКД2\Корпус 2.3\POZD_WEB_K2-3_s10_et2,6_2.ai","D:\AI\AITRASH\LIBRARY\02_CATALOG\02_PRESALE_Поздняково\01_ARTIFACTS\МКД2\Корпус 2.3\POZD_WEB_K2-3_s10_et2,6_2.png","143459","cf0b7055401fa52da55ae400b2d9f96d9e94f602e659d27914aa2c59cb881ad8","","","","PENDING","","","","","","","0",""
"215","Корпус 2.3","Корпус 2.3/POZD_WEB_K2-3_s10_et2_3.ai","D:\AI\AITRASH\LIBRARY\02_CATALOG\02_PRESALE_Поздняково\01_ARTIFACTS\МКД2\Корпус 2.3\POZD_WEB_K2-3_s10_et2_3.ai","D:\AI\AITRASH\LIBRARY\02_CATALOG\02_PRESALE_Поздняково\01_ARTIFACTS\МКД2\Корпус 2.3\POZD_WEB_K2-3_s10_et2_3.png","199376","3953c2b854ff7d3f8bd75829e48262e1489d0a665672f345a4868f70edb09cb8","","","","PENDING","","","","","","","0",""
"216","Корпус 2.3","Корпус 2.3/POZD_WEB_K2-3_s10_et2_4.ai","D:\AI\AITRASH\LIBRARY\02_CATALOG\02_PRESALE_Поздняково\01_ARTIFACTS\МКД2\Корпус 2.3\POZD_WEB_K2-3_s10_et2_4.ai","D:\AI\AITRASH\LIBRARY\02_CATALOG\02_PRESALE_Поздняково\01_ARTIFACTS\МКД2\Корпус 2.3\POZD_WEB_K2-3_s10_et2_4.png","208726","8494fe1a2e92ab98807abf7820e1761c9278592d0f8793340448f72601ad4fd7","","","","PENDING","","","","","","","0",""
"217","Корпус 2.3","Корпус 2.3/POZD_WEB_K2-3_s10_et2_5.ai","D:\AI\AITRASH\LIBRARY\02_CATALOG\02_PRESALE_Поздняково\01_ARTIFACTS\МКД2\Корпус 2.3\POZD_WEB_K2-3_s10_et2_5.ai","D:\AI\AITRASH\LIBRARY\02_CATALOG\02_PRESALE_Поздняково\01_ARTIFACTS\МКД2\Корпус 2.3\POZD_WEB_K2-3_s10_et2_5.png","239608","b9c102bfe9013c43c8a2870a8542e3c076e6d76bad51b2c18dfd35b2ce0868cc","","","","PENDING","","","","","","","0",""
"218","Корпус 2.3","Корпус 2.3/POZD_WEB_K2-3_s10_et2_6.ai","D:\AI\AITRASH\LIBRARY\02_CATALOG\02_PRESALE_Поздняково\01_ARTIFACTS\МКД2\Корпус 2.3\POZD_WEB_K2-3_s10_et2_6.ai","D:\AI\AITRASH\LIBRARY\02_CATALOG\02_PRESALE_Поздняково\01_ARTIFACTS\МКД2\Корпус 2.3\POZD_WEB_K2-3_s10_et2_6.png","207331","d720245de7fe0d8a2a167d2b616bd603bcb2b5bbe267c0f69e063361daf61f7b","","","","PENDING","","","","","","","0",""
"219","Корпус 2.3","Корпус 2.3/POZD_WEB_K2-3_s10_et3,5_1.ai","D:\AI\AITRASH\LIBRARY\02_CATALOG\02_PRESALE_Поздняково\01_ARTIFACTS\МКД2\Корпус 2.3\POZD_WEB_K2-3_s10_et3,5_1.ai","D:\AI\AITRASH\LIBRARY\02_CATALOG\02_PRESALE_Поздняково\01_ARTIFACTS\МКД2\Корпус 2.3\POZD_WEB_K2-3_s10_et3,5_1.png","175032","1047c47cdfc751dbcead82b688f42be82d167517f26ce293afe9fb99aeaf5e07","","","","PENDING","","","","","","","0",""
"220","Корпус 2.3","Корпус 2.3/POZD_WEB_K2-3_s10_et3,5_2.ai","D:\AI\AITRASH\LIBRARY\02_CATALOG\02_PRESALE_Поздняково\01_ARTIFACTS\МКД2\Корпус 2.3\POZD_WEB_K2-3_s10_et3,5_2.ai","D:\AI\AITRASH\LIBRARY\02_CATALOG\02_PRESALE_Поздняково\01_ARTIFACTS\МКД2\Корпус 2.3\POZD_WEB_K2-3_s10_et3,5_2.png","143426","25215302edca2146c40a29e540c8731b23502e009bbc20756de60fdab801e204","","","","PENDING","","","","","","","0",""
"221","Корпус 2.3","Корпус 2.3/POZD_WEB_K2-3_s10_et3,5_4.ai","D:\AI\AITRASH\LIBRARY\02_CATALOG\02_PRESALE_Поздняково\01_ARTIFACTS\МКД2\Корпус 2.3\POZD_WEB_K2-3_s10_et3,5_4.ai","D:\AI\AITRASH\LIBRARY\02_CATALOG\02_PRESALE_Поздняково\01_ARTIFACTS\МКД2\Корпус 2.3\POZD_WEB_K2-3_s10_et3,5_4.png","203813","3f75a1cd56ed884c45599970ab1ad02f0f5185225b99a15b7d085acbed40f17d","","","","PENDING","","","","","","","0",""
"222","Корпус 2.3","Корпус 2.3/POZD_WEB_K2-3_s10_et3,5_6.ai","D:\AI\AITRASH\LIBRARY\02_CATALOG\02_PRESALE_Поздняково\01_ARTIFACTS\МКД2\Корпус 2.3\POZD_WEB_K2-3_s10_et3,5_6.ai","D:\AI\AITRASH\LIBRARY\02_CATALOG\02_PRESALE_Поздняково\01_ARTIFACTS\МКД2\Корпус 2.3\POZD_WEB_K2-3_s10_et3,5_6.png","205177","db3639e38a98902691940124a87acd46e917a18e0c66fa29df6c8609df55eb9c","","","","PENDING","","","","","","","0",""
"223","Корпус 2.3","Корпус 2.3/POZD_WEB_K2-3_s10_et3_3.ai","D:\AI\AITRASH\LIBRARY\02_CATALOG\02_PRESALE_Поздняково\01_ARTIFACTS\МКД2\Корпус 2.3\POZD_WEB_K2-3_s10_et3_3.ai","D:\AI\AITRASH\LIBRARY\02_CATALOG\02_PRESALE_Поздняково\01_ARTIFACTS\МКД2\Корпус 2.3\POZD_WEB_K2-3_s10_et3_3.png","193857","7f651c53eba60416017dc461398c24df718e4ec2c7d4cc29ff0875a217148424","","","","PENDING","","","","","","","0",""
"224","Корпус 2.3","Корпус 2.3/POZD_WEB_K2-3_s10_et4_1.ai","D:\AI\AITRASH\LIBRARY\02_CATALOG\02_PRESALE_Поздняково\01_ARTIFACTS\МКД2\Корпус 2.3\POZD_WEB_K2-3_s10_et4_1.ai","D:\AI\AITRASH\LIBRARY\02_CATALOG\02_PRESALE_Поздняково\01_ARTIFACTS\МКД2\Корпус 2.3\POZD_WEB_K2-3_s10_et4_1.png","178902","f56ddf8cc464ae005756614dc626cc3027cfa5404690fe1b4ff9d97f2ad5f802","","","","PENDING","","","","","","","0",""
"225","Корпус 2.3","Корпус 2.3/POZD_WEB_K2-3_s10_et4_2.ai","D:\AI\AITRASH\LIBRARY\02_CATALOG\02_PRESALE_Поздняково\01_ARTIFACTS\МКД2\Корпус 2.3\POZD_WEB_K2-3_s10_et4_2.ai","D:\AI\AITRASH\LIBRARY\02_CATALOG\02_PRESALE_Поздняково\01_ARTIFACTS\МКД2\Корпус 2.3\POZD_WEB_K2-3_s10_et4_2.png","143233","7ca2674e210633806a47709d9c74db46ea3f8de97f529e500ff1399b97c45dd5","","","","PENDING","","","","","","","0",""
"226","Корпус 2.3","Корпус 2.3/POZD_WEB_K2-3_s10_et4_3.ai","D:\AI\AITRASH\LIBRARY\02_CATALOG\02_PRESALE_Поздняково\01_ARTIFACTS\МКД2\Корпус 2.3\POZD_WEB_K2-3_s10_et4_3.ai","D:\AI\AITRASH\LIBRARY\02_CATALOG\02_PRESALE_Поздняково\01_ARTIFACTS\МКД2\Корпус 2.3\POZD_WEB_K2-3_s10_et4_3.png","193426","96be20ab5b68aa5c8b39cf36f1ee866627bf1fd627e5f2c668c47d8817c2308f","","","","PENDING","","","","","","","0",""
"227","Корпус 2.3","Корпус 2.3/POZD_WEB_K2-3_s10_et4_4.ai","D:\AI\AITRASH\LIBRARY\02_CATALOG\02_PRESALE_Поздняково\01_ARTIFACTS\МКД2\Корпус 2.3\POZD_WEB_K2-3_s10_et4_4.ai","D:\AI\AITRASH\LIBRARY\02_CATALOG\02_PRESALE_Поздняково\01_ARTIFACTS\МКД2\Корпус 2.3\POZD_WEB_K2-3_s10_et4_4.png","213078","ed3a1dce5abc744f34338848e706565fc0c5221ee6c6b45307ce1cb54230ed6f","","","","PENDING","","","","","","","0",""
"228","Корпус 2.3","Корпус 2.3/POZD_WEB_K2-3_s10_et4_5.ai","D:\AI\AITRASH\LIBRARY\02_CATALOG\02_PRESALE_Поздняково\01_ARTIFACTS\МКД2\Корпус 2.3\POZD_WEB_K2-3_s10_et4_5.ai","D:\AI\AITRASH\LIBRARY\02_CATALOG\02_PRESALE_Поздняково\01_ARTIFACTS\МКД2\Корпус 2.3\POZD_WEB_K2-3_s10_et4_5.png","239236","9e8502c0b4665e2b1ae9e1b2a636a2d2766b6de0c22ab0143bda42836a3ce4b7","","","","PENDING","","","","","","","0",""
"229","Корпус 2.3","Корпус 2.3/POZD_WEB_K2-3_s10_et4_6.ai","D:\AI\AITRASH\LIBRARY\02_CATALOG\02_PRESALE_Поздняково\01_ARTIFACTS\МКД2\Корпус 2.3\POZD_WEB_K2-3_s10_et4_6.ai","D:\AI\AITRASH\LIBRARY\02_CATALOG\02_PRESALE_Поздняково\01_ARTIFACTS\МКД2\Корпус 2.3\POZD_WEB_K2-3_s10_et4_6.png","204643","066c43f82ce7f3fae3d593751406a067de6bb5b41537ed3ddf6f6b6ade462659","","","","PENDING","","","","","","","0",""
"230","Корпус 2.3","Корпус 2.3/POZD_WEB_K2-3_s10_et6_3.ai","D:\AI\AITRASH\LIBRARY\02_CATALOG\02_PRESALE_Поздняково\01_ARTIFACTS\МКД2\Корпус 2.3\POZD_WEB_K2-3_s10_et6_3.ai","D:\AI\AITRASH\LIBRARY\02_CATALOG\02_PRESALE_Поздняково\01_ARTIFACTS\МКД2\Корпус 2.3\POZD_WEB_K2-3_s10_et6_3.png","197972","a886e6ea8e2bc0129cb84c0d92ba4aa491cfb83589bc7b6fa8fd6ddc45e2e03d","","","","PENDING","","","","","","","0",""
"231","Корпус 2.3","Корпус 2.3/POZD_WEB_K2-3_s10_et6_4.ai","D:\AI\AITRASH\LIBRARY\02_CATALOG\02_PRESALE_Поздняково\01_ARTIFACTS\МКД2\Корпус 2.3\POZD_WEB_K2-3_s10_et6_4.ai","D:\AI\AITRASH\LIBRARY\02_CATALOG\02_PRESALE_Поздняково\01_ARTIFACTS\МКД2\Корпус 2.3\POZD_WEB_K2-3_s10_et6_4.png","209516","afbaea7f98366f7e13fc1202affcad4be079fd6ca66b2156468793bdf5343c48","","","","PENDING","","","","","","","0",""
"232","Корпус 2.3","Корпус 2.3/POZD_WEB_K2-3_s10_et6_5.ai","D:\AI\AITRASH\LIBRARY\02_CATALOG\02_PRESALE_Поздняково\01_ARTIFACTS\МКД2\Корпус 2.3\POZD_WEB_K2-3_s10_et6_5.ai","D:\AI\AITRASH\LIBRARY\02_CATALOG\02_PRESALE_Поздняково\01_ARTIFACTS\МКД2\Корпус 2.3\POZD_WEB_K2-3_s10_et6_5.png","160972","2ea7d1d9d2face815efc7c6d88681b6e23ad8377db7e2c04be9a658477266749","","","","PENDING","","","","","","","0",""
"233","Корпус 2.3","Корпус 2.3/POZD_WEB_K2-3_s10_et6_6.ai","D:\AI\AITRASH\LIBRARY\02_CATALOG\02_PRESALE_Поздняково\01_ARTIFACTS\МКД2\Корпус 2.3\POZD_WEB_K2-3_s10_et6_6.ai","D:\AI\AITRASH\LIBRARY\02_CATALOG\02_PRESALE_Поздняково\01_ARTIFACTS\МКД2\Корпус 2.3\POZD_WEB_K2-3_s10_et6_6.png","446354","5dd086afca2f288af8e795e6f5ffa1407ff2b2f7465f140b3d2727828eb5a305","","","","PENDING","","","","","","","0",""
"234","Корпус 2.3","Корпус 2.3/POZD_WEB_K2-3_s11_et1_4.ai","D:\AI\AITRASH\LIBRARY\02_CATALOG\02_PRESALE_Поздняково\01_ARTIFACTS\МКД2\Корпус 2.3\POZD_WEB_K2-3_s11_et1_4.ai","D:\AI\AITRASH\LIBRARY\02_CATALOG\02_PRESALE_Поздняково\01_ARTIFACTS\МКД2\Корпус 2.3\POZD_WEB_K2-3_s11_et1_4.png","261197","33e1f73872ca17c9aff26e183b91f322a54b0ab7863a44cc0162d7a242cea05d","","","","PENDING","","","","","","","0",""
"235","Корпус 2.3","Корпус 2.3/POZD_WEB_K2-3_s11_et1_5.ai","D:\AI\AITRASH\LIBRARY\02_CATALOG\02_PRESALE_Поздняково\01_ARTIFACTS\МКД2\Корпус 2.3\POZD_WEB_K2-3_s11_et1_5.ai","D:\AI\AITRASH\LIBRARY\02_CATALOG\02_PRESALE_Поздняково\01_ARTIFACTS\МКД2\Корпус 2.3\POZD_WEB_K2-3_s11_et1_5.png","251711","4b1c0cb585b7c98dc95b9d93b905e1018e1b1204616679788300082091944f1c","","","","PENDING","","","","","","","0",""
"236","Корпус 2.3","Корпус 2.3/POZD_WEB_K2-3_s11_et1_6.ai","D:\AI\AITRASH\LIBRARY\02_CATALOG\02_PRESALE_Поздняково\01_ARTIFACTS\МКД2\Корпус 2.3\POZD_WEB_K2-3_s11_et1_6.ai","D:\AI\AITRASH\LIBRARY\02_CATALOG\02_PRESALE_Поздняково\01_ARTIFACTS\МКД2\Корпус 2.3\POZD_WEB_K2-3_s11_et1_6.png","281280","9ac87d31d087a4c9afbe78525b1329b74d8bb2b3f25a7a3c236c70950c5694fb","","","","PENDING","","","","","","","0",""
"237","Корпус 2.3","Корпус 2.3/POZD_WEB_K2-3_s11_et1_7.ai","D:\AI\AITRASH\LIBRARY\02_CATALOG\02_PRESALE_Поздняково\01_ARTIFACTS\МКД2\Корпус 2.3\POZD_WEB_K2-3_s11_et1_7.ai","D:\AI\AITRASH\LIBRARY\02_CATALOG\02_PRESALE_Поздняково\01_ARTIFACTS\МКД2\Корпус 2.3\POZD_WEB_K2-3_s11_et1_7.png","359177","df616be3c845ddb78b90a738c9fc45d43fea2e31d33aa1098e582b2c42727a88","","","","PENDING","","","","","","","0",""
"238","Корпус 2.3","Корпус 2.3/POZD_WEB_K2-3_s11_et2,4_2.ai","D:\AI\AITRASH\LIBRARY\02_CATALOG\02_PRESALE_Поздняково\01_ARTIFACTS\МКД2\Корпус 2.3\POZD_WEB_K2-3_s11_et2,4_2.ai","D:\AI\AITRASH\LIBRARY\02_CATALOG\02_PRESALE_Поздняково\01_ARTIFACTS\МКД2\Корпус 2.3\POZD_WEB_K2-3_s11_et2,4_2.png","168110","ab26d6cfca5d5d560cad2f5c9eb8efc35daf921f6e5f945cd2a015b4ec8db60f","","","","PENDING","","","","","","","0",""
"239","Корпус 2.3","Корпус 2.3/POZD_WEB_K2-3_s11_et2,6_1.ai","D:\AI\AITRASH\LIBRARY\02_CATALOG\02_PRESALE_Поздняково\01_ARTIFACTS\МКД2\Корпус 2.3\POZD_WEB_K2-3_s11_et2,6_1.ai","D:\AI\AITRASH\LIBRARY\02_CATALOG\02_PRESALE_Поздняково\01_ARTIFACTS\МКД2\Корпус 2.3\POZD_WEB_K2-3_s11_et2,6_1.png","254226","93bcde347dc390abfafc92aebe7492c5b706564fdcdc640a9d3404026f1f82d0","","","","PENDING","","","","","","","0",""
"240","Корпус 2.3","Корпус 2.3/POZD_WEB_K2-3_s11_et2,6_4.ai","D:\AI\AITRASH\LIBRARY\02_CATALOG\02_PRESALE_Поздняково\01_ARTIFACTS\МКД2\Корпус 2.3\POZD_WEB_K2-3_s11_et2,6_4.ai","D:\AI\AITRASH\LIBRARY\02_CATALOG\02_PRESALE_Поздняково\01_ARTIFACTS\МКД2\Корпус 2.3\POZD_WEB_K2-3_s11_et2,6_4.png","266176","154b917f6f8f84aef60fc5c09f39570b9286f58e7f079c281a29c613ea0c38da","","","","PENDING","","","","","","","0",""
"241","Корпус 2.3","Корпус 2.3/POZD_WEB_K2-3_s11_et2_3.ai","D:\AI\AITRASH\LIBRARY\02_CATALOG\02_PRESALE_Поздняково\01_ARTIFACTS\МКД2\Корпус 2.3\POZD_WEB_K2-3_s11_et2_3.ai","D:\AI\AITRASH\LIBRARY\02_CATALOG\02_PRESALE_Поздняково\01_ARTIFACTS\МКД2\Корпус 2.3\POZD_WEB_K2-3_s11_et2_3.png","170322","911444934709c322d17f47a153941bce9db81fe3ffb2899f4659393725099e7f","","","","PENDING","","","","","","","0",""
"242","Корпус 2.3","Корпус 2.3/POZD_WEB_K2-3_s11_et3,5_1.ai","D:\AI\AITRASH\LIBRARY\02_CATALOG\02_PRESALE_Поздняково\01_ARTIFACTS\МКД2\Корпус 2.3\POZD_WEB_K2-3_s11_et3,5_1.ai","D:\AI\AITRASH\LIBRARY\02_CATALOG\02_PRESALE_Поздняково\01_ARTIFACTS\МКД2\Корпус 2.3\POZD_WEB_K2-3_s11_et3,5_1.png","251360","f04d113e29c1d665a4c8e266b0996622b073e825f172bfe98d4f00cd0adc2442","","","","PENDING","","","","","","","0",""
"243","Корпус 2.3","Корпус 2.3/POZD_WEB_K2-3_s11_et3,5_2.ai","D:\AI\AITRASH\LIBRARY\02_CATALOG\02_PRESALE_Поздняково\01_ARTIFACTS\МКД2\Корпус 2.3\POZD_WEB_K2-3_s11_et3,5_2.ai","D:\AI\AITRASH\LIBRARY\02_CATALOG\02_PRESALE_Поздняково\01_ARTIFACTS\МКД2\Корпус 2.3\POZD_WEB_K2-3_s11_et3,5_2.png","168075","5b59c845a071c74a073cacaab378267fd9af030644933d85b9ec04c4fca5ac08","","","","PENDING","","","","","","","0",""
"244","Корпус 2.3","Корпус 2.3/POZD_WEB_K2-3_s11_et3,5_3.ai","D:\AI\AITRASH\LIBRARY\02_CATALOG\02_PRESALE_Поздняково\01_ARTIFACTS\МКД2\Корпус 2.3\POZD_WEB_K2-3_s11_et3,5_3.ai","D:\AI\AITRASH\LIBRARY\02_CATALOG\02_PRESALE_Поздняково\01_ARTIFACTS\МКД2\Корпус 2.3\POZD_WEB_K2-3_s11_et3,5_3.png","171134","39fbc49e6d615e48ebc3c0694d3e1f9dd1301da3e1e6752377b8ec764cb71b6c","","","","PENDING","","","","","","","0",""
"245","Корпус 2.3","Корпус 2.3/POZD_WEB_K2-3_s11_et3,5_4.ai","D:\AI\AITRASH\LIBRARY\02_CATALOG\02_PRESALE_Поздняково\01_ARTIFACTS\МКД2\Корпус 2.3\POZD_WEB_K2-3_s11_et3,5_4.ai","D:\AI\AITRASH\LIBRARY\02_CATALOG\02_PRESALE_Поздняково\01_ARTIFACTS\МКД2\Корпус 2.3\POZD_WEB_K2-3_s11_et3,5_4.png","263690","b268054ca1712cf12d30a7ad17abf6e9c76663fbd9cd45096b7a09b9d2789539","","","","PENDING","","","","","","","0",""
"246","Корпус 2.3","Корпус 2.3/POZD_WEB_K2-3_s11_et4_1.ai","D:\AI\AITRASH\LIBRARY\02_CATALOG\02_PRESALE_Поздняково\01_ARTIFACTS\МКД2\Корпус 2.3\POZD_WEB_K2-3_s11_et4_1.ai","D:\AI\AITRASH\LIBRARY\02_CATALOG\02_PRESALE_Поздняково\01_ARTIFACTS\МКД2\Корпус 2.3\POZD_WEB_K2-3_s11_et4_1.png","255602","d3f70d1169b5ae7a79dc484010ab6502f8ffb542778a251c5066d63a1fa37401","","","","PENDING","","","","","","","0",""
"247","Корпус 2.3","Корпус 2.3/POZD_WEB_K2-3_s11_et4_3.ai","D:\AI\AITRASH\LIBRARY\02_CATALOG\02_PRESALE_Поздняково\01_ARTIFACTS\МКД2\Корпус 2.3\POZD_WEB_K2-3_s11_et4_3.ai","D:\AI\AITRASH\LIBRARY\02_CATALOG\02_PRESALE_Поздняково\01_ARTIFACTS\МКД2\Корпус 2.3\POZD_WEB_K2-3_s11_et4_3.png","172789","3a0ef3db9e54b8218332575a3481be52a02895aa37452066592294bb8f4533f1","","","","PENDING","","","","","","","0",""
"248","Корпус 2.3","Корпус 2.3/POZD_WEB_K2-3_s11_et4_4.ai","D:\AI\AITRASH\LIBRARY\02_CATALOG\02_PRESALE_Поздняково\01_ARTIFACTS\МКД2\Корпус 2.3\POZD_WEB_K2-3_s11_et4_4.ai","D:\AI\AITRASH\LIBRARY\02_CATALOG\02_PRESALE_Поздняково\01_ARTIFACTS\МКД2\Корпус 2.3\POZD_WEB_K2-3_s11_et4_4.png","266071","443d9bf254cd05477eef32033fa83c777e90fbe47db3503d7f4eb67b2dbed13d","","","","PENDING","","","","","","","0",""
"249","Корпус 2.3","Корпус 2.3/POZD_WEB_K2-3_s11_et6_2.ai","D:\AI\AITRASH\LIBRARY\02_CATALOG\02_PRESALE_Поздняково\01_ARTIFACTS\МКД2\Корпус 2.3\POZD_WEB_K2-3_s11_et6_2.ai","D:\AI\AITRASH\LIBRARY\02_CATALOG\02_PRESALE_Поздняково\01_ARTIFACTS\МКД2\Корпус 2.3\POZD_WEB_K2-3_s11_et6_2.png","169518","b299d277e43ed37bab002c4daec1787dc530f81a5b9882f53c70fa30c1443ca7","","","","PENDING","","","","","","","0",""
"250","Корпус 2.3","Корпус 2.3/POZD_WEB_K2-3_s11_et6_3.ai","D:\AI\AITRASH\LIBRARY\02_CATALOG\02_PRESALE_Поздняково\01_ARTIFACTS\МКД2\Корпус 2.3\POZD_WEB_K2-3_s11_et6_3.ai","D:\AI\AITRASH\LIBRARY\02_CATALOG\02_PRESALE_Поздняково\01_ARTIFACTS\МКД2\Корпус 2.3\POZD_WEB_K2-3_s11_et6_3.png","170887","643952898bffcf8c5b02f94575f18004b46db63f4cc83e8dcb6e70a5c5b65f8f","","","","PENDING","","","","","","","0",""
"251","Корпус 2.3","Корпус 2.3/POZD_WEB_K2-3_s12_et1,4_2.ai","D:\AI\AITRASH\LIBRARY\02_CATALOG\02_PRESALE_Поздняково\01_ARTIFACTS\МКД2\Корпус 2.3\POZD_WEB_K2-3_s12_et1,4_2.ai","D:\AI\AITRASH\LIBRARY\02_CATALOG\02_PRESALE_Поздняково\01_ARTIFACTS\МКД2\Корпус 2.3\POZD_WEB_K2-3_s12_et1,4_2.png","258581","303ed1eabda58dbe82176d747995e441b567280f44922a34468240c901599b4a","","","","PENDING","","","","","","","0",""
"252","Корпус 2.3","Корпус 2.3/POZD_WEB_K2-3_s12_et1_1.ai","D:\AI\AITRASH\LIBRARY\02_CATALOG\02_PRESALE_Поздняково\01_ARTIFACTS\МКД2\Корпус 2.3\POZD_WEB_K2-3_s12_et1_1.ai","D:\AI\AITRASH\LIBRARY\02_CATALOG\02_PRESALE_Поздняково\01_ARTIFACTS\МКД2\Корпус 2.3\POZD_WEB_K2-3_s12_et1_1.png","282525","1c0819c10d854b69298b9360f3151939ea25c000ba6cb0d54ff64416fdbc5860","","","","PENDING","","","","","","","0",""
"253","Корпус 2.3","Корпус 2.3/POZD_WEB_K2-3_s12_et1_2.ai","D:\AI\AITRASH\LIBRARY\02_CATALOG\02_PRESALE_Поздняково\01_ARTIFACTS\МКД2\Корпус 2.3\POZD_WEB_K2-3_s12_et1_2.ai","D:\AI\AITRASH\LIBRARY\02_CATALOG\02_PRESALE_Поздняково\01_ARTIFACTS\МКД2\Корпус 2.3\POZD_WEB_K2-3_s12_et1_2.png","257864","5cd903fa8a228af5a00cdfe03c157a33bb7e7e376827ea1d592f828ecb0212df","","","","PENDING","","","","","","","0",""
"254","Корпус 2.3","Корпус 2.3/POZD_WEB_K2-3_s12_et1_3.ai","D:\AI\AITRASH\LIBRARY\02_CATALOG\02_PRESALE_Поздняково\01_ARTIFACTS\МКД2\Корпус 2.3\POZD_WEB_K2-3_s12_et1_3.ai","D:\AI\AITRASH\LIBRARY\02_CATALOG\02_PRESALE_Поздняково\01_ARTIFACTS\МКД2\Корпус 2.3\POZD_WEB_K2-3_s12_et1_3.png","305701","6b30067c6704f1d090107d53ad79f94a92dfb70fa47c635665c14931f260e35c","","","","PENDING","","","","","","","0",""
"255","Корпус 2.3","Корпус 2.3/POZD_WEB_K2-3_s12_et2_1.ai","D:\AI\AITRASH\LIBRARY\02_CATALOG\02_PRESALE_Поздняково\01_ARTIFACTS\МКД2\Корпус 2.3\POZD_WEB_K2-3_s12_et2_1.ai","D:\AI\AITRASH\LIBRARY\02_CATALOG\02_PRESALE_Поздняково\01_ARTIFACTS\МКД2\Корпус 2.3\POZD_WEB_K2-3_s12_et2_1.png","204450","cb9ab82be2214be097ba05b197d0f63c54212d9136d0c820a9475716cc0eae25","","","","PENDING","","","","","","","0",""
"256","Корпус 2.3","Корпус 2.3/POZD_WEB_K2-3_s12_et2_3.ai","D:\AI\AITRASH\LIBRARY\02_CATALOG\02_PRESALE_Поздняково\01_ARTIFACTS\МКД2\Корпус 2.3\POZD_WEB_K2-3_s12_et2_3.ai","D:\AI\AITRASH\LIBRARY\02_CATALOG\02_PRESALE_Поздняково\01_ARTIFACTS\МКД2\Корпус 2.3\POZD_WEB_K2-3_s12_et2_3.png","158546","5129ad2bc416ffd395417664059f65a6ef891d1ddb7990df118a6432f6a31591","","","","PENDING","","","","","","","0",""
"257","Корпус 2.3","Корпус 2.3/POZD_WEB_K2-3_s12_et2_4.ai","D:\AI\AITRASH\LIBRARY\02_CATALOG\02_PRESALE_Поздняково\01_ARTIFACTS\МКД2\Корпус 2.3\POZD_WEB_K2-3_s12_et2_4.ai","D:\AI\AITRASH\LIBRARY\02_CATALOG\02_PRESALE_Поздняково\01_ARTIFACTS\МКД2\Корпус 2.3\POZD_WEB_K2-3_s12_et2_4.png","258929","6944bab040c238d9cc3a5bed3062ca9a18c46f3cd428641dae6274d86bce1641","","","","PENDING","","","","","","","0",""
"258","Корпус 2.3","Корпус 2.3/POZD_WEB_K2-3_s12_et3,5_1.ai","D:\AI\AITRASH\LIBRARY\02_CATALOG\02_PRESALE_Поздняково\01_ARTIFACTS\МКД2\Корпус 2.3\POZD_WEB_K2-3_s12_et3,5_1.ai","D:\AI\AITRASH\LIBRARY\02_CATALOG\02_PRESALE_Поздняково\01_ARTIFACTS\МКД2\Корпус 2.3\POZD_WEB_K2-3_s12_et3,5_1.png","204298","ffe93b3d40fa013f886c232ec8062d49d1d2ed0f4836df9986f77f068a46b099","","","","PENDING","","","","","","","0",""
"259","Корпус 2.3","Корпус 2.3/POZD_WEB_K2-3_s12_et3,5_2.ai","D:\AI\AITRASH\LIBRARY\02_CATALOG\02_PRESALE_Поздняково\01_ARTIFACTS\МКД2\Корпус 2.3\POZD_WEB_K2-3_s12_et3,5_2.ai","D:\AI\AITRASH\LIBRARY\02_CATALOG\02_PRESALE_Поздняково\01_ARTIFACTS\МКД2\Корпус 2.3\POZD_WEB_K2-3_s12_et3,5_2.png","173246","7e67c9f3443bc01d1a603560f234b72ebad9d402b25c7c195ba5acef934ae608","","","","PENDING","","","","","","","0",""
"260","Корпус 2.3","Корпус 2.3/POZD_WEB_K2-3_s12_et3,5_3.ai","D:\AI\AITRASH\LIBRARY\02_CATALOG\02_PRESALE_Поздняково\01_ARTIFACTS\МКД2\Корпус 2.3\POZD_WEB_K2-3_s12_et3,5_3.ai","D:\AI\AITRASH\LIBRARY\02_CATALOG\02_PRESALE_Поздняково\01_ARTIFACTS\МКД2\Корпус 2.3\POZD_WEB_K2-3_s12_et3,5_3.png","158165","95c08c735f6d7c7a5e13bdd12a4144446dd888b9d21c6cf4cc03815d5fd26e1e","","","","PENDING","","","","","","","0",""
"261","Корпус 2.3","Корпус 2.3/POZD_WEB_K2-3_s12_et3_4.ai","D:\AI\AITRASH\LIBRARY\02_CATALOG\02_PRESALE_Поздняково\01_ARTIFACTS\МКД2\Корпус 2.3\POZD_WEB_K2-3_s12_et3_4.ai","D:\AI\AITRASH\LIBRARY\02_CATALOG\02_PRESALE_Поздняково\01_ARTIFACTS\МКД2\Корпус 2.3\POZD_WEB_K2-3_s12_et3_4.png","258213","5bc042e9605729c68d43f3e8c3b48fa6499fafec29564f0dd44b1f4524bd7a16","","","","PENDING","","","","","","","0",""
"262","Корпус 2.3","Корпус 2.3/POZD_WEB_K2-3_s12_et4_1.ai","D:\AI\AITRASH\LIBRARY\02_CATALOG\02_PRESALE_Поздняково\01_ARTIFACTS\МКД2\Корпус 2.3\POZD_WEB_K2-3_s12_et4_1.ai","D:\AI\AITRASH\LIBRARY\02_CATALOG\02_PRESALE_Поздняково\01_ARTIFACTS\МКД2\Корпус 2.3\POZD_WEB_K2-3_s12_et4_1.png","208323","19788aac65ea6619e9abf5f5659d188b8ec05f01743b6092b56fdfe26f22430b","","","","PENDING","","","","","","","0",""
"263","Корпус 2.3","Корпус 2.3/POZD_WEB_K2-3_s12_et4_3.ai","D:\AI\AITRASH\LIBRARY\02_CATALOG\02_PRESALE_Поздняково\01_ARTIFACTS\МКД2\Корпус 2.3\POZD_WEB_K2-3_s12_et4_3.ai","D:\AI\AITRASH\LIBRARY\02_CATALOG\02_PRESALE_Поздняково\01_ARTIFACTS\МКД2\Корпус 2.3\POZD_WEB_K2-3_s12_et4_3.png","159871","60ac2888e1b141be108a0d691a9474548bb5373a3692e0ff5fbfd7006bc5b341","","","","PENDING","","","","","","","0",""
"264","Корпус 2.3","Корпус 2.3/POZD_WEB_K2-3_s12_et4_4.ai","D:\AI\AITRASH\LIBRARY\02_CATALOG\02_PRESALE_Поздняково\01_ARTIFACTS\МКД2\Корпус 2.3\POZD_WEB_K2-3_s12_et4_4.ai","D:\AI\AITRASH\LIBRARY\02_CATALOG\02_PRESALE_Поздняково\01_ARTIFACTS\МКД2\Корпус 2.3\POZD_WEB_K2-3_s12_et4_4.png","257538","c288496a006cb5b2d2a7eb96989db7bd743f9e37b0fa3d50d540c97b0c70069f","","","","PENDING","","","","","","","0",""
"265","Корпус 2.3","Корпус 2.3/POZD_WEB_K2-3_s12_et5_4.ai","D:\AI\AITRASH\LIBRARY\02_CATALOG\02_PRESALE_Поздняково\01_ARTIFACTS\МКД2\Корпус 2.3\POZD_WEB_K2-3_s12_et5_4.ai","D:\AI\AITRASH\LIBRARY\02_CATALOG\02_PRESALE_Поздняково\01_ARTIFACTS\МКД2\Корпус 2.3\POZD_WEB_K2-3_s12_et5_4.png","257825","e4cfb83802de0f08962aa35832c51fd3bcc0b4f340d8c1f88ae1a9eef5986584","","","","PENDING","","","","","","","0",""
"266","Корпус 2.3","Корпус 2.3/POZD_WEB_K2-3_s12_et6_1.ai","D:\AI\AITRASH\LIBRARY\02_CATALOG\02_PRESALE_Поздняково\01_ARTIFACTS\МКД2\Корпус 2.3\POZD_WEB_K2-3_s12_et6_1.ai","D:\AI\AITRASH\LIBRARY\02_CATALOG\02_PRESALE_Поздняково\01_ARTIFACTS\МКД2\Корпус 2.3\POZD_WEB_K2-3_s12_et6_1.png","424715","7a752285339863225b729c8c5d193533d3f8b3727b85277658090aa76cac2f25","","","","PENDING","","","","","","","0",""
"267","Корпус 2.3","Корпус 2.3/POZD_WEB_K2-3_s12_et6_2.ai","D:\AI\AITRASH\LIBRARY\02_CATALOG\02_PRESALE_Поздняково\01_ARTIFACTS\МКД2\Корпус 2.3\POZD_WEB_K2-3_s12_et6_2.ai","D:\AI\AITRASH\LIBRARY\02_CATALOG\02_PRESALE_Поздняково\01_ARTIFACTS\МКД2\Корпус 2.3\POZD_WEB_K2-3_s12_et6_2.png","173812","caf702328d30613d2d3b5db650f7dd874880ee98122d29c71c0dc1f275a22151","","","","PENDING","","","","","","","0",""
"268","Корпус 2.3","Корпус 2.3/POZD_WEB_K2-3_s12_et6_3.ai","D:\AI\AITRASH\LIBRARY\02_CATALOG\02_PRESALE_Поздняково\01_ARTIFACTS\МКД2\Корпус 2.3\POZD_WEB_K2-3_s12_et6_3.ai","D:\AI\AITRASH\LIBRARY\02_CATALOG\02_PRESALE_Поздняково\01_ARTIFACTS\МКД2\Корпус 2.3\POZD_WEB_K2-3_s12_et6_3.png","159744","3a5003dc1682c85d719a1a4da843611726dd298f2cc05734f274dff2ff0f81e8","","","","PENDING","","","","","","","0",""
"269","Корпус 2.3","Корпус 2.3/POZD_WEB_K2-3_s12_et6_4.ai","D:\AI\AITRASH\LIBRARY\02_CATALOG\02_PRESALE_Поздняково\01_ARTIFACTS\МКД2\Корпус 2.3\POZD_WEB_K2-3_s12_et6_4.ai","D:\AI\AITRASH\LIBRARY\02_CATALOG\02_PRESALE_Поздняково\01_ARTIFACTS\МКД2\Корпус 2.3\POZD_WEB_K2-3_s12_et6_4.png","257782","57118133c38eaef8e3bcf82037be08f81221b10d736a4b3f0493332a18c3b8fd","","","","PENDING","","","","","","","0",""
"270","Корпус 2.3","Корпус 2.3/POZD_WEB_K2-3_s13_et1,3,5_9.ai","D:\AI\AITRASH\LIBRARY\02_CATALOG\02_PRESALE_Поздняково\01_ARTIFACTS\МКД2\Корпус 2.3\POZD_WEB_K2-3_s13_et1,3,5_9.ai","D:\AI\AITRASH\LIBRARY\02_CATALOG\02_PRESALE_Поздняково\01_ARTIFACTS\МКД2\Корпус 2.3\POZD_WEB_K2-3_s13_et1,3,5_9.png","266575","16bef8e3b3ea86aa90c6f70a07ae5c4eb57e835c91697a7180b5b7d4867c4a53","","","","PENDING","","","","","","","0",""
"271","Корпус 2.3","Корпус 2.3/POZD_WEB_K2-3_s13_et1,5_8.ai","D:\AI\AITRASH\LIBRARY\02_CATALOG\02_PRESALE_Поздняково\01_ARTIFACTS\МКД2\Корпус 2.3\POZD_WEB_K2-3_s13_et1,5_8.ai","D:\AI\AITRASH\LIBRARY\02_CATALOG\02_PRESALE_Поздняково\01_ARTIFACTS\МКД2\Корпус 2.3\POZD_WEB_K2-3_s13_et1,5_8.png","162483","1885b982635b5525804bc551a11b3608c2d517c54eb97a462372efb0630f89ac","","","","PENDING","","","","","","","0",""
"272","Корпус 2.3","Корпус 2.3/POZD_WEB_K2-3_s13_et1,6_6.ai","D:\AI\AITRASH\LIBRARY\02_CATALOG\02_PRESALE_Поздняково\01_ARTIFACTS\МКД2\Корпус 2.3\POZD_WEB_K2-3_s13_et1,6_6.ai","D:\AI\AITRASH\LIBRARY\02_CATALOG\02_PRESALE_Поздняково\01_ARTIFACTS\МКД2\Корпус 2.3\POZD_WEB_K2-3_s13_et1,6_6.png","220694","933f8f9e4bfd042c1072e6f4181186248db6e4310d5b99ae65382be6737f2ec1","","","","PENDING","","","","","","","0",""
"273","Корпус 2.3","Корпус 2.3/POZD_WEB_K2-3_s13_et1_2.ai","D:\AI\AITRASH\LIBRARY\02_CATALOG\02_PRESALE_Поздняково\01_ARTIFACTS\МКД2\Корпус 2.3\POZD_WEB_K2-3_s13_et1_2.ai","D:\AI\AITRASH\LIBRARY\02_CATALOG\02_PRESALE_Поздняково\01_ARTIFACTS\МКД2\Корпус 2.3\POZD_WEB_K2-3_s13_et1_2.png","242325","098f8a12a233af82f106fa558218390271f77368c5c48a20e8300bc332056317","","","","PENDING","","","","","","","0",""
"274","Корпус 2.3","Корпус 2.3/POZD_WEB_K2-3_s13_et1_3.ai","D:\AI\AITRASH\LIBRARY\02_CATALOG\02_PRESALE_Поздняково\01_ARTIFACTS\МКД2\Корпус 2.3\POZD_WEB_K2-3_s13_et1_3.ai","D:\AI\AITRASH\LIBRARY\02_CATALOG\02_PRESALE_Поздняково\01_ARTIFACTS\МКД2\Корпус 2.3\POZD_WEB_K2-3_s13_et1_3.png","205151","aab895160946a7937523ebeb20f6e639440b65cea13eaf564903ab3cffcf91a1","","","","PENDING","","","","","","","0",""
"275","Корпус 2.3","Корпус 2.3/POZD_WEB_K2-3_s13_et1_5.ai","D:\AI\AITRASH\LIBRARY\02_CATALOG\02_PRESALE_Поздняково\01_ARTIFACTS\МКД2\Корпус 2.3\POZD_WEB_K2-3_s13_et1_5.ai","D:\AI\AITRASH\LIBRARY\02_CATALOG\02_PRESALE_Поздняково\01_ARTIFACTS\МКД2\Корпус 2.3\POZD_WEB_K2-3_s13_et1_5.png","163216","4e4a603677b1438e5a2ccbe70bfefc52dc8166ed235eee38d5a5766c7576be73","","","","PENDING","","","","","","","0",""
"276","Корпус 2.3","Корпус 2.3/POZD_WEB_K2-3_s13_et1_6.ai","D:\AI\AITRASH\LIBRARY\02_CATALOG\02_PRESALE_Поздняково\01_ARTIFACTS\МКД2\Корпус 2.3\POZD_WEB_K2-3_s13_et1_6.ai","D:\AI\AITRASH\LIBRARY\02_CATALOG\02_PRESALE_Поздняково\01_ARTIFACTS\МКД2\Корпус 2.3\POZD_WEB_K2-3_s13_et1_6.png","219518","de4041ae9c3fe3e6318a5f41a76348fd3c2882237f3ec090e07dfa1a7fef57f2","","","","PENDING","","","","","","","0",""
"277","Корпус 2.3","Корпус 2.3/POZD_WEB_K2-3_s13_et1_7.ai","D:\AI\AITRASH\LIBRARY\02_CATALOG\02_PRESALE_Поздняково\01_ARTIFACTS\МКД2\Корпус 2.3\POZD_WEB_K2-3_s13_et1_7.ai","D:\AI\AITRASH\LIBRARY\02_CATALOG\02_PRESALE_Поздняково\01_ARTIFACTS\МКД2\Корпус 2.3\POZD_WEB_K2-3_s13_et1_7.png","169192","b6553f734d96030f6cb85a297309c28f8d0b8fae7f5a238c4299a2e0fad1f532","","","","PENDING","","","","","","","0",""
"278","Корпус 2.3","Корпус 2.3/POZD_WEB_K2-3_s13_et1_9.ai","D:\AI\AITRASH\LIBRARY\02_CATALOG\02_PRESALE_Поздняково\01_ARTIFACTS\МКД2\Корпус 2.3\POZD_WEB_K2-3_s13_et1_9.ai","D:\AI\AITRASH\LIBRARY\02_CATALOG\02_PRESALE_Поздняково\01_ARTIFACTS\МКД2\Корпус 2.3\POZD_WEB_K2-3_s13_et1_9.png","265912","5519ee7f6ec81ea30285795b1b7936f32025997ecf20608fc8674135f5695c2b","","","","PENDING","","","","","","","0",""
"279","Корпус 2.3","Корпус 2.3/POZD_WEB_K2-3_s13_et2,4_4.ai","D:\AI\AITRASH\LIBRARY\02_CATALOG\02_PRESALE_Поздняково\01_ARTIFACTS\МКД2\Корпус 2.3\POZD_WEB_K2-3_s13_et2,4_4.ai","D:\AI\AITRASH\LIBRARY\02_CATALOG\02_PRESALE_Поздняково\01_ARTIFACTS\МКД2\Корпус 2.3\POZD_WEB_K2-3_s13_et2,4_4.png","223655","546185d0e1d9ec0366c4d209eee4a3b9e9fffdc9994bb3a0e14c242711b64c61","","","","PENDING","","","","","","","0",""
"280","Корпус 2.3","Корпус 2.3/POZD_WEB_K2-3_s13_et2,5_2.ai","D:\AI\AITRASH\LIBRARY\02_CATALOG\02_PRESALE_Поздняково\01_ARTIFACTS\МКД2\Корпус 2.3\POZD_WEB_K2-3_s13_et2,5_2.ai","D:\AI\AITRASH\LIBRARY\02_CATALOG\02_PRESALE_Поздняково\01_ARTIFACTS\МКД2\Корпус 2.3\POZD_WEB_K2-3_s13_et2,5_2.png","156123","9e339267bf636dd54f001388387d8930ab1425d1aef81bae2187fe7f09bb6373","","","","PENDING","","","","","","","0",""
"281","Корпус 2.3","Корпус 2.3/POZD_WEB_K2-3_s13_et2,6_1.ai","D:\AI\AITRASH\LIBRARY\02_CATALOG\02_PRESALE_Поздняково\01_ARTIFACTS\МКД2\Корпус 2.3\POZD_WEB_K2-3_s13_et2,6_1.ai","D:\AI\AITRASH\LIBRARY\02_CATALOG\02_PRESALE_Поздняково\01_ARTIFACTS\МКД2\Корпус 2.3\POZD_WEB_K2-3_s13_et2,6_1.png","163699","300a979a765387049f8ec648b69517d7d329897d4c3d138fcf86312aa669bb5b","","","","PENDING","","","","","","","0",""
"282","Корпус 2.3","Корпус 2.3/POZD_WEB_K2-3_s13_et2,6_6.ai","D:\AI\AITRASH\LIBRARY\02_CATALOG\02_PRESALE_Поздняково\01_ARTIFACTS\МКД2\Корпус 2.3\POZD_WEB_K2-3_s13_et2,6_6.ai","D:\AI\AITRASH\LIBRARY\02_CATALOG\02_PRESALE_Поздняково\01_ARTIFACTS\МКД2\Корпус 2.3\POZD_WEB_K2-3_s13_et2,6_6.png","201548","f97316dd081f6066d8ab21d00c1d4771d365ad2f0df3221b3f68c3ee99a11562","","","","PENDING","","","","","","","0",""
"283","Корпус 2.3","Корпус 2.3/POZD_WEB_K2-3_s13_et2_11.ai","D:\AI\AITRASH\LIBRARY\02_CATALOG\02_PRESALE_Поздняково\01_ARTIFACTS\МКД2\Корпус 2.3\POZD_WEB_K2-3_s13_et2_11.ai","D:\AI\AITRASH\LIBRARY\02_CATALOG\02_PRESALE_Поздняково\01_ARTIFACTS\МКД2\Корпус 2.3\POZD_WEB_K2-3_s13_et2_11.png","179986","eb2c9cf490d42ff6cbeee3115793c0627b4e3f065cdcd72108d4f3905d0a5a68","","","","PENDING","","","","","","","0",""
"284","Корпус 2.3","Корпус 2.3/POZD_WEB_K2-3_s13_et2_3.ai","D:\AI\AITRASH\LIBRARY\02_CATALOG\02_PRESALE_Поздняково\01_ARTIFACTS\МКД2\Корпус 2.3\POZD_WEB_K2-3_s13_et2_3.ai","D:\AI\AITRASH\LIBRARY\02_CATALOG\02_PRESALE_Поздняково\01_ARTIFACTS\МКД2\Корпус 2.3\POZD_WEB_K2-3_s13_et2_3.png","160103","71e216ed4e65de64a9bb7b33854deac8a4afed6f9dfa991e2535a6dd46cde872","","","","PENDING","","","","","","","0",""
"285","Корпус 2.3","Корпус 2.3/POZD_WEB_K2-3_s13_et2_5.ai","D:\AI\AITRASH\LIBRARY\02_CATALOG\02_PRESALE_Поздняково\01_ARTIFACTS\МКД2\Корпус 2.3\POZD_WEB_K2-3_s13_et2_5.ai","D:\AI\AITRASH\LIBRARY\02_CATALOG\02_PRESALE_Поздняково\01_ARTIFACTS\МКД2\Корпус 2.3\POZD_WEB_K2-3_s13_et2_5.png","198453","559b65b6dbf2747ff2d92d7604cbba5517195d82922435190f19b53669af037b","","","","PENDING","","","","","","","0",""
"286","Корпус 2.3","Корпус 2.3/POZD_WEB_K2-3_s13_et2_7.ai","D:\AI\AITRASH\LIBRARY\02_CATALOG\02_PRESALE_Поздняково\01_ARTIFACTS\МКД2\Корпус 2.3\POZD_WEB_K2-3_s13_et2_7.ai","D:\AI\AITRASH\LIBRARY\02_CATALOG\02_PRESALE_Поздняково\01_ARTIFACTS\МКД2\Корпус 2.3\POZD_WEB_K2-3_s13_et2_7.png","162998","29d20dbde2e2a22c890174d9fa116395a12f3115a49329d803a41ba7b4565e2e","","","","PENDING","","","","","","","0",""
"287","Корпус 2.3","Корпус 2.3/POZD_WEB_K2-3_s13_et2_8.ai","D:\AI\AITRASH\LIBRARY\02_CATALOG\02_PRESALE_Поздняково\01_ARTIFACTS\МКД2\Корпус 2.3\POZD_WEB_K2-3_s13_et2_8.ai","D:\AI\AITRASH\LIBRARY\02_CATALOG\02_PRESALE_Поздняково\01_ARTIFACTS\МКД2\Корпус 2.3\POZD_WEB_K2-3_s13_et2_8.png","217718","fc8e13cfd98f8daf51ea2f146c66482ea223714149c2c7025ae9400aef673231","","","","PENDING","","","","","","","0",""
"288","Корпус 2.3","Корпус 2.3/POZD_WEB_K2-3_s13_et2_9.ai","D:\AI\AITRASH\LIBRARY\02_CATALOG\02_PRESALE_Поздняково\01_ARTIFACTS\МКД2\Корпус 2.3\POZD_WEB_K2-3_s13_et2_9.ai","D:\AI\AITRASH\LIBRARY\02_CATALOG\02_PRESALE_Поздняково\01_ARTIFACTS\МКД2\Корпус 2.3\POZD_WEB_K2-3_s13_et2_9.png","170448","1e99e4c5ab811b44c7079df6ba5ed85cfbc1f3d6b6398ad727e148967255c1ef","","","","PENDING","","","","","","","0",""
"289","Корпус 2.3","Корпус 2.3/POZD_WEB_K2-3_s13_et3,5_1.ai","D:\AI\AITRASH\LIBRARY\02_CATALOG\02_PRESALE_Поздняково\01_ARTIFACTS\МКД2\Корпус 2.3\POZD_WEB_K2-3_s13_et3,5_1.ai","D:\AI\AITRASH\LIBRARY\02_CATALOG\02_PRESALE_Поздняково\01_ARTIFACTS\МКД2\Корпус 2.3\POZD_WEB_K2-3_s13_et3,5_1.png","164553","5df2f09a52b89d54b916a21b301fd69db1ddd178cce71092038dd6ea5c882b22","","","","PENDING","","","","","","","0",""
"290","Корпус 2.3","Корпус 2.3/POZD_WEB_K2-3_s13_et3,5_3.ai","D:\AI\AITRASH\LIBRARY\02_CATALOG\02_PRESALE_Поздняково\01_ARTIFACTS\МКД2\Корпус 2.3\POZD_WEB_K2-3_s13_et3,5_3.ai","D:\AI\AITRASH\LIBRARY\02_CATALOG\02_PRESALE_Поздняково\01_ARTIFACTS\МКД2\Корпус 2.3\POZD_WEB_K2-3_s13_et3,5_3.png","159768","c17a36ffdc8f02aa2881b951bc92057438b5a2ea38d7abb7191bebdf765ed379","","","","PENDING","","","","","","","0",""
"291","Корпус 2.3","Корпус 2.3/POZD_WEB_K2-3_s13_et3,5_4.ai","D:\AI\AITRASH\LIBRARY\02_CATALOG\02_PRESALE_Поздняково\01_ARTIFACTS\МКД2\Корпус 2.3\POZD_WEB_K2-3_s13_et3,5_4.ai","D:\AI\AITRASH\LIBRARY\02_CATALOG\02_PRESALE_Поздняково\01_ARTIFACTS\МКД2\Корпус 2.3\POZD_WEB_K2-3_s13_et3,5_4.png","227251","87bec1f9ea22d2a5957d47a5181989b2196077efdc929e5a7bf1716987ce158f","","","","PENDING","","","","","","","0",""
"292","Корпус 2.3","Корпус 2.3/POZD_WEB_K2-3_s13_et3,5_5.ai","D:\AI\AITRASH\LIBRARY\02_CATALOG\02_PRESALE_Поздняково\01_ARTIFACTS\МКД2\Корпус 2.3\POZD_WEB_K2-3_s13_et3,5_5.ai","D:\AI\AITRASH\LIBRARY\02_CATALOG\02_PRESALE_Поздняково\01_ARTIFACTS\МКД2\Корпус 2.3\POZD_WEB_K2-3_s13_et3,5_5.png","195818","3eae096ddaa301d48e419d66377908b7ff54ccc5dc938adf5a6226922509cb74","","","","PENDING","","","","","","","0",""
"293","Корпус 2.3","Корпус 2.3/POZD_WEB_K2-3_s13_et3,5_6.ai","D:\AI\AITRASH\LIBRARY\02_CATALOG\02_PRESALE_Поздняково\01_ARTIFACTS\МКД2\Корпус 2.3\POZD_WEB_K2-3_s13_et3,5_6.ai","D:\AI\AITRASH\LIBRARY\02_CATALOG\02_PRESALE_Поздняково\01_ARTIFACTS\МКД2\Корпус 2.3\POZD_WEB_K2-3_s13_et3,5_6.png","201900","137e236a6a3410fc23f679b02330c6dfc1a74b64ba774933318a7b97d1d736bd","","","","PENDING","","","","","","","0",""
"294","Корпус 2.3","Корпус 2.3/POZD_WEB_K2-3_s13_et3_7.ai","D:\AI\AITRASH\LIBRARY\02_CATALOG\02_PRESALE_Поздняково\01_ARTIFACTS\МКД2\Корпус 2.3\POZD_WEB_K2-3_s13_et3_7.ai","D:\AI\AITRASH\LIBRARY\02_CATALOG\02_PRESALE_Поздняково\01_ARTIFACTS\МКД2\Корпус 2.3\POZD_WEB_K2-3_s13_et3_7.png","160856","a7259f2cfba982adf819132dc59919664f665d790d3999b6776359c3747e911b","","","","PENDING","","","","","","","0",""
"295","Корпус 2.3","Корпус 2.3/POZD_WEB_K2-3_s13_et3_8.ai","D:\AI\AITRASH\LIBRARY\02_CATALOG\02_PRESALE_Поздняково\01_ARTIFACTS\МКД2\Корпус 2.3\POZD_WEB_K2-3_s13_et3_8.ai","D:\AI\AITRASH\LIBRARY\02_CATALOG\02_PRESALE_Поздняково\01_ARTIFACTS\МКД2\Корпус 2.3\POZD_WEB_K2-3_s13_et3_8.png","224708","b8f95ebc8dcdd7ec41d4188740a5f4efcab728cd721c4135cf4e260cf8ad448d","","","","PENDING","","","","","","","0",""
"296","Корпус 2.3","Корпус 2.3/POZD_WEB_K2-3_s13_et4_1.ai","D:\AI\AITRASH\LIBRARY\02_CATALOG\02_PRESALE_Поздняково\01_ARTIFACTS\МКД2\Корпус 2.3\POZD_WEB_K2-3_s13_et4_1.ai","D:\AI\AITRASH\LIBRARY\02_CATALOG\02_PRESALE_Поздняково\01_ARTIFACTS\МКД2\Корпус 2.3\POZD_WEB_K2-3_s13_et4_1.png","167186","8f06acbf982ecbe8ee8813cd56af939313ae647bc56397e08898b975a41bf73d","","","","PENDING","","","","","","","0",""
"297","Корпус 2.3","Корпус 2.3/POZD_WEB_K2-3_s13_et4_11.ai","D:\AI\AITRASH\LIBRARY\02_CATALOG\02_PRESALE_Поздняково\01_ARTIFACTS\МКД2\Корпус 2.3\POZD_WEB_K2-3_s13_et4_11.ai","D:\AI\AITRASH\LIBRARY\02_CATALOG\02_PRESALE_Поздняково\01_ARTIFACTS\МКД2\Корпус 2.3\POZD_WEB_K2-3_s13_et4_11.png","181854","f3d81fb858956233c11ced44a3410e3f72f6ecb7776ad5dcd3820cd84f322762","","","","PENDING","","","","","","","0",""
"298","Корпус 2.3","Корпус 2.3/POZD_WEB_K2-3_s13_et4_2.ai","D:\AI\AITRASH\LIBRARY\02_CATALOG\02_PRESALE_Поздняково\01_ARTIFACTS\МКД2\Корпус 2.3\POZD_WEB_K2-3_s13_et4_2.ai","D:\AI\AITRASH\LIBRARY\02_CATALOG\02_PRESALE_Поздняково\01_ARTIFACTS\МКД2\Корпус 2.3\POZD_WEB_K2-3_s13_et4_2.png","153899","5fa9fed2250889bf6b8418e4f21b89007d9b11ffa89311c01d5e27c4d3e61dad","","","","PENDING","","","","","","","0",""
"299","Корпус 2.3","Корпус 2.3/POZD_WEB_K2-3_s13_et4_3.ai","D:\AI\AITRASH\LIBRARY\02_CATALOG\02_PRESALE_Поздняково\01_ARTIFACTS\МКД2\Корпус 2.3\POZD_WEB_K2-3_s13_et4_3.ai","D:\AI\AITRASH\LIBRARY\02_CATALOG\02_PRESALE_Поздняково\01_ARTIFACTS\МКД2\Корпус 2.3\POZD_WEB_K2-3_s13_et4_3.png","160778","ece2018de5716ffd2dfcd59d22549b774ad7f83ae67a24ac12ba92cbc1d48e49","","","","PENDING","","","","","","","0",""
"300","Корпус 2.3","Корпус 2.3/POZD_WEB_K2-3_s13_et4_5.ai","D:\AI\AITRASH\LIBRARY\02_CATALOG\02_PRESALE_Поздняково\01_ARTIFACTS\МКД2\Корпус 2.3\POZD_WEB_K2-3_s13_et4_5.ai","D:\AI\AITRASH\LIBRARY\02_CATALOG\02_PRESALE_Поздняково\01_ARTIFACTS\МКД2\Корпус 2.3\POZD_WEB_K2-3_s13_et4_5.png","197969","687e62f43beeb59b19f9e9b0b3538a283620a0b21b44a10eafc96db3f68d01e4","","","","PENDING","","","","","","","0",""
"301","Корпус 2.3","Корпус 2.3/POZD_WEB_K2-3_s13_et4_6.ai","D:\AI\AITRASH\LIBRARY\02_CATALOG\02_PRESALE_Поздняково\01_ARTIFACTS\МКД2\Корпус 2.3\POZD_WEB_K2-3_s13_et4_6.ai","D:\AI\AITRASH\LIBRARY\02_CATALOG\02_PRESALE_Поздняково\01_ARTIFACTS\МКД2\Корпус 2.3\POZD_WEB_K2-3_s13_et4_6.png","205362","80a7986a41188bf3e0020923181816960119bf1ad32e4e8802019923e91d586e","","","","PENDING","","","","","","","0",""
"302","Корпус 2.3","Корпус 2.3/POZD_WEB_K2-3_s13_et4_7.ai","D:\AI\AITRASH\LIBRARY\02_CATALOG\02_PRESALE_Поздняково\01_ARTIFACTS\МКД2\Корпус 2.3\POZD_WEB_K2-3_s13_et4_7.ai","D:\AI\AITRASH\LIBRARY\02_CATALOG\02_PRESALE_Поздняково\01_ARTIFACTS\МКД2\Корпус 2.3\POZD_WEB_K2-3_s13_et4_7.png","161087","69583df9f55a79807b50104ad97d91be69874f05ba17aa2355416b64fb6c7c04","","","","PENDING","","","","","","","0",""
"303","Корпус 2.3","Корпус 2.3/POZD_WEB_K2-3_s13_et4_8.ai","D:\AI\AITRASH\LIBRARY\02_CATALOG\02_PRESALE_Поздняково\01_ARTIFACTS\МКД2\Корпус 2.3\POZD_WEB_K2-3_s13_et4_8.ai","D:\AI\AITRASH\LIBRARY\02_CATALOG\02_PRESALE_Поздняково\01_ARTIFACTS\МКД2\Корпус 2.3\POZD_WEB_K2-3_s13_et4_8.png","221839","b53ca85f3c9a7dff7d1d5b954f281a2460ece067ac47ec2d330069b16bcca500","","","","PENDING","","","","","","","0",""
"304","Корпус 2.3","Корпус 2.3/POZD_WEB_K2-3_s13_et4_9.ai","D:\AI\AITRASH\LIBRARY\02_CATALOG\02_PRESALE_Поздняково\01_ARTIFACTS\МКД2\Корпус 2.3\POZD_WEB_K2-3_s13_et4_9.ai","D:\AI\AITRASH\LIBRARY\02_CATALOG\02_PRESALE_Поздняково\01_ARTIFACTS\МКД2\Корпус 2.3\POZD_WEB_K2-3_s13_et4_9.png","168197","0a45a8a4c70313a15add16b665b3a22cba0ef1270534d40f324e0dfca3baa88e","","","","PENDING","","","","","","","0",""
"305","Корпус 2.3","Корпус 2.3/POZD_WEB_K2-3_s13_et5_5.ai","D:\AI\AITRASH\LIBRARY\02_CATALOG\02_PRESALE_Поздняково\01_ARTIFACTS\МКД2\Корпус 2.3\POZD_WEB_K2-3_s13_et5_5.ai","D:\AI\AITRASH\LIBRARY\02_CATALOG\02_PRESALE_Поздняково\01_ARTIFACTS\МКД2\Корпус 2.3\POZD_WEB_K2-3_s13_et5_5.png","194827","a4142a3f97bc3af3d90b85c7b5ec8b7603bd9fa984690b097e1cc7cb695e9f8c","","","","PENDING","","","","","","","0",""
"306","Корпус 2.3","Корпус 2.3/POZD_WEB_K2-3_s13_et5_7.ai","D:\AI\AITRASH\LIBRARY\02_CATALOG\02_PRESALE_Поздняково\01_ARTIFACTS\МКД2\Корпус 2.3\POZD_WEB_K2-3_s13_et5_7.ai","D:\AI\AITRASH\LIBRARY\02_CATALOG\02_PRESALE_Поздняково\01_ARTIFACTS\МКД2\Корпус 2.3\POZD_WEB_K2-3_s13_et5_7.png","160348","d62dbdbab3fe87ebf358cd6f0483e6593b91ad5f1fe16d5bd03a10a95b88c5c6","","","","PENDING","","","","","","","0",""
"307","Корпус 2.3","Корпус 2.3/POZD_WEB_K2-3_s13_et6_3.ai","D:\AI\AITRASH\LIBRARY\02_CATALOG\02_PRESALE_Поздняково\01_ARTIFACTS\МКД2\Корпус 2.3\POZD_WEB_K2-3_s13_et6_3.ai","D:\AI\AITRASH\LIBRARY\02_CATALOG\02_PRESALE_Поздняково\01_ARTIFACTS\МКД2\Корпус 2.3\POZD_WEB_K2-3_s13_et6_3.png","262961","3d41cba4748eba5671a527038acd329c382ac33f669c7ed769d46dc0f1d8394c","","","","PENDING","","","","","","","0",""
"308","Корпус 2.3","Корпус 2.3/POZD_WEB_K2-3_s13_et6_5.ai","D:\AI\AITRASH\LIBRARY\02_CATALOG\02_PRESALE_Поздняково\01_ARTIFACTS\МКД2\Корпус 2.3\POZD_WEB_K2-3_s13_et6_5.ai","D:\AI\AITRASH\LIBRARY\02_CATALOG\02_PRESALE_Поздняково\01_ARTIFACTS\МКД2\Корпус 2.3\POZD_WEB_K2-3_s13_et6_5.png","202010","ea8568e923d446880db829e3212821deaea4abb15e7d510a9cff19f6fe8c4c6e","","","","PENDING","","","","","","","0",""
"309","Корпус 2.3","Корпус 2.3/POZD_WEB_K2-3_s13_et6_7.ai","D:\AI\AITRASH\LIBRARY\02_CATALOG\02_PRESALE_Поздняково\01_ARTIFACTS\МКД2\Корпус 2.3\POZD_WEB_K2-3_s13_et6_7.ai","D:\AI\AITRASH\LIBRARY\02_CATALOG\02_PRESALE_Поздняково\01_ARTIFACTS\МКД2\Корпус 2.3\POZD_WEB_K2-3_s13_et6_7.png","297574","0f371912aeefe925f07c49e759e2af591d5ea1060a8fef41e2c86a0c26163133","","","","PENDING","","","","","","","0",""
"310","Корпус 2.3","Корпус 2.3/POZD_WEB_K2-3_s13_et6_9.ai","D:\AI\AITRASH\LIBRARY\02_CATALOG\02_PRESALE_Поздняково\01_ARTIFACTS\МКД2\Корпус 2.3\POZD_WEB_K2-3_s13_et6_9.ai","D:\AI\AITRASH\LIBRARY\02_CATALOG\02_PRESALE_Поздняково\01_ARTIFACTS\МКД2\Корпус 2.3\POZD_WEB_K2-3_s13_et6_9.png","180652","7b11d482bf22e13284fa48b98b00c89426726b48e87fdc0e0d5af9f0ee11d6af","","","","PENDING","","","","","","","0",""
"311","Корпус 2.3","Корпус 2.3/POZD_WEB_K2-3_s14_et1,3,5_2.ai","D:\AI\AITRASH\LIBRARY\02_CATALOG\02_PRESALE_Поздняково\01_ARTIFACTS\МКД2\Корпус 2.3\POZD_WEB_K2-3_s14_et1,3,5_2.ai","D:\AI\AITRASH\LIBRARY\02_CATALOG\02_PRESALE_Поздняково\01_ARTIFACTS\МКД2\Корпус 2.3\POZD_WEB_K2-3_s14_et1,3,5_2.png","205187","e68f70ea126383964d06cfb2500fad9d8bcaf18a81ced07c169dd27511219555","","","","PENDING","","","","","","","0",""
"312","Корпус 2.3","Корпус 2.3/POZD_WEB_K2-3_s14_et1,3,5_3.ai","D:\AI\AITRASH\LIBRARY\02_CATALOG\02_PRESALE_Поздняково\01_ARTIFACTS\МКД2\Корпус 2.3\POZD_WEB_K2-3_s14_et1,3,5_3.ai","D:\AI\AITRASH\LIBRARY\02_CATALOG\02_PRESALE_Поздняково\01_ARTIFACTS\МКД2\Корпус 2.3\POZD_WEB_K2-3_s14_et1,3,5_3.png","161229","a6d9e4642c55ed1eaebd6e368102850a418b72341982b1d9ed893109d68e65cf","","","","PENDING","","","","","","","0",""
"313","Корпус 2.3","Корпус 2.3/POZD_WEB_K2-3_s14_et1_1.ai","D:\AI\AITRASH\LIBRARY\02_CATALOG\02_PRESALE_Поздняково\01_ARTIFACTS\МКД2\Корпус 2.3\POZD_WEB_K2-3_s14_et1_1.ai","D:\AI\AITRASH\LIBRARY\02_CATALOG\02_PRESALE_Поздняково\01_ARTIFACTS\МКД2\Корпус 2.3\POZD_WEB_K2-3_s14_et1_1.png","297815","8d14e076049a2ae88f117b9ec4a32e7f3950bf036b1aa4f7cfb7db5532df1fce","","","","PENDING","","","","","","","0",""
"314","Корпус 2.3","Корпус 2.3/POZD_WEB_K2-3_s14_et2,6_1.ai","D:\AI\AITRASH\LIBRARY\02_CATALOG\02_PRESALE_Поздняково\01_ARTIFACTS\МКД2\Корпус 2.3\POZD_WEB_K2-3_s14_et2,6_1.ai","D:\AI\AITRASH\LIBRARY\02_CATALOG\02_PRESALE_Поздняково\01_ARTIFACTS\МКД2\Корпус 2.3\POZD_WEB_K2-3_s14_et2,6_1.png","203723","4d3749081b7931a06bb6fddf8876990e41013d727658a2a66f97419a86404ded","","","","PENDING","","","","","","","0",""
"315","Корпус 2.3","Корпус 2.3/POZD_WEB_K2-3_s14_et2,6_2.ai","D:\AI\AITRASH\LIBRARY\02_CATALOG\02_PRESALE_Поздняково\01_ARTIFACTS\МКД2\Корпус 2.3\POZD_WEB_K2-3_s14_et2,6_2.ai","D:\AI\AITRASH\LIBRARY\02_CATALOG\02_PRESALE_Поздняково\01_ARTIFACTS\МКД2\Корпус 2.3\POZD_WEB_K2-3_s14_et2,6_2.png","204114","94ee2ddf4e2c140bb2cd04a4724cd24390dc57c0dcb167057ee56f7b97d768e1","","","","PENDING","","","","","","","0",""
"316","Корпус 2.3","Корпус 2.3/POZD_WEB_K2-3_s14_et2,6_3.ai","D:\AI\AITRASH\LIBRARY\02_CATALOG\02_PRESALE_Поздняково\01_ARTIFACTS\МКД2\Корпус 2.3\POZD_WEB_K2-3_s14_et2,6_3.ai","D:\AI\AITRASH\LIBRARY\02_CATALOG\02_PRESALE_Поздняково\01_ARTIFACTS\МКД2\Корпус 2.3\POZD_WEB_K2-3_s14_et2,6_3.png","160700","eee7b11ab11ce2afa1ee680c60027e60846f2ff74b0f35940df9bbd2512ab281","","","","PENDING","","","","","","","0",""
"317","Корпус 2.3","Корпус 2.3/POZD_WEB_K2-3_s14_et2_4.ai","D:\AI\AITRASH\LIBRARY\02_CATALOG\02_PRESALE_Поздняково\01_ARTIFACTS\МКД2\Корпус 2.3\POZD_WEB_K2-3_s14_et2_4.ai","D:\AI\AITRASH\LIBRARY\02_CATALOG\02_PRESALE_Поздняково\01_ARTIFACTS\МКД2\Корпус 2.3\POZD_WEB_K2-3_s14_et2_4.png","167920","f85a69d429b3b7ba4c53a98ba7d283a4135c264d59ab216ea100cfc35d61e9e6","","","","PENDING","","","","","","","0",""
"318","Корпус 2.3","Корпус 2.3/POZD_WEB_K2-3_s14_et2_5.ai","D:\AI\AITRASH\LIBRARY\02_CATALOG\02_PRESALE_Поздняково\01_ARTIFACTS\МКД2\Корпус 2.3\POZD_WEB_K2-3_s14_et2_5.ai","D:\AI\AITRASH\LIBRARY\02_CATALOG\02_PRESALE_Поздняково\01_ARTIFACTS\МКД2\Корпус 2.3\POZD_WEB_K2-3_s14_et2_5.png","173515","ee7b91c40eb09227c7a69f9b7972005ac0557d6f37fe6052fd3898e0b0d8e29e","","","","PENDING","","","","","","","0",""
"319","Корпус 2.3","Корпус 2.3/POZD_WEB_K2-3_s14_et3,5_1.ai","D:\AI\AITRASH\LIBRARY\02_CATALOG\02_PRESALE_Поздняково\01_ARTIFACTS\МКД2\Корпус 2.3\POZD_WEB_K2-3_s14_et3,5_1.ai","D:\AI\AITRASH\LIBRARY\02_CATALOG\02_PRESALE_Поздняково\01_ARTIFACTS\МКД2\Корпус 2.3\POZD_WEB_K2-3_s14_et3,5_1.png","204425","27339df2e9e8c67246a9ad3f360991c67ac13cb1a061507cbf20ff0b48cb04f4","","","","PENDING","","","","","","","0",""
"320","Корпус 2.3","Корпус 2.3/POZD_WEB_K2-3_s14_et3,5_5.ai","D:\AI\AITRASH\LIBRARY\02_CATALOG\02_PRESALE_Поздняково\01_ARTIFACTS\МКД2\Корпус 2.3\POZD_WEB_K2-3_s14_et3,5_5.ai","D:\AI\AITRASH\LIBRARY\02_CATALOG\02_PRESALE_Поздняково\01_ARTIFACTS\МКД2\Корпус 2.3\POZD_WEB_K2-3_s14_et3,5_5.png","173105","124559487bbbeb98d4034da4ef5c64d0a1b299f0cb46f254f6f9be0f468786b0","","","","PENDING","","","","","","","0",""
"321","Корпус 2.3","Корпус 2.3/POZD_WEB_K2-3_s14_et3_4.ai","D:\AI\AITRASH\LIBRARY\02_CATALOG\02_PRESALE_Поздняково\01_ARTIFACTS\МКД2\Корпус 2.3\POZD_WEB_K2-3_s14_et3_4.ai","D:\AI\AITRASH\LIBRARY\02_CATALOG\02_PRESALE_Поздняково\01_ARTIFACTS\МКД2\Корпус 2.3\POZD_WEB_K2-3_s14_et3_4.png","167192","ad0ee102fa43870d5d5884f7f14d3ecde459d2ae49dddc72cb7e7472517985da","","","","PENDING","","","","","","","0",""
"322","Корпус 2.3","Корпус 2.3/POZD_WEB_K2-3_s14_et4_1.ai","D:\AI\AITRASH\LIBRARY\02_CATALOG\02_PRESALE_Поздняково\01_ARTIFACTS\МКД2\Корпус 2.3\POZD_WEB_K2-3_s14_et4_1.ai","D:\AI\AITRASH\LIBRARY\02_CATALOG\02_PRESALE_Поздняково\01_ARTIFACTS\МКД2\Корпус 2.3\POZD_WEB_K2-3_s14_et4_1.png","207810","2af8e3db1f3956c5a1629c14ad96802cf275e33112504eab0707c08f4881d1b9","","","","PENDING","","","","","","","0",""
"323","Корпус 2.3","Корпус 2.3/POZD_WEB_K2-3_s14_et4_2.ai","D:\AI\AITRASH\LIBRARY\02_CATALOG\02_PRESALE_Поздняково\01_ARTIFACTS\МКД2\Корпус 2.3\POZD_WEB_K2-3_s14_et4_2.ai","D:\AI\AITRASH\LIBRARY\02_CATALOG\02_PRESALE_Поздняково\01_ARTIFACTS\МКД2\Корпус 2.3\POZD_WEB_K2-3_s14_et4_2.png","204743","850f2292359fbb980759bcdcd1f94c3fb2f6347b3b3b242bd135a3452d3ec501","","","","PENDING","","","","","","","0",""
"324","Корпус 2.3","Корпус 2.3/POZD_WEB_K2-3_s14_et4_3.ai","D:\AI\AITRASH\LIBRARY\02_CATALOG\02_PRESALE_Поздняково\01_ARTIFACTS\МКД2\Корпус 2.3\POZD_WEB_K2-3_s14_et4_3.ai","D:\AI\AITRASH\LIBRARY\02_CATALOG\02_PRESALE_Поздняково\01_ARTIFACTS\МКД2\Корпус 2.3\POZD_WEB_K2-3_s14_et4_3.png","156680","3ff2c6aa2fc9e85b22871d7bf5a1c614a97e434917b31d9973a76f191dbe0ff2","","","","PENDING","","","","","","","0",""
"325","Корпус 2.3","Корпус 2.3/POZD_WEB_K2-3_s14_et4_4.ai","D:\AI\AITRASH\LIBRARY\02_CATALOG\02_PRESALE_Поздняково\01_ARTIFACTS\МКД2\Корпус 2.3\POZD_WEB_K2-3_s14_et4_4.ai","D:\AI\AITRASH\LIBRARY\02_CATALOG\02_PRESALE_Поздняково\01_ARTIFACTS\МКД2\Корпус 2.3\POZD_WEB_K2-3_s14_et4_4.png","171669","589a1daf17138b3fb20995b675efb9f9cf14a6dca6638c0f00ab1fb857515f97","","","","PENDING","","","","","","","0",""
"326","Корпус 2.3","Корпус 2.3/POZD_WEB_K2-3_s14_et4_5.ai","D:\AI\AITRASH\LIBRARY\02_CATALOG\02_PRESALE_Поздняково\01_ARTIFACTS\МКД2\Корпус 2.3\POZD_WEB_K2-3_s14_et4_5.ai","D:\AI\AITRASH\LIBRARY\02_CATALOG\02_PRESALE_Поздняково\01_ARTIFACTS\МКД2\Корпус 2.3\POZD_WEB_K2-3_s14_et4_5.png","172170","c5ab8b9d10c90de1e503a07ad733ca2c34305e8c833d05ee38c6cccb26a90091","","","","PENDING","","","","","","","0",""
"327","Корпус 2.3","Корпус 2.3/POZD_WEB_K2-3_s14_et5_4.ai","D:\AI\AITRASH\LIBRARY\02_CATALOG\02_PRESALE_Поздняково\01_ARTIFACTS\МКД2\Корпус 2.3\POZD_WEB_K2-3_s14_et5_4.ai","D:\AI\AITRASH\LIBRARY\02_CATALOG\02_PRESALE_Поздняково\01_ARTIFACTS\МКД2\Корпус 2.3\POZD_WEB_K2-3_s14_et5_4.png","167327","397c0aad9553727deaaa7049582c431799b36862db9daa480e30186da32ae201","","","","PENDING","","","","","","","0",""
"328","Корпус 2.3","Корпус 2.3/POZD_WEB_K2-3_s14_et6_4.ai","D:\AI\AITRASH\LIBRARY\02_CATALOG\02_PRESALE_Поздняково\01_ARTIFACTS\МКД2\Корпус 2.3\POZD_WEB_K2-3_s14_et6_4.ai","D:\AI\AITRASH\LIBRARY\02_CATALOG\02_PRESALE_Поздняково\01_ARTIFACTS\МКД2\Корпус 2.3\POZD_WEB_K2-3_s14_et6_4.png","169077","f53cefba47c9fab4e683961bf795b875fdca42f5948883a63941a66b0b4f2dc2","","","","PENDING","","","","","","","0",""
"329","Корпус 2.3","Корпус 2.3/POZD_WEB_K2-3_s14_et6_5.ai","D:\AI\AITRASH\LIBRARY\02_CATALOG\02_PRESALE_Поздняково\01_ARTIFACTS\МКД2\Корпус 2.3\POZD_WEB_K2-3_s14_et6_5.ai","D:\AI\AITRASH\LIBRARY\02_CATALOG\02_PRESALE_Поздняково\01_ARTIFACTS\МКД2\Корпус 2.3\POZD_WEB_K2-3_s14_et6_5.png","171808","350c11e0fc5c24aa7fad9094b7cade64b971628dcdad4d98e0b16fd596b2449e","","","","PENDING","","","","","","","0",""
"330","Корпус 2.3","Корпус 2.3/POZD_WEB_K2-3_s8_et1,2_10.ai","D:\AI\AITRASH\LIBRARY\02_CATALOG\02_PRESALE_Поздняково\01_ARTIFACTS\МКД2\Корпус 2.3\POZD_WEB_K2-3_s8_et1,2_10.ai","D:\AI\AITRASH\LIBRARY\02_CATALOG\02_PRESALE_Поздняково\01_ARTIFACTS\МКД2\Корпус 2.3\POZD_WEB_K2-3_s8_et1,2_10.png","234775","1b7c50e081632add110c88c5010c8066dbf7e3219315cbe4b0f417a8297fed21","","","","PENDING","","","","","","","0",""
"331","Корпус 2.3","Корпус 2.3/POZD_WEB_K2-3_s8_et1,3_5.ai","D:\AI\AITRASH\LIBRARY\02_CATALOG\02_PRESALE_Поздняково\01_ARTIFACTS\МКД2\Корпус 2.3\POZD_WEB_K2-3_s8_et1,3_5.ai","D:\AI\AITRASH\LIBRARY\02_CATALOG\02_PRESALE_Поздняково\01_ARTIFACTS\МКД2\Корпус 2.3\POZD_WEB_K2-3_s8_et1,3_5.png","173486","6422f25afb56095106842b4dc06978f8542a88b1f8459a3e1474cd2301d133d2","","","","PENDING","","","","","","","0",""
"332","Корпус 2.3","Корпус 2.3/POZD_WEB_K2-3_s8_et1_1.ai","D:\AI\AITRASH\LIBRARY\02_CATALOG\02_PRESALE_Поздняково\01_ARTIFACTS\МКД2\Корпус 2.3\POZD_WEB_K2-3_s8_et1_1.ai","D:\AI\AITRASH\LIBRARY\02_CATALOG\02_PRESALE_Поздняково\01_ARTIFACTS\МКД2\Корпус 2.3\POZD_WEB_K2-3_s8_et1_1.png","265352","926de35d3dc21c31534e21485b83a56a6c2e73914dfe82e6219ffca66b58bb54","","","","PENDING","","","","","","","0",""
"333","Корпус 2.3","Корпус 2.3/POZD_WEB_K2-3_s8_et1_10.ai","D:\AI\AITRASH\LIBRARY\02_CATALOG\02_PRESALE_Поздняково\01_ARTIFACTS\МКД2\Корпус 2.3\POZD_WEB_K2-3_s8_et1_10.ai","D:\AI\AITRASH\LIBRARY\02_CATALOG\02_PRESALE_Поздняково\01_ARTIFACTS\МКД2\Корпус 2.3\POZD_WEB_K2-3_s8_et1_10.png","230968","a833ba28aa42368f5d5d8cb78e49b25f65bf2a47ca89577c768ada8ca18f768d","","","","PENDING","","","","","","","0",""
"334","Корпус 2.3","Корпус 2.3/POZD_WEB_K2-3_s8_et1_2.ai","D:\AI\AITRASH\LIBRARY\02_CATALOG\02_PRESALE_Поздняково\01_ARTIFACTS\МКД2\Корпус 2.3\POZD_WEB_K2-3_s8_et1_2.ai","D:\AI\AITRASH\LIBRARY\02_CATALOG\02_PRESALE_Поздняково\01_ARTIFACTS\МКД2\Корпус 2.3\POZD_WEB_K2-3_s8_et1_2.png","253576","7213e36f82ad111e98c604eb3740d0f8cbdb184a0c3a84fdddf24ec9924b213a","","","","PENDING","","","","","","","0",""
"335","Корпус 2.3","Корпус 2.3/POZD_WEB_K2-3_s8_et1_3.ai","D:\AI\AITRASH\LIBRARY\02_CATALOG\02_PRESALE_Поздняково\01_ARTIFACTS\МКД2\Корпус 2.3\POZD_WEB_K2-3_s8_et1_3.ai","D:\AI\AITRASH\LIBRARY\02_CATALOG\02_PRESALE_Поздняково\01_ARTIFACTS\МКД2\Корпус 2.3\POZD_WEB_K2-3_s8_et1_3.png","295751","af8d8e482a806ece96ae49af3994dc3d2085e0d278a3f93841464995a234b2ca","","","","PENDING","","","","","","","0",""
"336","Корпус 2.3","Корпус 2.3/POZD_WEB_K2-3_s8_et1_4.ai","D:\AI\AITRASH\LIBRARY\02_CATALOG\02_PRESALE_Поздняково\01_ARTIFACTS\МКД2\Корпус 2.3\POZD_WEB_K2-3_s8_et1_4.ai","D:\AI\AITRASH\LIBRARY\02_CATALOG\02_PRESALE_Поздняково\01_ARTIFACTS\МКД2\Корпус 2.3\POZD_WEB_K2-3_s8_et1_4.png","229874","282f74b0fbdc0231b615796b2f4c79aaec23e1bc5e78b1796b4a6b5f9f733ead","","","","PENDING","","","","","","","0",""
"337","Корпус 2.3","Корпус 2.3/POZD_WEB_K2-3_s8_et1_5.ai","D:\AI\AITRASH\LIBRARY\02_CATALOG\02_PRESALE_Поздняково\01_ARTIFACTS\МКД2\Корпус 2.3\POZD_WEB_K2-3_s8_et1_5.ai","D:\AI\AITRASH\LIBRARY\02_CATALOG\02_PRESALE_Поздняково\01_ARTIFACTS\МКД2\Корпус 2.3\POZD_WEB_K2-3_s8_et1_5.png","173260","dd10dd88f3ad2e937b0429acb19f22fd68ee2dadb5fc506e62f443ef4105bf5f","","","","PENDING","","","","","","","0",""
"338","Корпус 2.3","Корпус 2.3/POZD_WEB_K2-3_s8_et1_6.ai","D:\AI\AITRASH\LIBRARY\02_CATALOG\02_PRESALE_Поздняково\01_ARTIFACTS\МКД2\Корпус 2.3\POZD_WEB_K2-3_s8_et1_6.ai","D:\AI\AITRASH\LIBRARY\02_CATALOG\02_PRESALE_Поздняково\01_ARTIFACTS\МКД2\Корпус 2.3\POZD_WEB_K2-3_s8_et1_6.png","171060","86efa59fb0358422c1498a8e619d1eb1615c71dc1e52a19874fda41e9b3e40b7","","","","PENDING","","","","","","","0",""
"339","Корпус 2.3","Корпус 2.3/POZD_WEB_K2-3_s8_et1_8.ai","D:\AI\AITRASH\LIBRARY\02_CATALOG\02_PRESALE_Поздняково\01_ARTIFACTS\МКД2\Корпус 2.3\POZD_WEB_K2-3_s8_et1_8.ai","D:\AI\AITRASH\LIBRARY\02_CATALOG\02_PRESALE_Поздняково\01_ARTIFACTS\МКД2\Корпус 2.3\POZD_WEB_K2-3_s8_et1_8.png","210565","332b0e37f3e685193eee939c119fc5b601ec397db32f5e4cf7ba7cea5be6d91f","","","","PENDING","","","","","","","0",""
"340","Корпус 2.3","Корпус 2.3/POZD_WEB_K2-3_s8_et1_9.ai","D:\AI\AITRASH\LIBRARY\02_CATALOG\02_PRESALE_Поздняково\01_ARTIFACTS\МКД2\Корпус 2.3\POZD_WEB_K2-3_s8_et1_9.ai","D:\AI\AITRASH\LIBRARY\02_CATALOG\02_PRESALE_Поздняково\01_ARTIFACTS\МКД2\Корпус 2.3\POZD_WEB_K2-3_s8_et1_9.png","211117","a50a858089e73ea7d3df5518a293b5ab6a56ba2d0aa2e149d31ab560e9ad8080","","","","PENDING","","","","","","","0",""
"341","Корпус 2.3","Корпус 2.3/POZD_WEB_K2-3_s8_et2,3,4_11.ai","D:\AI\AITRASH\LIBRARY\02_CATALOG\02_PRESALE_Поздняково\01_ARTIFACTS\МКД2\Корпус 2.3\POZD_WEB_K2-3_s8_et2,3,4_11.ai","D:\AI\AITRASH\LIBRARY\02_CATALOG\02_PRESALE_Поздняково\01_ARTIFACTS\МКД2\Корпус 2.3\POZD_WEB_K2-3_s8_et2,3,4_11.png","160189","0d32fd6b9bf4055ca8578c4e5325789fd6fe22241bc3ce3164d309670e03706c","","","","PENDING","","","","","","","0",""
"342","Корпус 2.3","Корпус 2.3/POZD_WEB_K2-3_s8_et2,4_2.ai","D:\AI\AITRASH\LIBRARY\02_CATALOG\02_PRESALE_Поздняково\01_ARTIFACTS\МКД2\Корпус 2.3\POZD_WEB_K2-3_s8_et2,4_2.ai","D:\AI\AITRASH\LIBRARY\02_CATALOG\02_PRESALE_Поздняково\01_ARTIFACTS\МКД2\Корпус 2.3\POZD_WEB_K2-3_s8_et2,4_2.png","168930","528b46b0fece92b9d8cd166c0781f9669954697fa1e335d894b72f95d59992aa","","","","PENDING","","","","","","","0",""
"343","Корпус 2.3","Корпус 2.3/POZD_WEB_K2-3_s8_et2,4_6.ai","D:\AI\AITRASH\LIBRARY\02_CATALOG\02_PRESALE_Поздняково\01_ARTIFACTS\МКД2\Корпус 2.3\POZD_WEB_K2-3_s8_et2,4_6.ai","D:\AI\AITRASH\LIBRARY\02_CATALOG\02_PRESALE_Поздняково\01_ARTIFACTS\МКД2\Корпус 2.3\POZD_WEB_K2-3_s8_et2,4_6.png","200785","cc3b62fc260ad63c8e07e11286aae4a96ace07b3fb378961e96cb424769a7774","","","","PENDING","","","","","","","0",""
"344","Корпус 2.3","Корпус 2.3/POZD_WEB_K2-3_s8_et2_1.ai","D:\AI\AITRASH\LIBRARY\02_CATALOG\02_PRESALE_Поздняково\01_ARTIFACTS\МКД2\Корпус 2.3\POZD_WEB_K2-3_s8_et2_1.ai","D:\AI\AITRASH\LIBRARY\02_CATALOG\02_PRESALE_Поздняково\01_ARTIFACTS\МКД2\Корпус 2.3\POZD_WEB_K2-3_s8_et2_1.png","198626","519ba7c917e6534b1fc6569356cb8a3969acd21ab0c7f8fc4abe91e7da9ae87b","","","","PENDING","","","","","","","0",""
"345","Корпус 2.3","Корпус 2.3/POZD_WEB_K2-3_s8_et2_10.ai","D:\AI\AITRASH\LIBRARY\02_CATALOG\02_PRESALE_Поздняково\01_ARTIFACTS\МКД2\Корпус 2.3\POZD_WEB_K2-3_s8_et2_10.ai","D:\AI\AITRASH\LIBRARY\02_CATALOG\02_PRESALE_Поздняково\01_ARTIFACTS\МКД2\Корпус 2.3\POZD_WEB_K2-3_s8_et2_10.png","211585","9f001b378c1e264dd9e7ff74fb9fc6eee84d1cdd685db4fbd2d55300efcef9f1","","","","PENDING","","","","","","","0",""
"346","Корпус 2.3","Корпус 2.3/POZD_WEB_K2-3_s8_et2_2.ai","D:\AI\AITRASH\LIBRARY\02_CATALOG\02_PRESALE_Поздняково\01_ARTIFACTS\МКД2\Корпус 2.3\POZD_WEB_K2-3_s8_et2_2.ai","D:\AI\AITRASH\LIBRARY\02_CATALOG\02_PRESALE_Поздняково\01_ARTIFACTS\МКД2\Корпус 2.3\POZD_WEB_K2-3_s8_et2_2.png","169810","df8c7f44d349727321f4ad697c5d84f4a3f8379d0c728dfa286e0647c4bd593b","","","","PENDING","","","","","","","0",""
"347","Корпус 2.3","Корпус 2.3/POZD_WEB_K2-3_s8_et2_3.ai","D:\AI\AITRASH\LIBRARY\02_CATALOG\02_PRESALE_Поздняково\01_ARTIFACTS\МКД2\Корпус 2.3\POZD_WEB_K2-3_s8_et2_3.ai","D:\AI\AITRASH\LIBRARY\02_CATALOG\02_PRESALE_Поздняково\01_ARTIFACTS\МКД2\Корпус 2.3\POZD_WEB_K2-3_s8_et2_3.png","224818","4a3a24ad9f627e055af1b82bc63422a5cebb6cb8ff908755e9929bd83d3f5ba4","","","","PENDING","","","","","","","0",""
"348","Корпус 2.3","Корпус 2.3/POZD_WEB_K2-3_s8_et2_4.ai","D:\AI\AITRASH\LIBRARY\02_CATALOG\02_PRESALE_Поздняково\01_ARTIFACTS\МКД2\Корпус 2.3\POZD_WEB_K2-3_s8_et2_4.ai","D:\AI\AITRASH\LIBRARY\02_CATALOG\02_PRESALE_Поздняково\01_ARTIFACTS\МКД2\Корпус 2.3\POZD_WEB_K2-3_s8_et2_4.png","230043","9ff030196cb46315b84e2c5f15019d27a04e011224961166d53c2f6ea512653d","","","","PENDING","","","","","","","0",""
"349","Корпус 2.3","Корпус 2.3/POZD_WEB_K2-3_s8_et2_5.ai","D:\AI\AITRASH\LIBRARY\02_CATALOG\02_PRESALE_Поздняково\01_ARTIFACTS\МКД2\Корпус 2.3\POZD_WEB_K2-3_s8_et2_5.ai","D:\AI\AITRASH\LIBRARY\02_CATALOG\02_PRESALE_Поздняково\01_ARTIFACTS\МКД2\Корпус 2.3\POZD_WEB_K2-3_s8_et2_5.png","170439","201810b9b8b8a08b2ec944cf1d38aaa4da486d226448f2cd4c0c37fd8fe0a3ce","","","","PENDING","","","","","","","0",""
"350","Корпус 2.3","Корпус 2.3/POZD_WEB_K2-3_s8_et2_7.ai","D:\AI\AITRASH\LIBRARY\02_CATALOG\02_PRESALE_Поздняково\01_ARTIFACTS\МКД2\Корпус 2.3\POZD_WEB_K2-3_s8_et2_7.ai","D:\AI\AITRASH\LIBRARY\02_CATALOG\02_PRESALE_Поздняково\01_ARTIFACTS\МКД2\Корпус 2.3\POZD_WEB_K2-3_s8_et2_7.png","145681","48f69417bb7453cd3be0ccfd80c249b99a5a832d0ea0f7b716d5fa4114036790","","","","PENDING","","","","","","","0",""
"351","Корпус 2.3","Корпус 2.3/POZD_WEB_K2-3_s8_et2_8.ai","D:\AI\AITRASH\LIBRARY\02_CATALOG\02_PRESALE_Поздняково\01_ARTIFACTS\МКД2\Корпус 2.3\POZD_WEB_K2-3_s8_et2_8.ai","D:\AI\AITRASH\LIBRARY\02_CATALOG\02_PRESALE_Поздняково\01_ARTIFACTS\МКД2\Корпус 2.3\POZD_WEB_K2-3_s8_et2_8.png","155668","7c897b49222acfedfa2ab6cb8ba76b7a8cdff20d82bf333a51cc3888db138d07","","","","PENDING","","","","","","","0",""
"352","Корпус 2.3","Корпус 2.3/POZD_WEB_K2-3_s8_et2_9.ai","D:\AI\AITRASH\LIBRARY\02_CATALOG\02_PRESALE_Поздняково\01_ARTIFACTS\МКД2\Корпус 2.3\POZD_WEB_K2-3_s8_et2_9.ai","D:\AI\AITRASH\LIBRARY\02_CATALOG\02_PRESALE_Поздняково\01_ARTIFACTS\МКД2\Корпус 2.3\POZD_WEB_K2-3_s8_et2_9.png","217476","e81a1d9bb2e4e29bfad638a16d03f98947995498f978d28ea9940725410dde96","","","","PENDING","","","","","","","0",""
"353","Корпус 2.3","Корпус 2.3/POZD_WEB_K2-3_s8_et3_1.ai","D:\AI\AITRASH\LIBRARY\02_CATALOG\02_PRESALE_Поздняково\01_ARTIFACTS\МКД2\Корпус 2.3\POZD_WEB_K2-3_s8_et3_1.ai","D:\AI\AITRASH\LIBRARY\02_CATALOG\02_PRESALE_Поздняково\01_ARTIFACTS\МКД2\Корпус 2.3\POZD_WEB_K2-3_s8_et3_1.png","201899","10eca45dc828f3da8fd2fd87b1bc3a449ae81488f68a6238f069cb0b167d5f26","","","","PENDING","","","","","","","0",""
"354","Корпус 2.3","Корпус 2.3/POZD_WEB_K2-3_s8_et3_2.ai","D:\AI\AITRASH\LIBRARY\02_CATALOG\02_PRESALE_Поздняково\01_ARTIFACTS\МКД2\Корпус 2.3\POZD_WEB_K2-3_s8_et3_2.ai","D:\AI\AITRASH\LIBRARY\02_CATALOG\02_PRESALE_Поздняково\01_ARTIFACTS\МКД2\Корпус 2.3\POZD_WEB_K2-3_s8_et3_2.png","168978","50060b5359332c8faed0056b06097b97796f82e3981b97543fa8a809e174f11c","","","","PENDING","","","","","","","0",""
"355","Корпус 2.3","Корпус 2.3/POZD_WEB_K2-3_s8_et3_3.ai","D:\AI\AITRASH\LIBRARY\02_CATALOG\02_PRESALE_Поздняково\01_ARTIFACTS\МКД2\Корпус 2.3\POZD_WEB_K2-3_s8_et3_3.ai","D:\AI\AITRASH\LIBRARY\02_CATALOG\02_PRESALE_Поздняково\01_ARTIFACTS\МКД2\Корпус 2.3\POZD_WEB_K2-3_s8_et3_3.png","224160","b73b06aa2cecd0830adab8be77794bda4fa01d8d6c42ec485d55707a43a89cc6","","","","PENDING","","","","","","","0",""
"356","Корпус 2.3","Корпус 2.3/POZD_WEB_K2-3_s8_et3_4.ai","D:\AI\AITRASH\LIBRARY\02_CATALOG\02_PRESALE_Поздняково\01_ARTIFACTS\МКД2\Корпус 2.3\POZD_WEB_K2-3_s8_et3_4.ai","D:\AI\AITRASH\LIBRARY\02_CATALOG\02_PRESALE_Поздняково\01_ARTIFACTS\МКД2\Корпус 2.3\POZD_WEB_K2-3_s8_et3_4.png","225680","a10f17866621c607bd11da9e40fcedbc2c9efda1c188f0d4df3569f462acf5c3","","","","PENDING","","","","","","","0",""
"357","Корпус 2.3","Корпус 2.3/POZD_WEB_K2-3_s8_et3_6.ai","D:\AI\AITRASH\LIBRARY\02_CATALOG\02_PRESALE_Поздняково\01_ARTIFACTS\МКД2\Корпус 2.3\POZD_WEB_K2-3_s8_et3_6.ai","D:\AI\AITRASH\LIBRARY\02_CATALOG\02_PRESALE_Поздняково\01_ARTIFACTS\МКД2\Корпус 2.3\POZD_WEB_K2-3_s8_et3_6.png","195909","c595a0c9f5ecef816341fb98a15dacb1c5540d7b395323ebfc0cb8b2e9c13953","","","","PENDING","","","","","","","0",""
"358","Корпус 2.3","Корпус 2.3/POZD_WEB_K2-3_s8_et3_7.ai","D:\AI\AITRASH\LIBRARY\02_CATALOG\02_PRESALE_Поздняково\01_ARTIFACTS\МКД2\Корпус 2.3\POZD_WEB_K2-3_s8_et3_7.ai","D:\AI\AITRASH\LIBRARY\02_CATALOG\02_PRESALE_Поздняково\01_ARTIFACTS\МКД2\Корпус 2.3\POZD_WEB_K2-3_s8_et3_7.png","145294","d2f3512cc0ae64a3f3e9758725f237b7f1f0a127cc26bbf4d3bd08fde696abb7","","","","PENDING","","","","","","","0",""
"359","Корпус 2.3","Корпус 2.3/POZD_WEB_K2-3_s8_et3_8.ai","D:\AI\AITRASH\LIBRARY\02_CATALOG\02_PRESALE_Поздняково\01_ARTIFACTS\МКД2\Корпус 2.3\POZD_WEB_K2-3_s8_et3_8.ai","D:\AI\AITRASH\LIBRARY\02_CATALOG\02_PRESALE_Поздняково\01_ARTIFACTS\МКД2\Корпус 2.3\POZD_WEB_K2-3_s8_et3_8.png","154521","91812119a7c29b469b2466e0c44223e9e74fa0b06813e940af6e55ceab2fe0f2","","","","PENDING","","","","","","","0",""
"360","Корпус 2.3","Корпус 2.3/POZD_WEB_K2-3_s8_et3_9.ai","D:\AI\AITRASH\LIBRARY\02_CATALOG\02_PRESALE_Поздняково\01_ARTIFACTS\МКД2\Корпус 2.3\POZD_WEB_K2-3_s8_et3_9.ai","D:\AI\AITRASH\LIBRARY\02_CATALOG\02_PRESALE_Поздняково\01_ARTIFACTS\МКД2\Корпус 2.3\POZD_WEB_K2-3_s8_et3_9.png","215608","a65d70ce227f33fdc63e8d9a88e5a2338917ceff7db28bfe6528cc28ca8c961b","","","","PENDING","","","","","","","0",""
"361","Корпус 2.3","Корпус 2.3/POZD_WEB_K2-3_s8_et4_1.ai","D:\AI\AITRASH\LIBRARY\02_CATALOG\02_PRESALE_Поздняково\01_ARTIFACTS\МКД2\Корпус 2.3\POZD_WEB_K2-3_s8_et4_1.ai","D:\AI\AITRASH\LIBRARY\02_CATALOG\02_PRESALE_Поздняково\01_ARTIFACTS\МКД2\Корпус 2.3\POZD_WEB_K2-3_s8_et4_1.png","202081","8f61b9dfc8e607523984c7623fd54f6c296d6100d096a8995dc091c6f0d16c10","","","","PENDING","","","","","","","0",""
"362","Корпус 2.3","Корпус 2.3/POZD_WEB_K2-3_s8_et4_10.ai","D:\AI\AITRASH\LIBRARY\02_CATALOG\02_PRESALE_Поздняково\01_ARTIFACTS\МКД2\Корпус 2.3\POZD_WEB_K2-3_s8_et4_10.ai","D:\AI\AITRASH\LIBRARY\02_CATALOG\02_PRESALE_Поздняково\01_ARTIFACTS\МКД2\Корпус 2.3\POZD_WEB_K2-3_s8_et4_10.png","209654","534f812b55aed94c008441fae0a6f080c61e46ad124c085d5221a5c656384262","","","","PENDING","","","","","","","0",""
"363","Корпус 2.3","Корпус 2.3/POZD_WEB_K2-3_s8_et4_3.ai","D:\AI\AITRASH\LIBRARY\02_CATALOG\02_PRESALE_Поздняково\01_ARTIFACTS\МКД2\Корпус 2.3\POZD_WEB_K2-3_s8_et4_3.ai","D:\AI\AITRASH\LIBRARY\02_CATALOG\02_PRESALE_Поздняково\01_ARTIFACTS\МКД2\Корпус 2.3\POZD_WEB_K2-3_s8_et4_3.png","230010","63dc1307705a73b7b9390a8f7767e634058732aa9644708c9e6f360ca6488dd2","","","","PENDING","","","","","","","0",""
"364","Корпус 2.3","Корпус 2.3/POZD_WEB_K2-3_s8_et4_4.ai","D:\AI\AITRASH\LIBRARY\02_CATALOG\02_PRESALE_Поздняково\01_ARTIFACTS\МКД2\Корпус 2.3\POZD_WEB_K2-3_s8_et4_4.ai","D:\AI\AITRASH\LIBRARY\02_CATALOG\02_PRESALE_Поздняково\01_ARTIFACTS\МКД2\Корпус 2.3\POZD_WEB_K2-3_s8_et4_4.png","224924","0f731c15a1c22684b153d77a148da89d3e8b702369c17526d12c0e5813ff3ec7","","","","PENDING","","","","","","","0",""
"365","Корпус 2.3","Корпус 2.3/POZD_WEB_K2-3_s8_et4_5.ai","D:\AI\AITRASH\LIBRARY\02_CATALOG\02_PRESALE_Поздняково\01_ARTIFACTS\МКД2\Корпус 2.3\POZD_WEB_K2-3_s8_et4_5.ai","D:\AI\AITRASH\LIBRARY\02_CATALOG\02_PRESALE_Поздняково\01_ARTIFACTS\МКД2\Корпус 2.3\POZD_WEB_K2-3_s8_et4_5.png","172877","d00f7a62378ed7d337fbc1b90fcc101d6e093dd8de61340be4e9dfc331f118e6","","","","PENDING","","","","","","","0",""
"366","Корпус 2.3","Корпус 2.3/POZD_WEB_K2-3_s8_et4_7.ai","D:\AI\AITRASH\LIBRARY\02_CATALOG\02_PRESALE_Поздняково\01_ARTIFACTS\МКД2\Корпус 2.3\POZD_WEB_K2-3_s8_et4_7.ai","D:\AI\AITRASH\LIBRARY\02_CATALOG\02_PRESALE_Поздняково\01_ARTIFACTS\МКД2\Корпус 2.3\POZD_WEB_K2-3_s8_et4_7.png","144898","dbcb3b7c0afd14180569dae6d681d371e79cfa87d6c1549a4d21dc7d2f1d08e5","","","","PENDING","","","","","","","0",""
"367","Корпус 2.3","Корпус 2.3/POZD_WEB_K2-3_s8_et4_8.ai","D:\AI\AITRASH\LIBRARY\02_CATALOG\02_PRESALE_Поздняково\01_ARTIFACTS\МКД2\Корпус 2.3\POZD_WEB_K2-3_s8_et4_8.ai","D:\AI\AITRASH\LIBRARY\02_CATALOG\02_PRESALE_Поздняково\01_ARTIFACTS\МКД2\Корпус 2.3\POZD_WEB_K2-3_s8_et4_8.png","153868","dd70c0925a4244c0395753a5e165a511dc9b5e72c0a167ef1ce52583f4d97ea0","","","","PENDING","","","","","","","0",""
"368","Корпус 2.3","Корпус 2.3/POZD_WEB_K2-3_s8_et4_9.ai","D:\AI\AITRASH\LIBRARY\02_CATALOG\02_PRESALE_Поздняково\01_ARTIFACTS\МКД2\Корпус 2.3\POZD_WEB_K2-3_s8_et4_9.ai","D:\AI\AITRASH\LIBRARY\02_CATALOG\02_PRESALE_Поздняково\01_ARTIFACTS\МКД2\Корпус 2.3\POZD_WEB_K2-3_s8_et4_9.png","218985","db5581c7c567889974b3ac8d9e74bb12a333d6ba68239e8778fe80d39cbd9efc","","","","PENDING","","","","","","","0",""
"369","Корпус 2.3","Корпус 2.3/POZD_WEB_K2-3_s9_et2,4_3.ai","D:\AI\AITRASH\LIBRARY\02_CATALOG\02_PRESALE_Поздняково\01_ARTIFACTS\МКД2\Корпус 2.3\POZD_WEB_K2-3_s9_et2,4_3.ai","D:\AI\AITRASH\LIBRARY\02_CATALOG\02_PRESALE_Поздняково\01_ARTIFACTS\МКД2\Корпус 2.3\POZD_WEB_K2-3_s9_et2,4_3.png","165511","fbe864aeffc0c09db9610b60a4fd29336006c06d802605a4e431ebaa491a74ed","","","","PENDING","","","","","","","0",""
"370","Корпус 2.3","Корпус 2.3/POZD_WEB_K2-3_s9_et2,6_1.ai","D:\AI\AITRASH\LIBRARY\02_CATALOG\02_PRESALE_Поздняково\01_ARTIFACTS\МКД2\Корпус 2.3\POZD_WEB_K2-3_s9_et2,6_1.ai","D:\AI\AITRASH\LIBRARY\02_CATALOG\02_PRESALE_Поздняково\01_ARTIFACTS\МКД2\Корпус 2.3\POZD_WEB_K2-3_s9_et2,6_1.png","203822","f6b61e2d48e5103a385bb3a6267803b0766fddadd9619ec31a186be553939c42","","","","PENDING","","","","","","","0",""
"371","Корпус 2.3","Корпус 2.3/POZD_WEB_K2-3_s9_et2,6_2.ai","D:\AI\AITRASH\LIBRARY\02_CATALOG\02_PRESALE_Поздняково\01_ARTIFACTS\МКД2\Корпус 2.3\POZD_WEB_K2-3_s9_et2,6_2.ai","D:\AI\AITRASH\LIBRARY\02_CATALOG\02_PRESALE_Поздняково\01_ARTIFACTS\МКД2\Корпус 2.3\POZD_WEB_K2-3_s9_et2,6_2.png","209021","a78dd3802f8b92d42319035a104a21ee6dd72d85cff96e907055c18a82e8d85a","","","","PENDING","","","","","","","0",""
"372","Корпус 2.3","Корпус 2.3/POZD_WEB_K2-3_s9_et2_4.ai","D:\AI\AITRASH\LIBRARY\02_CATALOG\02_PRESALE_Поздняково\01_ARTIFACTS\МКД2\Корпус 2.3\POZD_WEB_K2-3_s9_et2_4.ai","D:\AI\AITRASH\LIBRARY\02_CATALOG\02_PRESALE_Поздняково\01_ARTIFACTS\МКД2\Корпус 2.3\POZD_WEB_K2-3_s9_et2_4.png","173152","8dd5016295bf20319ab647d8edae424130908622b261517c453d3309cc99b475","","","","PENDING","","","","","","","0",""
"373","Корпус 2.3","Корпус 2.3/POZD_WEB_K2-3_s9_et2_5.ai","D:\AI\AITRASH\LIBRARY\02_CATALOG\02_PRESALE_Поздняково\01_ARTIFACTS\МКД2\Корпус 2.3\POZD_WEB_K2-3_s9_et2_5.ai","D:\AI\AITRASH\LIBRARY\02_CATALOG\02_PRESALE_Поздняково\01_ARTIFACTS\МКД2\Корпус 2.3\POZD_WEB_K2-3_s9_et2_5.png","230509","d5daaa3a920c96a199c51d26eb3a4017cc459570c2adcd11cb63c79ba29b818c","","","","PENDING","","","","","","","0",""
"374","Корпус 2.3","Корпус 2.3/POZD_WEB_K2-3_s9_et3,5_1.ai","D:\AI\AITRASH\LIBRARY\02_CATALOG\02_PRESALE_Поздняково\01_ARTIFACTS\МКД2\Корпус 2.3\POZD_WEB_K2-3_s9_et3,5_1.ai","D:\AI\AITRASH\LIBRARY\02_CATALOG\02_PRESALE_Поздняково\01_ARTIFACTS\МКД2\Корпус 2.3\POZD_WEB_K2-3_s9_et3,5_1.png","204374","ef317f77f789368336feccf1e442b8f0dea1df3683ae0e4362aca2be1b4db51b","","","","PENDING","","","","","","","0",""
"375","Корпус 2.3","Корпус 2.3/POZD_WEB_K2-3_s9_et3,5_2.ai","D:\AI\AITRASH\LIBRARY\02_CATALOG\02_PRESALE_Поздняково\01_ARTIFACTS\МКД2\Корпус 2.3\POZD_WEB_K2-3_s9_et3,5_2.ai","D:\AI\AITRASH\LIBRARY\02_CATALOG\02_PRESALE_Поздняково\01_ARTIFACTS\МКД2\Корпус 2.3\POZD_WEB_K2-3_s9_et3,5_2.png","209282","e42acd60c4feeb9a5630be22882e65ff2206710108e734364461220af7a7aa3c","","","","PENDING","","","","","","","0",""
"376","Корпус 2.3","Корпус 2.3/POZD_WEB_K2-3_s9_et3,5_3.ai","D:\AI\AITRASH\LIBRARY\02_CATALOG\02_PRESALE_Поздняково\01_ARTIFACTS\МКД2\Корпус 2.3\POZD_WEB_K2-3_s9_et3,5_3.ai","D:\AI\AITRASH\LIBRARY\02_CATALOG\02_PRESALE_Поздняково\01_ARTIFACTS\МКД2\Корпус 2.3\POZD_WEB_K2-3_s9_et3,5_3.png","165786","3b1101d95a8dfbed8909b94dd8db2e0e6fc092d1292d150be9ad43fba8aff296","","","","PENDING","","","","","","","0",""
"377","Корпус 2.3","Корпус 2.3/POZD_WEB_K2-3_s9_et3_4.ai","D:\AI\AITRASH\LIBRARY\02_CATALOG\02_PRESALE_Поздняково\01_ARTIFACTS\МКД2\Корпус 2.3\POZD_WEB_K2-3_s9_et3_4.ai","D:\AI\AITRASH\LIBRARY\02_CATALOG\02_PRESALE_Поздняково\01_ARTIFACTS\МКД2\Корпус 2.3\POZD_WEB_K2-3_s9_et3_4.png","173043","057bb49d98badc75fb5ef0433d20f1d4e0fd4c903e940ef417d90b67bb8ea28b","","","","PENDING","","","","","","","0",""
"378","Корпус 2.3","Корпус 2.3/POZD_WEB_K2-3_s9_et3_5.ai","D:\AI\AITRASH\LIBRARY\02_CATALOG\02_PRESALE_Поздняково\01_ARTIFACTS\МКД2\Корпус 2.3\POZD_WEB_K2-3_s9_et3_5.ai","D:\AI\AITRASH\LIBRARY\02_CATALOG\02_PRESALE_Поздняково\01_ARTIFACTS\МКД2\Корпус 2.3\POZD_WEB_K2-3_s9_et3_5.png","231036","5b70a4a96926aac60d4c2ca98aeb11eaabde720edea14092d3c817aaab734d41","","","","PENDING","","","","","","","0",""
"379","Корпус 2.3","Корпус 2.3/POZD_WEB_K2-3_s9_et4_1.ai","D:\AI\AITRASH\LIBRARY\02_CATALOG\02_PRESALE_Поздняково\01_ARTIFACTS\МКД2\Корпус 2.3\POZD_WEB_K2-3_s9_et4_1.ai","D:\AI\AITRASH\LIBRARY\02_CATALOG\02_PRESALE_Поздняково\01_ARTIFACTS\МКД2\Корпус 2.3\POZD_WEB_K2-3_s9_et4_1.png","207375","4fe494942c6462added72707835da1511b821338a14a6fadd2fcb5da14bc7ff3","","","","PENDING","","","","","","","0",""
"380","Корпус 2.3","Корпус 2.3/POZD_WEB_K2-3_s9_et4_2.ai","D:\AI\AITRASH\LIBRARY\02_CATALOG\02_PRESALE_Поздняково\01_ARTIFACTS\МКД2\Корпус 2.3\POZD_WEB_K2-3_s9_et4_2.ai","D:\AI\AITRASH\LIBRARY\02_CATALOG\02_PRESALE_Поздняково\01_ARTIFACTS\МКД2\Корпус 2.3\POZD_WEB_K2-3_s9_et4_2.png","212445","6422167e19b084059fef3bd2a8b55e10975b627066b3e851698c7ea0a36f1a56","","","","PENDING","","","","","","","0",""
"381","Корпус 2.3","Корпус 2.3/POZD_WEB_K2-3_s9_et4_4.ai","D:\AI\AITRASH\LIBRARY\02_CATALOG\02_PRESALE_Поздняково\01_ARTIFACTS\МКД2\Корпус 2.3\POZD_WEB_K2-3_s9_et4_4.ai","D:\AI\AITRASH\LIBRARY\02_CATALOG\02_PRESALE_Поздняково\01_ARTIFACTS\МКД2\Корпус 2.3\POZD_WEB_K2-3_s9_et4_4.png","178378","fd664eea0c1ab87cfac76520706d3f0125d70d5a1b3db225a7e997f4a9f6b0f2","","","","PENDING","","","","","","","0",""
"382","Корпус 2.3","Корпус 2.3/POZD_WEB_K2-3_s9_et4_5.ai","D:\AI\AITRASH\LIBRARY\02_CATALOG\02_PRESALE_Поздняково\01_ARTIFACTS\МКД2\Корпус 2.3\POZD_WEB_K2-3_s9_et4_5.ai","D:\AI\AITRASH\LIBRARY\02_CATALOG\02_PRESALE_Поздняково\01_ARTIFACTS\МКД2\Корпус 2.3\POZD_WEB_K2-3_s9_et4_5.png","229791","ba9a0ae81c094962383a4a716777d8a0e1c1b330a5c928734d2d7c390d8b4c3e","","","","PENDING","","","","","","","0",""
"383","Корпус 2.3","Корпус 2.3/POZD_WEB_K2-3_s9_et5_4.ai","D:\AI\AITRASH\LIBRARY\02_CATALOG\02_PRESALE_Поздняково\01_ARTIFACTS\МКД2\Корпус 2.3\POZD_WEB_K2-3_s9_et5_4.ai","D:\AI\AITRASH\LIBRARY\02_CATALOG\02_PRESALE_Поздняково\01_ARTIFACTS\МКД2\Корпус 2.3\POZD_WEB_K2-3_s9_et5_4.png","338215","38e5fd0db3d58814fd6eae15c3657c29081ae5274624734053e4b441b618a258","","","","PENDING","","","","","","","0",""
"384","Корпус 2.3","Корпус 2.3/POZD_WEB_K2-3_s9_et5_5.ai","D:\AI\AITRASH\LIBRARY\02_CATALOG\02_PRESALE_Поздняково\01_ARTIFACTS\МКД2\Корпус 2.3\POZD_WEB_K2-3_s9_et5_5.ai","D:\AI\AITRASH\LIBRARY\02_CATALOG\02_PRESALE_Поздняково\01_ARTIFACTS\МКД2\Корпус 2.3\POZD_WEB_K2-3_s9_et5_5.png","354439","a46966e705947d2e03a3beaa62fb70eeeffeb9e252892378a71e405a45d32eab","","","","PENDING","","","","","","","0",""
"385","Корпус 2.3","Корпус 2.3/POZD_WEB_K2-3_s9_et6_3.ai","D:\AI\AITRASH\LIBRARY\02_CATALOG\02_PRESALE_Поздняково\01_ARTIFACTS\МКД2\Корпус 2.3\POZD_WEB_K2-3_s9_et6_3.ai","D:\AI\AITRASH\LIBRARY\02_CATALOG\02_PRESALE_Поздняково\01_ARTIFACTS\МКД2\Корпус 2.3\POZD_WEB_K2-3_s9_et6_3.png","163541","6cd357367796d1ac516046adf7e552ce3e9a950a78ae6e69620a6e26d1ccc566","","","","PENDING","","","","","","","0",""
"386","Корпус 2.3","Корпус 2.3/POZD_WEB_K2-3_s9_et6_4.ai","D:\AI\AITRASH\LIBRARY\02_CATALOG\02_PRESALE_Поздняково\01_ARTIFACTS\МКД2\Корпус 2.3\POZD_WEB_K2-3_s9_et6_4.ai","D:\AI\AITRASH\LIBRARY\02_CATALOG\02_PRESALE_Поздняково\01_ARTIFACTS\МКД2\Корпус 2.3\POZD_WEB_K2-3_s9_et6_4.png","171382","f5d31184ddb605bdc3f422340175d99f8b80d2ca13aa6cb3af1b0758dd45b49c","","","","PENDING","","","","","","","0",""
"387","Корпус 2.3","Корпус 2.3/POZD_WEB_K2-3_s9_et6_5.ai","D:\AI\AITRASH\LIBRARY\02_CATALOG\02_PRESALE_Поздняково\01_ARTIFACTS\МКД2\Корпус 2.3\POZD_WEB_K2-3_s9_et6_5.ai","D:\AI\AITRASH\LIBRARY\02_CATALOG\02_PRESALE_Поздняково\01_ARTIFACTS\МКД2\Корпус 2.3\POZD_WEB_K2-3_s9_et6_5.png","180756","7b5ce9c96951cb09edabceaffacd576f769293e4837df5e61e1e5e07823a0dd2","","","","PENDING","","","","","","","0",""
