"index","corpus","source_relpath","source_ai","reference_png","source_size_bytes","source_sha256_before","source_sha256_after","override_scale_percent","override_reason","status","applied_scale_percent","output_ai","output_png","output_ai_sha256","output_png_sha256","audit_json","attempts","last_error","preflight_status","preflight_visible_width","preflight_visible_height","preflight_s_raw","preflight_scale_percent","preflight_page_items","preflight_root_items","preflight_top_layers","preflight_total_layers","preflight_nested_layers","preflight_empty_layers","preflight_duplicate_sibling_names","preflight_max_layer_depth","preflight_error","verify_attempts"
"0","Корпус 2.1","Корпус 2.1/POZD_WEB_K2-1_s1_et1_1.ai","D:\AI\AITRASH\LIBRARY\02_CATALOG\02_PRESALE_Поздняково\01_ARTIFACTS\МКД2\Корпус 2.1\POZD_WEB_K2-1_s1_et1_1.ai","D:\AI\AITRASH\LIBRARY\02_CATALOG\02_PRESALE_Поздняково\01_ARTIFACTS\МКД2\Корпус 2.1\POZD_WEB_K2-1_s1_et1_1.png","309512","6149a7ad078252e799ed8ede5c764e817de1ddeb3b37127b78b056f81704e044","6149a7ad078252e799ed8ede5c764e817de1ddeb3b37127b78b056f81704e044","","","OK","170","D:\AI\AITRASH\workspaces\project - Изменение масштаба для планировок квартир\09_outputs\_full_wip\20260727_full_mkd2\Корпус 2.1\х170_POZD_WEB_K2-1_s1_et1_1.ai","D:\AI\AITRASH\workspaces\project - Изменение масштаба для планировок квартир\09_outputs\_full_wip\20260727_full_mkd2\Корпус 2.1\х170_POZD_WEB_K2-1_s1_et1_1.png","981c4b4145f532ede3117aeae16e4d630640a5c85c214087d38fc5a159731727","56841f90287c28d93348865ad3c4cb204986934eccff4f13df0682b597479105","D:\AI\AITRASH\workspaces\project - Изменение масштаба для планировок квартир\09_outputs\_diagnostics\full_20260727_full_mkd2\details\000_POZD_WEB_K2-1_s1_et1_1_attempt1.json","1","","OK","549.485868","516.905512","1.654498408","170","4718","2304","16","16","0","0","0","0","","2"
"1","Корпус 2.1","Корпус 2.1/POZD_WEB_K2-1_s1_et1_2.ai","D:\AI\AITRASH\LIBRARY\02_CATALOG\02_PRESALE_Поздняково\01_ARTIFACTS\МКД2\Корпус 2.1\POZD_WEB_K2-1_s1_et1_2.ai","D:\AI\AITRASH\LIBRARY\02_CATALOG\02_PRESALE_Поздняково\01_ARTIFACTS\МКД2\Корпус 2.1\POZD_WEB_K2-1_s1_et1_2.png","196408","90cb2108d321575974c4857fca5eab1a77ab474a69ee24946fa60d6eecf18d4a","90cb2108d321575974c4857fca5eab1a77ab474a69ee24946fa60d6eecf18d4a","","","OK","170","D:\AI\AITRASH\workspaces\project - Изменение масштаба для планировок квартир\09_outputs\_full_wip\20260727_full_mkd2\Корпус 2.1\х170_POZD_WEB_K2-1_s1_et1_2.ai","D:\AI\AITRASH\workspaces\project - Изменение масштаба для планировок квартир\09_outputs\_full_wip\20260727_full_mkd2\Корпус 2.1\х170_POZD_WEB_K2-1_s1_et1_2.png","218d43539df398659e674550f8a4a1861a486377535f32b11f05fcfe9562562f","2d2921e8ba0a370a62b4136c6044620ff5801f5b56d8701ee83edd0dada7c5dd","D:\AI\AITRASH\workspaces\project - Изменение масштаба для планировок квартир\09_outputs\_diagnostics\full_20260727_full_mkd2\details\001_POZD_WEB_K2-1_s1_et1_2_attempt1.json","1","","OK","460.087599","516.905512","1.80810794","170","2411","1166","11","11","0","0","0","0","","2"
"2","Корпус 2.1","Корпус 2.1/POZD_WEB_K2-1_s1_et1_3.ai","D:\AI\AITRASH\LIBRARY\02_CATALOG\02_PRESALE_Поздняково\01_ARTIFACTS\МКД2\Корпус 2.1\POZD_WEB_K2-1_s1_et1_3.ai","D:\AI\AITRASH\LIBRARY\02_CATALOG\02_PRESALE_Поздняково\01_ARTIFACTS\МКД2\Корпус 2.1\POZD_WEB_K2-1_s1_et1_3.png","160679","4e1efd44189aa68771b5b7c632294c8778c0939d841524db8dbf12a5585c04b3","4e1efd44189aa68771b5b7c632294c8778c0939d841524db8dbf12a5585c04b3","","","OK","200","D:\AI\AITRASH\workspaces\project - Изменение масштаба для планировок квартир\09_outputs\_full_wip\20260727_full_mkd2\Корпус 2.1\х200_POZD_WEB_K2-1_s1_et1_3.ai","D:\AI\AITRASH\workspaces\project - Изменение масштаба для планировок квартир\09_outputs\_full_wip\20260727_full_mkd2\Корпус 2.1\х200_POZD_WEB_K2-1_s1_et1_3.png","40441502a0b267e8567ea6b0507fcdafc546aac0448c65a0a06ef64cf47dcb87","dc970fa88a7f5962b676c5e54ceb1e7cd7bf89517ffbd4fa7a24de79e4efe648","D:\AI\AITRASH\workspaces\project - Изменение масштаба для планировок квартир\09_outputs\_diagnostics\full_20260727_full_mkd2\details\002_POZD_WEB_K2-1_s1_et1_3_attempt1.json","1","","OK","460.087599","386.511797","2.090973641","200","1676","814","11","11","0","0","0","0","","2"
"3","Корпус 2.1","Корпус 2.1/POZD_WEB_K2-1_s1_et1_4.ai","D:\AI\AITRASH\LIBRARY\02_CATALOG\02_PRESALE_Поздняково\01_ARTIFACTS\МКД2\Корпус 2.1\POZD_WEB_K2-1_s1_et1_4.ai","D:\AI\AITRASH\LIBRARY\02_CATALOG\02_PRESALE_Поздняково\01_ARTIFACTS\МКД2\Корпус 2.1\POZD_WEB_K2-1_s1_et1_4.png","158370","db4dea501b9b9326093440acc61a557b1c1b8200f246b81e2c885da0cb7f9566","db4dea501b9b9326093440acc61a557b1c1b8200f246b81e2c885da0cb7f9566","","","OK","200","D:\AI\AITRASH\workspaces\project - Изменение масштаба для планировок квартир\09_outputs\_full_wip\20260727_full_mkd2\Корпус 2.1\х200_POZD_WEB_K2-1_s1_et1_4.ai","D:\AI\AITRASH\workspaces\project - Изменение масштаба для планировок квартир\09_outputs\_full_wip\20260727_full_mkd2\Корпус 2.1\х200_POZD_WEB_K2-1_s1_et1_4.png","d66b691a682578907ddb5edcd07a37f36b1432153754699981c792204a2fcfd6","b935d537ab84b2cfdfd08fe89876591aa75d6e0aa24e72d7fabc7f660a36c696","D:\AI\AITRASH\workspaces\project - Изменение масштаба для планировок квартир\09_outputs\_diagnostics\full_20260727_full_mkd2\details\003_POZD_WEB_K2-1_s1_et1_4_attempt1.json","1","","OK","460.910603","391.614168","2.075451799","200","1666","813","11","11","0","0","0","0","","2"
"4","Корпус 2.1","Корпус 2.1/POZD_WEB_K2-1_s1_et1_5.ai","D:\AI\AITRASH\LIBRARY\02_CATALOG\02_PRESALE_Поздняково\01_ARTIFACTS\МКД2\Корпус 2.1\POZD_WEB_K2-1_s1_et1_5.ai","D:\AI\AITRASH\LIBRARY\02_CATALOG\02_PRESALE_Поздняково\01_ARTIFACTS\МКД2\Корпус 2.1\POZD_WEB_K2-1_s1_et1_5.png","299838","40f9e5ba80dd64cce3baeff3c8bb498a74d661919059b2a0116159697019a17b","40f9e5ba80dd64cce3baeff3c8bb498a74d661919059b2a0116159697019a17b","","","OK","110","D:\AI\AITRASH\workspaces\project - Изменение масштаба для планировок квартир\09_outputs\_full_wip\20260727_full_mkd2\Корпус 2.1\х110_POZD_WEB_K2-1_s1_et1_5.ai","D:\AI\AITRASH\workspaces\project - Изменение масштаба для планировок квартир\09_outputs\_full_wip\20260727_full_mkd2\Корпус 2.1\х110_POZD_WEB_K2-1_s1_et1_5.png","7aaad5342ad63b0ec67362f04df946a45a6f865bd24d4e4f7149dba82cc0018a","2890dab9fdc59fa54fb0db1b8b46cd010a1bfa87c59839df4082316926653cb1","D:\AI\AITRASH\workspaces\project - Изменение масштаба для планировок квартир\09_outputs\_diagnostics\full_20260727_full_mkd2\details\004_POZD_WEB_K2-1_s1_et1_5_attempt1.json","1","","OK","987.313623","454.418307","1.083748846","110","4689","2287","16","16","0","0","0","0","","2"
"5","Корпус 2.1","Корпус 2.1/POZD_WEB_K2-1_s1_et1_6.ai","D:\AI\AITRASH\LIBRARY\02_CATALOG\02_PRESALE_Поздняково\01_ARTIFACTS\МКД2\Корпус 2.1\POZD_WEB_K2-1_s1_et1_6.ai","D:\AI\AITRASH\LIBRARY\02_CATALOG\02_PRESALE_Поздняково\01_ARTIFACTS\МКД2\Корпус 2.1\POZD_WEB_K2-1_s1_et1_6.png","246504","7652598056ffb78da27866f056800eada1a44715d948fdac729aae664632fae1","7652598056ffb78da27866f056800eada1a44715d948fdac729aae664632fae1","","","OK","200","D:\AI\AITRASH\workspaces\project - Изменение масштаба для планировок квартир\09_outputs\_full_wip\20260727_full_mkd2\Корпус 2.1\х200_POZD_WEB_K2-1_s1_et1_6.ai","D:\AI\AITRASH\workspaces\project - Изменение масштаба для планировок квартир\09_outputs\_full_wip\20260727_full_mkd2\Корпус 2.1\х200_POZD_WEB_K2-1_s1_et1_6.png","b76295580b8476241dadc5ed13dfaba7a8663dbb8a52dda0d42e424fa223ec75","6f1a5c2e19d44ec0ac6cc36654778ec304f4b2800fdfdc288b61a29afe28f67c","D:\AI\AITRASH\workspaces\project - Изменение масштаба для планировок квартир\09_outputs\_diagnostics\full_20260727_full_mkd2\details\005_POZD_WEB_K2-1_s1_et1_6_attempt1.json","1","","OK","499.754567","386.513417","2.006270678","200","3253","1596","15","15","0","0","0","0","","2"
"6","Корпус 2.1","Корпус 2.1/POZD_WEB_K2-1_s1_et2,4_3.ai","D:\AI\AITRASH\LIBRARY\02_CATALOG\02_PRESALE_Поздняково\01_ARTIFACTS\МКД2\Корпус 2.1\POZD_WEB_K2-1_s1_et2,4_3.ai","D:\AI\AITRASH\LIBRARY\02_CATALOG\02_PRESALE_Поздняково\01_ARTIFACTS\МКД2\Корпус 2.1\POZD_WEB_K2-1_s1_et2,4_3.png","200532","49c9b429f2f4487bc24c40248a146107450b31fed9fb371c066caef90efc1d78","49c9b429f2f4487bc24c40248a146107450b31fed9fb371c066caef90efc1d78","","","OK","170","D:\AI\AITRASH\workspaces\project - Изменение масштаба для планировок квартир\09_outputs\_full_wip\20260727_full_mkd2\Корпус 2.1\х170_POZD_WEB_K2-1_s1_et2,4_3.ai","D:\AI\AITRASH\workspaces\project - Изменение масштаба для планировок квартир\09_outputs\_full_wip\20260727_full_mkd2\Корпус 2.1\х170_POZD_WEB_K2-1_s1_et2,4_3.png","7735ddacbe8dbafeb63f7924dea2ea0aae073e201e949b368ed970fcc3fa9505","b74de951b65ad22fccc27d4869c8236361a34105372303cedbd09bf0f818fd3e","D:\AI\AITRASH\workspaces\project - Изменение масштаба для планировок квартир\09_outputs\_diagnostics\full_20260727_full_mkd2\details\006_POZD_WEB_K2-1_s1_et2,4_3_attempt1.json","1","","OK","460.087599","573.598431","1.716429451","170","2454","1191","10","10","0","0","0","0","","2"
"7","Корпус 2.1","Корпус 2.1/POZD_WEB_K2-1_s1_et2,4_5.ai","D:\AI\AITRASH\LIBRARY\02_CATALOG\02_PRESALE_Поздняково\01_ARTIFACTS\МКД2\Корпус 2.1\POZD_WEB_K2-1_s1_et2,4_5.ai","D:\AI\AITRASH\LIBRARY\02_CATALOG\02_PRESALE_Поздняково\01_ARTIFACTS\МКД2\Корпус 2.1\POZD_WEB_K2-1_s1_et2,4_5.png","227914","176394bf4dbb15783337be2cca2ed9441232e4f58182874b221963ef41b950ed","176394bf4dbb15783337be2cca2ed9441232e4f58182874b221963ef41b950ed","","","OK","120","D:\AI\AITRASH\workspaces\project - Изменение масштаба для планировок квартир\09_outputs\_full_wip\20260727_full_mkd2\Корпус 2.1\х120_POZD_WEB_K2-1_s1_et2,4_5.ai","D:\AI\AITRASH\workspaces\project - Изменение масштаба для планировок квартир\09_outputs\_full_wip\20260727_full_mkd2\Корпус 2.1\х120_POZD_WEB_K2-1_s1_et2,4_5.png","5d2b7b3cac54edae0e059b74776d64f0de06f9c7da0ce3564798aba2da22a71d","90e71eb31933019e8f2e05f6a6e3cf842ed1e4fa6ba15b2e63a905c92e812766","D:\AI\AITRASH\workspaces\project - Изменение масштаба для планировок квартир\09_outputs\_diagnostics\full_20260727_full_mkd2\details\007_POZD_WEB_K2-1_s1_et2,4_5_attempt1.json","1","","OK","885.409449","454.418307","1.208480439","120","3534","1723","10","10","0","0","0","0","","2"
"8","Корпус 2.1","Корпус 2.1/POZD_WEB_K2-1_s1_et2,6_4.ai","D:\AI\AITRASH\LIBRARY\02_CATALOG\02_PRESALE_Поздняково\01_ARTIFACTS\МКД2\Корпус 2.1\POZD_WEB_K2-1_s1_et2,6_4.ai","D:\AI\AITRASH\LIBRARY\02_CATALOG\02_PRESALE_Поздняково\01_ARTIFACTS\МКД2\Корпус 2.1\POZD_WEB_K2-1_s1_et2,6_4.png","160519","5ae2da643e0a175709d37dc7fc76cf0833e5e92c6431a11216ac3320a247a44f","5ae2da643e0a175709d37dc7fc76cf0833e5e92c6431a11216ac3320a247a44f","","","OK","200","D:\AI\AITRASH\workspaces\project - Изменение масштаба для планировок квартир\09_outputs\_full_wip\20260727_full_mkd2\Корпус 2.1\х200_POZD_WEB_K2-1_s1_et2,6_4.ai","D:\AI\AITRASH\workspaces\project - Изменение масштаба для планировок квартир\09_outputs\_full_wip\20260727_full_mkd2\Корпус 2.1\х200_POZD_WEB_K2-1_s1_et2,6_4.png","6453fce57a5bd04542993f30404d4f1e7b0cb529bbe309d24a4f1ab25686101f","7c1d13bf24278748dad33d5c6b561b455a6cce0af12d5ec1b00ee2f5764a138b","D:\AI\AITRASH\workspaces\project - Изменение масштаба для планировок квартир\09_outputs\_diagnostics\full_20260727_full_mkd2\details\008_POZD_WEB_K2-1_s1_et2,6_4_attempt1.json","1","","OK","460.087599","392.181102","2.075805239","200","1660","805","10","10","0","0","0","0","","2"
"9","Корпус 2.1","Корпус 2.1/POZD_WEB_K2-1_s1_et2_1.ai","D:\AI\AITRASH\LIBRARY\02_CATALOG\02_PRESALE_Поздняково\01_ARTIFACTS\МКД2\Корпус 2.1\POZD_WEB_K2-1_s1_et2_1.ai","D:\AI\AITRASH\LIBRARY\02_CATALOG\02_PRESALE_Поздняково\01_ARTIFACTS\МКД2\Корпус 2.1\POZD_WEB_K2-1_s1_et2_1.png","196909","f08deaaa61016bc4f515cbb471b95abdd63137de0df0723e1303f320cf2b943b","f08deaaa61016bc4f515cbb471b95abdd63137de0df0723e1303f320cf2b943b","","","OK","170","D:\AI\AITRASH\workspaces\project - Изменение масштаба для планировок квартир\09_outputs\_full_wip\20260727_full_mkd2\Корпус 2.1\х170_POZD_WEB_K2-1_s1_et2_1.ai","D:\AI\AITRASH\workspaces\project - Изменение масштаба для планировок квартир\09_outputs\_full_wip\20260727_full_mkd2\Корпус 2.1\х170_POZD_WEB_K2-1_s1_et2_1.png","c1a5ebb1d16daf46fdb223a1dda1d5da712389c028408bef5dad09fe4614d092","4166e07dd2e1e9f93aab606ceddda2cc1e4f76b55b2a42bfed8dc2fbe3df36d1","D:\AI\AITRASH\workspaces\project - Изменение масштаба для планировок квартир\09_outputs\_diagnostics\full_20260727_full_mkd2\details\009_POZD_WEB_K2-1_s1_et2_1_attempt1.json","1","","OK","448.874018","544.843504","1.783003009","170","2394","1160","14","14","0","0","0","0","","2"
"10","Корпус 2.1","Корпус 2.1/POZD_WEB_K2-1_s1_et2_2.ai","D:\AI\AITRASH\LIBRARY\02_CATALOG\02_PRESALE_Поздняково\01_ARTIFACTS\МКД2\Корпус 2.1\POZD_WEB_K2-1_s1_et2_2.ai","D:\AI\AITRASH\LIBRARY\02_CATALOG\02_PRESALE_Поздняково\01_ARTIFACTS\МКД2\Корпус 2.1\POZD_WEB_K2-1_s1_et2_2.png","202319","c7238ec6e97e2db2d601d0ba1fa309722127af09af97b37f19d7866fe86e9bde","c7238ec6e97e2db2d601d0ba1fa309722127af09af97b37f19d7866fe86e9bde","","","OK","170","D:\AI\AITRASH\workspaces\project - Изменение масштаба для планировок квартир\09_outputs\_full_wip\20260727_full_mkd2\Корпус 2.1\х170_POZD_WEB_K2-1_s1_et2_2.ai","D:\AI\AITRASH\workspaces\project - Изменение масштаба для планировок квартир\09_outputs\_full_wip\20260727_full_mkd2\Корпус 2.1\х170_POZD_WEB_K2-1_s1_et2_2.png","13e9cff06b2d0e7789b5f7d7a770162b2e11ee0d3083110ded5ad06b6ad02cdf","37bdc51466a59339a2d19abb6e08c0479387ca9b84f8e05d94902244c1aed643","D:\AI\AITRASH\workspaces\project - Изменение масштаба для планировок квартир\09_outputs\_diagnostics\full_20260727_full_mkd2\details\010_POZD_WEB_K2-1_s1_et2_2_attempt1.json","1","","OK","488.025591","516.905513","1.755590891","170","2452","1185","14","14","0","0","0","0","","2"
"11","Корпус 2.1","Корпус 2.1/POZD_WEB_K2-1_s1_et2_6.ai","D:\AI\AITRASH\LIBRARY\02_CATALOG\02_PRESALE_Поздняково\01_ARTIFACTS\МКД2\Корпус 2.1\POZD_WEB_K2-1_s1_et2_6.ai","D:\AI\AITRASH\LIBRARY\02_CATALOG\02_PRESALE_Поздняково\01_ARTIFACTS\МКД2\Корпус 2.1\POZD_WEB_K2-1_s1_et2_6.png","203896","cb9628a8fb5036c54ea6822457ba3ff90066a3709a98d659d9129c9ef15015d6","cb9628a8fb5036c54ea6822457ba3ff90066a3709a98d659d9129c9ef15015d6","","","OK","170","D:\AI\AITRASH\workspaces\project - Изменение масштаба для планировок квартир\09_outputs\_full_wip\20260727_full_mkd2\Корпус 2.1\х170_POZD_WEB_K2-1_s1_et2_6.ai","D:\AI\AITRASH\workspaces\project - Изменение масштаба для планировок квартир\09_outputs\_full_wip\20260727_full_mkd2\Корпус 2.1\х170_POZD_WEB_K2-1_s1_et2_6.png","3002b592ae7cbbd22bd4c016683e0dd2d638c94174ddd083550f652b362cb873","63a42b3ec10a002762226b9672a505589cf5e473b3909f11fd2d357381ffd75a","D:\AI\AITRASH\workspaces\project - Изменение масштаба для планировок квартир\09_outputs\_diagnostics\full_20260727_full_mkd2\details\011_POZD_WEB_K2-1_s1_et2_6_attempt1.json","1","","OK","397.850394","573.598442","1.845807138","170","2672","1297","10","10","0","0","0","0","","2"
"12","Корпус 2.1","Корпус 2.1/POZD_WEB_K2-1_s1_et3,5_1.ai","D:\AI\AITRASH\LIBRARY\02_CATALOG\02_PRESALE_Поздняково\01_ARTIFACTS\МКД2\Корпус 2.1\POZD_WEB_K2-1_s1_et3,5_1.ai","D:\AI\AITRASH\LIBRARY\02_CATALOG\02_PRESALE_Поздняково\01_ARTIFACTS\МКД2\Корпус 2.1\POZD_WEB_K2-1_s1_et3,5_1.png","192006","cba1976b1389520fcdfadb293265777df0d44721c4e55831bf9b9041527d2966","cba1976b1389520fcdfadb293265777df0d44721c4e55831bf9b9041527d2966","","","OK","170","D:\AI\AITRASH\workspaces\project - Изменение масштаба для планировок квартир\09_outputs\_full_wip\20260727_full_mkd2\Корпус 2.1\х170_POZD_WEB_K2-1_s1_et3,5_1.ai","D:\AI\AITRASH\workspaces\project - Изменение масштаба для планировок квартир\09_outputs\_full_wip\20260727_full_mkd2\Корпус 2.1\х170_POZD_WEB_K2-1_s1_et3,5_1.png","735bb9fed9bf612bcafe26bf1aa22a489ef4e852e511fee5d5e7f0ff3cb63b97","2626c5f9f607eb112224cafee91c063da24b497d7cb38899a4b07a28ae019903","D:\AI\AITRASH\workspaces\project - Изменение масштаба для планировок квартир\09_outputs\_diagnostics\full_20260727_full_mkd2\details\012_POZD_WEB_K2-1_s1_et3,5_1_attempt1.json","1","","OK","448.874016","516.905512","1.830553323","170","2340","1133","10","10","0","0","0","0","","2"
"13","Корпус 2.1","Корпус 2.1/POZD_WEB_K2-1_s1_et3,5_2.ai","D:\AI\AITRASH\LIBRARY\02_CATALOG\02_PRESALE_Поздняково\01_ARTIFACTS\МКД2\Корпус 2.1\POZD_WEB_K2-1_s1_et3,5_2.ai","D:\AI\AITRASH\LIBRARY\02_CATALOG\02_PRESALE_Поздняково\01_ARTIFACTS\МКД2\Корпус 2.1\POZD_WEB_K2-1_s1_et3,5_2.png","195811","7e71dc84fde0920777cf12fa588b9aa88227bdae1bf4e21de84a760e4fe00faa","7e71dc84fde0920777cf12fa588b9aa88227bdae1bf4e21de84a760e4fe00faa","","","OK","170","D:\AI\AITRASH\workspaces\project - Изменение масштаба для планировок квартир\09_outputs\_full_wip\20260727_full_mkd2\Корпус 2.1\х170_POZD_WEB_K2-1_s1_et3,5_2.ai","D:\AI\AITRASH\workspaces\project - Изменение масштаба для планировок квартир\09_outputs\_full_wip\20260727_full_mkd2\Корпус 2.1\х170_POZD_WEB_K2-1_s1_et3,5_2.png","ceeb3c71bfcb08fd0b11f937a753e1f19afeeeaba7cb873f6d1ca83be77d5d5b","b6aea50387c773fab681cbea732a449f65a440797c23de2b2d962f4a8ea57cab","D:\AI\AITRASH\workspaces\project - Изменение масштаба для планировок квартир\09_outputs\_diagnostics\full_20260727_full_mkd2\details\013_POZD_WEB_K2-1_s1_et3,5_2_attempt1.json","1","","OK","460.087599","516.905513","1.808107939","170","2396","1157","10","10","0","0","0","0","","2"
"14","Корпус 2.1","Корпус 2.1/POZD_WEB_K2-1_s1_et3,5_3.ai","D:\AI\AITRASH\LIBRARY\02_CATALOG\02_PRESALE_Поздняково\01_ARTIFACTS\МКД2\Корпус 2.1\POZD_WEB_K2-1_s1_et3,5_3.ai","D:\AI\AITRASH\LIBRARY\02_CATALOG\02_PRESALE_Поздняково\01_ARTIFACTS\МКД2\Корпус 2.1\POZD_WEB_K2-1_s1_et3,5_3.png","199355","6c762af12e0cdd795be079ffb5fbc59a542d5e517a843a1c8ddf88abca84dd55","6c762af12e0cdd795be079ffb5fbc59a542d5e517a843a1c8ddf88abca84dd55","","","OK","170","D:\AI\AITRASH\workspaces\project - Изменение масштаба для планировок квартир\09_outputs\_full_wip\20260727_full_mkd2\Корпус 2.1\х170_POZD_WEB_K2-1_s1_et3,5_3.ai","D:\AI\AITRASH\workspaces\project - Изменение масштаба для планировок квартир\09_outputs\_full_wip\20260727_full_mkd2\Корпус 2.1\х170_POZD_WEB_K2-1_s1_et3,5_3.png","4a70b0fe97b85f56d26fc01c9d272823e7ecb459d952639c56cf249e3cccee07","45576fd6473b43d31c04d4fceef70a12af4716353dd30c32a38b261186af9128","D:\AI\AITRASH\workspaces\project - Изменение масштаба для планировок квартир\09_outputs\_diagnostics\full_20260727_full_mkd2\details\014_POZD_WEB_K2-1_s1_et3,5_3_attempt1.json","1","","OK","460.087599","573.598416","1.716429473","170","2456","1192","10","10","0","0","0","0","","2"
"15","Корпус 2.1","Корпус 2.1/POZD_WEB_K2-1_s1_et3,5_4.ai","D:\AI\AITRASH\LIBRARY\02_CATALOG\02_PRESALE_Поздняково\01_ARTIFACTS\МКД2\Корпус 2.1\POZD_WEB_K2-1_s1_et3,5_4.ai","D:\AI\AITRASH\LIBRARY\02_CATALOG\02_PRESALE_Поздняково\01_ARTIFACTS\МКД2\Корпус 2.1\POZD_WEB_K2-1_s1_et3,5_4.png","161712","a5e0791ef94174e9050cefc6fd9c345ccd01b7878f521dfe623e7ec0df0ed40f","a5e0791ef94174e9050cefc6fd9c345ccd01b7878f521dfe623e7ec0df0ed40f","","","OK","200","D:\AI\AITRASH\workspaces\project - Изменение масштаба для планировок квартир\09_outputs\_full_wip\20260727_full_mkd2\Корпус 2.1\х200_POZD_WEB_K2-1_s1_et3,5_4.ai","D:\AI\AITRASH\workspaces\project - Изменение масштаба для планировок квартир\09_outputs\_full_wip\20260727_full_mkd2\Корпус 2.1\х200_POZD_WEB_K2-1_s1_et3,5_4.png","751e99ec14d380286d4d6cadd25628e8dd43d89d0fab0f5309322aa07b8c7aa0","5d1784b4393b5dac102bb11130b13c2249ee3f2a87658d6196cd1621100d04f9","D:\AI\AITRASH\workspaces\project - Изменение масштаба для планировок квартир\09_outputs\_diagnostics\full_20260727_full_mkd2\details\015_POZD_WEB_K2-1_s1_et3,5_4_attempt1.json","1","","OK","460.087599","392.181108","2.075805223","200","1651","805","10","10","0","0","0","0","","2"
"16","Корпус 2.1","Корпус 2.1/POZD_WEB_K2-1_s1_et3,5_5.ai","D:\AI\AITRASH\LIBRARY\02_CATALOG\02_PRESALE_Поздняково\01_ARTIFACTS\МКД2\Корпус 2.1\POZD_WEB_K2-1_s1_et3,5_5.ai","D:\AI\AITRASH\LIBRARY\02_CATALOG\02_PRESALE_Поздняково\01_ARTIFACTS\МКД2\Корпус 2.1\POZD_WEB_K2-1_s1_et3,5_5.png","227778","3a91f804031ae1a4a62577e04ae9a57d41bffbbcda73903801707c9f67f246a0","3a91f804031ae1a4a62577e04ae9a57d41bffbbcda73903801707c9f67f246a0","","","OK","120","D:\AI\AITRASH\workspaces\project - Изменение масштаба для планировок квартир\09_outputs\_full_wip\20260727_full_mkd2\Корпус 2.1\х120_POZD_WEB_K2-1_s1_et3,5_5.ai","D:\AI\AITRASH\workspaces\project - Изменение масштаба для планировок квартир\09_outputs\_full_wip\20260727_full_mkd2\Корпус 2.1\х120_POZD_WEB_K2-1_s1_et3,5_5.png","6edade9ce004da0c4a0ecb5df848fc351a5cef787490588c522663ee3e9095f5","36ecbc6905328a807de4a9330e7a97a113cafcfbeaa5bc78924191786be4895d","D:\AI\AITRASH\workspaces\project - Изменение масштаба для планировок квартир\09_outputs\_diagnostics\full_20260727_full_mkd2\details\016_POZD_WEB_K2-1_s1_et3,5_5_attempt1.json","1","","OK","885.409449","454.418307","1.208480439","120","3524","1721","10","10","0","0","0","0","","2"
"17","Корпус 2.1","Корпус 2.1/POZD_WEB_K2-1_s1_et3,5_6.ai","D:\AI\AITRASH\LIBRARY\02_CATALOG\02_PRESALE_Поздняково\01_ARTIFACTS\МКД2\Корпус 2.1\POZD_WEB_K2-1_s1_et3,5_6.ai","D:\AI\AITRASH\LIBRARY\02_CATALOG\02_PRESALE_Поздняково\01_ARTIFACTS\МКД2\Корпус 2.1\POZD_WEB_K2-1_s1_et3,5_6.png","204539","0a72f67f26edc44c028e1610e9840cb1599f52ff077907a768d22fb5d03e8f39","0a72f67f26edc44c028e1610e9840cb1599f52ff077907a768d22fb5d03e8f39","","","OK","170","D:\AI\AITRASH\workspaces\project - Изменение масштаба для планировок квартир\09_outputs\_full_wip\20260727_full_mkd2\Корпус 2.1\х170_POZD_WEB_K2-1_s1_et3,5_6.ai","D:\AI\AITRASH\workspaces\project - Изменение масштаба для планировок квартир\09_outputs\_full_wip\20260727_full_mkd2\Корпус 2.1\х170_POZD_WEB_K2-1_s1_et3,5_6.png","88d973519ef2105172ad499e823b3acaaff1adb6fbd58bd332c9a4e4e250d8ca","a9a240a3b9150ce893b9a9c8b3ecb8d2a37fe214ae29cfcd45bc750cd10b694d","D:\AI\AITRASH\workspaces\project - Изменение масштаба для планировок квартир\09_outputs\_diagnostics\full_20260727_full_mkd2\details\017_POZD_WEB_K2-1_s1_et3,5_6_attempt1.json","1","","OK","397.850394","573.598401","1.845807204","170","2674","1299","10","10","0","0","0","0","","2"
"18","Корпус 2.1","Корпус 2.1/POZD_WEB_K2-1_s1_et4_1.ai","D:\AI\AITRASH\LIBRARY\02_CATALOG\02_PRESALE_Поздняково\01_ARTIFACTS\МКД2\Корпус 2.1\POZD_WEB_K2-1_s1_et4_1.ai","D:\AI\AITRASH\LIBRARY\02_CATALOG\02_PRESALE_Поздняково\01_ARTIFACTS\МКД2\Корпус 2.1\POZD_WEB_K2-1_s1_et4_1.png","188568","e7aa136e0ed853f2d975512c8832374d3412c71218a4afb580aab00024b2cb3e","e7aa136e0ed853f2d975512c8832374d3412c71218a4afb580aab00024b2cb3e","","","OK","170","D:\AI\AITRASH\workspaces\project - Изменение масштаба для планировок квартир\09_outputs\_full_wip\20260727_full_mkd2\Корпус 2.1\х170_POZD_WEB_K2-1_s1_et4_1.ai","D:\AI\AITRASH\workspaces\project - Изменение масштаба для планировок квартир\09_outputs\_full_wip\20260727_full_mkd2\Корпус 2.1\х170_POZD_WEB_K2-1_s1_et4_1.png","c933f054fb653f2699e62503b51035f5f9cdbcde63bed34286a86bf437080e50","d7dfb13e941cebfd5172eca524ecc7849819589f94e4002bf630580b907602e7","D:\AI\AITRASH\workspaces\project - Изменение масштаба для планировок квартир\09_outputs\_diagnostics\full_20260727_full_mkd2\details\018_POZD_WEB_K2-1_s1_et4_1_attempt1.json","1","","OK","448.624015","516.655511","1.831506258","170","2330","1129","10","10","0","0","0","0","","2"
"19","Корпус 2.1","Корпус 2.1/POZD_WEB_K2-1_s1_et4_2.ai","D:\AI\AITRASH\LIBRARY\02_CATALOG\02_PRESALE_Поздняково\01_ARTIFACTS\МКД2\Корпус 2.1\POZD_WEB_K2-1_s1_et4_2.ai","D:\AI\AITRASH\LIBRARY\02_CATALOG\02_PRESALE_Поздняково\01_ARTIFACTS\МКД2\Корпус 2.1\POZD_WEB_K2-1_s1_et4_2.png","199732","2a44c0f77c128527434b7bfd2411a2178777b8d65767f627cf87175a88a77a18","2a44c0f77c128527434b7bfd2411a2178777b8d65767f627cf87175a88a77a18","","","OK","170","D:\AI\AITRASH\workspaces\project - Изменение масштаба для планировок квартир\09_outputs\_full_wip\20260727_full_mkd2\Корпус 2.1\х170_POZD_WEB_K2-1_s1_et4_2.ai","D:\AI\AITRASH\workspaces\project - Изменение масштаба для планировок квартир\09_outputs\_full_wip\20260727_full_mkd2\Корпус 2.1\х170_POZD_WEB_K2-1_s1_et4_2.png","6708746aaa0bc663e86a0c26cccbbb76d08e56776c9c659d40aa00580d94523d","767e6e19c9da4ecb5f4f1ae1bd606fac62fd74a2ff02fbc86d2ca299a3ae378a","D:\AI\AITRASH\workspaces\project - Изменение масштаба для планировок квартир\09_outputs\_diagnostics\full_20260727_full_mkd2\details\019_POZD_WEB_K2-1_s1_et4_2_attempt1.json","1","","OK","460.087599","544.843504","1.76114067","170","2439","1180","14","14","0","0","0","0","","2"
"20","Корпус 2.1","Корпус 2.1/POZD_WEB_K2-1_s1_et4_4.ai","D:\AI\AITRASH\LIBRARY\02_CATALOG\02_PRESALE_Поздняково\01_ARTIFACTS\МКД2\Корпус 2.1\POZD_WEB_K2-1_s1_et4_4.ai","D:\AI\AITRASH\LIBRARY\02_CATALOG\02_PRESALE_Поздняково\01_ARTIFACTS\МКД2\Корпус 2.1\POZD_WEB_K2-1_s1_et4_4.png","164664","d5d1c7320bfa21f07ae0901e492681b33fc81a5123275f549cb718384c9248d9","d5d1c7320bfa21f07ae0901e492681b33fc81a5123275f549cb718384c9248d9","","","OK","200","D:\AI\AITRASH\workspaces\project - Изменение масштаба для планировок квартир\09_outputs\_full_wip\20260727_full_mkd2\Корпус 2.1\х200_POZD_WEB_K2-1_s1_et4_4.ai","D:\AI\AITRASH\workspaces\project - Изменение масштаба для планировок квартир\09_outputs\_full_wip\20260727_full_mkd2\Корпус 2.1\х200_POZD_WEB_K2-1_s1_et4_4.png","7d324d066420319dadbdeb221b5ee7b1b54327f3bfa149549e6be5ac3c94c2b7","5841aa34752b9c9d19c7a3d1c3dbb07961283f905f546860b4c0eec1043f7cc2","D:\AI\AITRASH\workspaces\project - Изменение масштаба для планировок квартир\09_outputs\_diagnostics\full_20260727_full_mkd2\details\020_POZD_WEB_K2-1_s1_et4_4_attempt1.json","1","","OK","488.025591","392.181088","2.015512878","200","1704","828","14","14","0","0","0","0","","2"
"21","Корпус 2.1","Корпус 2.1/POZD_WEB_K2-1_s1_et4_6.ai","D:\AI\AITRASH\LIBRARY\02_CATALOG\02_PRESALE_Поздняково\01_ARTIFACTS\МКД2\Корпус 2.1\POZD_WEB_K2-1_s1_et4_6.ai","D:\AI\AITRASH\LIBRARY\02_CATALOG\02_PRESALE_Поздняково\01_ARTIFACTS\МКД2\Корпус 2.1\POZD_WEB_K2-1_s1_et4_6.png","208545","7b2fabc737c742eee29b29420972ecb93e1f93ef89f9e0573510bd274fdd7141","7b2fabc737c742eee29b29420972ecb93e1f93ef89f9e0573510bd274fdd7141","","","OK","170","D:\AI\AITRASH\workspaces\project - Изменение масштаба для планировок квартир\09_outputs\_full_wip\20260727_full_mkd2\Корпус 2.1\х170_POZD_WEB_K2-1_s1_et4_6.ai","D:\AI\AITRASH\workspaces\project - Изменение масштаба для планировок квартир\09_outputs\_full_wip\20260727_full_mkd2\Корпус 2.1\х170_POZD_WEB_K2-1_s1_et4_6.png","cca03c4776ea80df619900278893cdfa7fee30fe00712c6a5e0faa82b001eb62","d8717943f22ca333d952ffb630b8070288ad7744fb47b7facfb9d98272dfe6ce","D:\AI\AITRASH\workspaces\project - Изменение масштаба для планировок квартир\09_outputs\_diagnostics\full_20260727_full_mkd2\details\021_POZD_WEB_K2-1_s1_et4_6_attempt1.json","1","","OK","425.788386","573.598414","1.784223776","170","2696","1310","13","13","0","0","0","0","","2"
"22","Корпус 2.1","Корпус 2.1/POZD_WEB_K2-1_s1_et6_1.ai","D:\AI\AITRASH\LIBRARY\02_CATALOG\02_PRESALE_Поздняково\01_ARTIFACTS\МКД2\Корпус 2.1\POZD_WEB_K2-1_s1_et6_1.ai","D:\AI\AITRASH\LIBRARY\02_CATALOG\02_PRESALE_Поздняково\01_ARTIFACTS\МКД2\Корпус 2.1\POZD_WEB_K2-1_s1_et6_1.png","199524","354e3cd35d544a6638a9994414363eac25fb6ef1c15ba3b346ba6dd8ceb96bca","354e3cd35d544a6638a9994414363eac25fb6ef1c15ba3b346ba6dd8ceb96bca","","","OK","170","D:\AI\AITRASH\workspaces\project - Изменение масштаба для планировок квартир\09_outputs\_full_wip\20260727_full_mkd2\Корпус 2.1\х170_POZD_WEB_K2-1_s1_et6_1.ai","D:\AI\AITRASH\workspaces\project - Изменение масштаба для планировок квартир\09_outputs\_full_wip\20260727_full_mkd2\Корпус 2.1\х170_POZD_WEB_K2-1_s1_et6_1.png","a6394d06440af8dbd1a3f704f1ad04de657782a30d3020c91268380b75e59fec","4534a2592e10e80470cb9765862c4a4b1c386109c9ac29915d168c70e231416f","D:\AI\AITRASH\workspaces\project - Изменение масштаба для планировок квартир\09_outputs\_diagnostics\full_20260727_full_mkd2\details\022_POZD_WEB_K2-1_s1_et6_1_attempt1.json","1","","OK","476.812009","544.843504","1.729978547","170","2461","1191","13","13","0","0","0","0","","2"
"23","Корпус 2.1","Корпус 2.1/POZD_WEB_K2-1_s1_et6_2.ai","D:\AI\AITRASH\LIBRARY\02_CATALOG\02_PRESALE_Поздняково\01_ARTIFACTS\МКД2\Корпус 2.1\POZD_WEB_K2-1_s1_et6_2.ai","D:\AI\AITRASH\LIBRARY\02_CATALOG\02_PRESALE_Поздняково\01_ARTIFACTS\МКД2\Корпус 2.1\POZD_WEB_K2-1_s1_et6_2.png","202288","31a788b11f2d53c48b074029a2104766d0db32289cd676665fe721d2fbba7488","31a788b11f2d53c48b074029a2104766d0db32289cd676665fe721d2fbba7488","","","OK","170","D:\AI\AITRASH\workspaces\project - Изменение масштаба для планировок квартир\09_outputs\_full_wip\20260727_full_mkd2\Корпус 2.1\х170_POZD_WEB_K2-1_s1_et6_2.ai","D:\AI\AITRASH\workspaces\project - Изменение масштаба для планировок квартир\09_outputs\_full_wip\20260727_full_mkd2\Корпус 2.1\х170_POZD_WEB_K2-1_s1_et6_2.png","dc7e41336fd9467a141b066e09f109fce4d1ccf0959bd1382c229db1ff655d72","e67023afc4a908fc4b21bab3dd2eee167923918e2f511e6a02ccf7f7aa56e37c","D:\AI\AITRASH\workspaces\project - Изменение масштаба для планировок квартир\09_outputs\_diagnostics\full_20260727_full_mkd2\details\023_POZD_WEB_K2-1_s1_et6_2_attempt1.json","1","","OK","488.025591","516.905512","1.755590893","170","2443","1179","13","13","0","0","0","0","","2"
"24","Корпус 2.1","Корпус 2.1/POZD_WEB_K2-1_s1_et6_3.ai","D:\AI\AITRASH\LIBRARY\02_CATALOG\02_PRESALE_Поздняково\01_ARTIFACTS\МКД2\Корпус 2.1\POZD_WEB_K2-1_s1_et6_3.ai","D:\AI\AITRASH\LIBRARY\02_CATALOG\02_PRESALE_Поздняково\01_ARTIFACTS\МКД2\Корпус 2.1\POZD_WEB_K2-1_s1_et6_3.png","201979","bfe3d1d9e2248fa66b6358532d0ea1a974d6f86a238d07bc0a5608ad4a7b7a60","bfe3d1d9e2248fa66b6358532d0ea1a974d6f86a238d07bc0a5608ad4a7b7a60","","","OK","170","D:\AI\AITRASH\workspaces\project - Изменение масштаба для планировок квартир\09_outputs\_full_wip\20260727_full_mkd2\Корпус 2.1\х170_POZD_WEB_K2-1_s1_et6_3.ai","D:\AI\AITRASH\workspaces\project - Изменение масштаба для планировок квартир\09_outputs\_full_wip\20260727_full_mkd2\Корпус 2.1\х170_POZD_WEB_K2-1_s1_et6_3.png","9d79472ddfad4d4f9d74e9381189c3b118b056436b6bb024f3aeb83c787f1170","7069e6e9e64967bad0ea4ee0dba81fa9653bb97050e6f636efce9256bb508440","D:\AI\AITRASH\workspaces\project - Изменение масштаба для планировок квартир\09_outputs\_diagnostics\full_20260727_full_mkd2\details\024_POZD_WEB_K2-1_s1_et6_3_attempt1.json","1","","OK","488.025591","573.598409","1.666575265","170","2465","1198","13","13","0","0","0","0","","2"
"25","Корпус 2.1","Корпус 2.1/POZD_WEB_K2-1_s1_et6_5.ai","D:\AI\AITRASH\LIBRARY\02_CATALOG\02_PRESALE_Поздняково\01_ARTIFACTS\МКД2\Корпус 2.1\POZD_WEB_K2-1_s1_et6_5.ai","D:\AI\AITRASH\LIBRARY\02_CATALOG\02_PRESALE_Поздняково\01_ARTIFACTS\МКД2\Корпус 2.1\POZD_WEB_K2-1_s1_et6_5.png","232857","518fc96bb16de4b4073de5db77e0ef3a28f71f8da398df3fcbb9d035b4334cd0","518fc96bb16de4b4073de5db77e0ef3a28f71f8da398df3fcbb9d035b4334cd0","","","OK","110","D:\AI\AITRASH\workspaces\project - Изменение масштаба для планировок квартир\09_outputs\_full_wip\20260727_full_mkd2\Корпус 2.1\х110_POZD_WEB_K2-1_s1_et6_5.ai","D:\AI\AITRASH\workspaces\project - Изменение масштаба для планировок квартир\09_outputs\_full_wip\20260727_full_mkd2\Корпус 2.1\х110_POZD_WEB_K2-1_s1_et6_5.png","5b27ac41a93729b9a40f37b6823538fe8906036691de57c6b0d5ffa362c9fcb6","f5c47b652579039a6afa33d8c00d7d8b2af5643feab1d3b27381784a52f52f0f","D:\AI\AITRASH\workspaces\project - Изменение масштаба для планировок квартир\09_outputs\_diagnostics\full_20260727_full_mkd2\details\025_POZD_WEB_K2-1_s1_et6_5_attempt1.json","1","","OK","941.285433","454.418307","1.136743396","110","3653","1783","13","13","0","0","0","0","","2"
"26","Корпус 2.1","Корпус 2.1/POZD_WEB_K2-1_s1_et6_6.ai","D:\AI\AITRASH\LIBRARY\02_CATALOG\02_PRESALE_Поздняково\01_ARTIFACTS\МКД2\Корпус 2.1\POZD_WEB_K2-1_s1_et6_6.ai","D:\AI\AITRASH\LIBRARY\02_CATALOG\02_PRESALE_Поздняково\01_ARTIFACTS\МКД2\Корпус 2.1\POZD_WEB_K2-1_s1_et6_6.png","209552","fbafaa120a404839eb5727dd231567aea0acc7d4b06c531ecb4b685178e940d8","fbafaa120a404839eb5727dd231567aea0acc7d4b06c531ecb4b685178e940d8","","","OK","170","D:\AI\AITRASH\workspaces\project - Изменение масштаба для планировок квартир\09_outputs\_full_wip\20260727_full_mkd2\Корпус 2.1\х170_POZD_WEB_K2-1_s1_et6_6.ai","D:\AI\AITRASH\workspaces\project - Изменение масштаба для планировок квартир\09_outputs\_full_wip\20260727_full_mkd2\Корпус 2.1\х170_POZD_WEB_K2-1_s1_et6_6.png","c7b0fce86f53b2feda1d94b2295497ad8d12482066ace90fcc26df0e8be2d85b","0e51caaf7b5e6ed065f3797b304eca103714d4624391ff19a6b2b4b14cb7c01a","D:\AI\AITRASH\workspaces\project - Изменение масштаба для планировок квартир\09_outputs\_diagnostics\full_20260727_full_mkd2\details\026_POZD_WEB_K2-1_s1_et6_6_attempt1.json","1","","OK","425.788386","573.598425","1.784223759","170","2725","1324","13","13","0","0","0","0","","2"
"27","Корпус 2.1","Корпус 2.1/POZD_WEB_K2-1_s2_et1_1.ai","D:\AI\AITRASH\LIBRARY\02_CATALOG\02_PRESALE_Поздняково\01_ARTIFACTS\МКД2\Корпус 2.1\POZD_WEB_K2-1_s2_et1_1.ai","D:\AI\AITRASH\LIBRARY\02_CATALOG\02_PRESALE_Поздняково\01_ARTIFACTS\МКД2\Корпус 2.1\POZD_WEB_K2-1_s2_et1_1.png","320028","33a702526ca34d99368725ae4ee8f15e4415209e06efd47839309939b21f48b0","33a702526ca34d99368725ae4ee8f15e4415209e06efd47839309939b21f48b0","","","OK","170","D:\AI\AITRASH\workspaces\project - Изменение масштаба для планировок квартир\09_outputs\_full_wip\20260727_full_mkd2\Корпус 2.1\х170_POZD_WEB_K2-1_s2_et1_1.ai","D:\AI\AITRASH\workspaces\project - Изменение масштаба для планировок квартир\09_outputs\_full_wip\20260727_full_mkd2\Корпус 2.1\х170_POZD_WEB_K2-1_s2_et1_1.png","75661062e4d3b4fb4ba1b2e15c8a7b1aad8cff7560265f6fcdc202d7ea234993","137da87bc6eaddc9d1f3f05422840f5bc78f2031dd9c7aa6a59659da0a81acda","D:\AI\AITRASH\workspaces\project - Изменение масштаба для планировок квартир\09_outputs\_diagnostics\full_20260727_full_mkd2\details\027_POZD_WEB_K2-1_s2_et1_1_attempt1.json","1","","OK","489.549843","573.031476","1.664801667","170","4664","2283","16","16","0","0","0","0","","2"
"28","Корпус 2.1","Корпус 2.1/POZD_WEB_K2-1_s2_et1_2.ai","D:\AI\AITRASH\LIBRARY\02_CATALOG\02_PRESALE_Поздняково\01_ARTIFACTS\МКД2\Корпус 2.1\POZD_WEB_K2-1_s2_et1_2.ai","D:\AI\AITRASH\LIBRARY\02_CATALOG\02_PRESALE_Поздняково\01_ARTIFACTS\МКД2\Корпус 2.1\POZD_WEB_K2-1_s2_et1_2.png","251731","6f163c5c5de16ebfe835086d633833874c0b2d74411b58b00d72f53078e5ce66","6f163c5c5de16ebfe835086d633833874c0b2d74411b58b00d72f53078e5ce66","","","OK","200","D:\AI\AITRASH\workspaces\project - Изменение масштаба для планировок квартир\09_outputs\_full_wip\20260727_full_mkd2\Корпус 2.1\х200_POZD_WEB_K2-1_s2_et1_2.ai","D:\AI\AITRASH\workspaces\project - Изменение масштаба для планировок квартир\09_outputs\_full_wip\20260727_full_mkd2\Корпус 2.1\х200_POZD_WEB_K2-1_s2_et1_2.png","71180a04f132a5f7825e9465dd96cf4ce1d63cc29408c1f9900ce996e36c1a24","5c520af4eef9c8071b01c5d659044fdbe18b5b2cde1851953f2ca87df519cc35","D:\AI\AITRASH\workspaces\project - Изменение масштаба для планировок квартир\09_outputs\_diagnostics\full_20260727_full_mkd2\details\028_POZD_WEB_K2-1_s2_et1_2_attempt1.json","1","","OK","489.549845","398.077175","1.997414056","200","3228","1571","15","15","0","0","0","0","","2"
"29","Корпус 2.1","Корпус 2.1/POZD_WEB_K2-1_s2_et1_3.ai","D:\AI\AITRASH\LIBRARY\02_CATALOG\02_PRESALE_Поздняково\01_ARTIFACTS\МКД2\Корпус 2.1\POZD_WEB_K2-1_s2_et1_3.ai","D:\AI\AITRASH\LIBRARY\02_CATALOG\02_PRESALE_Поздняково\01_ARTIFACTS\МКД2\Корпус 2.1\POZD_WEB_K2-1_s2_et1_3.png","177013","10b669383e4ebaf6108f41a302bc738cc5bdb7125a8f25dedfcbc8e5ad4edc91","10b669383e4ebaf6108f41a302bc738cc5bdb7125a8f25dedfcbc8e5ad4edc91","","","OK","200","D:\AI\AITRASH\workspaces\project - Изменение масштаба для планировок квартир\09_outputs\_full_wip\20260727_full_mkd2\Корпус 2.1\х200_POZD_WEB_K2-1_s2_et1_3.ai","D:\AI\AITRASH\workspaces\project - Изменение масштаба для планировок квартир\09_outputs\_full_wip\20260727_full_mkd2\Корпус 2.1\х200_POZD_WEB_K2-1_s2_et1_3.png","63c065e587ddfe2c9949bfc25f3ab2b39e2a77e797c20773f3bc50935cb6188f","e1c03013acf655a0e7213fde850b85193ca07c14cc6ed4431dcc1276b65570f3","D:\AI\AITRASH\workspaces\project - Изменение масштаба для планировок квартир\09_outputs\_diagnostics\full_20260727_full_mkd2\details\029_POZD_WEB_K2-1_s2_et1_3_attempt1.json","1","","OK","510.102333","397.850385","1.957319184","200","1979","960","10","10","0","0","0","0","","2"
"30","Корпус 2.1","Корпус 2.1/POZD_WEB_K2-1_s2_et1_4.ai","D:\AI\AITRASH\LIBRARY\02_CATALOG\02_PRESALE_Поздняково\01_ARTIFACTS\МКД2\Корпус 2.1\POZD_WEB_K2-1_s2_et1_4.ai","D:\AI\AITRASH\LIBRARY\02_CATALOG\02_PRESALE_Поздняково\01_ARTIFACTS\МКД2\Корпус 2.1\POZD_WEB_K2-1_s2_et1_4.png","158319","85267b102b3e5a6f0c80a715eb967667088583372dafa94caa5e48d22502a9f2","85267b102b3e5a6f0c80a715eb967667088583372dafa94caa5e48d22502a9f2","","","OK","200","D:\AI\AITRASH\workspaces\project - Изменение масштаба для планировок квартир\09_outputs\_full_wip\20260727_full_mkd2\Корпус 2.1\х200_POZD_WEB_K2-1_s2_et1_4.ai","D:\AI\AITRASH\workspaces\project - Изменение масштаба для планировок квартир\09_outputs\_full_wip\20260727_full_mkd2\Корпус 2.1\х200_POZD_WEB_K2-1_s2_et1_4.png","d0b54009fc002d08b6d87254f306a6307224ab4119b9b585770ad6fabe43f153","99c31e5bbb460b77ab1709b1b9df383fc19789ceeedd81b8f24ea6a6fb8066a7","D:\AI\AITRASH\workspaces\project - Изменение масштаба для планировок квартир\09_outputs\_diagnostics\full_20260727_full_mkd2\details\030_POZD_WEB_K2-1_s2_et1_4_attempt1.json","1","","OK","470.292323","386.51182","2.068163477","200","1692","821","10","10","0","0","0","0","","2"
"31","Корпус 2.1","Корпус 2.1/POZD_WEB_K2-1_s2_et1_5.ai","D:\AI\AITRASH\LIBRARY\02_CATALOG\02_PRESALE_Поздняково\01_ARTIFACTS\МКД2\Корпус 2.1\POZD_WEB_K2-1_s2_et1_5.ai","D:\AI\AITRASH\LIBRARY\02_CATALOG\02_PRESALE_Поздняково\01_ARTIFACTS\МКД2\Корпус 2.1\POZD_WEB_K2-1_s2_et1_5.png","157003","ee5135f71ff5c2087d6cc8b7b44466c643809729e5bb8aba720a9b9141657686","ee5135f71ff5c2087d6cc8b7b44466c643809729e5bb8aba720a9b9141657686","","","OK","200","D:\AI\AITRASH\workspaces\project - Изменение масштаба для планировок квартир\09_outputs\_full_wip\20260727_full_mkd2\Корпус 2.1\х200_POZD_WEB_K2-1_s2_et1_5.ai","D:\AI\AITRASH\workspaces\project - Изменение масштаба для планировок квартир\09_outputs\_full_wip\20260727_full_mkd2\Корпус 2.1\х200_POZD_WEB_K2-1_s2_et1_5.png","8b7dba85cc512a381d60d814d787abffd4183d04fdaf583b29f5f4320a98de6b","5db585a93aebe7897c367ee0f47eec7464c43e4f1ace6305a2b036fb92d6a98d","D:\AI\AITRASH\workspaces\project - Изменение масштаба для планировок квартир\09_outputs\_diagnostics\full_20260727_full_mkd2\details\031_POZD_WEB_K2-1_s2_et1_5_attempt1.json","1","","OK","470.292323","392.181098","2.053160617","200","1607","783","11","11","0","0","0","0","","2"
"32","Корпус 2.1","Корпус 2.1/POZD_WEB_K2-1_s2_et1_6.ai","D:\AI\AITRASH\LIBRARY\02_CATALOG\02_PRESALE_Поздняково\01_ARTIFACTS\МКД2\Корпус 2.1\POZD_WEB_K2-1_s2_et1_6.ai","D:\AI\AITRASH\LIBRARY\02_CATALOG\02_PRESALE_Поздняково\01_ARTIFACTS\МКД2\Корпус 2.1\POZD_WEB_K2-1_s2_et1_6.png","205077","08ad1ff0945dc79d83442137fcff761a74d72852726b86ff8461370edc6d027c","08ad1ff0945dc79d83442137fcff761a74d72852726b86ff8461370edc6d027c","","","OK","170","D:\AI\AITRASH\workspaces\project - Изменение масштаба для планировок квартир\09_outputs\_full_wip\20260727_full_mkd2\Корпус 2.1\х170_POZD_WEB_K2-1_s2_et1_6.ai","D:\AI\AITRASH\workspaces\project - Изменение масштаба для планировок квартир\09_outputs\_full_wip\20260727_full_mkd2\Корпус 2.1\х170_POZD_WEB_K2-1_s2_et1_6.png","8b07bd3e09297bf4ac58030427ba1b2190fd88bf67aabbfaec3bbd55a0b36d0f","2cdecbc0c020214bff0b88f13b879cb58e4b7cccf16e328ea655dc74a8bf3f4b","D:\AI\AITRASH\workspaces\project - Изменение масштаба для планировок квартир\09_outputs\_diagnostics\full_20260727_full_mkd2\details\032_POZD_WEB_K2-1_s2_et1_6_attempt1.json","1","","OK","494.228347","569.346457","1.662256585","170","2544","1234","11","11","0","0","0","0","","2"
"33","Корпус 2.1","Корпус 2.1/POZD_WEB_K2-1_s2_et1_7.ai","D:\AI\AITRASH\LIBRARY\02_CATALOG\02_PRESALE_Поздняково\01_ARTIFACTS\МКД2\Корпус 2.1\POZD_WEB_K2-1_s2_et1_7.ai","D:\AI\AITRASH\LIBRARY\02_CATALOG\02_PRESALE_Поздняково\01_ARTIFACTS\МКД2\Корпус 2.1\POZD_WEB_K2-1_s2_et1_7.png","193250","2114e7fc83a7b300e0bc21bedf0a447d4a030f771e96ae8ec550c314974eee64","2114e7fc83a7b300e0bc21bedf0a447d4a030f771e96ae8ec550c314974eee64","","","OK","170","D:\AI\AITRASH\workspaces\project - Изменение масштаба для планировок квартир\09_outputs\_full_wip\20260727_full_mkd2\Корпус 2.1\х170_POZD_WEB_K2-1_s2_et1_7.ai","D:\AI\AITRASH\workspaces\project - Изменение масштаба для планировок квартир\09_outputs\_full_wip\20260727_full_mkd2\Корпус 2.1\х170_POZD_WEB_K2-1_s2_et1_7.png","7835886d4a9ceb64dfe46e80fad7be5b05cfb0beea80154434deee612e4e22e3","2a07765eeb111374f6e0e0f151b4d33e8fa58d5dcb24749a21546c4c98ef2a1c","D:\AI\AITRASH\workspaces\project - Изменение масштаба для планировок квартир\09_outputs\_diagnostics\full_20260727_full_mkd2\details\033_POZD_WEB_K2-1_s2_et1_7_attempt1.json","1","","OK","573.5984","444.213583","1.74682869","170","2405","1167","11","11","0","0","0","0","","2"
"34","Корпус 2.1","Корпус 2.1/POZD_WEB_K2-1_s2_et1_8.ai","D:\AI\AITRASH\LIBRARY\02_CATALOG\02_PRESALE_Поздняково\01_ARTIFACTS\МКД2\Корпус 2.1\POZD_WEB_K2-1_s2_et1_8.ai","D:\AI\AITRASH\LIBRARY\02_CATALOG\02_PRESALE_Поздняково\01_ARTIFACTS\МКД2\Корпус 2.1\POZD_WEB_K2-1_s2_et1_8.png","218560","833ebb6addf547586b3fed5d00c3bf790146e56c69732ae476abcba1a75209c2","833ebb6addf547586b3fed5d00c3bf790146e56c69732ae476abcba1a75209c2","","","OK","150","D:\AI\AITRASH\workspaces\project - Изменение масштаба для планировок квартир\09_outputs\_full_wip\20260727_full_mkd2\Корпус 2.1\х150_POZD_WEB_K2-1_s2_et1_8.ai","D:\AI\AITRASH\workspaces\project - Изменение масштаба для планировок квартир\09_outputs\_full_wip\20260727_full_mkd2\Корпус 2.1\х150_POZD_WEB_K2-1_s2_et1_8.png","3dcf4433e2817e296678f1ff760f99f70eae7876cb42ff95c56c7e6ae5ddc34c","f45d1ad79bf20a99539912468222fd6d20aaaa90671b60923687ed2511e1ee03","D:\AI\AITRASH\workspaces\project - Изменение масштаба для планировок квартир\09_outputs\_diagnostics\full_20260727_full_mkd2\details\034_POZD_WEB_K2-1_s2_et1_8_attempt1.json","1","","OK","635.835624","484.023612","1.589441311","150","2756","1339","10","10","0","0","0","0","","2"
"35","Корпус 2.1","Корпус 2.1/POZD_WEB_K2-1_s2_et2,4_1.ai","D:\AI\AITRASH\LIBRARY\02_CATALOG\02_PRESALE_Поздняково\01_ARTIFACTS\МКД2\Корпус 2.1\POZD_WEB_K2-1_s2_et2,4_1.ai","D:\AI\AITRASH\LIBRARY\02_CATALOG\02_PRESALE_Поздняково\01_ARTIFACTS\МКД2\Корпус 2.1\POZD_WEB_K2-1_s2_et2,4_1.png","192719","bbefad49157c4fe03eeef40a8838ce7d4c41c010269d2f127e8a15e4fee9b9e2","bbefad49157c4fe03eeef40a8838ce7d4c41c010269d2f127e8a15e4fee9b9e2","","","OK","200","D:\AI\AITRASH\workspaces\project - Изменение масштаба для планировок квартир\09_outputs\_full_wip\20260727_full_mkd2\Корпус 2.1\х200_POZD_WEB_K2-1_s2_et2,4_1.ai","D:\AI\AITRASH\workspaces\project - Изменение масштаба для планировок квартир\09_outputs\_full_wip\20260727_full_mkd2\Корпус 2.1\х200_POZD_WEB_K2-1_s2_et2,4_1.png","79e06d70a7b80efecf9e6f0f56e6fc89be557380e510514d39dc18be34e5cff4","b21ba13a1572756e437f36582a2e7ad90f53ab3682ff2a1eb7f66545703ed6c5","D:\AI\AITRASH\workspaces\project - Изменение масштаба для планировок квартир\09_outputs\_diagnostics\full_20260727_full_mkd2\details\035_POZD_WEB_K2-1_s2_et2,4_1_attempt1.json","1","","OK","387.645669","573.598396","1.865416653","200","2453","1199","10","10","0","0","0","0","","2"
"36","Корпус 2.1","Корпус 2.1/POZD_WEB_K2-1_s2_et2,4_4.ai","D:\AI\AITRASH\LIBRARY\02_CATALOG\02_PRESALE_Поздняково\01_ARTIFACTS\МКД2\Корпус 2.1\POZD_WEB_K2-1_s2_et2,4_4.ai","D:\AI\AITRASH\LIBRARY\02_CATALOG\02_PRESALE_Поздняково\01_ARTIFACTS\МКД2\Корпус 2.1\POZD_WEB_K2-1_s2_et2,4_4.png","166806","128e79d674af1e97f5d9eb29028428612ae27269a769599f2df22e529c0e7ad4","128e79d674af1e97f5d9eb29028428612ae27269a769599f2df22e529c0e7ad4","","","OK","200","D:\AI\AITRASH\workspaces\project - Изменение масштаба для планировок квартир\09_outputs\_full_wip\20260727_full_mkd2\Корпус 2.1\х200_POZD_WEB_K2-1_s2_et2,4_4.ai","D:\AI\AITRASH\workspaces\project - Изменение масштаба для планировок квартир\09_outputs\_full_wip\20260727_full_mkd2\Корпус 2.1\х200_POZD_WEB_K2-1_s2_et2,4_4.png","a8cea7dcabc6d65538f7bf428c3ca3daf9c71bbfc727c7993696daab5ef3d100","744664628a02ebda4c2017327e33071c8fc94f06d277dd42fe73f325d0e5cdef","D:\AI\AITRASH\workspaces\project - Изменение масштаба для планировок квартир\09_outputs\_diagnostics\full_20260727_full_mkd2\details\036_POZD_WEB_K2-1_s2_et2,4_4_attempt1.json","1","","OK","470.292323","386.511798","2.068163535","200","1732","836","10","10","0","0","0","0","","2"
"37","Корпус 2.1","Корпус 2.1/POZD_WEB_K2-1_s2_et2,4_8.ai","D:\AI\AITRASH\LIBRARY\02_CATALOG\02_PRESALE_Поздняково\01_ARTIFACTS\МКД2\Корпус 2.1\POZD_WEB_K2-1_s2_et2,4_8.ai","D:\AI\AITRASH\LIBRARY\02_CATALOG\02_PRESALE_Поздняково\01_ARTIFACTS\МКД2\Корпус 2.1\POZD_WEB_K2-1_s2_et2,4_8.png","217776","e9baa74653eb2c18f091f7391011caa2d6ef6df00d322992c618050917dac999","e9baa74653eb2c18f091f7391011caa2d6ef6df00d322992c618050917dac999","","","OK","170","D:\AI\AITRASH\workspaces\project - Изменение масштаба для планировок квартир\09_outputs\_full_wip\20260727_full_mkd2\Корпус 2.1\х170_POZD_WEB_K2-1_s2_et2,4_8.ai","D:\AI\AITRASH\workspaces\project - Изменение масштаба для планировок квартир\09_outputs\_full_wip\20260727_full_mkd2\Корпус 2.1\х170_POZD_WEB_K2-1_s2_et2,4_8.png","89d8663fc30fe42c2225a5b71684405a8bfe16c30960f3f57d301a094544427d","3708ceb87355d702069cf5916bcb0a8f35d1df541cff8f687683c9f5dd1cc0bb","D:\AI\AITRASH\workspaces\project - Изменение масштаба для планировок квартир\09_outputs\_diagnostics\full_20260727_full_mkd2\details\037_POZD_WEB_K2-1_s2_et2,4_8_attempt1.json","1","","OK","573.71323","464.793034","1.707548159","170","2673","1300","10","10","0","0","0","0","","2"
"38","Корпус 2.1","Корпус 2.1/POZD_WEB_K2-1_s2_et2,6_2.ai","D:\AI\AITRASH\LIBRARY\02_CATALOG\02_PRESALE_Поздняково\01_ARTIFACTS\МКД2\Корпус 2.1\POZD_WEB_K2-1_s2_et2,6_2.ai","D:\AI\AITRASH\LIBRARY\02_CATALOG\02_PRESALE_Поздняково\01_ARTIFACTS\МКД2\Корпус 2.1\POZD_WEB_K2-1_s2_et2,6_2.png","165853","d11051b9e2a6d5324b00574e47b49b80f9731c640f99239629f140d504a2866f","d11051b9e2a6d5324b00574e47b49b80f9731c640f99239629f140d504a2866f","","","OK","200","D:\AI\AITRASH\workspaces\project - Изменение масштаба для планировок квартир\09_outputs\_full_wip\20260727_full_mkd2\Корпус 2.1\х200_POZD_WEB_K2-1_s2_et2,6_2.ai","D:\AI\AITRASH\workspaces\project - Изменение масштаба для планировок квартир\09_outputs\_full_wip\20260727_full_mkd2\Корпус 2.1\х200_POZD_WEB_K2-1_s2_et2,6_2.png","fd08bc7e6cd8a48f8b125aa501df05b59e693253206b332d7f46bf6298dcd3fa","53a59964a79a8da0f642d3ac3a06d239b8c0083974838dff00591022ef6c589f","D:\AI\AITRASH\workspaces\project - Изменение масштаба для планировок квартир\09_outputs\_diagnostics\full_20260727_full_mkd2\details\038_POZD_WEB_K2-1_s2_et2,6_2_attempt2.json","2","","OK","387.708674","397.860017","2.245082433","200","1683","817","10","10","0","0","0","0","","2"
"39","Корпус 2.1","Корпус 2.1/POZD_WEB_K2-1_s2_et2,6_3.ai","D:\AI\AITRASH\LIBRARY\02_CATALOG\02_PRESALE_Поздняково\01_ARTIFACTS\МКД2\Корпус 2.1\POZD_WEB_K2-1_s2_et2,6_3.ai","D:\AI\AITRASH\LIBRARY\02_CATALOG\02_PRESALE_Поздняково\01_ARTIFACTS\МКД2\Корпус 2.1\POZD_WEB_K2-1_s2_et2,6_3.png","169304","0e687d77ff599198fcd5a1d6296bed662929a7f02d19f0f3eeaa8ff46dc9dff2","0e687d77ff599198fcd5a1d6296bed662929a7f02d19f0f3eeaa8ff46dc9dff2","","","OK","200","D:\AI\AITRASH\workspaces\project - Изменение масштаба для планировок квартир\09_outputs\_full_wip\20260727_full_mkd2\Корпус 2.1\х200_POZD_WEB_K2-1_s2_et2,6_3.ai","D:\AI\AITRASH\workspaces\project - Изменение масштаба для планировок квартир\09_outputs\_full_wip\20260727_full_mkd2\Корпус 2.1\х200_POZD_WEB_K2-1_s2_et2,6_3.png","7205d195083c2943947dc86221bfb14911ccf3d4f326bc0507c49929e6919647","c638f4892e0fe64c24c36907efe3dbe6341e304bded7b199f280f1287981106d","D:\AI\AITRASH\workspaces\project - Изменение масштаба для планировок квартир\09_outputs\_diagnostics\full_20260727_full_mkd2\details\039_POZD_WEB_K2-1_s2_et2,6_3_attempt1.json","1","","OK","510.102409","397.850384","1.95731904","200","1813","877","10","10","0","0","0","0","","2"
"40","Корпус 2.1","Корпус 2.1/POZD_WEB_K2-1_s2_et2,6_5.ai","D:\AI\AITRASH\LIBRARY\02_CATALOG\02_PRESALE_Поздняково\01_ARTIFACTS\МКД2\Корпус 2.1\POZD_WEB_K2-1_s2_et2,6_5.ai","D:\AI\AITRASH\LIBRARY\02_CATALOG\02_PRESALE_Поздняково\01_ARTIFACTS\МКД2\Корпус 2.1\POZD_WEB_K2-1_s2_et2,6_5.png","162497","472db064064a2a9ed6aa7190465dbcf5edbd8c26be3fb13edd53d337e81ac23f","472db064064a2a9ed6aa7190465dbcf5edbd8c26be3fb13edd53d337e81ac23f","","","OK","200","D:\AI\AITRASH\workspaces\project - Изменение масштаба для планировок квартир\09_outputs\_full_wip\20260727_full_mkd2\Корпус 2.1\х200_POZD_WEB_K2-1_s2_et2,6_5.ai","D:\AI\AITRASH\workspaces\project - Изменение масштаба для планировок квартир\09_outputs\_full_wip\20260727_full_mkd2\Корпус 2.1\х200_POZD_WEB_K2-1_s2_et2,6_5.png","b5ad973bf9499506bc0fe3cebb65d2bdd0ddf6127d4d8fe3d36c45267204bfb5","8b6f1e96d82d4557ac5170e20de3175d619d1d4ed9780090ae960cd064f8a72b","D:\AI\AITRASH\workspaces\project - Изменение масштаба для планировок квартир\09_outputs\_diagnostics\full_20260727_full_mkd2\details\040_POZD_WEB_K2-1_s2_et2,6_5_attempt1.json","1","","OK","470.292323","392.181112","2.05316058","200","1699","822","10","10","0","0","0","0","","2"
"41","Корпус 2.1","Корпус 2.1/POZD_WEB_K2-1_s2_et2_6.ai","D:\AI\AITRASH\LIBRARY\02_CATALOG\02_PRESALE_Поздняково\01_ARTIFACTS\МКД2\Корпус 2.1\POZD_WEB_K2-1_s2_et2_6.ai","D:\AI\AITRASH\LIBRARY\02_CATALOG\02_PRESALE_Поздняково\01_ARTIFACTS\МКД2\Корпус 2.1\POZD_WEB_K2-1_s2_et2_6.png","223988","ce2a7a4ee5d4d45f58da843c0b149254a44af952caf8b2c2b4e52fd3cd558b13","ce2a7a4ee5d4d45f58da843c0b149254a44af952caf8b2c2b4e52fd3cd558b13","","","OK","150","D:\AI\AITRASH\workspaces\project - Изменение масштаба для планировок квартир\09_outputs\_full_wip\20260727_full_mkd2\Корпус 2.1\х150_POZD_WEB_K2-1_s2_et2_6.ai","D:\AI\AITRASH\workspaces\project - Изменение масштаба для планировок квартир\09_outputs\_full_wip\20260727_full_mkd2\Корпус 2.1\х150_POZD_WEB_K2-1_s2_et2_6.png","4cfc41f0b59443cb54749ccc7c44a82add9edbb195acf27e9096ffbcf43ab057","425cfdfa74a7343a00053d0c1985074c5a0ae91e3ce3a466e4a8ed994003d44f","D:\AI\AITRASH\workspaces\project - Изменение масштаба для планировок квартир\09_outputs\_diagnostics\full_20260727_full_mkd2\details\041_POZD_WEB_K2-1_s2_et2_6_attempt1.json","1","","OK","494.228364","692.653549","1.507052334","150","3200","1557","10","10","0","0","0","0","","2"
"42","Корпус 2.1","Корпус 2.1/POZD_WEB_K2-1_s2_et2_7.ai","D:\AI\AITRASH\LIBRARY\02_CATALOG\02_PRESALE_Поздняково\01_ARTIFACTS\МКД2\Корпус 2.1\POZD_WEB_K2-1_s2_et2_7.ai","D:\AI\AITRASH\LIBRARY\02_CATALOG\02_PRESALE_Поздняково\01_ARTIFACTS\МКД2\Корпус 2.1\POZD_WEB_K2-1_s2_et2_7.png","189288","17ca6a3bcf0cf4b6d07bd73d5b78989ef366f0cf179268c6f17cf006ad357eae","17ca6a3bcf0cf4b6d07bd73d5b78989ef366f0cf179268c6f17cf006ad357eae","","","OK","170","D:\AI\AITRASH\workspaces\project - Изменение масштаба для планировок квартир\09_outputs\_full_wip\20260727_full_mkd2\Корпус 2.1\х170_POZD_WEB_K2-1_s2_et2_7.ai","D:\AI\AITRASH\workspaces\project - Изменение масштаба для планировок квартир\09_outputs\_full_wip\20260727_full_mkd2\Корпус 2.1\х170_POZD_WEB_K2-1_s2_et2_7.png","a46d21cbd7535b1be968abaef4f37e562325104096f917e48b80e0c0bbfdbfbe","382e0c702509ce7168eaf099d04c913d288b1868b35d5e3659078714206e1431","D:\AI\AITRASH\workspaces\project - Изменение масштаба для планировок квартир\09_outputs\_diagnostics\full_20260727_full_mkd2\details\042_POZD_WEB_K2-1_s2_et2_7_attempt1.json","1","","OK","573.5984","444.213583","1.74682869","170","2302","1115","10","10","0","0","0","0","","2"
"43","Корпус 2.1","Корпус 2.1/POZD_WEB_K2-1_s2_et2_9.ai","D:\AI\AITRASH\LIBRARY\02_CATALOG\02_PRESALE_Поздняково\01_ARTIFACTS\МКД2\Корпус 2.1\POZD_WEB_K2-1_s2_et2_9.ai","D:\AI\AITRASH\LIBRARY\02_CATALOG\02_PRESALE_Поздняково\01_ARTIFACTS\МКД2\Корпус 2.1\POZD_WEB_K2-1_s2_et2_9.png","211761","c84d4188a52ed48c2880248603ce3b4c32259bb975337b2bc548ecf76139584f","c84d4188a52ed48c2880248603ce3b4c32259bb975337b2bc548ecf76139584f","","","OK","170","D:\AI\AITRASH\workspaces\project - Изменение масштаба для планировок квартир\09_outputs\_full_wip\20260727_full_mkd2\Корпус 2.1\х170_POZD_WEB_K2-1_s2_et2_9.ai","D:\AI\AITRASH\workspaces\project - Изменение масштаба для планировок квартир\09_outputs\_full_wip\20260727_full_mkd2\Корпус 2.1\х170_POZD_WEB_K2-1_s2_et2_9.png","b145eb0eb96359aace1a4fcde495c11f03e6428097b9afeb4738703ce87009f4","742d549bc379501faa239fad1099dd9b347843337e11d2eee7dc04a2578be550","D:\AI\AITRASH\workspaces\project - Изменение масштаба для планировок квартир\09_outputs\_diagnostics\full_20260727_full_mkd2\details\043_POZD_WEB_K2-1_s2_et2_9_attempt1.json","1","","OK","628.622336","433.058031","1.689982651","170","2822","1372","10","10","0","0","0","0","","2"
"44","Корпус 2.1","Корпус 2.1/POZD_WEB_K2-1_s2_et3,5_1.ai","D:\AI\AITRASH\LIBRARY\02_CATALOG\02_PRESALE_Поздняково\01_ARTIFACTS\МКД2\Корпус 2.1\POZD_WEB_K2-1_s2_et3,5_1.ai","D:\AI\AITRASH\LIBRARY\02_CATALOG\02_PRESALE_Поздняково\01_ARTIFACTS\МКД2\Корпус 2.1\POZD_WEB_K2-1_s2_et3,5_1.png","192443","7fd01dfdb1cd59aed4df780c510eaebe76b41534ef41b9175cfcf70bcc21cef0","7fd01dfdb1cd59aed4df780c510eaebe76b41534ef41b9175cfcf70bcc21cef0","","","OK","200","D:\AI\AITRASH\workspaces\project - Изменение масштаба для планировок квартир\09_outputs\_full_wip\20260727_full_mkd2\Корпус 2.1\х200_POZD_WEB_K2-1_s2_et3,5_1.ai","D:\AI\AITRASH\workspaces\project - Изменение масштаба для планировок квартир\09_outputs\_full_wip\20260727_full_mkd2\Корпус 2.1\х200_POZD_WEB_K2-1_s2_et3,5_1.png","6ec52efda857855799e940a1b0c5bdcf85fa679b70ecfbb1013618fd659a521f","38caa99ac004f4f8b2dc07f738e1038627e47314cb073eeb60c6c7898e6cc4a0","D:\AI\AITRASH\workspaces\project - Изменение масштаба для планировок квартир\09_outputs\_diagnostics\full_20260727_full_mkd2\details\044_POZD_WEB_K2-1_s2_et3,5_1_attempt1.json","1","","OK","387.645669","573.598396","1.865416653","200","2467","1205","10","10","0","0","0","0","","2"
"45","Корпус 2.1","Корпус 2.1/POZD_WEB_K2-1_s2_et3,5_2.ai","D:\AI\AITRASH\LIBRARY\02_CATALOG\02_PRESALE_Поздняково\01_ARTIFACTS\МКД2\Корпус 2.1\POZD_WEB_K2-1_s2_et3,5_2.ai","D:\AI\AITRASH\LIBRARY\02_CATALOG\02_PRESALE_Поздняково\01_ARTIFACTS\МКД2\Корпус 2.1\POZD_WEB_K2-1_s2_et3,5_2.png","166389","032967807c37acf7b2a718e180b04fd14ed3b155f67b2fdbd4c035531cd6fbaa","032967807c37acf7b2a718e180b04fd14ed3b155f67b2fdbd4c035531cd6fbaa","","","OK","200","D:\AI\AITRASH\workspaces\project - Изменение масштаба для планировок квартир\09_outputs\_full_wip\20260727_full_mkd2\Корпус 2.1\х200_POZD_WEB_K2-1_s2_et3,5_2.ai","D:\AI\AITRASH\workspaces\project - Изменение масштаба для планировок квартир\09_outputs\_full_wip\20260727_full_mkd2\Корпус 2.1\х200_POZD_WEB_K2-1_s2_et3,5_2.png","cdda36dd4a5cb55d50f64ba42ae6c78c87938039cea838ea4e1bbf89f34abab9","e93f4e4da30302b682c9f90cb075993a32641ad7dd38fe8b5e07f130084eec57","D:\AI\AITRASH\workspaces\project - Изменение масштаба для планировок квартир\09_outputs\_diagnostics\full_20260727_full_mkd2\details\045_POZD_WEB_K2-1_s2_et3,5_2_attempt1.json","1","","OK","387.657679","397.972008","2.244914164","200","1689","818","10","10","0","0","0","0","","2"
"46","Корпус 2.1","Корпус 2.1/POZD_WEB_K2-1_s2_et3,5_3.ai","D:\AI\AITRASH\LIBRARY\02_CATALOG\02_PRESALE_Поздняково\01_ARTIFACTS\МКД2\Корпус 2.1\POZD_WEB_K2-1_s2_et3,5_3.ai","D:\AI\AITRASH\LIBRARY\02_CATALOG\02_PRESALE_Поздняково\01_ARTIFACTS\МКД2\Корпус 2.1\POZD_WEB_K2-1_s2_et3,5_3.png","169706","f95ac17699da8cb00c90a88054746a582fd7082dc4124b1255312af7bacf8020","f95ac17699da8cb00c90a88054746a582fd7082dc4124b1255312af7bacf8020","","","OK","200","D:\AI\AITRASH\workspaces\project - Изменение масштаба для планировок квартир\09_outputs\_full_wip\20260727_full_mkd2\Корпус 2.1\х200_POZD_WEB_K2-1_s2_et3,5_3.ai","D:\AI\AITRASH\workspaces\project - Изменение масштаба для планировок квартир\09_outputs\_full_wip\20260727_full_mkd2\Корпус 2.1\х200_POZD_WEB_K2-1_s2_et3,5_3.png","1e9dc612da6440bed8f1557b1bc522208e83cabbb9a6aa2de69e61a624453083","51364fe0404c498c0b9377ab222e10c71a662d6f13e91abbd7549c1999c07bac","D:\AI\AITRASH\workspaces\project - Изменение масштаба для планировок квартир\09_outputs\_diagnostics\full_20260727_full_mkd2\details\046_POZD_WEB_K2-1_s2_et3,5_3_attempt1.json","1","","OK","509.976967","397.8504","1.957559713","200","1812","879","10","10","0","0","0","0","","2"
"47","Корпус 2.1","Корпус 2.1/POZD_WEB_K2-1_s2_et3,5_4.ai","D:\AI\AITRASH\LIBRARY\02_CATALOG\02_PRESALE_Поздняково\01_ARTIFACTS\МКД2\Корпус 2.1\POZD_WEB_K2-1_s2_et3,5_4.ai","D:\AI\AITRASH\LIBRARY\02_CATALOG\02_PRESALE_Поздняково\01_ARTIFACTS\МКД2\Корпус 2.1\POZD_WEB_K2-1_s2_et3,5_4.png","166816","734bac1a21c774c6bbac77b46d331eeb3e5c7039e792eabc87ea108f62d5edb0","734bac1a21c774c6bbac77b46d331eeb3e5c7039e792eabc87ea108f62d5edb0","","","OK","200","D:\AI\AITRASH\workspaces\project - Изменение масштаба для планировок квартир\09_outputs\_full_wip\20260727_full_mkd2\Корпус 2.1\х200_POZD_WEB_K2-1_s2_et3,5_4.ai","D:\AI\AITRASH\workspaces\project - Изменение масштаба для планировок квартир\09_outputs\_full_wip\20260727_full_mkd2\Корпус 2.1\х200_POZD_WEB_K2-1_s2_et3,5_4.png","cbe8046c99ecdaabae3ec9fe40b8f648fd73e506ba93a410b78d8c2d858543e9","d99ad48036feb64099d092ad26afedb0ff1d5bb1e96306edce85fad32209f406","D:\AI\AITRASH\workspaces\project - Изменение масштаба для планировок квартир\09_outputs\_diagnostics\full_20260727_full_mkd2\details\047_POZD_WEB_K2-1_s2_et3,5_4_attempt1.json","1","","OK","470.292323","386.511818","2.068163482","200","1711","828","10","10","0","0","0","0","","2"
"48","Корпус 2.1","Корпус 2.1/POZD_WEB_K2-1_s2_et3,5_5.ai","D:\AI\AITRASH\LIBRARY\02_CATALOG\02_PRESALE_Поздняково\01_ARTIFACTS\МКД2\Корпус 2.1\POZD_WEB_K2-1_s2_et3,5_5.ai","D:\AI\AITRASH\LIBRARY\02_CATALOG\02_PRESALE_Поздняково\01_ARTIFACTS\МКД2\Корпус 2.1\POZD_WEB_K2-1_s2_et3,5_5.png","162598","a83616b404959c334ad458318d137c5dccae3e8d322e5d6dfc2278e5285db394","a83616b404959c334ad458318d137c5dccae3e8d322e5d6dfc2278e5285db394","","","OK","200","D:\AI\AITRASH\workspaces\project - Изменение масштаба для планировок квартир\09_outputs\_full_wip\20260727_full_mkd2\Корпус 2.1\х200_POZD_WEB_K2-1_s2_et3,5_5.ai","D:\AI\AITRASH\workspaces\project - Изменение масштаба для планировок квартир\09_outputs\_full_wip\20260727_full_mkd2\Корпус 2.1\х200_POZD_WEB_K2-1_s2_et3,5_5.png","b11d97602ae5fad342c8aaeb43f736a0a6244230ff68ba2728ae891a6a08b548","74a454679e9e7026cd1ca9c231c049f02f8045a93240276052e4759e638d0a21","D:\AI\AITRASH\workspaces\project - Изменение масштаба для планировок квартир\09_outputs\_diagnostics\full_20260727_full_mkd2\details\048_POZD_WEB_K2-1_s2_et3,5_5_attempt1.json","1","","OK","470.292323","392.181114","2.053160575","200","1689","819","10","10","0","0","0","0","","2"
"49","Корпус 2.1","Корпус 2.1/POZD_WEB_K2-1_s2_et3,5_6.ai","D:\AI\AITRASH\LIBRARY\02_CATALOG\02_PRESALE_Поздняково\01_ARTIFACTS\МКД2\Корпус 2.1\POZD_WEB_K2-1_s2_et3,5_6.ai","D:\AI\AITRASH\LIBRARY\02_CATALOG\02_PRESALE_Поздняково\01_ARTIFACTS\МКД2\Корпус 2.1\POZD_WEB_K2-1_s2_et3,5_6.png","224458","68d9a1da34defd66ed9600da9628979ca3e444f40564e67f85a285c0844b5a5b","68d9a1da34defd66ed9600da9628979ca3e444f40564e67f85a285c0844b5a5b","","","OK","150","D:\AI\AITRASH\workspaces\project - Изменение масштаба для планировок квартир\09_outputs\_full_wip\20260727_full_mkd2\Корпус 2.1\х150_POZD_WEB_K2-1_s2_et3,5_6.ai","D:\AI\AITRASH\workspaces\project - Изменение масштаба для планировок квартир\09_outputs\_full_wip\20260727_full_mkd2\Корпус 2.1\х150_POZD_WEB_K2-1_s2_et3,5_6.png","d2dfeeb53475b571c726465d9f4d76fe07a6bab0289c59cd7ab87d9d46dc7df1","55f727b60092d7531fe7612ede0f07dbbe552838225310152ab45e9439655f16","D:\AI\AITRASH\workspaces\project - Изменение масштаба для планировок квартир\09_outputs\_diagnostics\full_20260727_full_mkd2\details\049_POZD_WEB_K2-1_s2_et3,5_6_attempt1.json","1","","OK","494.228352","692.653571","1.507052328","150","3200","1557","10","10","0","0","0","0","","2"
"50","Корпус 2.1","Корпус 2.1/POZD_WEB_K2-1_s2_et3,5_7.ai","D:\AI\AITRASH\LIBRARY\02_CATALOG\02_PRESALE_Поздняково\01_ARTIFACTS\МКД2\Корпус 2.1\POZD_WEB_K2-1_s2_et3,5_7.ai","D:\AI\AITRASH\LIBRARY\02_CATALOG\02_PRESALE_Поздняково\01_ARTIFACTS\МКД2\Корпус 2.1\POZD_WEB_K2-1_s2_et3,5_7.png","189104","880ea522d1f81cf8ab00c7631f952efd9608b0cc94f7955403402f61a554e62f","880ea522d1f81cf8ab00c7631f952efd9608b0cc94f7955403402f61a554e62f","","","OK","170","D:\AI\AITRASH\workspaces\project - Изменение масштаба для планировок квартир\09_outputs\_full_wip\20260727_full_mkd2\Корпус 2.1\х170_POZD_WEB_K2-1_s2_et3,5_7.ai","D:\AI\AITRASH\workspaces\project - Изменение масштаба для планировок квартир\09_outputs\_full_wip\20260727_full_mkd2\Корпус 2.1\х170_POZD_WEB_K2-1_s2_et3,5_7.png","9aecaeee7bc40a8a4baec20db1fc2dc21d5a8adbb8f58cb4ad2f3b7ed497bd43","f38b715e794de4d7c45f371b29dde0568dc13707af0cce497471545898241aa1","D:\AI\AITRASH\workspaces\project - Изменение масштаба для планировок квартир\09_outputs\_diagnostics\full_20260727_full_mkd2\details\050_POZD_WEB_K2-1_s2_et3,5_7_attempt1.json","1","","OK","573.598397","444.213583","1.746828695","170","2292","1111","10","10","0","0","0","0","","2"
"51","Корпус 2.1","Корпус 2.1/POZD_WEB_K2-1_s2_et3,5_8.ai","D:\AI\AITRASH\LIBRARY\02_CATALOG\02_PRESALE_Поздняково\01_ARTIFACTS\МКД2\Корпус 2.1\POZD_WEB_K2-1_s2_et3,5_8.ai","D:\AI\AITRASH\LIBRARY\02_CATALOG\02_PRESALE_Поздняково\01_ARTIFACTS\МКД2\Корпус 2.1\POZD_WEB_K2-1_s2_et3,5_8.png","221087","6c427715744c64d00406cc2db07efc07b1313229e9bef03291974cc302bf2a88","6c427715744c64d00406cc2db07efc07b1313229e9bef03291974cc302bf2a88","","","OK","170","D:\AI\AITRASH\workspaces\project - Изменение масштаба для планировок квартир\09_outputs\_full_wip\20260727_full_mkd2\Корпус 2.1\х170_POZD_WEB_K2-1_s2_et3,5_8.ai","D:\AI\AITRASH\workspaces\project - Изменение масштаба для планировок квартир\09_outputs\_full_wip\20260727_full_mkd2\Корпус 2.1\х170_POZD_WEB_K2-1_s2_et3,5_8.png","15837a42f43ff1ae32e0acea733985b1ab88f456f63686e2ec02f3ba87a77f56","17e0f4068ea05244e08879ceae363c632e0ead724e1473d20830bd2bb4a9a14e","D:\AI\AITRASH\workspaces\project - Изменение масштаба для планировок квартир\09_outputs\_diagnostics\full_20260727_full_mkd2\details\051_POZD_WEB_K2-1_s2_et3,5_8_attempt1.json","1","","OK","576.553082","464.766343","1.703386554","170","2794","1355","10","10","0","0","0","0","","2"
"52","Корпус 2.1","Корпус 2.1/POZD_WEB_K2-1_s2_et3,5_9.ai","D:\AI\AITRASH\LIBRARY\02_CATALOG\02_PRESALE_Поздняково\01_ARTIFACTS\МКД2\Корпус 2.1\POZD_WEB_K2-1_s2_et3,5_9.ai","D:\AI\AITRASH\LIBRARY\02_CATALOG\02_PRESALE_Поздняково\01_ARTIFACTS\МКД2\Корпус 2.1\POZD_WEB_K2-1_s2_et3,5_9.png","210507","c41b92dfbbbecd327b0be8992e6f801c03b356478c5359af3e0792c7d0c349a5","c41b92dfbbbecd327b0be8992e6f801c03b356478c5359af3e0792c7d0c349a5","","","OK","170","D:\AI\AITRASH\workspaces\project - Изменение масштаба для планировок квартир\09_outputs\_full_wip\20260727_full_mkd2\Корпус 2.1\х170_POZD_WEB_K2-1_s2_et3,5_9.ai","D:\AI\AITRASH\workspaces\project - Изменение масштаба для планировок квартир\09_outputs\_full_wip\20260727_full_mkd2\Корпус 2.1\х170_POZD_WEB_K2-1_s2_et3,5_9.png","51fc429da20079b6929fb78a5ef106a97b6af9116e6ac12cbe7bfde98f01193d","24d07cdd18fa51e59437d2781b9e7974ad5e8e5ff33c40387e44dc2c68dc1e39","D:\AI\AITRASH\workspaces\project - Изменение масштаба для планировок квартир\09_outputs\_diagnostics\full_20260727_full_mkd2\details\052_POZD_WEB_K2-1_s2_et3,5_9_attempt1.json","1","","OK","628.705381","433.025463","1.68993458","170","2770","1346","10","10","0","0","0","0","","2"
"53","Корпус 2.1","Корпус 2.1/POZD_WEB_K2-1_s2_et4_2.ai","D:\AI\AITRASH\LIBRARY\02_CATALOG\02_PRESALE_Поздняково\01_ARTIFACTS\МКД2\Корпус 2.1\POZD_WEB_K2-1_s2_et4_2.ai","D:\AI\AITRASH\LIBRARY\02_CATALOG\02_PRESALE_Поздняково\01_ARTIFACTS\МКД2\Корпус 2.1\POZD_WEB_K2-1_s2_et4_2.png","173113","076368ec992a3b2b26902cf55a6924ad42efdbbef17bd3ce4a01f34b6e47e6f2","076368ec992a3b2b26902cf55a6924ad42efdbbef17bd3ce4a01f34b6e47e6f2","","","OK","200","D:\AI\AITRASH\workspaces\project - Изменение масштаба для планировок квартир\09_outputs\_full_wip\20260727_full_mkd2\Корпус 2.1\х200_POZD_WEB_K2-1_s2_et4_2.ai","D:\AI\AITRASH\workspaces\project - Изменение масштаба для планировок квартир\09_outputs\_full_wip\20260727_full_mkd2\Корпус 2.1\х200_POZD_WEB_K2-1_s2_et4_2.png","83052bff9f0f2aa7aaa85b6ea4d79b1090b8346886913c04c4a17f4a51caa407","4b95b5b116d8cd215d9e56f58c287b3b9620eccca05c5d363b1348d74cdb796b","D:\AI\AITRASH\workspaces\project - Изменение масштаба для планировок квартир\09_outputs\_diagnostics\full_20260727_full_mkd2\details\053_POZD_WEB_K2-1_s2_et4_2_attempt1.json","1","","OK","415.619681","397.958032","2.168120967","200","1747","846","14","14","0","0","0","0","","2"
"54","Корпус 2.1","Корпус 2.1/POZD_WEB_K2-1_s2_et4_3.ai","D:\AI\AITRASH\LIBRARY\02_CATALOG\02_PRESALE_Поздняково\01_ARTIFACTS\МКД2\Корпус 2.1\POZD_WEB_K2-1_s2_et4_3.ai","D:\AI\AITRASH\LIBRARY\02_CATALOG\02_PRESALE_Поздняково\01_ARTIFACTS\МКД2\Корпус 2.1\POZD_WEB_K2-1_s2_et4_3.png","171589","b619b2bcd0056685aac7512581ad604a5d77612b436212b9c7d5b3def156f9dc","b619b2bcd0056685aac7512581ad604a5d77612b436212b9c7d5b3def156f9dc","","","OK","200","D:\AI\AITRASH\workspaces\project - Изменение масштаба для планировок квартир\09_outputs\_full_wip\20260727_full_mkd2\Корпус 2.1\х200_POZD_WEB_K2-1_s2_et4_3.ai","D:\AI\AITRASH\workspaces\project - Изменение масштаба для планировок квартир\09_outputs\_full_wip\20260727_full_mkd2\Корпус 2.1\х200_POZD_WEB_K2-1_s2_et4_3.png","e24e825d6aec414cabf3f7c82e856dc0717523ec81993690f02e3cc35d2da500","a6b780e47411bcd7321b8d14acfd7cab764d4afa2ca71b2d5d5db68dc0c1fab4","D:\AI\AITRASH\workspaces\project - Изменение масштаба для планировок квартир\09_outputs\_diagnostics\full_20260727_full_mkd2\details\054_POZD_WEB_K2-1_s2_et4_3_attempt1.json","1","","OK","538.040366","397.850387","1.905824373","200","1854","898","13","13","0","0","0","0","","2"
"55","Корпус 2.1","Корпус 2.1/POZD_WEB_K2-1_s2_et4_5.ai","D:\AI\AITRASH\LIBRARY\02_CATALOG\02_PRESALE_Поздняково\01_ARTIFACTS\МКД2\Корпус 2.1\POZD_WEB_K2-1_s2_et4_5.ai","D:\AI\AITRASH\LIBRARY\02_CATALOG\02_PRESALE_Поздняково\01_ARTIFACTS\МКД2\Корпус 2.1\POZD_WEB_K2-1_s2_et4_5.png","167479","023f15a85b534d3ed40eb6b1f22d3003015a6d9b8b288d673380cc5a1ba05011","023f15a85b534d3ed40eb6b1f22d3003015a6d9b8b288d673380cc5a1ba05011","","","OK","200","D:\AI\AITRASH\workspaces\project - Изменение масштаба для планировок квартир\09_outputs\_full_wip\20260727_full_mkd2\Корпус 2.1\х200_POZD_WEB_K2-1_s2_et4_5.ai","D:\AI\AITRASH\workspaces\project - Изменение масштаба для планировок квартир\09_outputs\_full_wip\20260727_full_mkd2\Корпус 2.1\х200_POZD_WEB_K2-1_s2_et4_5.png","c0faf7983c3c65b6140a4071c3866c5246397916963af1acc5367ead16c38844","10f243a51102d0505bec28742c7cca564bf5bdaa35bcce260dff3c829f5a6d3b","D:\AI\AITRASH\workspaces\project - Изменение масштаба для планировок квартир\09_outputs\_diagnostics\full_20260727_full_mkd2\details\055_POZD_WEB_K2-1_s2_et4_5_attempt1.json","1","","OK","498.230315","392.181102","1.994765247","200","1756","851","13","13","0","0","0","0","","2"
"56","Корпус 2.1","Корпус 2.1/POZD_WEB_K2-1_s2_et4_6.ai","D:\AI\AITRASH\LIBRARY\02_CATALOG\02_PRESALE_Поздняково\01_ARTIFACTS\МКД2\Корпус 2.1\POZD_WEB_K2-1_s2_et4_6.ai","D:\AI\AITRASH\LIBRARY\02_CATALOG\02_PRESALE_Поздняково\01_ARTIFACTS\МКД2\Корпус 2.1\POZD_WEB_K2-1_s2_et4_6.png","228369","e24fe4e5580137d75df86d025f301a79ab73ab646a720e9808da2abd15864e79","e24fe4e5580137d75df86d025f301a79ab73ab646a720e9808da2abd15864e79","","","OK","150","D:\AI\AITRASH\workspaces\project - Изменение масштаба для планировок квартир\09_outputs\_full_wip\20260727_full_mkd2\Корпус 2.1\х150_POZD_WEB_K2-1_s2_et4_6.ai","D:\AI\AITRASH\workspaces\project - Изменение масштаба для планировок квартир\09_outputs\_full_wip\20260727_full_mkd2\Корпус 2.1\х150_POZD_WEB_K2-1_s2_et4_6.png","8eb2e30c46aa3f0e056b1ddbffd61236ab015e3eee9b2a9f681f79537b549138","5c445c7e396f3f32723c6bc72f60155614d7d4c322e49480a2fa13aeb9aebe52","D:\AI\AITRASH\workspaces\project - Изменение масштаба для планировок квартир\09_outputs\_diagnostics\full_20260727_full_mkd2\details\056_POZD_WEB_K2-1_s2_et4_6_attempt1.json","1","","OK","494.228359","720.591524","1.477548663","150","3227","1573","13","13","0","0","0","0","","2"
"57","Корпус 2.1","Корпус 2.1/POZD_WEB_K2-1_s2_et4_7.ai","D:\AI\AITRASH\LIBRARY\02_CATALOG\02_PRESALE_Поздняково\01_ARTIFACTS\МКД2\Корпус 2.1\POZD_WEB_K2-1_s2_et4_7.ai","D:\AI\AITRASH\LIBRARY\02_CATALOG\02_PRESALE_Поздняково\01_ARTIFACTS\МКД2\Корпус 2.1\POZD_WEB_K2-1_s2_et4_7.png","194371","a0f0f5b627ca95267dd425ca12686a1897181325dab35de10fe2f2ffbdbf36f3","a0f0f5b627ca95267dd425ca12686a1897181325dab35de10fe2f2ffbdbf36f3","","","OK","170","D:\AI\AITRASH\workspaces\project - Изменение масштаба для планировок квартир\09_outputs\_full_wip\20260727_full_mkd2\Корпус 2.1\х170_POZD_WEB_K2-1_s2_et4_7.ai","D:\AI\AITRASH\workspaces\project - Изменение масштаба для планировок квартир\09_outputs\_full_wip\20260727_full_mkd2\Корпус 2.1\х170_POZD_WEB_K2-1_s2_et4_7.png","8fe474b9ec1d095f6fd7ab2a6a6f85cf043f50c162f3320df5824713d104dea6","e49edc65188b49df6ff75df7d7b3887ebf79c1dba54fe717b8ee3f91d5c6cca4","D:\AI\AITRASH\workspaces\project - Изменение масштаба для планировок квартир\09_outputs\_diagnostics\full_20260727_full_mkd2\details\057_POZD_WEB_K2-1_s2_et4_7_attempt1.json","1","","OK","573.598427","472.151575","1.694359264","170","2352","1140","13","13","0","0","0","0","","2"
"58","Корпус 2.1","Корпус 2.1/POZD_WEB_K2-1_s2_et4_9.ai","D:\AI\AITRASH\LIBRARY\02_CATALOG\02_PRESALE_Поздняково\01_ARTIFACTS\МКД2\Корпус 2.1\POZD_WEB_K2-1_s2_et4_9.ai","D:\AI\AITRASH\LIBRARY\02_CATALOG\02_PRESALE_Поздняково\01_ARTIFACTS\МКД2\Корпус 2.1\POZD_WEB_K2-1_s2_et4_9.png","214275","d2b550aabf022cfa877a02e6afc49f7a955431f5b1d93cf4fd5ade007a21525f","d2b550aabf022cfa877a02e6afc49f7a955431f5b1d93cf4fd5ade007a21525f","","","OK","170","D:\AI\AITRASH\workspaces\project - Изменение масштаба для планировок квартир\09_outputs\_full_wip\20260727_full_mkd2\Корпус 2.1\х170_POZD_WEB_K2-1_s2_et4_9.ai","D:\AI\AITRASH\workspaces\project - Изменение масштаба для планировок квартир\09_outputs\_full_wip\20260727_full_mkd2\Корпус 2.1\х170_POZD_WEB_K2-1_s2_et4_9.png","88a64d946f2e516e14a1c2d9bca298146b3d603b505ca604f800a99d65ea1a60","48be55c40ffc4940ba36047ce68ca4e2fa691918771870eb52ff6b0602e597d0","D:\AI\AITRASH\workspaces\project - Изменение масштаба для планировок квартир\09_outputs\_diagnostics\full_20260727_full_mkd2\details\058_POZD_WEB_K2-1_s2_et4_9_attempt1.json","1","","OK","628.590522","462.412065","1.63550436","170","2863","1390","14","14","0","0","0","0","","2"
"59","Корпус 2.1","Корпус 2.1/POZD_WEB_K2-1_s2_et6_1.ai","D:\AI\AITRASH\LIBRARY\02_CATALOG\02_PRESALE_Поздняково\01_ARTIFACTS\МКД2\Корпус 2.1\POZD_WEB_K2-1_s2_et6_1.ai","D:\AI\AITRASH\LIBRARY\02_CATALOG\02_PRESALE_Поздняково\01_ARTIFACTS\МКД2\Корпус 2.1\POZD_WEB_K2-1_s2_et6_1.png","196427","2fc7b79fae2c0f1e692ff0427db4d5cb50eb7a0cd9672f37b3b6115053c06abd","2fc7b79fae2c0f1e692ff0427db4d5cb50eb7a0cd9672f37b3b6115053c06abd","","","OK","170","D:\AI\AITRASH\workspaces\project - Изменение масштаба для планировок квартир\09_outputs\_full_wip\20260727_full_mkd2\Корпус 2.1\х170_POZD_WEB_K2-1_s2_et6_1.ai","D:\AI\AITRASH\workspaces\project - Изменение масштаба для планировок квартир\09_outputs\_full_wip\20260727_full_mkd2\Корпус 2.1\х170_POZD_WEB_K2-1_s2_et6_1.png","8758e822bfc49f0e890108b8c3d06f1a3cbfd112c9ef6d40cb1a54a667cc6b90","63a43dc10a96e56d262b83897367515869160cfcc067513bd9f89da373cf5209","D:\AI\AITRASH\workspaces\project - Изменение масштаба для планировок квартир\09_outputs\_diagnostics\full_20260727_full_mkd2\details\059_POZD_WEB_K2-1_s2_et6_1_attempt1.json","1","","OK","415.583662","573.598396","1.805996906","170","2467","1201","13","13","0","0","0","0","","2"
"60","Корпус 2.1","Корпус 2.1/POZD_WEB_K2-1_s2_et6_4.ai","D:\AI\AITRASH\LIBRARY\02_CATALOG\02_PRESALE_Поздняково\01_ARTIFACTS\МКД2\Корпус 2.1\POZD_WEB_K2-1_s2_et6_4.ai","D:\AI\AITRASH\LIBRARY\02_CATALOG\02_PRESALE_Поздняково\01_ARTIFACTS\МКД2\Корпус 2.1\POZD_WEB_K2-1_s2_et6_4.png","171053","9a575ef2946edef652c61240d60368bae5458172f39144971fb05500e922af15","9a575ef2946edef652c61240d60368bae5458172f39144971fb05500e922af15","","","OK","200","D:\AI\AITRASH\workspaces\project - Изменение масштаба для планировок квартир\09_outputs\_full_wip\20260727_full_mkd2\Корпус 2.1\х200_POZD_WEB_K2-1_s2_et6_4.ai","D:\AI\AITRASH\workspaces\project - Изменение масштаба для планировок квартир\09_outputs\_full_wip\20260727_full_mkd2\Корпус 2.1\х200_POZD_WEB_K2-1_s2_et6_4.png","10b3232cfe60b1699ebac04e0e5322513f89ca5bc3efcd6914aa8e2e7b3c1a1a","afbbb73765ac32d6667f63cf680b427b3e9478c7cfd7e076d275d35ad47619a3","D:\AI\AITRASH\workspaces\project - Изменение масштаба для планировок квартир\09_outputs\_diagnostics\full_20260727_full_mkd2\details\060_POZD_WEB_K2-1_s2_et6_4_attempt1.json","1","","OK","498.230315","386.511814","2.009341426","200","1775","859","13","13","0","0","0","0","","2"
"61","Корпус 2.1","Корпус 2.1/POZD_WEB_K2-1_s2_et6_6.ai","D:\AI\AITRASH\LIBRARY\02_CATALOG\02_PRESALE_Поздняково\01_ARTIFACTS\МКД2\Корпус 2.1\POZD_WEB_K2-1_s2_et6_6.ai","D:\AI\AITRASH\LIBRARY\02_CATALOG\02_PRESALE_Поздняково\01_ARTIFACTS\МКД2\Корпус 2.1\POZD_WEB_K2-1_s2_et6_6.png","230054","f96df7a4ea2a9d6a1ef4859f002f7532aef80631c80daf2bc82d6fc0f51d42ed","f96df7a4ea2a9d6a1ef4859f002f7532aef80631c80daf2bc82d6fc0f51d42ed","","","OK","150","D:\AI\AITRASH\workspaces\project - Изменение масштаба для планировок квартир\09_outputs\_full_wip\20260727_full_mkd2\Корпус 2.1\х150_POZD_WEB_K2-1_s2_et6_6.ai","D:\AI\AITRASH\workspaces\project - Изменение масштаба для планировок квартир\09_outputs\_full_wip\20260727_full_mkd2\Корпус 2.1\х150_POZD_WEB_K2-1_s2_et6_6.png","3634f14d40182ff0c23253ad7cf89901f91adcd5301abf10c7e7cd5bd8d12ba3","3df123fcb1f08a925365e28b68136214990722d84d4ae7e56d439f7b309419fa","D:\AI\AITRASH\workspaces\project - Изменение масштаба для планировок квартир\09_outputs\_diagnostics\full_20260727_full_mkd2\details\061_POZD_WEB_K2-1_s2_et6_6_attempt1.json","1","","OK","522.166368","692.653565","1.466181428","150","3251","1584","14","14","0","0","0","0","","2"
"62","Корпус 2.1","Корпус 2.1/POZD_WEB_K2-1_s2_et6_7.ai","D:\AI\AITRASH\LIBRARY\02_CATALOG\02_PRESALE_Поздняково\01_ARTIFACTS\МКД2\Корпус 2.1\POZD_WEB_K2-1_s2_et6_7.ai","D:\AI\AITRASH\LIBRARY\02_CATALOG\02_PRESALE_Поздняково\01_ARTIFACTS\МКД2\Корпус 2.1\POZD_WEB_K2-1_s2_et6_7.png","194858","456c7e7342d8e2faa7e4323cd5012c8bfae97194a1d9deda3a298e0d4080e928","456c7e7342d8e2faa7e4323cd5012c8bfae97194a1d9deda3a298e0d4080e928","","","OK","170","D:\AI\AITRASH\workspaces\project - Изменение масштаба для планировок квартир\09_outputs\_full_wip\20260727_full_mkd2\Корпус 2.1\х170_POZD_WEB_K2-1_s2_et6_7.ai","D:\AI\AITRASH\workspaces\project - Изменение масштаба для планировок квартир\09_outputs\_full_wip\20260727_full_mkd2\Корпус 2.1\х170_POZD_WEB_K2-1_s2_et6_7.png","f14f179a7cf8d5c06a4c1d7004e439f61cfe71d37b3992d707890dc3727b6dbb","5f60ac1bbe7742c6fb7544f981bf9411b170afab2dea29db5df7ea9a973c598b","D:\AI\AITRASH\workspaces\project - Изменение масштаба для планировок квартир\09_outputs\_diagnostics\full_20260727_full_mkd2\details\062_POZD_WEB_K2-1_s2_et6_7_attempt1.json","1","","OK","573.598397","472.151575","1.694359309","170","2383","1152","13","13","0","0","0","0","","2"
"63","Корпус 2.1","Корпус 2.1/POZD_WEB_K2-1_s2_et6_8.ai","D:\AI\AITRASH\LIBRARY\02_CATALOG\02_PRESALE_Поздняково\01_ARTIFACTS\МКД2\Корпус 2.1\POZD_WEB_K2-1_s2_et6_8.ai","D:\AI\AITRASH\LIBRARY\02_CATALOG\02_PRESALE_Поздняково\01_ARTIFACTS\МКД2\Корпус 2.1\POZD_WEB_K2-1_s2_et6_8.png","224072","cf0e55c4ff8323f3dc0329e89595eccc04f02746f240cfac7189f34654893a82","cf0e55c4ff8323f3dc0329e89595eccc04f02746f240cfac7189f34654893a82","","","OK","170","D:\AI\AITRASH\workspaces\project - Изменение масштаба для планировок квартир\09_outputs\_full_wip\20260727_full_mkd2\Корпус 2.1\х170_POZD_WEB_K2-1_s2_et6_8.ai","D:\AI\AITRASH\workspaces\project - Изменение масштаба для планировок квартир\09_outputs\_full_wip\20260727_full_mkd2\Корпус 2.1\х170_POZD_WEB_K2-1_s2_et6_8.png","bab03691959fd5b15bcf799c7cf56195ae1f99b40d16c1341297a130cc98ba45","99f8f1edea4d7e5c873d1bc4dc99e7bdefa0cb8c63d79c0010c4cfe0f3e6aea2","D:\AI\AITRASH\workspaces\project - Изменение масштаба для планировок квартир\09_outputs\_diagnostics\full_20260727_full_mkd2\details\063_POZD_WEB_K2-1_s2_et6_8_attempt1.json","1","","OK","573.723592","492.719026","1.658437763","170","2728","1325","13","13","0","0","0","0","","2"
"64","Корпус 2.1","Корпус 2.1/POZD_WEB_K2-1_s2_et6_9.ai","D:\AI\AITRASH\LIBRARY\02_CATALOG\02_PRESALE_Поздняково\01_ARTIFACTS\МКД2\Корпус 2.1\POZD_WEB_K2-1_s2_et6_9.ai","D:\AI\AITRASH\LIBRARY\02_CATALOG\02_PRESALE_Поздняково\01_ARTIFACTS\МКД2\Корпус 2.1\POZD_WEB_K2-1_s2_et6_9.png","212314","b9afda33c25557a930de1a9e1eb9fd140b6ba445d383c28c9a6ace7613cfc93c","b9afda33c25557a930de1a9e1eb9fd140b6ba445d383c28c9a6ace7613cfc93c","","","OK","170","D:\AI\AITRASH\workspaces\project - Изменение масштаба для планировок квартир\09_outputs\_full_wip\20260727_full_mkd2\Корпус 2.1\х170_POZD_WEB_K2-1_s2_et6_9.ai","D:\AI\AITRASH\workspaces\project - Изменение масштаба для планировок квартир\09_outputs\_full_wip\20260727_full_mkd2\Корпус 2.1\х170_POZD_WEB_K2-1_s2_et6_9.png","7cbad9e125fec64a3ff244a02260a0f3b42fc4662aae5531dd984f3573ae1582","7d2807d8b632c5b221a5d6c2ccd2c2108f42cc2b1180f538fb540083fdc94d82","D:\AI\AITRASH\workspaces\project - Изменение масштаба для планировок квартир\09_outputs\_diagnostics\full_20260727_full_mkd2\details\064_POZD_WEB_K2-1_s2_et6_9_attempt1.json","1","","OK","628.590534","460.937992","1.638117416","170","2812","1365","13","13","0","0","0","0","","2"
"65","Корпус 2.1","Корпус 2.1/POZD_WEB_K2-1_s3_et1,3,5_5.ai","D:\AI\AITRASH\LIBRARY\02_CATALOG\02_PRESALE_Поздняково\01_ARTIFACTS\МКД2\Корпус 2.1\POZD_WEB_K2-1_s3_et1,3,5_5.ai","D:\AI\AITRASH\LIBRARY\02_CATALOG\02_PRESALE_Поздняково\01_ARTIFACTS\МКД2\Корпус 2.1\POZD_WEB_K2-1_s3_et1,3,5_5.png","208907","285b41524e9bd9bbc7fb68826a6f31920e757b92cbf48387b2fea7a2a7136004","285b41524e9bd9bbc7fb68826a6f31920e757b92cbf48387b2fea7a2a7136004","","","OK","170","D:\AI\AITRASH\workspaces\project - Изменение масштаба для планировок квартир\09_outputs\_full_wip\20260727_full_mkd2\Корпус 2.1\х170_POZD_WEB_K2-1_s3_et1,3,5_5.ai","D:\AI\AITRASH\workspaces\project - Изменение масштаба для планировок квартир\09_outputs\_full_wip\20260727_full_mkd2\Корпус 2.1\х170_POZD_WEB_K2-1_s3_et1,3,5_5.png","c6ebdbbc0637703d7f302a0e7feb2ecd123c1c2e784ed92891675342d6a11af0","97415096b5374b1f9dfcfafa84c1902d990845654205c12b3a77d4fa4c2998fb","D:\AI\AITRASH\workspaces\project - Изменение масштаба для планировок квартир\09_outputs\_diagnostics\full_20260727_full_mkd2\details\065_POZD_WEB_K2-1_s3_et1,3,5_5_attempt1.json","1","","OK","573.598418","485.03248","1.671709519","170","2713","1318","10","10","0","0","0","0","","2"
"66","Корпус 2.1","Корпус 2.1/POZD_WEB_K2-1_s3_et1_2.ai","D:\AI\AITRASH\LIBRARY\02_CATALOG\02_PRESALE_Поздняково\01_ARTIFACTS\МКД2\Корпус 2.1\POZD_WEB_K2-1_s3_et1_2.ai","D:\AI\AITRASH\LIBRARY\02_CATALOG\02_PRESALE_Поздняково\01_ARTIFACTS\МКД2\Корпус 2.1\POZD_WEB_K2-1_s3_et1_2.png","348174","6709bcf0dbf5d53b73b1506a31e7151e2faeee57ce95c6e28618d1c98e484dc5","6709bcf0dbf5d53b73b1506a31e7151e2faeee57ce95c6e28618d1c98e484dc5","","","OK","150","D:\AI\AITRASH\workspaces\project - Изменение масштаба для планировок квартир\09_outputs\_full_wip\20260727_full_mkd2\Корпус 2.1\х150_POZD_WEB_K2-1_s3_et1_2.ai","D:\AI\AITRASH\workspaces\project - Изменение масштаба для планировок квартир\09_outputs\_full_wip\20260727_full_mkd2\Корпус 2.1\х150_POZD_WEB_K2-1_s3_et1_2.png","c3a30e1975089c7669a80aea5e5a9741fa2074a4273a8f94fee75c69feffc3ab","4ed13a8628768e879fb023626ecb7fd35832a192bb3e54665b39268a562e0b22","D:\AI\AITRASH\workspaces\project - Изменение масштаба для планировок квартир\09_outputs\_diagnostics\full_20260727_full_mkd2\details\066_POZD_WEB_K2-1_s3_et1_2_attempt1.json","1","","OK","573.598431","626.746693","1.470619079","150","5270","2574","15","15","0","0","0","0","","2"
"67","Корпус 2.1","Корпус 2.1/POZD_WEB_K2-1_s3_et1_3.ai","D:\AI\AITRASH\LIBRARY\02_CATALOG\02_PRESALE_Поздняково\01_ARTIFACTS\МКД2\Корпус 2.1\POZD_WEB_K2-1_s3_et1_3.ai","D:\AI\AITRASH\LIBRARY\02_CATALOG\02_PRESALE_Поздняково\01_ARTIFACTS\МКД2\Корпус 2.1\POZD_WEB_K2-1_s3_et1_3.png","308480","bdaa10496fca6cdc77193eab3c7cec8977c886f9621b14b44c3a8dacd85f8645","bdaa10496fca6cdc77193eab3c7cec8977c886f9621b14b44c3a8dacd85f8645","","","OK","150","D:\AI\AITRASH\workspaces\project - Изменение масштаба для планировок квартир\09_outputs\_full_wip\20260727_full_mkd2\Корпус 2.1\х150_POZD_WEB_K2-1_s3_et1_3.ai","D:\AI\AITRASH\workspaces\project - Изменение масштаба для планировок квартир\09_outputs\_full_wip\20260727_full_mkd2\Корпус 2.1\х150_POZD_WEB_K2-1_s3_et1_3.png","04fea90d60636b145ca7b4c626fa01227b47df47d202b1d1e9fa9da1842e1333","06de0ee006c31e972f9f7ed07f750bc8bbc34f5e096a8aaa8fe4461239a052d9","D:\AI\AITRASH\workspaces\project - Изменение масштаба для планировок квартир\09_outputs\_diagnostics\full_20260727_full_mkd2\details\067_POZD_WEB_K2-1_s3_et1_3_attempt1.json","1","","OK","573.598427","586.936654","1.519674608","150","4449","2163","15","15","0","0","0","0","","2"
"68","Корпус 2.1","Корпус 2.1/POZD_WEB_K2-1_s3_et1_4.ai","D:\AI\AITRASH\LIBRARY\02_CATALOG\02_PRESALE_Поздняково\01_ARTIFACTS\МКД2\Корпус 2.1\POZD_WEB_K2-1_s3_et1_4.ai","D:\AI\AITRASH\LIBRARY\02_CATALOG\02_PRESALE_Поздняково\01_ARTIFACTS\МКД2\Корпус 2.1\POZD_WEB_K2-1_s3_et1_4.png","322697","a90eb3ed76972163e1c03df537c0c8c54e342791e7d286944b66ff94cd877348","a90eb3ed76972163e1c03df537c0c8c54e342791e7d286944b66ff94cd877348","","","OK","110","D:\AI\AITRASH\workspaces\project - Изменение масштаба для планировок квартир\09_outputs\_full_wip\20260727_full_mkd2\Корпус 2.1\х110_POZD_WEB_K2-1_s3_et1_4.ai","D:\AI\AITRASH\workspaces\project - Изменение масштаба для планировок квартир\09_outputs\_full_wip\20260727_full_mkd2\Корпус 2.1\х110_POZD_WEB_K2-1_s3_et1_4.png","4398da9b953c13051932d97e11e5866f83dd0f4824190e6937ccb5b0a509ff56","092f5f4de2f60fe67379ba5120917d06195b0293e9898057d33cb92a5b760db8","D:\AI\AITRASH\workspaces\project - Изменение масштаба для планировок квартир\09_outputs\_diagnostics\full_20260727_full_mkd2\details\068_POZD_WEB_K2-1_s3_et1_4_attempt2.json","2","","OK","454.418307","987.313623","1.083748846","110","5149","2515","16","16","0","0","0","0","","2"
"69","Корпус 2.1","Корпус 2.1/POZD_WEB_K2-1_s3_et2,4_1.ai","D:\AI\AITRASH\LIBRARY\02_CATALOG\02_PRESALE_Поздняково\01_ARTIFACTS\МКД2\Корпус 2.1\POZD_WEB_K2-1_s3_et2,4_1.ai","D:\AI\AITRASH\LIBRARY\02_CATALOG\02_PRESALE_Поздняково\01_ARTIFACTS\МКД2\Корпус 2.1\POZD_WEB_K2-1_s3_et2,4_1.png","229318","454269c1c86cbb5d8ff1fa4892e779425edf5e774e83473f7c60c74b36dcfa0f","454269c1c86cbb5d8ff1fa4892e779425edf5e774e83473f7c60c74b36dcfa0f","","","OK","120","D:\AI\AITRASH\workspaces\project - Изменение масштаба для планировок квартир\09_outputs\_full_wip\20260727_full_mkd2\Корпус 2.1\х120_POZD_WEB_K2-1_s3_et2,4_1.ai","D:\AI\AITRASH\workspaces\project - Изменение масштаба для планировок квартир\09_outputs\_full_wip\20260727_full_mkd2\Корпус 2.1\х120_POZD_WEB_K2-1_s3_et2,4_1.png","08f8b9df3b716eb7a37e483e27e93aca10f7e0b4bcdce45b416afcc6a4f38df5","8ec0ac3d8af1553174c0dbf6151cc625e2f6b9d6a249aced88dc48a777bcf56a","D:\AI\AITRASH\workspaces\project - Изменение масштаба для планировок квартир\09_outputs\_diagnostics\full_20260727_full_mkd2\details\069_POZD_WEB_K2-1_s3_et2,4_1_attempt1.json","1","","OK","573.59841","885.409449","1.208480439","120","3418","1663","10","10","0","0","0","0","","2"
"70","Корпус 2.1","Корпус 2.1/POZD_WEB_K2-1_s3_et2,4_5.ai","D:\AI\AITRASH\LIBRARY\02_CATALOG\02_PRESALE_Поздняково\01_ARTIFACTS\МКД2\Корпус 2.1\POZD_WEB_K2-1_s3_et2,4_5.ai","D:\AI\AITRASH\LIBRARY\02_CATALOG\02_PRESALE_Поздняково\01_ARTIFACTS\МКД2\Корпус 2.1\POZD_WEB_K2-1_s3_et2,4_5.png","166463","2bcb188c23ac8061035f64f6a05bb93e0fc265748d7aee4eb7aa8ecf12528b65","2bcb188c23ac8061035f64f6a05bb93e0fc265748d7aee4eb7aa8ecf12528b65","","","OK","200","D:\AI\AITRASH\workspaces\project - Изменение масштаба для планировок квартир\09_outputs\_full_wip\20260727_full_mkd2\Корпус 2.1\х200_POZD_WEB_K2-1_s3_et2,4_5.ai","D:\AI\AITRASH\workspaces\project - Изменение масштаба для планировок квартир\09_outputs\_full_wip\20260727_full_mkd2\Корпус 2.1\х200_POZD_WEB_K2-1_s3_et2,4_5.png","d244eb9c04b0b960f50b3d8c8363e7959af6c55158a68b01aaec028206ec73b8","a2e5c891e78cd10fa837ac4dff22df6a8cb6c056e88faedfc5bf3b77b4746f14","D:\AI\AITRASH\workspaces\project - Изменение масштаба для планировок квартир\09_outputs\_diagnostics\full_20260727_full_mkd2\details\070_POZD_WEB_K2-1_s3_et2,4_5_attempt1.json","1","","OK","392.181116","435.142717","2.134474645","200","1724","828","10","10","0","0","0","0","","2"
"71","Корпус 2.1","Корпус 2.1/POZD_WEB_K2-1_s3_et2,6_3.ai","D:\AI\AITRASH\LIBRARY\02_CATALOG\02_PRESALE_Поздняково\01_ARTIFACTS\МКД2\Корпус 2.1\POZD_WEB_K2-1_s3_et2,6_3.ai","D:\AI\AITRASH\LIBRARY\02_CATALOG\02_PRESALE_Поздняково\01_ARTIFACTS\МКД2\Корпус 2.1\POZD_WEB_K2-1_s3_et2,6_3.png","199777","e02e77f611bcb992da299129178acbe514e9a63663db58656ed09d6f375b0d57","e02e77f611bcb992da299129178acbe514e9a63663db58656ed09d6f375b0d57","","","OK","170","D:\AI\AITRASH\workspaces\project - Изменение масштаба для планировок квартир\09_outputs\_full_wip\20260727_full_mkd2\Корпус 2.1\х170_POZD_WEB_K2-1_s3_et2,6_3.ai","D:\AI\AITRASH\workspaces\project - Изменение масштаба для планировок квартир\09_outputs\_full_wip\20260727_full_mkd2\Корпус 2.1\х170_POZD_WEB_K2-1_s3_et2,6_3.png","0680933ed3eeb2c005380c96e6ce2beddaa36d35fe557e58863c61ccea9b6a77","0ed1e2939b244290a301f498e2610e9a05791a785b65399738e0d2af85275e1b","D:\AI\AITRASH\workspaces\project - Изменение масштаба для планировок квартир\09_outputs\_diagnostics\full_20260727_full_mkd2\details\071_POZD_WEB_K2-1_s3_et2,6_3_attempt1.json","1","","OK","573.598398","485.03248","1.671709548","170","2630","1278","10","10","0","0","0","0","","2"
"72","Корпус 2.1","Корпус 2.1/POZD_WEB_K2-1_s3_et2_2.ai","D:\AI\AITRASH\LIBRARY\02_CATALOG\02_PRESALE_Поздняково\01_ARTIFACTS\МКД2\Корпус 2.1\POZD_WEB_K2-1_s3_et2_2.ai","D:\AI\AITRASH\LIBRARY\02_CATALOG\02_PRESALE_Поздняково\01_ARTIFACTS\МКД2\Корпус 2.1\POZD_WEB_K2-1_s3_et2_2.png","209305","5bf3ece0fea6cbab44225a8cd9264881ce91c67e9eff78d4d2ad07dda7a64995","5bf3ece0fea6cbab44225a8cd9264881ce91c67e9eff78d4d2ad07dda7a64995","","","OK","170","D:\AI\AITRASH\workspaces\project - Изменение масштаба для планировок квартир\09_outputs\_full_wip\20260727_full_mkd2\Корпус 2.1\х170_POZD_WEB_K2-1_s3_et2_2.ai","D:\AI\AITRASH\workspaces\project - Изменение масштаба для планировок квартир\09_outputs\_full_wip\20260727_full_mkd2\Корпус 2.1\х170_POZD_WEB_K2-1_s3_et2_2.png","d7560f1e8884ae653a235fcaa2f5713e6ef4b91cde4f96c2dc89e95ab0c5abe3","c8d943e8834138b29c052ba238b48b9462f7f3ac4fd68f60bdb48156d1aeccfe","D:\AI\AITRASH\workspaces\project - Изменение масштаба для планировок квартир\09_outputs\_diagnostics\full_20260727_full_mkd2\details\072_POZD_WEB_K2-1_s3_et2_2_attempt1.json","1","","OK","573.598449","485.03248","1.671709474","170","2722","1320","10","10","0","0","0","0","","2"
"73","Корпус 2.1","Корпус 2.1/POZD_WEB_K2-1_s3_et2_4.ai","D:\AI\AITRASH\LIBRARY\02_CATALOG\02_PRESALE_Поздняково\01_ARTIFACTS\МКД2\Корпус 2.1\POZD_WEB_K2-1_s3_et2_4.ai","D:\AI\AITRASH\LIBRARY\02_CATALOG\02_PRESALE_Поздняково\01_ARTIFACTS\МКД2\Корпус 2.1\POZD_WEB_K2-1_s3_et2_4.png","237227","89c5192e3123c1df1720b577c40e59eaca791106ab2f2b9df60a2604ae7b5412","89c5192e3123c1df1720b577c40e59eaca791106ab2f2b9df60a2604ae7b5412","","","OK","120","D:\AI\AITRASH\workspaces\project - Изменение масштаба для планировок квартир\09_outputs\_full_wip\20260727_full_mkd2\Корпус 2.1\х120_POZD_WEB_K2-1_s3_et2_4.ai","D:\AI\AITRASH\workspaces\project - Изменение масштаба для планировок квартир\09_outputs\_full_wip\20260727_full_mkd2\Корпус 2.1\х120_POZD_WEB_K2-1_s3_et2_4.png","c3ed3840617db643dfc9b45d7e6677a2389e3e77b3bcd7cae1af5d4aad5ddd33","a9dbd1069829d4a616a4bac60ec6a03e7740fbbd008ed971e6c1ac237fcce308","D:\AI\AITRASH\workspaces\project - Изменение масштаба для планировок квартир\09_outputs\_diagnostics\full_20260727_full_mkd2\details\073_POZD_WEB_K2-1_s3_et2_4_attempt1.json","1","","OK","454.418307","885.409449","1.208480439","120","3489","1696","10","10","0","0","0","0","","2"
"74","Корпус 2.1","Корпус 2.1/POZD_WEB_K2-1_s3_et3,5_1.ai","D:\AI\AITRASH\LIBRARY\02_CATALOG\02_PRESALE_Поздняково\01_ARTIFACTS\МКД2\Корпус 2.1\POZD_WEB_K2-1_s3_et3,5_1.ai","D:\AI\AITRASH\LIBRARY\02_CATALOG\02_PRESALE_Поздняково\01_ARTIFACTS\МКД2\Корпус 2.1\POZD_WEB_K2-1_s3_et3,5_1.png","230206","203fa35e03621c36357805abbd521896083d77cb6db7c1c13232b99bd8b643c0","203fa35e03621c36357805abbd521896083d77cb6db7c1c13232b99bd8b643c0","","","OK","120","D:\AI\AITRASH\workspaces\project - Изменение масштаба для планировок квартир\09_outputs\_full_wip\20260727_full_mkd2\Корпус 2.1\х120_POZD_WEB_K2-1_s3_et3,5_1.ai","D:\AI\AITRASH\workspaces\project - Изменение масштаба для планировок квартир\09_outputs\_full_wip\20260727_full_mkd2\Корпус 2.1\х120_POZD_WEB_K2-1_s3_et3,5_1.png","250c74c5ba594987f44c1a6ca9be476fc47bd6ac5a5c0f6a7e065bbbe918a1e1","07e7f22e2ee95b7113984b755060aea9283f99d88054ab2e77fe654f309291b8","D:\AI\AITRASH\workspaces\project - Изменение масштаба для планировок квартир\09_outputs\_diagnostics\full_20260727_full_mkd2\details\074_POZD_WEB_K2-1_s3_et3,5_1_attempt1.json","1","","OK","573.598408","885.409449","1.208480439","120","3422","1665","10","10","0","0","0","0","","2"
"75","Корпус 2.1","Корпус 2.1/POZD_WEB_K2-1_s3_et3,5_2.ai","D:\AI\AITRASH\LIBRARY\02_CATALOG\02_PRESALE_Поздняково\01_ARTIFACTS\МКД2\Корпус 2.1\POZD_WEB_K2-1_s3_et3,5_2.ai","D:\AI\AITRASH\LIBRARY\02_CATALOG\02_PRESALE_Поздняково\01_ARTIFACTS\МКД2\Корпус 2.1\POZD_WEB_K2-1_s3_et3,5_2.png","208791","e5853fe7eb37b864880ba1e4d2e1b20f919c5cfa76a87459bf76a155bf1db65a","e5853fe7eb37b864880ba1e4d2e1b20f919c5cfa76a87459bf76a155bf1db65a","","","OK","170","D:\AI\AITRASH\workspaces\project - Изменение масштаба для планировок квартир\09_outputs\_full_wip\20260727_full_mkd2\Корпус 2.1\х170_POZD_WEB_K2-1_s3_et3,5_2.ai","D:\AI\AITRASH\workspaces\project - Изменение масштаба для планировок квартир\09_outputs\_full_wip\20260727_full_mkd2\Корпус 2.1\х170_POZD_WEB_K2-1_s3_et3,5_2.png","649e2e879180b747be71a0a57071545433f38c704b9c2f2e2da0a96822598fc8","97415096b5374b1f9dfcfafa84c1902d990845654205c12b3a77d4fa4c2998fb","D:\AI\AITRASH\workspaces\project - Изменение масштаба для планировок квартир\09_outputs\_diagnostics\full_20260727_full_mkd2\details\075_POZD_WEB_K2-1_s3_et3,5_2_attempt1.json","1","","OK","573.598418","485.03248","1.671709519","170","2713","1318","10","10","0","0","0","0","","2"
"76","Корпус 2.1","Корпус 2.1/POZD_WEB_K2-1_s3_et3,5_3.ai","D:\AI\AITRASH\LIBRARY\02_CATALOG\02_PRESALE_Поздняково\01_ARTIFACTS\МКД2\Корпус 2.1\POZD_WEB_K2-1_s3_et3,5_3.ai","D:\AI\AITRASH\LIBRARY\02_CATALOG\02_PRESALE_Поздняково\01_ARTIFACTS\МКД2\Корпус 2.1\POZD_WEB_K2-1_s3_et3,5_3.png","199773","ae0d5758d6a772ae98998db896601405d68f6f77c48838e1e02f9065adfdfcde","ae0d5758d6a772ae98998db896601405d68f6f77c48838e1e02f9065adfdfcde","","","OK","170","D:\AI\AITRASH\workspaces\project - Изменение масштаба для планировок квартир\09_outputs\_full_wip\20260727_full_mkd2\Корпус 2.1\х170_POZD_WEB_K2-1_s3_et3,5_3.ai","D:\AI\AITRASH\workspaces\project - Изменение масштаба для планировок квартир\09_outputs\_full_wip\20260727_full_mkd2\Корпус 2.1\х170_POZD_WEB_K2-1_s3_et3,5_3.png","58405ec1ee9e41998aba51f947fd09ec938d6da650d97b8c447278e585c7f5e6","0d2c16757e4224cca7700749db63ec16f959ff3c264fe0665fb80107221d2f94","D:\AI\AITRASH\workspaces\project - Изменение масштаба для планировок квартир\09_outputs\_diagnostics\full_20260727_full_mkd2\details\076_POZD_WEB_K2-1_s3_et3,5_3_attempt1.json","1","","OK","573.598425","485.03248","1.671709509","170","2636","1280","10","10","0","0","0","0","","2"
"77","Корпус 2.1","Корпус 2.1/POZD_WEB_K2-1_s3_et3,5_4.ai","D:\AI\AITRASH\LIBRARY\02_CATALOG\02_PRESALE_Поздняково\01_ARTIFACTS\МКД2\Корпус 2.1\POZD_WEB_K2-1_s3_et3,5_4.ai","D:\AI\AITRASH\LIBRARY\02_CATALOG\02_PRESALE_Поздняково\01_ARTIFACTS\МКД2\Корпус 2.1\POZD_WEB_K2-1_s3_et3,5_4.png","236943","8f9517703e1ad9c1378b504196a15d4679da154aa21020220db3796e3928014c","8f9517703e1ad9c1378b504196a15d4679da154aa21020220db3796e3928014c","","","OK","120","D:\AI\AITRASH\workspaces\project - Изменение масштаба для планировок квартир\09_outputs\_full_wip\20260727_full_mkd2\Корпус 2.1\х120_POZD_WEB_K2-1_s3_et3,5_4.ai","D:\AI\AITRASH\workspaces\project - Изменение масштаба для планировок квартир\09_outputs\_full_wip\20260727_full_mkd2\Корпус 2.1\х120_POZD_WEB_K2-1_s3_et3,5_4.png","1193cacfc893a9f2be36eabeee281c4f7ec14a16afee333a965f952ba7207a7c","2b17bcc7f4f92fc5a7bf7d24108ff38590736bf9d242c9dcc19ce823bd3da379","D:\AI\AITRASH\workspaces\project - Изменение масштаба для планировок квартир\09_outputs\_diagnostics\full_20260727_full_mkd2\details\077_POZD_WEB_K2-1_s3_et3,5_4_attempt1.json","1","","OK","454.418308","885.409449","1.208480439","120","3489","1696","10","10","0","0","0","0","","2"
"78","Корпус 2.1","Корпус 2.1/POZD_WEB_K2-1_s3_et4_2.ai","D:\AI\AITRASH\LIBRARY\02_CATALOG\02_PRESALE_Поздняково\01_ARTIFACTS\МКД2\Корпус 2.1\POZD_WEB_K2-1_s3_et4_2.ai","D:\AI\AITRASH\LIBRARY\02_CATALOG\02_PRESALE_Поздняково\01_ARTIFACTS\МКД2\Корпус 2.1\POZD_WEB_K2-1_s3_et4_2.png","211934","00430979e0af3ace04e3f88b6f32b6aef659932dff9cd86c5e940fbc2f8c4e64","00430979e0af3ace04e3f88b6f32b6aef659932dff9cd86c5e940fbc2f8c4e64","","","OK","170","D:\AI\AITRASH\workspaces\project - Изменение масштаба для планировок квартир\09_outputs\_full_wip\20260727_full_mkd2\Корпус 2.1\х170_POZD_WEB_K2-1_s3_et4_2.ai","D:\AI\AITRASH\workspaces\project - Изменение масштаба для планировок квартир\09_outputs\_full_wip\20260727_full_mkd2\Корпус 2.1\х170_POZD_WEB_K2-1_s3_et4_2.png","c74c256241415f24270f93c295c9ea3cefd72af2905f7c436eda004c9c317af2","6ae321ee8597cbf850bec6514e683939721d11a57cc58a40172252d53fe13ecd","D:\AI\AITRASH\workspaces\project - Изменение масштаба для планировок квартир\09_outputs\_diagnostics\full_20260727_full_mkd2\details\078_POZD_WEB_K2-1_s3_et4_2_attempt1.json","1","","OK","573.598427","512.970473","1.625548903","170","2708","1315","13","13","0","0","0","0","","2"
"79","Корпус 2.1","Корпус 2.1/POZD_WEB_K2-1_s3_et4_3.ai","D:\AI\AITRASH\LIBRARY\02_CATALOG\02_PRESALE_Поздняково\01_ARTIFACTS\МКД2\Корпус 2.1\POZD_WEB_K2-1_s3_et4_3.ai","D:\AI\AITRASH\LIBRARY\02_CATALOG\02_PRESALE_Поздняково\01_ARTIFACTS\МКД2\Корпус 2.1\POZD_WEB_K2-1_s3_et4_3.png","205322","48ac3a973784655d0508771dba624646a7e157a371b9d6a76dc3dfddb991762c","48ac3a973784655d0508771dba624646a7e157a371b9d6a76dc3dfddb991762c","","","OK","170","D:\AI\AITRASH\workspaces\project - Изменение масштаба для планировок квартир\09_outputs\_full_wip\20260727_full_mkd2\Корпус 2.1\х170_POZD_WEB_K2-1_s3_et4_3.ai","D:\AI\AITRASH\workspaces\project - Изменение масштаба для планировок квартир\09_outputs\_full_wip\20260727_full_mkd2\Корпус 2.1\х170_POZD_WEB_K2-1_s3_et4_3.png","a3b028625eece1b2c130ce2320cb9412bccc4f623aa5c4cd06ba6411495b9d15","8e623d2253f348ef81534a2ce020e97537939fd100985d0b3b1b761d5bad986b","D:\AI\AITRASH\workspaces\project - Изменение масштаба для планировок квартир\09_outputs\_diagnostics\full_20260727_full_mkd2\details\079_POZD_WEB_K2-1_s3_et4_3_attempt1.json","1","","OK","573.598452","512.970473","1.625548867","170","2655","1291","13","13","0","0","0","0","","2"
"80","Корпус 2.1","Корпус 2.1/POZD_WEB_K2-1_s3_et4_4.ai","D:\AI\AITRASH\LIBRARY\02_CATALOG\02_PRESALE_Поздняково\01_ARTIFACTS\МКД2\Корпус 2.1\POZD_WEB_K2-1_s3_et4_4.ai","D:\AI\AITRASH\LIBRARY\02_CATALOG\02_PRESALE_Поздняково\01_ARTIFACTS\МКД2\Корпус 2.1\POZD_WEB_K2-1_s3_et4_4.png","235287","2064ef5be9b6d58819a8412c1c74b2e8c9ec941ae2b9c4d7a3c43d635b371227","2064ef5be9b6d58819a8412c1c74b2e8c9ec941ae2b9c4d7a3c43d635b371227","","","OK","120","D:\AI\AITRASH\workspaces\project - Изменение масштаба для планировок квартир\09_outputs\_full_wip\20260727_full_mkd2\Корпус 2.1\х120_POZD_WEB_K2-1_s3_et4_4.ai","D:\AI\AITRASH\workspaces\project - Изменение масштаба для планировок квартир\09_outputs\_full_wip\20260727_full_mkd2\Корпус 2.1\х120_POZD_WEB_K2-1_s3_et4_4.png","03eb7090907e894eadfe18412c73b342545ec18a6ccd5200252cf36cdddd61b2","b118285c09396abe08de18a1a172c681d30c20db5425cede211c7c2b8e5e503a","D:\AI\AITRASH\workspaces\project - Изменение масштаба для планировок квартир\09_outputs\_diagnostics\full_20260727_full_mkd2\details\080_POZD_WEB_K2-1_s3_et4_4_attempt1.json","1","","OK","454.418307","913.347441","1.171514751","120","3449","1675","13","13","0","0","0","0","","2"
"81","Корпус 2.1","Корпус 2.1/POZD_WEB_K2-1_s3_et6_1.ai","D:\AI\AITRASH\LIBRARY\02_CATALOG\02_PRESALE_Поздняково\01_ARTIFACTS\МКД2\Корпус 2.1\POZD_WEB_K2-1_s3_et6_1.ai","D:\AI\AITRASH\LIBRARY\02_CATALOG\02_PRESALE_Поздняково\01_ARTIFACTS\МКД2\Корпус 2.1\POZD_WEB_K2-1_s3_et6_1.png","235419","a16d041c68efa13f9a7dd56f18cee39e4e747d507f39247a4b030d9120ccb328","a16d041c68efa13f9a7dd56f18cee39e4e747d507f39247a4b030d9120ccb328","","","OK","120","D:\AI\AITRASH\workspaces\project - Изменение масштаба для планировок квартир\09_outputs\_full_wip\20260727_full_mkd2\Корпус 2.1\х120_POZD_WEB_K2-1_s3_et6_1.ai","D:\AI\AITRASH\workspaces\project - Изменение масштаба для планировок квартир\09_outputs\_full_wip\20260727_full_mkd2\Корпус 2.1\х120_POZD_WEB_K2-1_s3_et6_1.png","b4024ca1e22e3dbbe7f711c6310b705cfeec29c5cf6f9ebadecc3e22713d6503","32014c1986087b97109ffc6a3a509c1c33dc1420bfe37c5f0e0d6906f6343373","D:\AI\AITRASH\workspaces\project - Изменение масштаба для планировок квартир\09_outputs\_diagnostics\full_20260727_full_mkd2\details\081_POZD_WEB_K2-1_s3_et6_1_attempt1.json","1","","OK","573.598437","913.347441","1.171514751","120","3518","1709","13","13","0","0","0","0","","2"
"82","Корпус 2.1","Корпус 2.1/POZD_WEB_K2-1_s3_et6_2.ai","D:\AI\AITRASH\LIBRARY\02_CATALOG\02_PRESALE_Поздняково\01_ARTIFACTS\МКД2\Корпус 2.1\POZD_WEB_K2-1_s3_et6_2.ai","D:\AI\AITRASH\LIBRARY\02_CATALOG\02_PRESALE_Поздняково\01_ARTIFACTS\МКД2\Корпус 2.1\POZD_WEB_K2-1_s3_et6_2.png","206641","3213b8be1ecfae10ce109ac0880fdef3e08b2891f20a587ef507230c7491b0aa","3213b8be1ecfae10ce109ac0880fdef3e08b2891f20a587ef507230c7491b0aa","","","OK","170","D:\AI\AITRASH\workspaces\project - Изменение масштаба для планировок квартир\09_outputs\_full_wip\20260727_full_mkd2\Корпус 2.1\х170_POZD_WEB_K2-1_s3_et6_2.ai","D:\AI\AITRASH\workspaces\project - Изменение масштаба для планировок квартир\09_outputs\_full_wip\20260727_full_mkd2\Корпус 2.1\х170_POZD_WEB_K2-1_s3_et6_2.png","032f3cc6d465d6dfb746f6be3674ac83f2d639c1fd0f1115ca48bffc1787613a","496042def212ca515a3d6a7d5503cfcd17da1c74c6710c0424905299be4dbc64","D:\AI\AITRASH\workspaces\project - Изменение масштаба для планировок квартир\09_outputs\_diagnostics\full_20260727_full_mkd2\details\082_POZD_WEB_K2-1_s3_et6_2_attempt1.json","1","","OK","573.598433","514.444545","1.623218327","170","2644","1283","14","14","0","0","0","0","","2"
"83","Корпус 2.1","Корпус 2.1/POZD_WEB_K2-1_s3_et6_4.ai","D:\AI\AITRASH\LIBRARY\02_CATALOG\02_PRESALE_Поздняково\01_ARTIFACTS\МКД2\Корпус 2.1\POZD_WEB_K2-1_s3_et6_4.ai","D:\AI\AITRASH\LIBRARY\02_CATALOG\02_PRESALE_Поздняково\01_ARTIFACTS\МКД2\Корпус 2.1\POZD_WEB_K2-1_s3_et6_4.png","235908","228114d25696a7ea8a376b4f0f2703611a41798ca76d6086a9f8134f53d7e5a8","228114d25696a7ea8a376b4f0f2703611a41798ca76d6086a9f8134f53d7e5a8","","","OK","120","D:\AI\AITRASH\workspaces\project - Изменение масштаба для планировок квартир\09_outputs\_full_wip\20260727_full_mkd2\Корпус 2.1\х120_POZD_WEB_K2-1_s3_et6_4.ai","D:\AI\AITRASH\workspaces\project - Изменение масштаба для планировок квартир\09_outputs\_full_wip\20260727_full_mkd2\Корпус 2.1\х120_POZD_WEB_K2-1_s3_et6_4.png","0bcb3291a92a4f6726f475c4e115cc15809696afb949ffb8712e77834f50f804","7631016ee9589c5a5d155e94d1be2bc09983ed47f43e813a24d7012762eb8fcd","D:\AI\AITRASH\workspaces\project - Изменение масштаба для планировок квартир\09_outputs\_diagnostics\full_20260727_full_mkd2\details\083_POZD_WEB_K2-1_s3_et6_4_attempt1.json","1","","OK","454.418307","914.821514","1.169627062","120","3514","1706","14","14","0","0","0","0","","2"
"84","Корпус 2.1","Корпус 2.1/POZD_WEB_K2-1_s3_et6_5.ai","D:\AI\AITRASH\LIBRARY\02_CATALOG\02_PRESALE_Поздняково\01_ARTIFACTS\МКД2\Корпус 2.1\POZD_WEB_K2-1_s3_et6_5.ai","D:\AI\AITRASH\LIBRARY\02_CATALOG\02_PRESALE_Поздняково\01_ARTIFACTS\МКД2\Корпус 2.1\POZD_WEB_K2-1_s3_et6_5.png","171652","19d1440ed051d9010417f047b32ed4b2fe7f2706f71e831a5833b420934c1c0b","19d1440ed051d9010417f047b32ed4b2fe7f2706f71e831a5833b420934c1c0b","","","OK","200","D:\AI\AITRASH\workspaces\project - Изменение масштаба для планировок квартир\09_outputs\_full_wip\20260727_full_mkd2\Корпус 2.1\х200_POZD_WEB_K2-1_s3_et6_5.ai","D:\AI\AITRASH\workspaces\project - Изменение масштаба для планировок квартир\09_outputs\_full_wip\20260727_full_mkd2\Корпус 2.1\х200_POZD_WEB_K2-1_s3_et6_5.png","99113ab7f2ff76359063f495f84a31e2b3bff3b2279d2b241703401aa45c2c3c","0a59fe6145668b53986e16259136b89db6ab9c9bd3d483ed2370f3654a8992f9","D:\AI\AITRASH\workspaces\project - Изменение масштаба для планировок квартир\09_outputs\_diagnostics\full_20260727_full_mkd2\details\084_POZD_WEB_K2-1_s3_et6_5_attempt1.json","1","","OK","392.181113","463.080709","2.069085879","200","1792","861","13","13","0","0","0","0","","2"
"85","Корпус 2.1","Корпус 2.1/POZD_WEB_K2-1_s4_et1_1.ai","D:\AI\AITRASH\LIBRARY\02_CATALOG\02_PRESALE_Поздняково\01_ARTIFACTS\МКД2\Корпус 2.1\POZD_WEB_K2-1_s4_et1_1.ai","D:\AI\AITRASH\LIBRARY\02_CATALOG\02_PRESALE_Поздняково\01_ARTIFACTS\МКД2\Корпус 2.1\POZD_WEB_K2-1_s4_et1_1.png","188544","149d7c71c19dbef315eded24fb01dff96a1dba5627b989c9c0c14a78908fbdf7","149d7c71c19dbef315eded24fb01dff96a1dba5627b989c9c0c14a78908fbdf7","","","OK","170","D:\AI\AITRASH\workspaces\project - Изменение масштаба для планировок квартир\09_outputs\_full_wip\20260727_full_mkd2\Корпус 2.1\х170_POZD_WEB_K2-1_s4_et1_1.ai","D:\AI\AITRASH\workspaces\project - Изменение масштаба для планировок квартир\09_outputs\_full_wip\20260727_full_mkd2\Корпус 2.1\х170_POZD_WEB_K2-1_s4_et1_1.png","a4e122d1965c17e78512c2a4b3db23ea0f348d5657c74008d2f243d0a21c8e47","0da69ab3cae00cae3382ffdc23ef8f1ca01354961b8b83fdab3af826ffba94d5","D:\AI\AITRASH\workspaces\project - Изменение масштаба для планировок квартир\09_outputs\_diagnostics\full_20260727_full_mkd2\details\085_POZD_WEB_K2-1_s4_et1_1_attempt1.json","1","","OK","485.724422","495.929134","1.796575272","170","2131","1029","10","10","0","0","0","0","","2"
"86","Корпус 2.1","Корпус 2.1/POZD_WEB_K2-1_s4_et1_2.ai","D:\AI\AITRASH\LIBRARY\02_CATALOG\02_PRESALE_Поздняково\01_ARTIFACTS\МКД2\Корпус 2.1\POZD_WEB_K2-1_s4_et1_2.ai","D:\AI\AITRASH\LIBRARY\02_CATALOG\02_PRESALE_Поздняково\01_ARTIFACTS\МКД2\Корпус 2.1\POZD_WEB_K2-1_s4_et1_2.png","169741","aec24211747eab2bebb5d433435553cb0967d27f42cef342c4b1a894a5ea958a","aec24211747eab2bebb5d433435553cb0967d27f42cef342c4b1a894a5ea958a","","","OK","200","D:\AI\AITRASH\workspaces\project - Изменение масштаба для планировок квартир\09_outputs\_full_wip\20260727_full_mkd2\Корпус 2.1\х200_POZD_WEB_K2-1_s4_et1_2.ai","D:\AI\AITRASH\workspaces\project - Изменение масштаба для планировок квартир\09_outputs\_full_wip\20260727_full_mkd2\Корпус 2.1\х200_POZD_WEB_K2-1_s4_et1_2.png","d0f945e59b061cd558420cdf932ba4222421fbdd031ed54c5e68189624bf49d5","2991e13341de4469b9a2c21cce2b83d64a6464b3398593f0038ad6c6508e1785","D:\AI\AITRASH\workspaces\project - Изменение масштаба для планировок квартир\09_outputs\_diagnostics\full_20260727_full_mkd2\details\086_POZD_WEB_K2-1_s4_et1_2_attempt1.json","1","","OK","392.181112","456.119095","2.084816018","200","1778","858","10","10","0","0","0","0","","2"
"87","Корпус 2.1","Корпус 2.1/POZD_WEB_K2-1_s4_et1_3.ai","D:\AI\AITRASH\LIBRARY\02_CATALOG\02_PRESALE_Поздняково\01_ARTIFACTS\МКД2\Корпус 2.1\POZD_WEB_K2-1_s4_et1_3.ai","D:\AI\AITRASH\LIBRARY\02_CATALOG\02_PRESALE_Поздняково\01_ARTIFACTS\МКД2\Корпус 2.1\POZD_WEB_K2-1_s4_et1_3.png","147055","d195b43c57ec906aa7b6f0858d83e9b541855a05b6acfc7b11196d07f53ff44c","d195b43c57ec906aa7b6f0858d83e9b541855a05b6acfc7b11196d07f53ff44c","","","OK","200","D:\AI\AITRASH\workspaces\project - Изменение масштаба для планировок квартир\09_outputs\_full_wip\20260727_full_mkd2\Корпус 2.1\х200_POZD_WEB_K2-1_s4_et1_3.ai","D:\AI\AITRASH\workspaces\project - Изменение масштаба для планировок квартир\09_outputs\_full_wip\20260727_full_mkd2\Корпус 2.1\х200_POZD_WEB_K2-1_s4_et1_3.png","be73ee8adcf6e9439e0573d48e78e6b3d46e7657122e0ddb4ab573bc7003a3d0","65d2a90780a854581b8a0f9d445fedad2647ce55663e36780214c008f810511c","D:\AI\AITRASH\workspaces\project - Изменение масштаба для планировок квартир\09_outputs\_diagnostics\full_20260727_full_mkd2\details\087_POZD_WEB_K2-1_s4_et1_3_attempt1.json","1","","OK","298.637802","450.449803","2.375403414","200","1385","676","10","10","0","0","0","0","","2"
"88","Корпус 2.1","Корпус 2.1/POZD_WEB_K2-1_s4_et1_4.ai","D:\AI\AITRASH\LIBRARY\02_CATALOG\02_PRESALE_Поздняково\01_ARTIFACTS\МКД2\Корпус 2.1\POZD_WEB_K2-1_s4_et1_4.ai","D:\AI\AITRASH\LIBRARY\02_CATALOG\02_PRESALE_Поздняково\01_ARTIFACTS\МКД2\Корпус 2.1\POZD_WEB_K2-1_s4_et1_4.png","305066","54e55df6664d080ca2ae26702b6750c01867087dd6bc2c0f1c6cc6a4545a35d4","54e55df6664d080ca2ae26702b6750c01867087dd6bc2c0f1c6cc6a4545a35d4","","","OK","150","D:\AI\AITRASH\workspaces\project - Изменение масштаба для планировок квартир\09_outputs\_full_wip\20260727_full_mkd2\Корпус 2.1\х150_POZD_WEB_K2-1_s4_et1_4.ai","D:\AI\AITRASH\workspaces\project - Изменение масштаба для планировок квартир\09_outputs\_full_wip\20260727_full_mkd2\Корпус 2.1\х150_POZD_WEB_K2-1_s4_et1_4.png","cfa11b5c0511f2e01528565b049332b7b1ee4224fda4043ae6147387ba288ef3","de1cf8b47a62180489aaf7346c46429b6092daffac405dbabf1a1dd24d49ef6a","D:\AI\AITRASH\workspaces\project - Изменение масштаба для планировок квартир\09_outputs\_diagnostics\full_20260727_full_mkd2\details\088_POZD_WEB_K2-1_s4_et1_4_attempt1.json","1","","OK","598.944472","601.944894","1.468515555","150","4501","2207","16","16","0","0","0","0","","2"
"89","Корпус 2.1","Корпус 2.1/POZD_WEB_K2-1_s4_et1_5.ai","D:\AI\AITRASH\LIBRARY\02_CATALOG\02_PRESALE_Поздняково\01_ARTIFACTS\МКД2\Корпус 2.1\POZD_WEB_K2-1_s4_et1_5.ai","D:\AI\AITRASH\LIBRARY\02_CATALOG\02_PRESALE_Поздняково\01_ARTIFACTS\МКД2\Корпус 2.1\POZD_WEB_K2-1_s4_et1_5.png","279355","e09cb8f7fc4e26e51a028b04dae1170436f80eb74014a9d8e0726cf38ba4d2d7","e09cb8f7fc4e26e51a028b04dae1170436f80eb74014a9d8e0726cf38ba4d2d7","","","OK","170","D:\AI\AITRASH\workspaces\project - Изменение масштаба для планировок квартир\09_outputs\_full_wip\20260727_full_mkd2\Корпус 2.1\х170_POZD_WEB_K2-1_s4_et1_5.ai","D:\AI\AITRASH\workspaces\project - Изменение масштаба для планировок квартир\09_outputs\_full_wip\20260727_full_mkd2\Корпус 2.1\х170_POZD_WEB_K2-1_s4_et1_5.png","ce0822870f1206f3924cfa342e7a09ac4da5fc7773dab3023b67d0ef0f062064","cd0375715b84933a7c6406958069773d38e066c58bfb1c9ce25b9a72ee799231","D:\AI\AITRASH\workspaces\project - Изменение масштаба для планировок квартир\09_outputs\_diagnostics\full_20260727_full_mkd2\details\089_POZD_WEB_K2-1_s4_et1_5_attempt1.json","1","","OK","545.653138","545.251942","1.616565328","170","3755","1847","17","17","0","0","0","0","","2"
"90","Корпус 2.1","Корпус 2.1/POZD_WEB_K2-1_s4_et2,4_2.ai","D:\AI\AITRASH\LIBRARY\02_CATALOG\02_PRESALE_Поздняково\01_ARTIFACTS\МКД2\Корпус 2.1\POZD_WEB_K2-1_s4_et2,4_2.ai","D:\AI\AITRASH\LIBRARY\02_CATALOG\02_PRESALE_Поздняково\01_ARTIFACTS\МКД2\Корпус 2.1\POZD_WEB_K2-1_s4_et2,4_2.png","162281","f4121de7db6ae60b166923be529c3bf20fbe614cf48c38d998f59d6337ffb9fe","f4121de7db6ae60b166923be529c3bf20fbe614cf48c38d998f59d6337ffb9fe","","","OK","200","D:\AI\AITRASH\workspaces\project - Изменение масштаба для планировок квартир\09_outputs\_full_wip\20260727_full_mkd2\Корпус 2.1\х200_POZD_WEB_K2-1_s4_et2,4_2.ai","D:\AI\AITRASH\workspaces\project - Изменение масштаба для планировок квартир\09_outputs\_full_wip\20260727_full_mkd2\Корпус 2.1\х200_POZD_WEB_K2-1_s4_et2,4_2.png","cdd070f9c2a867ae1b0140c0f09ba1ea4f79f097b442864e920672370a081717","ea935e676b9cd39aa0d97a49516ddfa5c76d76117bbeaabb42fd688a3048c275","D:\AI\AITRASH\workspaces\project - Изменение масштаба для планировок квартир\09_outputs\_diagnostics\full_20260727_full_mkd2\details\090_POZD_WEB_K2-1_s4_et2,4_2_attempt1.json","1","","OK","392.190597","456.119095","2.084790807","200","1706","829","10","10","0","0","0","0","","2"
"91","Корпус 2.1","Корпус 2.1/POZD_WEB_K2-1_s4_et2,6_4.ai","D:\AI\AITRASH\LIBRARY\02_CATALOG\02_PRESALE_Поздняково\01_ARTIFACTS\МКД2\Корпус 2.1\POZD_WEB_K2-1_s4_et2,6_4.ai","D:\AI\AITRASH\LIBRARY\02_CATALOG\02_PRESALE_Поздняково\01_ARTIFACTS\МКД2\Корпус 2.1\POZD_WEB_K2-1_s4_et2,6_4.png","198895","19a10cdf0842b8cf34f303ef70f5605e1d7d47ded8c6e1cda1d11136004c3dc6","19a10cdf0842b8cf34f303ef70f5605e1d7d47ded8c6e1cda1d11136004c3dc6","","","OK","170","D:\AI\AITRASH\workspaces\project - Изменение масштаба для планировок квартир\09_outputs\_full_wip\20260727_full_mkd2\Корпус 2.1\х170_POZD_WEB_K2-1_s4_et2,6_4.ai","D:\AI\AITRASH\workspaces\project - Изменение масштаба для планировок квартир\09_outputs\_full_wip\20260727_full_mkd2\Корпус 2.1\х170_POZD_WEB_K2-1_s4_et2,6_4.png","dee25fc1169b69fc369f2e71d94f7729ccc4a9f77b775876fddd020747125d30","9d63f6895204bd0888d4cf7be7729c82002ccdc299b0abe382cf75bc92c78100","D:\AI\AITRASH\workspaces\project - Изменение масштаба для планировок квартир\09_outputs\_diagnostics\full_20260727_full_mkd2\details\091_POZD_WEB_K2-1_s4_et2,6_4_attempt1.json","1","","OK","462.355315","573.598419","1.712215006","170","2540","1239","10","10","0","0","0","0","","2"
"92","Корпус 2.1","Корпус 2.1/POZD_WEB_K2-1_s4_et2_1.ai","D:\AI\AITRASH\LIBRARY\02_CATALOG\02_PRESALE_Поздняково\01_ARTIFACTS\МКД2\Корпус 2.1\POZD_WEB_K2-1_s4_et2_1.ai","D:\AI\AITRASH\LIBRARY\02_CATALOG\02_PRESALE_Поздняково\01_ARTIFACTS\МКД2\Корпус 2.1\POZD_WEB_K2-1_s4_et2_1.png","250270","4e775fa759445afcc4c1f8509653c300911a9159702acaed6efe71d4f45e1b45","4e775fa759445afcc4c1f8509653c300911a9159702acaed6efe71d4f45e1b45","","","OK","120","D:\AI\AITRASH\workspaces\project - Изменение масштаба для планировок квартир\09_outputs\_full_wip\20260727_full_mkd2\Корпус 2.1\х120_POZD_WEB_K2-1_s4_et2_1.ai","D:\AI\AITRASH\workspaces\project - Изменение масштаба для планировок квартир\09_outputs\_full_wip\20260727_full_mkd2\Корпус 2.1\х120_POZD_WEB_K2-1_s4_et2_1.png","eb5061acdf90fc4668dc864e5cadf83517e8e4251d9933f7d0aaa3e1434af051","63fbef5b714cf6349e96d64264cf4e88a31c6d827b23ab006d20ab904a4f3739","D:\AI\AITRASH\workspaces\project - Изменение масштаба для планировок квартир\09_outputs\_diagnostics\full_20260727_full_mkd2\details\092_POZD_WEB_K2-1_s4_et2_1_attempt1.json","1","","OK","454.418308","885.409449","1.208480439","120","3906","1904","10","10","0","0","0","0","","2"
"93","Корпус 2.1","Корпус 2.1/POZD_WEB_K2-1_s4_et2_3.ai","D:\AI\AITRASH\LIBRARY\02_CATALOG\02_PRESALE_Поздняково\01_ARTIFACTS\МКД2\Корпус 2.1\POZD_WEB_K2-1_s4_et2_3.ai","D:\AI\AITRASH\LIBRARY\02_CATALOG\02_PRESALE_Поздняково\01_ARTIFACTS\МКД2\Корпус 2.1\POZD_WEB_K2-1_s4_et2_3.png","233667","0952a0ff148df4e4657d5459f89a0dcb6cdedd715d8dd3803b438182846e0aba","0952a0ff148df4e4657d5459f89a0dcb6cdedd715d8dd3803b438182846e0aba","","","OK","120","D:\AI\AITRASH\workspaces\project - Изменение масштаба для планировок квартир\09_outputs\_full_wip\20260727_full_mkd2\Корпус 2.1\х120_POZD_WEB_K2-1_s4_et2_3.ai","D:\AI\AITRASH\workspaces\project - Изменение масштаба для планировок квартир\09_outputs\_full_wip\20260727_full_mkd2\Корпус 2.1\х120_POZD_WEB_K2-1_s4_et2_3.png","f0ab7de7912ee3be6fdb75fe5bf93b46f1ba68af54ff7486701e3be0367877fc","74f6478bb70e65049e7c4723d96189df0bf769888d6713cb7fe564039c31fbce","D:\AI\AITRASH\workspaces\project - Изменение масштаба для планировок квартир\09_outputs\_diagnostics\full_20260727_full_mkd2\details\093_POZD_WEB_K2-1_s4_et2_3_attempt1.json","1","","OK","616.118112","709.661388","1.33349878","120","3405","1660","10","10","0","0","0","0","","2"
"94","Корпус 2.1","Корпус 2.1/POZD_WEB_K2-1_s4_et2_5.ai","D:\AI\AITRASH\LIBRARY\02_CATALOG\02_PRESALE_Поздняково\01_ARTIFACTS\МКД2\Корпус 2.1\POZD_WEB_K2-1_s4_et2_5.ai","D:\AI\AITRASH\LIBRARY\02_CATALOG\02_PRESALE_Поздняково\01_ARTIFACTS\МКД2\Корпус 2.1\POZD_WEB_K2-1_s4_et2_5.png","212351","6319b5d996413352bd64fc34b5c0121c0cda34eddd9e741b36cd04f4d928efd4","6319b5d996413352bd64fc34b5c0121c0cda34eddd9e741b36cd04f4d928efd4","","","OK","170","D:\AI\AITRASH\workspaces\project - Изменение масштаба для планировок квартир\09_outputs\_full_wip\20260727_full_mkd2\Корпус 2.1\х170_POZD_WEB_K2-1_s4_et2_5.ai","D:\AI\AITRASH\workspaces\project - Изменение масштаба для планировок квартир\09_outputs\_full_wip\20260727_full_mkd2\Корпус 2.1\х170_POZD_WEB_K2-1_s4_et2_5.png","ce33118b9f718d74374a05c9a7521f564ddce85d2ed94abe4007084da9a8262c","8e3522237d06eb296f1a3a0d21450fd0d2dbac9602a15893343a13a39879ca70","D:\AI\AITRASH\workspaces\project - Изменение масштаба для планировок квартир\09_outputs\_diagnostics\full_20260727_full_mkd2\details\094_POZD_WEB_K2-1_s4_et2_5_attempt1.json","1","","OK","448.874016","601.944854","1.696327149","170","2867","1402","10","10","0","0","0","0","","2"
"95","Корпус 2.1","Корпус 2.1/POZD_WEB_K2-1_s4_et2_6.ai","D:\AI\AITRASH\LIBRARY\02_CATALOG\02_PRESALE_Поздняково\01_ARTIFACTS\МКД2\Корпус 2.1\POZD_WEB_K2-1_s4_et2_6.ai","D:\AI\AITRASH\LIBRARY\02_CATALOG\02_PRESALE_Поздняково\01_ARTIFACTS\МКД2\Корпус 2.1\POZD_WEB_K2-1_s4_et2_6.png","210084","4b727bff40a5856c24cdc863ccac0cdf47cc19ddddee7a406d9a06f6004948dc","4b727bff40a5856c24cdc863ccac0cdf47cc19ddddee7a406d9a06f6004948dc","","","OK","170","D:\AI\AITRASH\workspaces\project - Изменение масштаба для планировок квартир\09_outputs\_full_wip\20260727_full_mkd2\Корпус 2.1\х170_POZD_WEB_K2-1_s4_et2_6.ai","D:\AI\AITRASH\workspaces\project - Изменение масштаба для планировок квартир\09_outputs\_full_wip\20260727_full_mkd2\Корпус 2.1\х170_POZD_WEB_K2-1_s4_et2_6.png","fc4f92716921d92150db0a7556e18a48a4d532ceb5fc733ebc616e2a75095d4b","e5bf12c9d1fd3ee6601ab800ebaf6f6d4a6ae25105c1e632ddecf7e1e4376328","D:\AI\AITRASH\workspaces\project - Изменение масштаба для планировок квартир\09_outputs\_diagnostics\full_20260727_full_mkd2\details\095_POZD_WEB_K2-1_s4_et2_6_attempt1.json","1","","OK","457.819882","601.944867","1.679672131","170","2823","1379","10","10","0","0","0","0","","2"
"96","Корпус 2.1","Корпус 2.1/POZD_WEB_K2-1_s4_et2_7.ai","D:\AI\AITRASH\LIBRARY\02_CATALOG\02_PRESALE_Поздняково\01_ARTIFACTS\МКД2\Корпус 2.1\POZD_WEB_K2-1_s4_et2_7.ai","D:\AI\AITRASH\LIBRARY\02_CATALOG\02_PRESALE_Поздняково\01_ARTIFACTS\МКД2\Корпус 2.1\POZD_WEB_K2-1_s4_et2_7.png","156020","75ed3620cb108fc2c95cb6cb61c3a4073097ef927064c3a9b174622945701ce8","75ed3620cb108fc2c95cb6cb61c3a4073097ef927064c3a9b174622945701ce8","","","OK","200","D:\AI\AITRASH\workspaces\project - Изменение масштаба для планировок квартир\09_outputs\_full_wip\20260727_full_mkd2\Корпус 2.1\х200_POZD_WEB_K2-1_s4_et2_7.ai","D:\AI\AITRASH\workspaces\project - Изменение масштаба для планировок квартир\09_outputs\_full_wip\20260727_full_mkd2\Корпус 2.1\х200_POZD_WEB_K2-1_s4_et2_7.png","56fa20eb74149de4053018573df46584e68066d99f0311ea37b9c2e88d56e682","7dba7a85470cf1d49828c5bd296d0fc5bb30753a2fc33a2e5ff7a5f7494f8440","D:\AI\AITRASH\workspaces\project - Изменение масштаба для планировок квартир\09_outputs\_diagnostics\full_20260727_full_mkd2\details\096_POZD_WEB_K2-1_s4_et2_7_attempt1.json","1","","OK","457.819882","392.181099","2.080939935","200","1529","745","10","10","0","0","0","0","","2"
"97","Корпус 2.1","Корпус 2.1/POZD_WEB_K2-1_s4_et3,5_1.ai","D:\AI\AITRASH\LIBRARY\02_CATALOG\02_PRESALE_Поздняково\01_ARTIFACTS\МКД2\Корпус 2.1\POZD_WEB_K2-1_s4_et3,5_1.ai","D:\AI\AITRASH\LIBRARY\02_CATALOG\02_PRESALE_Поздняково\01_ARTIFACTS\МКД2\Корпус 2.1\POZD_WEB_K2-1_s4_et3,5_1.png","250561","ecea26dacaa3fd32703f100e62c105766894b5ebc6542ce9c76e55d66d6d9e91","ecea26dacaa3fd32703f100e62c105766894b5ebc6542ce9c76e55d66d6d9e91","","","OK","120","D:\AI\AITRASH\workspaces\project - Изменение масштаба для планировок квартир\09_outputs\_full_wip\20260727_full_mkd2\Корпус 2.1\х120_POZD_WEB_K2-1_s4_et3,5_1.ai","D:\AI\AITRASH\workspaces\project - Изменение масштаба для планировок квартир\09_outputs\_full_wip\20260727_full_mkd2\Корпус 2.1\х120_POZD_WEB_K2-1_s4_et3,5_1.png","a10ef72da81c6a5a875a5e85c493b712a6cb133080e6c0ebf896fc6255cdb53d","44327dd5c9eb3f58978ca95f964e2aeec6b7078d2433427c3489106652824bcc","D:\AI\AITRASH\workspaces\project - Изменение масштаба для планировок квартир\09_outputs\_diagnostics\full_20260727_full_mkd2\details\097_POZD_WEB_K2-1_s4_et3,5_1_attempt1.json","1","","OK","454.418307","885.409449","1.208480439","120","3921","1911","10","10","0","0","0","0","","2"
"98","Корпус 2.1","Корпус 2.1/POZD_WEB_K2-1_s4_et3,5_2.ai","D:\AI\AITRASH\LIBRARY\02_CATALOG\02_PRESALE_Поздняково\01_ARTIFACTS\МКД2\Корпус 2.1\POZD_WEB_K2-1_s4_et3,5_2.ai","D:\AI\AITRASH\LIBRARY\02_CATALOG\02_PRESALE_Поздняково\01_ARTIFACTS\МКД2\Корпус 2.1\POZD_WEB_K2-1_s4_et3,5_2.png","161858","e08da1ee039ba81c36ffcae4ba4e82cf3c586548c6a5a24aceafadbd32330a75","e08da1ee039ba81c36ffcae4ba4e82cf3c586548c6a5a24aceafadbd32330a75","","","OK","200","D:\AI\AITRASH\workspaces\project - Изменение масштаба для планировок квартир\09_outputs\_full_wip\20260727_full_mkd2\Корпус 2.1\х200_POZD_WEB_K2-1_s4_et3,5_2.ai","D:\AI\AITRASH\workspaces\project - Изменение масштаба для планировок квартир\09_outputs\_full_wip\20260727_full_mkd2\Корпус 2.1\х200_POZD_WEB_K2-1_s4_et3,5_2.png","0ddde2d03558bf7b1d4ab330d6533da466940ffb0799b10ae7d4f2dc368984ae","72e8f3c9bf1833bacc20eddf8bc763dfaf97b848eae2c44d5c13e41726493171","D:\AI\AITRASH\workspaces\project - Изменение масштаба для планировок квартир\09_outputs\_diagnostics\full_20260727_full_mkd2\details\098_POZD_WEB_K2-1_s4_et3,5_2_attempt1.json","1","","OK","392.181103","456.119095","2.084816042","200","1680","815","10","10","0","0","0","0","","2"
"99","Корпус 2.1","Корпус 2.1/POZD_WEB_K2-1_s4_et3,5_3.ai","D:\AI\AITRASH\LIBRARY\02_CATALOG\02_PRESALE_Поздняково\01_ARTIFACTS\МКД2\Корпус 2.1\POZD_WEB_K2-1_s4_et3,5_3.ai","D:\AI\AITRASH\LIBRARY\02_CATALOG\02_PRESALE_Поздняково\01_ARTIFACTS\МКД2\Корпус 2.1\POZD_WEB_K2-1_s4_et3,5_3.png","234308","5b6f1ecfa24e42e8259bb5f767ff028befeaa0e0eaac5ad982929e4b77e15e9a","5b6f1ecfa24e42e8259bb5f767ff028befeaa0e0eaac5ad982929e4b77e15e9a","","","OK","120","D:\AI\AITRASH\workspaces\project - Изменение масштаба для планировок квартир\09_outputs\_full_wip\20260727_full_mkd2\Корпус 2.1\х120_POZD_WEB_K2-1_s4_et3,5_3.ai","D:\AI\AITRASH\workspaces\project - Изменение масштаба для планировок квартир\09_outputs\_full_wip\20260727_full_mkd2\Корпус 2.1\х120_POZD_WEB_K2-1_s4_et3,5_3.png","770e3fd6e0516f4d654259b39e233944dc6a2e0a28e9e94a637892069d9e89c4","96246551f429303c3e91ac84166a22f83da53af1f0c08e15b1d5ece96c13a008","D:\AI\AITRASH\workspaces\project - Изменение масштаба для планировок квартир\09_outputs\_diagnostics\full_20260727_full_mkd2\details\099_POZD_WEB_K2-1_s4_et3,5_3_attempt1.json","1","","OK","616.11811","709.661388","1.333498782","120","3396","1656","11","11","0","0","0","0","","2"
"100","Корпус 2.1","Корпус 2.1/POZD_WEB_K2-1_s4_et3,5_4.ai","D:\AI\AITRASH\LIBRARY\02_CATALOG\02_PRESALE_Поздняково\01_ARTIFACTS\МКД2\Корпус 2.1\POZD_WEB_K2-1_s4_et3,5_4.ai","D:\AI\AITRASH\LIBRARY\02_CATALOG\02_PRESALE_Поздняково\01_ARTIFACTS\МКД2\Корпус 2.1\POZD_WEB_K2-1_s4_et3,5_4.png","198951","d5ebd4f3671f1d80c06f84fda12d6f87c3a3af2b4287ba7129e5331aa17ac47e","d5ebd4f3671f1d80c06f84fda12d6f87c3a3af2b4287ba7129e5331aa17ac47e","","","OK","170","D:\AI\AITRASH\workspaces\project - Изменение масштаба для планировок квартир\09_outputs\_full_wip\20260727_full_mkd2\Корпус 2.1\х170_POZD_WEB_K2-1_s4_et3,5_4.ai","D:\AI\AITRASH\workspaces\project - Изменение масштаба для планировок квартир\09_outputs\_full_wip\20260727_full_mkd2\Корпус 2.1\х170_POZD_WEB_K2-1_s4_et3,5_4.png","60022d3b271f1ab649a4deb5d619b3b750d2ebfb05510f0f26f24653426d4424","e0011fe6e96a406417453111c76fac885b1a75729dc2107dcfa332433f0e85d4","D:\AI\AITRASH\workspaces\project - Изменение масштаба для планировок квартир\09_outputs\_diagnostics\full_20260727_full_mkd2\details\100_POZD_WEB_K2-1_s4_et3,5_4_attempt1.json","1","","OK","462.355315","573.598436","1.71221498","170","2546","1241","10","10","0","0","0","0","","2"
"101","Корпус 2.1","Корпус 2.1/POZD_WEB_K2-1_s4_et3,5_5.ai","D:\AI\AITRASH\LIBRARY\02_CATALOG\02_PRESALE_Поздняково\01_ARTIFACTS\МКД2\Корпус 2.1\POZD_WEB_K2-1_s4_et3,5_5.ai","D:\AI\AITRASH\LIBRARY\02_CATALOG\02_PRESALE_Поздняково\01_ARTIFACTS\МКД2\Корпус 2.1\POZD_WEB_K2-1_s4_et3,5_5.png","212629","f2dc23f2a7e5a2103393c948bc21b48a407bfe36a349d1c32b9152b9f2723aba","f2dc23f2a7e5a2103393c948bc21b48a407bfe36a349d1c32b9152b9f2723aba","","","OK","170","D:\AI\AITRASH\workspaces\project - Изменение масштаба для планировок квартир\09_outputs\_full_wip\20260727_full_mkd2\Корпус 2.1\х170_POZD_WEB_K2-1_s4_et3,5_5.ai","D:\AI\AITRASH\workspaces\project - Изменение масштаба для планировок квартир\09_outputs\_full_wip\20260727_full_mkd2\Корпус 2.1\х170_POZD_WEB_K2-1_s4_et3,5_5.png","cd88da86a00b49254f10ccfde7abf437a61a93f8e46a3d204846644d0c7cfdfb","58adb63615899b5215fa7f57237c7baf627661b8e4df2ec99c49e7e9871e9d4c","D:\AI\AITRASH\workspaces\project - Изменение масштаба для планировок квартир\09_outputs\_diagnostics\full_20260727_full_mkd2\details\101_POZD_WEB_K2-1_s4_et3,5_5_attempt1.json","1","","OK","448.874016","601.94485","1.696327154","170","2888","1412","10","10","0","0","0","0","","2"
"102","Корпус 2.1","Корпус 2.1/POZD_WEB_K2-1_s4_et3,5_6.ai","D:\AI\AITRASH\LIBRARY\02_CATALOG\02_PRESALE_Поздняково\01_ARTIFACTS\МКД2\Корпус 2.1\POZD_WEB_K2-1_s4_et3,5_6.ai","D:\AI\AITRASH\LIBRARY\02_CATALOG\02_PRESALE_Поздняково\01_ARTIFACTS\МКД2\Корпус 2.1\POZD_WEB_K2-1_s4_et3,5_6.png","210204","57a38e7817f170eb8388849ff6bfe131b131e1616e42415877eea8197b1706e2","57a38e7817f170eb8388849ff6bfe131b131e1616e42415877eea8197b1706e2","","","PROCESSED_OK","170","D:\AI\AITRASH\workspaces\project - Изменение масштаба для планировок квартир\09_outputs\_full_wip\20260727_full_mkd2\Корпус 2.1\х170_POZD_WEB_K2-1_s4_et3,5_6.ai","D:\AI\AITRASH\workspaces\project - Изменение масштаба для планировок квартир\09_outputs\_full_wip\20260727_full_mkd2\Корпус 2.1\х170_POZD_WEB_K2-1_s4_et3,5_6.png","de37f528f601638b33bd8ab45d08f376cd4a346ccf3551d9ccbd2e6ed7d849cd","7012b2438dd66600efb9e941e672ab857ef18ee11262aa82e206775b1896ff47","D:\AI\AITRASH\workspaces\project - Изменение масштаба для планировок квартир\09_outputs\_diagnostics\full_20260727_full_mkd2\details\102_POZD_WEB_K2-1_s4_et3,5_6_attempt1.json","1","","OK","457.819882","601.944875","1.67967212","170","2828","1382","10","10","0","0","0","0","","1"
"103","Корпус 2.1","Корпус 2.1/POZD_WEB_K2-1_s4_et3,5_7.ai","D:\AI\AITRASH\LIBRARY\02_CATALOG\02_PRESALE_Поздняково\01_ARTIFACTS\МКД2\Корпус 2.1\POZD_WEB_K2-1_s4_et3,5_7.ai","D:\AI\AITRASH\LIBRARY\02_CATALOG\02_PRESALE_Поздняково\01_ARTIFACTS\МКД2\Корпус 2.1\POZD_WEB_K2-1_s4_et3,5_7.png","155442","cf9811c26b665ac17a76532e3b04ebde34e9d8a0febb601b87f4014430e8e026","cf9811c26b665ac17a76532e3b04ebde34e9d8a0febb601b87f4014430e8e026","","","PROCESSED_OK","200","D:\AI\AITRASH\workspaces\project - Изменение масштаба для планировок квартир\09_outputs\_full_wip\20260727_full_mkd2\Корпус 2.1\х200_POZD_WEB_K2-1_s4_et3,5_7.ai","D:\AI\AITRASH\workspaces\project - Изменение масштаба для планировок квартир\09_outputs\_full_wip\20260727_full_mkd2\Корпус 2.1\х200_POZD_WEB_K2-1_s4_et3,5_7.png","aa68c47273e379138ee8733cdfe45c39ebc861c3909c470bf8e1cbd2581e2223","d8c4544759fc767475c3f99ccf482f1165fbde4a8dfa001a3b681fd872fae470","D:\AI\AITRASH\workspaces\project - Изменение масштаба для планировок квартир\09_outputs\_diagnostics\full_20260727_full_mkd2\details\103_POZD_WEB_K2-1_s4_et3,5_7_attempt1.json","1","","OK","457.819882","392.181099","2.080939935","200","1513","737","10","10","0","0","0","0","","1"
"104","Корпус 2.1","Корпус 2.1/POZD_WEB_K2-1_s4_et4_1.ai","D:\AI\AITRASH\LIBRARY\02_CATALOG\02_PRESALE_Поздняково\01_ARTIFACTS\МКД2\Корпус 2.1\POZD_WEB_K2-1_s4_et4_1.ai","D:\AI\AITRASH\LIBRARY\02_CATALOG\02_PRESALE_Поздняково\01_ARTIFACTS\МКД2\Корпус 2.1\POZD_WEB_K2-1_s4_et4_1.png","257003","cfa337b82550b80d4f6cd074d37e407f1822437a0bcfcd68d5ac9900275cf321","cfa337b82550b80d4f6cd074d37e407f1822437a0bcfcd68d5ac9900275cf321","","","PROCESSED_OK","120","D:\AI\AITRASH\workspaces\project - Изменение масштаба для планировок квартир\09_outputs\_full_wip\20260727_full_mkd2\Корпус 2.1\х120_POZD_WEB_K2-1_s4_et4_1.ai","D:\AI\AITRASH\workspaces\project - Изменение масштаба для планировок квартир\09_outputs\_full_wip\20260727_full_mkd2\Корпус 2.1\х120_POZD_WEB_K2-1_s4_et4_1.png","ae82b6fe75145a4228b1e43e9e547504ed2288e9b589907ca66333c13f7814ae","0e91e1e3ff0bc579859086e69d5a9b805456490d1cfc5efbaf65e042ddb4ea2f","D:\AI\AITRASH\workspaces\project - Изменение масштаба для планировок квартир\09_outputs\_diagnostics\full_20260727_full_mkd2\details\104_POZD_WEB_K2-1_s4_et4_1_attempt1.json","1","","OK","454.418308","911.964191","1.173291682","120","4073","1985","14","14","0","0","0","0","","1"
"105","Корпус 2.1","Корпус 2.1/POZD_WEB_K2-1_s4_et4_3.ai","D:\AI\AITRASH\LIBRARY\02_CATALOG\02_PRESALE_Поздняково\01_ARTIFACTS\МКД2\Корпус 2.1\POZD_WEB_K2-1_s4_et4_3.ai","D:\AI\AITRASH\LIBRARY\02_CATALOG\02_PRESALE_Поздняково\01_ARTIFACTS\МКД2\Корпус 2.1\POZD_WEB_K2-1_s4_et4_3.png","238631","75e8dcd3c213924f93ed0e4669ed00e265c8420775cf62e394b8f1d1a4e0ebcb","75e8dcd3c213924f93ed0e4669ed00e265c8420775cf62e394b8f1d1a4e0ebcb","","","PROCESSED_OK","120","D:\AI\AITRASH\workspaces\project - Изменение масштаба для планировок квартир\09_outputs\_full_wip\20260727_full_mkd2\Корпус 2.1\х120_POZD_WEB_K2-1_s4_et4_3.ai","D:\AI\AITRASH\workspaces\project - Изменение масштаба для планировок квартир\09_outputs\_full_wip\20260727_full_mkd2\Корпус 2.1\х120_POZD_WEB_K2-1_s4_et4_3.png","62193c501a038ea88dc8cd1f758ff08d61d4aa5a8b8a09b6f54521ce81c5ee20","ddb0141322237348cf13e61286acdba69c36bb8d6fbe2a83b518c0dc465facd2","D:\AI\AITRASH\workspaces\project - Изменение масштаба для планировок квартир\09_outputs\_diagnostics\full_20260727_full_mkd2\details\105_POZD_WEB_K2-1_s4_et4_3_attempt1.json","1","","OK","644.056103","709.661441","1.304255703","120","3454","1684","13","13","0","0","0","0","","1"
"106","Корпус 2.1","Корпус 2.1/POZD_WEB_K2-1_s4_et4_4.ai","D:\AI\AITRASH\LIBRARY\02_CATALOG\02_PRESALE_Поздняково\01_ARTIFACTS\МКД2\Корпус 2.1\POZD_WEB_K2-1_s4_et4_4.ai","D:\AI\AITRASH\LIBRARY\02_CATALOG\02_PRESALE_Поздняково\01_ARTIFACTS\МКД2\Корпус 2.1\POZD_WEB_K2-1_s4_et4_4.png","204041","4fa823348666f95f5ed45dc5a77e76c481af07f6aa4265e561f2ec849dc7ab4e","4fa823348666f95f5ed45dc5a77e76c481af07f6aa4265e561f2ec849dc7ab4e","","","PROCESSED_OK","170","D:\AI\AITRASH\workspaces\project - Изменение масштаба для планировок квартир\09_outputs\_full_wip\20260727_full_mkd2\Корпус 2.1\х170_POZD_WEB_K2-1_s4_et4_4.ai","D:\AI\AITRASH\workspaces\project - Изменение масштаба для планировок квартир\09_outputs\_full_wip\20260727_full_mkd2\Корпус 2.1\х170_POZD_WEB_K2-1_s4_et4_4.png","618e106f7a5c49f45aa0a4114d5ac4a5276c2a49316c0728e2e9e63b10ad52c6","20b16a74f33937142ca7dfe1ee96f1ec32f35d3211865091d22d9c8bdf9e72d2","D:\AI\AITRASH\workspaces\project - Изменение масштаба для планировок квартир\09_outputs\_diagnostics\full_20260727_full_mkd2\details\106_POZD_WEB_K2-1_s4_et4_4_attempt1.json","1","","OK","490.293307","573.598396","1.662716676","170","2585","1261","13","13","0","0","0","0","","1"
"107","Корпус 2.1","Корпус 2.1/POZD_WEB_K2-1_s4_et4_5.ai","D:\AI\AITRASH\LIBRARY\02_CATALOG\02_PRESALE_Поздняково\01_ARTIFACTS\МКД2\Корпус 2.1\POZD_WEB_K2-1_s4_et4_5.ai","D:\AI\AITRASH\LIBRARY\02_CATALOG\02_PRESALE_Поздняково\01_ARTIFACTS\МКД2\Корпус 2.1\POZD_WEB_K2-1_s4_et4_5.png","220926","82bb16f5a45be0f7524e12f60206ff7aa47aedd04cb75a3ac74d510b1a4e97ec","82bb16f5a45be0f7524e12f60206ff7aa47aedd04cb75a3ac74d510b1a4e97ec","","","PROCESSED_OK","170","D:\AI\AITRASH\workspaces\project - Изменение масштаба для планировок квартир\09_outputs\_full_wip\20260727_full_mkd2\Корпус 2.1\х170_POZD_WEB_K2-1_s4_et4_5.ai","D:\AI\AITRASH\workspaces\project - Изменение масштаба для планировок квартир\09_outputs\_full_wip\20260727_full_mkd2\Корпус 2.1\х170_POZD_WEB_K2-1_s4_et4_5.png","a99ed0a5559049052c33203c99435aec18b4c353a53b9dcddcfd621e8c55afc6","0b853b7a1e2514bf3e269bb11a665b865f96e26bf448200196d199f6621a1e4b","D:\AI\AITRASH\workspaces\project - Изменение масштаба для планировок квартир\09_outputs\_diagnostics\full_20260727_full_mkd2\details\107_POZD_WEB_K2-1_s4_et4_5_attempt1.json","1","","OK","478.286081","601.944867","1.643342057","170","3030","1481","14","14","0","0","0","0","","1"
"108","Корпус 2.1","Корпус 2.1/POZD_WEB_K2-1_s4_et4_6.ai","D:\AI\AITRASH\LIBRARY\02_CATALOG\02_PRESALE_Поздняково\01_ARTIFACTS\МКД2\Корпус 2.1\POZD_WEB_K2-1_s4_et4_6.ai","D:\AI\AITRASH\LIBRARY\02_CATALOG\02_PRESALE_Поздняково\01_ARTIFACTS\МКД2\Корпус 2.1\POZD_WEB_K2-1_s4_et4_6.png","215287","a501204cefc9cf1ef10efcac2716ccf4a432449a8d509fc13118e4740609488b","a501204cefc9cf1ef10efcac2716ccf4a432449a8d509fc13118e4740609488b","","","PROCESSED_OK","170","D:\AI\AITRASH\workspaces\project - Изменение масштаба для планировок квартир\09_outputs\_full_wip\20260727_full_mkd2\Корпус 2.1\х170_POZD_WEB_K2-1_s4_et4_6.ai","D:\AI\AITRASH\workspaces\project - Изменение масштаба для планировок квартир\09_outputs\_full_wip\20260727_full_mkd2\Корпус 2.1\х170_POZD_WEB_K2-1_s4_et4_6.png","b82aebce2a2cd6afd2d1d2352f1b1abe7baf1f6f64a5b0b12f08b20ecf90732d","9d633a3b2e50f5e9af687de1dfdda277e18cb472b4482cf75494aba449174047","D:\AI\AITRASH\workspaces\project - Изменение масштаба для планировок квартир\09_outputs\_diagnostics\full_20260727_full_mkd2\details\108_POZD_WEB_K2-1_s4_et4_6_attempt1.json","1","","OK","485.757874","601.944901","1.630654316","170","2885","1408","13","13","0","0","0","0","","1"
"109","Корпус 2.1","Корпус 2.1/POZD_WEB_K2-1_s4_et4_7.ai","D:\AI\AITRASH\LIBRARY\02_CATALOG\02_PRESALE_Поздняково\01_ARTIFACTS\МКД2\Корпус 2.1\POZD_WEB_K2-1_s4_et4_7.ai","D:\AI\AITRASH\LIBRARY\02_CATALOG\02_PRESALE_Поздняково\01_ARTIFACTS\МКД2\Корпус 2.1\POZD_WEB_K2-1_s4_et4_7.png","155357","650dcacf31aa37dbab97efec1fb964bf44ed70e97643ab4c1eff16be5ad9d43e","650dcacf31aa37dbab97efec1fb964bf44ed70e97643ab4c1eff16be5ad9d43e","","","PROCESSED_OK","200","D:\AI\AITRASH\workspaces\project - Изменение масштаба для планировок квартир\09_outputs\_full_wip\20260727_full_mkd2\Корпус 2.1\х200_POZD_WEB_K2-1_s4_et4_7.ai","D:\AI\AITRASH\workspaces\project - Изменение масштаба для планировок квартир\09_outputs\_full_wip\20260727_full_mkd2\Корпус 2.1\х200_POZD_WEB_K2-1_s4_et4_7.png","6074f24a67030ba8be1b38df0989afeea00bc1c1ed4dcc2a2fd5561a0510b6c6","c8f666d8fc2e61c8020906563ee199e269f4b68b9a66d34ef8b216efdd5a438f","D:\AI\AITRASH\workspaces\project - Изменение масштаба для планировок квартир\09_outputs\_diagnostics\full_20260727_full_mkd2\details\109_POZD_WEB_K2-1_s4_et4_7_attempt1.json","1","","OK","457.819882","392.181097","2.08093994","200","1513","737","10","10","0","0","0","0","","1"
"110","Корпус 2.1","Корпус 2.1/POZD_WEB_K2-1_s4_et6_1.ai","D:\AI\AITRASH\LIBRARY\02_CATALOG\02_PRESALE_Поздняково\01_ARTIFACTS\МКД2\Корпус 2.1\POZD_WEB_K2-1_s4_et6_1.ai","D:\AI\AITRASH\LIBRARY\02_CATALOG\02_PRESALE_Поздняково\01_ARTIFACTS\МКД2\Корпус 2.1\POZD_WEB_K2-1_s4_et6_1.png","252098","703c4d2e4623ef0cb29421ccf0d7dfb7a3f70208d446bef9f862114c37af8751","703c4d2e4623ef0cb29421ccf0d7dfb7a3f70208d446bef9f862114c37af8751","","","PROCESSED_OK","120","D:\AI\AITRASH\workspaces\project - Изменение масштаба для планировок квартир\09_outputs\_full_wip\20260727_full_mkd2\Корпус 2.1\х120_POZD_WEB_K2-1_s4_et6_1.ai","D:\AI\AITRASH\workspaces\project - Изменение масштаба для планировок квартир\09_outputs\_full_wip\20260727_full_mkd2\Корпус 2.1\х120_POZD_WEB_K2-1_s4_et6_1.png","d56536ba010d647327fbc86e353588bacfd3a27da57b8f832f555d7b6b82c10c","7ac8184883b60fd57e373d3d10ad8fe751577262d35675cf6550e83b34cbcde5","D:\AI\AITRASH\workspaces\project - Изменение масштаба для планировок квартир\09_outputs\_diagnostics\full_20260727_full_mkd2\details\110_POZD_WEB_K2-1_s4_et6_1_attempt1.json","1","","OK","454.418307","913.347441","1.171514751","120","3941","1920","13","13","0","0","0","0","","1"
"111","Корпус 2.1","Корпус 2.1/POZD_WEB_K2-1_s4_et6_2.ai","D:\AI\AITRASH\LIBRARY\02_CATALOG\02_PRESALE_Поздняково\01_ARTIFACTS\МКД2\Корпус 2.1\POZD_WEB_K2-1_s4_et6_2.ai","D:\AI\AITRASH\LIBRARY\02_CATALOG\02_PRESALE_Поздняково\01_ARTIFACTS\МКД2\Корпус 2.1\POZD_WEB_K2-1_s4_et6_2.png","249379","8dd2eea0972bab9d165079e4c3978cd7cf0f148bf78712697efb7a4b192dad0b","8dd2eea0972bab9d165079e4c3978cd7cf0f148bf78712697efb7a4b192dad0b","","","PROCESSED_OK","150","D:\AI\AITRASH\workspaces\project - Изменение масштаба для планировок квартир\09_outputs\_full_wip\20260727_full_mkd2\Корпус 2.1\х150_POZD_WEB_K2-1_s4_et6_2.ai","D:\AI\AITRASH\workspaces\project - Изменение масштаба для планировок квартир\09_outputs\_full_wip\20260727_full_mkd2\Корпус 2.1\х150_POZD_WEB_K2-1_s4_et6_2.png","e4a72a1c193af426cdc7655a39465123973c3c3aa51494414af90d75e3ef92e2","b9631449ec5697600edc24daab6716a5427a069bc08bc8ecf9506588bee79421","D:\AI\AITRASH\workspaces\project - Изменение масштаба для планировок квартир\09_outputs\_diagnostics\full_20260727_full_mkd2\details\111_POZD_WEB_K2-1_s4_et6_2_attempt1.json","1","","OK","773.157493","484.057087","1.383935369","150","3603","1758","18","18","0","0","0","0","","1"
"112","Корпус 2.1","Корпус 2.1/POZD_WEB_K2-1_s4_et6_3.ai","D:\AI\AITRASH\LIBRARY\02_CATALOG\02_PRESALE_Поздняково\01_ARTIFACTS\МКД2\Корпус 2.1\POZD_WEB_K2-1_s4_et6_3.ai","D:\AI\AITRASH\LIBRARY\02_CATALOG\02_PRESALE_Поздняково\01_ARTIFACTS\МКД2\Корпус 2.1\POZD_WEB_K2-1_s4_et6_3.png","232781","037a74550732ff9c4e82a90d523ba71ca7e9880065ae6612fb3abdef75a18dad","037a74550732ff9c4e82a90d523ba71ca7e9880065ae6612fb3abdef75a18dad","","","PROCESSED_OK","150","D:\AI\AITRASH\workspaces\project - Изменение масштаба для планировок квартир\09_outputs\_full_wip\20260727_full_mkd2\Корпус 2.1\х150_POZD_WEB_K2-1_s4_et6_3.ai","D:\AI\AITRASH\workspaces\project - Изменение масштаба для планировок квартир\09_outputs\_full_wip\20260727_full_mkd2\Корпус 2.1\х150_POZD_WEB_K2-1_s4_et6_3.png","949868a2c93077acbabcdf8959499ac02f63324ecd81b06f270717f9b151f695","4b8042ceb06025971404dc442e3b7a51a9bdef2b519dda849802f17bc5fee881","D:\AI\AITRASH\workspaces\project - Изменение масштаба для планировок квартир\09_outputs\_diagnostics\full_20260727_full_mkd2\details\112_POZD_WEB_K2-1_s4_et6_3_attempt2.json","2","","OK","462.355315","709.5364","1.508026931","150","3175","1551","15","15","0","1","0","0","","1"
"113","Корпус 2.1","Корпус 2.1/POZD_WEB_K2-1_s4_et6_5.ai","D:\AI\AITRASH\LIBRARY\02_CATALOG\02_PRESALE_Поздняково\01_ARTIFACTS\МКД2\Корпус 2.1\POZD_WEB_K2-1_s4_et6_5.ai","D:\AI\AITRASH\LIBRARY\02_CATALOG\02_PRESALE_Поздняково\01_ARTIFACTS\МКД2\Корпус 2.1\POZD_WEB_K2-1_s4_et6_5.png","219688","ffaf6d92071d4677c6024a876a0326dc49055fc4b0618e2c2dc9f6e97191bee1","ffaf6d92071d4677c6024a876a0326dc49055fc4b0618e2c2dc9f6e97191bee1","","","PROCESSED_OK","170","D:\AI\AITRASH\workspaces\project - Изменение масштаба для планировок квартир\09_outputs\_full_wip\20260727_full_mkd2\Корпус 2.1\х170_POZD_WEB_K2-1_s4_et6_5.ai","D:\AI\AITRASH\workspaces\project - Изменение масштаба для планировок квартир\09_outputs\_full_wip\20260727_full_mkd2\Корпус 2.1\х170_POZD_WEB_K2-1_s4_et6_5.png","cf7f525e2629193eba6e260759a583e23711d107ae45785fdade6289e1e11eb3","208048fbc9ed7435a7d5964d35ca97cc7287dc2e6892749cccd46b4d57b96890","D:\AI\AITRASH\workspaces\project - Изменение масштаба для планировок квартир\09_outputs\_diagnostics\full_20260727_full_mkd2\details\113_POZD_WEB_K2-1_s4_et6_5_attempt1.json","1","","OK","476.81201","601.944914","1.64588024","170","2984","1456","13","13","0","0","0","0","","1"
"114","Корпус 2.1","Корпус 2.1/POZD_WEB_K2-1_s4_et6_6.ai","D:\AI\AITRASH\LIBRARY\02_CATALOG\02_PRESALE_Поздняково\01_ARTIFACTS\МКД2\Корпус 2.1\POZD_WEB_K2-1_s4_et6_6.ai","D:\AI\AITRASH\LIBRARY\02_CATALOG\02_PRESALE_Поздняково\01_ARTIFACTS\МКД2\Корпус 2.1\POZD_WEB_K2-1_s4_et6_6.png","210444","4213b9bef87bf4050032c7921fcd52cf16f60d733e3d94f7ad1cd55f7712b972","4213b9bef87bf4050032c7921fcd52cf16f60d733e3d94f7ad1cd55f7712b972","","","PROCESSED_OK","170","D:\AI\AITRASH\workspaces\project - Изменение масштаба для планировок квартир\09_outputs\_full_wip\20260727_full_mkd2\Корпус 2.1\х170_POZD_WEB_K2-1_s4_et6_6.ai","D:\AI\AITRASH\workspaces\project - Изменение масштаба для планировок квартир\09_outputs\_full_wip\20260727_full_mkd2\Корпус 2.1\х170_POZD_WEB_K2-1_s4_et6_6.png","12973cc1ea421df80a6386f1f3ebb4707444f041ee6737acb691f7858d1d338c","711a35316a8030f016c8f6ac963d887ff354bc065a35206ca9fa818a2b923d97","D:\AI\AITRASH\workspaces\project - Изменение масштаба для планировок квартир\09_outputs\_diagnostics\full_20260727_full_mkd2\details\114_POZD_WEB_K2-1_s4_et6_6_attempt1.json","1","","OK","457.819882","601.944892","1.679672097","170","2822","1378","10","10","0","0","0","0","","1"
"115","Корпус 2.1","Корпус 2.1/POZD_WEB_K2-1_s4_et6_7.ai","D:\AI\AITRASH\LIBRARY\02_CATALOG\02_PRESALE_Поздняково\01_ARTIFACTS\МКД2\Корпус 2.1\POZD_WEB_K2-1_s4_et6_7.ai","D:\AI\AITRASH\LIBRARY\02_CATALOG\02_PRESALE_Поздняково\01_ARTIFACTS\МКД2\Корпус 2.1\POZD_WEB_K2-1_s4_et6_7.png","158879","edd1fbed9c423f03d31eb0d59bd6270189f20c466bfa284405b9cbac42335af5","edd1fbed9c423f03d31eb0d59bd6270189f20c466bfa284405b9cbac42335af5","","","PROCESSED_OK","200","D:\AI\AITRASH\workspaces\project - Изменение масштаба для планировок квартир\09_outputs\_full_wip\20260727_full_mkd2\Корпус 2.1\х200_POZD_WEB_K2-1_s4_et6_7.ai","D:\AI\AITRASH\workspaces\project - Изменение масштаба для планировок квартир\09_outputs\_full_wip\20260727_full_mkd2\Корпус 2.1\х200_POZD_WEB_K2-1_s4_et6_7.png","96411c24a2622083384816d1b8ca3eb71b1ebc92ce34dbd6b38e20663649d5b4","2497c86f58b2f97a3b8bd4a724a845612d5dbc358f8bdfdd41b4855a091070d8","D:\AI\AITRASH\workspaces\project - Изменение масштаба для планировок квартир\09_outputs\_diagnostics\full_20260727_full_mkd2\details\115_POZD_WEB_K2-1_s4_et6_7_attempt1.json","1","","OK","485.757874","392.181097","2.020211997","200","1575","767","13","13","0","0","0","0","","1"
"116","Корпус 2.1","Корпус 2.1/POZD_WEB_K2-1_s5_et1_1.ai","D:\AI\AITRASH\LIBRARY\02_CATALOG\02_PRESALE_Поздняково\01_ARTIFACTS\МКД2\Корпус 2.1\POZD_WEB_K2-1_s5_et1_1.ai","D:\AI\AITRASH\LIBRARY\02_CATALOG\02_PRESALE_Поздняково\01_ARTIFACTS\МКД2\Корпус 2.1\POZD_WEB_K2-1_s5_et1_1.png","213378","c3be2bc5a9eb7b0f8bbe03e55b5385e9c6261c0a08e1dd7266aeb0f65da0fec1","c3be2bc5a9eb7b0f8bbe03e55b5385e9c6261c0a08e1dd7266aeb0f65da0fec1","","","PROCESSED_OK","170","D:\AI\AITRASH\workspaces\project - Изменение масштаба для планировок квартир\09_outputs\_full_wip\20260727_full_mkd2\Корпус 2.1\х170_POZD_WEB_K2-1_s5_et1_1.ai","D:\AI\AITRASH\workspaces\project - Изменение масштаба для планировок квартир\09_outputs\_full_wip\20260727_full_mkd2\Корпус 2.1\х170_POZD_WEB_K2-1_s5_et1_1.png","222994656a54240f8a884f8249c417b8fa6712088da6940b9a574ba703bd1a72","07d32e0db372ebd25d5e620e08e9e4a1446e8bb79498252ae5161101024b3018","D:\AI\AITRASH\workspaces\project - Изменение масштаба для планировок квартир\09_outputs\_diagnostics\full_20260727_full_mkd2\details\116_POZD_WEB_K2-1_s5_et1_1_attempt1.json","1","","OK","647.700371","375.173214","1.651998436","170","2667","1306","16","16","0","0","0","0","","1"
"117","Корпус 2.1","Корпус 2.1/POZD_WEB_K2-1_s5_et1_2.ai","D:\AI\AITRASH\LIBRARY\02_CATALOG\02_PRESALE_Поздняково\01_ARTIFACTS\МКД2\Корпус 2.1\POZD_WEB_K2-1_s5_et1_2.ai","D:\AI\AITRASH\LIBRARY\02_CATALOG\02_PRESALE_Поздняково\01_ARTIFACTS\МКД2\Корпус 2.1\POZD_WEB_K2-1_s5_et1_2.png","272874","6e8fd2b437d989b23bf3f21f9a521569787d9ee014fd8a4f26f607010165d9ce","6e8fd2b437d989b23bf3f21f9a521569787d9ee014fd8a4f26f607010165d9ce","","","PROCESSED_OK","150","D:\AI\AITRASH\workspaces\project - Изменение масштаба для планировок квартир\09_outputs\_full_wip\20260727_full_mkd2\Корпус 2.1\х150_POZD_WEB_K2-1_s5_et1_2.ai","D:\AI\AITRASH\workspaces\project - Изменение масштаба для планировок квартир\09_outputs\_full_wip\20260727_full_mkd2\Корпус 2.1\х150_POZD_WEB_K2-1_s5_et1_2.png","d8b01058a7d3334477377bada9c4137efa40afb4ce66287f9dc9603338d6fa8e","da25fa0d269d10f9ad045be2e191a95966b0171697f5a5bac916e9063cc6b4a3","D:\AI\AITRASH\workspaces\project - Изменение масштаба для планировок квартир\09_outputs\_diagnostics\full_20260727_full_mkd2\details\117_POZD_WEB_K2-1_s5_et1_2_attempt1.json","1","","OK","647.700395","555.173232","1.47044525","150","4067","1990","16","16","0","0","0","0","","1"
"118","Корпус 2.1","Корпус 2.1/POZD_WEB_K2-1_s5_et2,4,6_3.ai","D:\AI\AITRASH\LIBRARY\02_CATALOG\02_PRESALE_Поздняково\01_ARTIFACTS\МКД2\Корпус 2.1\POZD_WEB_K2-1_s5_et2,4,6_3.ai","D:\AI\AITRASH\LIBRARY\02_CATALOG\02_PRESALE_Поздняково\01_ARTIFACTS\МКД2\Корпус 2.1\POZD_WEB_K2-1_s5_et2,4,6_3.png","217055","53b50f60e49df6fa850a2068fdf53404bd19ff237fb70b5bccddeef18557f18f","53b50f60e49df6fa850a2068fdf53404bd19ff237fb70b5bccddeef18557f18f","","","PROCESSED_OK","170","D:\AI\AITRASH\workspaces\project - Изменение масштаба для планировок квартир\09_outputs\_full_wip\20260727_full_mkd2\Корпус 2.1\х170_POZD_WEB_K2-1_s5_et2,4,6_3.ai","D:\AI\AITRASH\workspaces\project - Изменение масштаба для планировок квартир\09_outputs\_full_wip\20260727_full_mkd2\Корпус 2.1\х170_POZD_WEB_K2-1_s5_et2,4,6_3.png","ec8db113fba1eec6dedd15bb86b22fc1b6696e1688fb67f7d75eb250042db503","589f7f1e726052629334250e6da451824a874b21a95e66b94ee335c8d9f18ca1","D:\AI\AITRASH\workspaces\project - Изменение масштаба для планировок квартир\09_outputs\_diagnostics\full_20260727_full_mkd2\details\118_POZD_WEB_K2-1_s5_et2,4,6_3_attempt1.json","1","","OK","462.355315","550.921288","1.747098917","170","2701","1311","10","10","0","0","0","0","","1"
"119","Корпус 2.1","Корпус 2.1/POZD_WEB_K2-1_s5_et2,4_6.ai","D:\AI\AITRASH\LIBRARY\02_CATALOG\02_PRESALE_Поздняково\01_ARTIFACTS\МКД2\Корпус 2.1\POZD_WEB_K2-1_s5_et2,4_6.ai","D:\AI\AITRASH\LIBRARY\02_CATALOG\02_PRESALE_Поздняково\01_ARTIFACTS\МКД2\Корпус 2.1\POZD_WEB_K2-1_s5_et2,4_6.png","190679","a65949be0b167eaa031ee4d037be7917b07ed8932e6c91d301aa08d2f0d8f094","a65949be0b167eaa031ee4d037be7917b07ed8932e6c91d301aa08d2f0d8f094","","","PROCESSED_OK","170","D:\AI\AITRASH\workspaces\project - Изменение масштаба для планировок квартир\09_outputs\_full_wip\20260727_full_mkd2\Корпус 2.1\х170_POZD_WEB_K2-1_s5_et2,4_6.ai","D:\AI\AITRASH\workspaces\project - Изменение масштаба для планировок квартир\09_outputs\_full_wip\20260727_full_mkd2\Корпус 2.1\х170_POZD_WEB_K2-1_s5_et2,4_6.png","e210057907b1bed1ed85ddc07ce13e32996df8337238fe6e5dce8686ce0a48bb","2a922981fea24afbef26451cb89545f98946d4010322053f0f43b9afe3fc7eab","D:\AI\AITRASH\workspaces\project - Изменение масштаба для планировок квартир\09_outputs\_diagnostics\full_20260727_full_mkd2\details\119_POZD_WEB_K2-1_s5_et2,4_6_attempt1.json","1","","OK","462.355315","519.740158","1.798743073","170","2349","1138","10","10","0","0","0","0","","1"
"120","Корпус 2.1","Корпус 2.1/POZD_WEB_K2-1_s5_et2,6_10.ai","D:\AI\AITRASH\LIBRARY\02_CATALOG\02_PRESALE_Поздняково\01_ARTIFACTS\МКД2\Корпус 2.1\POZD_WEB_K2-1_s5_et2,6_10.ai","D:\AI\AITRASH\LIBRARY\02_CATALOG\02_PRESALE_Поздняково\01_ARTIFACTS\МКД2\Корпус 2.1\POZD_WEB_K2-1_s5_et2,6_10.png","194093","dbb5a02f944de53519f7f9c75313e44487fc50ad79df02fe47534cfd22dafd4e","dbb5a02f944de53519f7f9c75313e44487fc50ad79df02fe47534cfd22dafd4e","","","PROCESSED_OK","170","D:\AI\AITRASH\workspaces\project - Изменение масштаба для планировок квартир\09_outputs\_full_wip\20260727_full_mkd2\Корпус 2.1\х170_POZD_WEB_K2-1_s5_et2,6_10.ai","D:\AI\AITRASH\workspaces\project - Изменение масштаба для планировок квартир\09_outputs\_full_wip\20260727_full_mkd2\Корпус 2.1\х170_POZD_WEB_K2-1_s5_et2,6_10.png","5a5dae8c921d496ce840138b8a3a3b35df37370581b268ef907e17af65676008","a42b201b115bde5149564df382830e10a493a4c28f07642b7e4d1a2afb02f1ef","D:\AI\AITRASH\workspaces\project - Изменение масштаба для планировок квартир\09_outputs\_diagnostics\full_20260727_full_mkd2\details\120_POZD_WEB_K2-1_s5_et2,6_10_attempt1.json","1","","OK","533.913371","451.159508","1.796593165","170","2392","1156","10","10","0","0","0","0","","1"
"121","Корпус 2.1","Корпус 2.1/POZD_WEB_K2-1_s5_et2,6_11.ai","D:\AI\AITRASH\LIBRARY\02_CATALOG\02_PRESALE_Поздняково\01_ARTIFACTS\МКД2\Корпус 2.1\POZD_WEB_K2-1_s5_et2,6_11.ai","D:\AI\AITRASH\LIBRARY\02_CATALOG\02_PRESALE_Поздняково\01_ARTIFACTS\МКД2\Корпус 2.1\POZD_WEB_K2-1_s5_et2,6_11.png","193035","c31336a1928d68954abc7325644e97d7303a843011ce52cb13198f3656b52289","c31336a1928d68954abc7325644e97d7303a843011ce52cb13198f3656b52289","","","PROCESSED_OK","170","D:\AI\AITRASH\workspaces\project - Изменение масштаба для планировок квартир\09_outputs\_full_wip\20260727_full_mkd2\Корпус 2.1\х170_POZD_WEB_K2-1_s5_et2,6_11.ai","D:\AI\AITRASH\workspaces\project - Изменение масштаба для планировок квартир\09_outputs\_full_wip\20260727_full_mkd2\Корпус 2.1\х170_POZD_WEB_K2-1_s5_et2,6_11.png","3c483c83b7999b9b9b3537d94800672216ae52019fd92f03dba753d03bd3760d","178163016724146b2345edac777a45060a6af5510a68cd5c66fa754635aeb12e","D:\AI\AITRASH\workspaces\project - Изменение масштаба для планировок квартир\09_outputs\_diagnostics\full_20260727_full_mkd2\details\121_POZD_WEB_K2-1_s5_et2,6_11_attempt1.json","1","","OK","567.929166","481.222441","1.686670219","170","2346","1139","14","14","0","0","0","0","","1"
"122","Корпус 2.1","Корпус 2.1/POZD_WEB_K2-1_s5_et2,6_8.ai","D:\AI\AITRASH\LIBRARY\02_CATALOG\02_PRESALE_Поздняково\01_ARTIFACTS\МКД2\Корпус 2.1\POZD_WEB_K2-1_s5_et2,6_8.ai","D:\AI\AITRASH\LIBRARY\02_CATALOG\02_PRESALE_Поздняково\01_ARTIFACTS\МКД2\Корпус 2.1\POZD_WEB_K2-1_s5_et2,6_8.png","194434","c8febf0adebf1cd2e94bedc5294db12b173cbc9f75c15e85d73aba7b3b9d7b9e","c8febf0adebf1cd2e94bedc5294db12b173cbc9f75c15e85d73aba7b3b9d7b9e","","","PROCESSED_OK","170","D:\AI\AITRASH\workspaces\project - Изменение масштаба для планировок квартир\09_outputs\_full_wip\20260727_full_mkd2\Корпус 2.1\х170_POZD_WEB_K2-1_s5_et2,6_8.ai","D:\AI\AITRASH\workspaces\project - Изменение масштаба для планировок квартир\09_outputs\_full_wip\20260727_full_mkd2\Корпус 2.1\х170_POZD_WEB_K2-1_s5_et2,6_8.png","fa32c3adb5c689368a32b9b3bbe8fa77491e15d7e04282a5db2d0155b08bf935","fff0171250b586531046bb5eb8f433885439c3fae08f50097e716558484e1720","D:\AI\AITRASH\workspaces\project - Изменение масштаба для планировок квартир\09_outputs\_diagnostics\full_20260727_full_mkd2\details\122_POZD_WEB_K2-1_s5_et2,6_8_attempt1.json","1","","OK","573.598402","466.890748","1.703878404","170","2410","1166","10","10","0","0","0","0","","1"
"123","Корпус 2.1","Корпус 2.1/POZD_WEB_K2-1_s5_et2_1.ai","D:\AI\AITRASH\LIBRARY\02_CATALOG\02_PRESALE_Поздняково\01_ARTIFACTS\МКД2\Корпус 2.1\POZD_WEB_K2-1_s5_et2_1.ai","D:\AI\AITRASH\LIBRARY\02_CATALOG\02_PRESALE_Поздняково\01_ARTIFACTS\МКД2\Корпус 2.1\POZD_WEB_K2-1_s5_et2_1.png","195477","f9e3fed92febe22d4e09fbf28ca0fa291d44857bf7996caf37c8f4c5485e98e9","f9e3fed92febe22d4e09fbf28ca0fa291d44857bf7996caf37c8f4c5485e98e9","","","PROCESSED_OK","170","D:\AI\AITRASH\workspaces\project - Изменение масштаба для планировок квартир\09_outputs\_full_wip\20260727_full_mkd2\Корпус 2.1\х170_POZD_WEB_K2-1_s5_et2_1.ai","D:\AI\AITRASH\workspaces\project - Изменение масштаба для планировок квартир\09_outputs\_full_wip\20260727_full_mkd2\Корпус 2.1\х170_POZD_WEB_K2-1_s5_et2_1.png","3ca9b76194552198e8e0c47e52ee52942c4d5ff0f423b039357d41aec2878d32","b5cd67cee1de094ba6046626ee3a59b21c1c6f1a7635d5b7504c4487f1b37d14","D:\AI\AITRASH\workspaces\project - Изменение масштаба для планировок квартир\09_outputs\_diagnostics\full_20260727_full_mkd2\details\123_POZD_WEB_K2-1_s5_et2_1_attempt1.json","1","","OK","457.819882","554.88974","1.749441912","170","2467","1200","11","11","0","0","0","0","","1"
"124","Корпус 2.1","Корпус 2.1/POZD_WEB_K2-1_s5_et2_2.ai","D:\AI\AITRASH\LIBRARY\02_CATALOG\02_PRESALE_Поздняково\01_ARTIFACTS\МКД2\Корпус 2.1\POZD_WEB_K2-1_s5_et2_2.ai","D:\AI\AITRASH\LIBRARY\02_CATALOG\02_PRESALE_Поздняково\01_ARTIFACTS\МКД2\Корпус 2.1\POZD_WEB_K2-1_s5_et2_2.png","215327","15cd4ea4c217d8982e395daadbf2fbc5f5a5fce95d9c4a1eb8e7826846e8a068","15cd4ea4c217d8982e395daadbf2fbc5f5a5fce95d9c4a1eb8e7826846e8a068","","","PROCESSED_OK","170","D:\AI\AITRASH\workspaces\project - Изменение масштаба для планировок квартир\09_outputs\_full_wip\20260727_full_mkd2\Корпус 2.1\х170_POZD_WEB_K2-1_s5_et2_2.ai","D:\AI\AITRASH\workspaces\project - Изменение масштаба для планировок квартир\09_outputs\_full_wip\20260727_full_mkd2\Корпус 2.1\х170_POZD_WEB_K2-1_s5_et2_2.png","4aa9417f56f719d0d46e5dc5381d94664df57ab7500251f5dced2d1508c5eda9","895dc25aac10f92c4042fbf1b065daacc3d5563180953e0c02c96d676d1bce64","D:\AI\AITRASH\workspaces\project - Изменение масштаба для планировок квартир\09_outputs\_diagnostics\full_20260727_full_mkd2\details\124_POZD_WEB_K2-1_s5_et2_2_attempt1.json","1","","OK","446.606305","550.921269","1.777636685","170","2675","1299","10","10","0","0","0","0","","1"
"125","Корпус 2.1","Корпус 2.1/POZD_WEB_K2-1_s5_et2_4.ai","D:\AI\AITRASH\LIBRARY\02_CATALOG\02_PRESALE_Поздняково\01_ARTIFACTS\МКД2\Корпус 2.1\POZD_WEB_K2-1_s5_et2_4.ai","D:\AI\AITRASH\LIBRARY\02_CATALOG\02_PRESALE_Поздняково\01_ARTIFACTS\МКД2\Корпус 2.1\POZD_WEB_K2-1_s5_et2_4.png","197078","9d6c92ec05f5b02971b71051edf0d608b2748584a31443bef5ae706825624bfb","9d6c92ec05f5b02971b71051edf0d608b2748584a31443bef5ae706825624bfb","","","PROCESSED_OK","170","D:\AI\AITRASH\workspaces\project - Изменение масштаба для планировок квартир\09_outputs\_full_wip\20260727_full_mkd2\Корпус 2.1\х170_POZD_WEB_K2-1_s5_et2_4.ai","D:\AI\AITRASH\workspaces\project - Изменение масштаба для планировок квартир\09_outputs\_full_wip\20260727_full_mkd2\Корпус 2.1\х170_POZD_WEB_K2-1_s5_et2_4.png","43ea21128123de1d62aae0ac0f8291ce55c4611307deba261de8f168e2c0e9c8","b9c2273fe3d17351de27a83fb57028251737ee2a13133c837175e12c12734f7c","D:\AI\AITRASH\workspaces\project - Изменение масштаба для планировок квартир\09_outputs\_diagnostics\full_20260727_full_mkd2\details\125_POZD_WEB_K2-1_s5_et2_4_attempt1.json","1","","OK","462.355315","567.929116","1.720739803","170","2469","1196","10","10","0","0","0","0","","1"
"126","Корпус 2.1","Корпус 2.1/POZD_WEB_K2-1_s5_et2_5.ai","D:\AI\AITRASH\LIBRARY\02_CATALOG\02_PRESALE_Поздняково\01_ARTIFACTS\МКД2\Корпус 2.1\POZD_WEB_K2-1_s5_et2_5.ai","D:\AI\AITRASH\LIBRARY\02_CATALOG\02_PRESALE_Поздняково\01_ARTIFACTS\МКД2\Корпус 2.1\POZD_WEB_K2-1_s5_et2_5.png","169041","e4c204bdc5a1ff8bb876322d9e03d318ff2fd48d852c72734036e31ab3ad8922","e4c204bdc5a1ff8bb876322d9e03d318ff2fd48d852c72734036e31ab3ad8922","","","PROCESSED_OK","200","D:\AI\AITRASH\workspaces\project - Изменение масштаба для планировок квартир\09_outputs\_full_wip\20260727_full_mkd2\Корпус 2.1\х200_POZD_WEB_K2-1_s5_et2_5.ai","D:\AI\AITRASH\workspaces\project - Изменение масштаба для планировок квартир\09_outputs\_full_wip\20260727_full_mkd2\Корпус 2.1\х200_POZD_WEB_K2-1_s5_et2_5.png","b5addf6a99af5066cfd6f3096913214a92b4e4d1680d66c8fc8df3501bd090a1","e2d3aeba11c75678a4fe5fb74aea92d5156a35ce5eaff33ad2b6d7cbcf4fc3da","D:\AI\AITRASH\workspaces\project - Изменение масштаба для планировок квартир\09_outputs\_diagnostics\full_20260727_full_mkd2\details\126_POZD_WEB_K2-1_s5_et2_5_attempt1.json","1","","OK","400.121116","392.268034","2.225681437","200","1780","866","10","10","0","0","0","0","","1"
"127","Корпус 2.1","Корпус 2.1/POZD_WEB_K2-1_s5_et2_7.ai","D:\AI\AITRASH\LIBRARY\02_CATALOG\02_PRESALE_Поздняково\01_ARTIFACTS\МКД2\Корпус 2.1\POZD_WEB_K2-1_s5_et2_7.ai","D:\AI\AITRASH\LIBRARY\02_CATALOG\02_PRESALE_Поздняково\01_ARTIFACTS\МКД2\Корпус 2.1\POZD_WEB_K2-1_s5_et2_7.png","195784","c045bf9664ae9cd4cb7982cb1e2587d9f4d8ccdf7d31365411885b8825a5bbe6","c045bf9664ae9cd4cb7982cb1e2587d9f4d8ccdf7d31365411885b8825a5bbe6","","","PROCESSED_OK","170","D:\AI\AITRASH\workspaces\project - Изменение масштаба для планировок квартир\09_outputs\_full_wip\20260727_full_mkd2\Корпус 2.1\х170_POZD_WEB_K2-1_s5_et2_7.ai","D:\AI\AITRASH\workspaces\project - Изменение масштаба для планировок квартир\09_outputs\_full_wip\20260727_full_mkd2\Корпус 2.1\х170_POZD_WEB_K2-1_s5_et2_7.png","5a13de6cd2ce7270bb5c220b8f970949043030f3120e1af59218ee48247b4a1c","7eea3b45cb2506e18bc5c086f95c586b808c55cf6b69add5b96b2bfb22017036","D:\AI\AITRASH\workspaces\project - Изменение масштаба для планировок квартир\09_outputs\_diagnostics\full_20260727_full_mkd2\details\127_POZD_WEB_K2-1_s5_et2_7_attempt1.json","1","","OK","573.598424","466.890748","1.703878372","170","2515","1218","10","10","0","0","0","0","","1"
"128","Корпус 2.1","Корпус 2.1/POZD_WEB_K2-1_s5_et2_9.ai","D:\AI\AITRASH\LIBRARY\02_CATALOG\02_PRESALE_Поздняково\01_ARTIFACTS\МКД2\Корпус 2.1\POZD_WEB_K2-1_s5_et2_9.ai","D:\AI\AITRASH\LIBRARY\02_CATALOG\02_PRESALE_Поздняково\01_ARTIFACTS\МКД2\Корпус 2.1\POZD_WEB_K2-1_s5_et2_9.png","208913","a6bfbd37268905acf36b8d52fcdceebd127b0ae97d16252db3d2f58e93eceffd","a6bfbd37268905acf36b8d52fcdceebd127b0ae97d16252db3d2f58e93eceffd","","","PROCESSED_OK","170","D:\AI\AITRASH\workspaces\project - Изменение масштаба для планировок квартир\09_outputs\_full_wip\20260727_full_mkd2\Корпус 2.1\х170_POZD_WEB_K2-1_s5_et2_9.ai","D:\AI\AITRASH\workspaces\project - Изменение масштаба для планировок квартир\09_outputs\_full_wip\20260727_full_mkd2\Корпус 2.1\х170_POZD_WEB_K2-1_s5_et2_9.png","d9f568cada3740827a9d1a5f6b41731cd02e02e2b7d8997ca7f6357d9d2bb31c","a1c69d446f377fca5af5381fafcaec7625f00b3652b1e2719eabe506360a8c09","D:\AI\AITRASH\workspaces\project - Изменение масштаба для планировок квартир\09_outputs\_diagnostics\full_20260727_full_mkd2\details\128_POZD_WEB_K2-1_s5_et2_9_attempt1.json","1","","OK","561.851363","454.543308","1.74482488","170","2577","1250","14","14","0","0","0","0","","1"
"129","Корпус 2.1","Корпус 2.1/POZD_WEB_K2-1_s5_et3,5_1.ai","D:\AI\AITRASH\LIBRARY\02_CATALOG\02_PRESALE_Поздняково\01_ARTIFACTS\МКД2\Корпус 2.1\POZD_WEB_K2-1_s5_et3,5_1.ai","D:\AI\AITRASH\LIBRARY\02_CATALOG\02_PRESALE_Поздняково\01_ARTIFACTS\МКД2\Корпус 2.1\POZD_WEB_K2-1_s5_et3,5_1.png","195341","de7b8a29f6fa533a7c58963b5914395bccc4e73c9327c6141f167c2b443c69c5","de7b8a29f6fa533a7c58963b5914395bccc4e73c9327c6141f167c2b443c69c5","","","PROCESSED_OK","170","D:\AI\AITRASH\workspaces\project - Изменение масштаба для планировок квартир\09_outputs\_full_wip\20260727_full_mkd2\Корпус 2.1\х170_POZD_WEB_K2-1_s5_et3,5_1.ai","D:\AI\AITRASH\workspaces\project - Изменение масштаба для планировок квартир\09_outputs\_full_wip\20260727_full_mkd2\Корпус 2.1\х170_POZD_WEB_K2-1_s5_et3,5_1.png","9c1c8ae6e8b427fcc8f5d0f19d27ed5fb417cb87cdea3362a957774b34ab31db","720e0fcf8f7f1e5d8a6d683db4758d10b1cade0bab1d47fb17eeccd564aec83b","D:\AI\AITRASH\workspaces\project - Изменение масштаба для планировок квартир\09_outputs\_diagnostics\full_20260727_full_mkd2\details\129_POZD_WEB_K2-1_s5_et3,5_1_attempt1.json","1","","OK","457.819882","554.889764","1.749441875","170","2465","1199","11","11","0","0","0","0","","1"
"130","Корпус 2.1","Корпус 2.1/POZD_WEB_K2-1_s5_et3,5_10.ai","D:\AI\AITRASH\LIBRARY\02_CATALOG\02_PRESALE_Поздняково\01_ARTIFACTS\МКД2\Корпус 2.1\POZD_WEB_K2-1_s5_et3,5_10.ai","D:\AI\AITRASH\LIBRARY\02_CATALOG\02_PRESALE_Поздняково\01_ARTIFACTS\МКД2\Корпус 2.1\POZD_WEB_K2-1_s5_et3,5_10.png","193344","13d7d358686d33dd17550a2b9ae6c799fc9f117a2cd31f4af92690ce460a7b12","13d7d358686d33dd17550a2b9ae6c799fc9f117a2cd31f4af92690ce460a7b12","","","PROCESSED_OK","170","D:\AI\AITRASH\workspaces\project - Изменение масштаба для планировок квартир\09_outputs\_full_wip\20260727_full_mkd2\Корпус 2.1\х170_POZD_WEB_K2-1_s5_et3,5_10.ai","D:\AI\AITRASH\workspaces\project - Изменение масштаба для планировок квартир\09_outputs\_full_wip\20260727_full_mkd2\Корпус 2.1\х170_POZD_WEB_K2-1_s5_et3,5_10.png","281c2a967004d6a26877b87ebd5d5e505eac6dc6f10831a19b5875fe7f97b1d2","01b4c1dc9db835bcc25789751d96e88a4ef39c912e5144463711726336c1638f","D:\AI\AITRASH\workspaces\project - Изменение масштаба для планировок квартир\09_outputs\_diagnostics\full_20260727_full_mkd2\details\130_POZD_WEB_K2-1_s5_et3,5_10_attempt1.json","1","","OK","533.913364","451.159508","1.796593177","170","2367","1146","10","10","0","0","0","0","","1"
"131","Корпус 2.1","Корпус 2.1/POZD_WEB_K2-1_s5_et3,5_11.ai","D:\AI\AITRASH\LIBRARY\02_CATALOG\02_PRESALE_Поздняково\01_ARTIFACTS\МКД2\Корпус 2.1\POZD_WEB_K2-1_s5_et3,5_11.ai","D:\AI\AITRASH\LIBRARY\02_CATALOG\02_PRESALE_Поздняково\01_ARTIFACTS\МКД2\Корпус 2.1\POZD_WEB_K2-1_s5_et3,5_11.png","186762","5dc45300e3c1c1bafdc3f4217d26467ade21febbba7057d889623e2c0006ec2a","5dc45300e3c1c1bafdc3f4217d26467ade21febbba7057d889623e2c0006ec2a","","","PROCESSED_OK","170","D:\AI\AITRASH\workspaces\project - Изменение масштаба для планировок квартир\09_outputs\_full_wip\20260727_full_mkd2\Корпус 2.1\х170_POZD_WEB_K2-1_s5_et3,5_11.ai","D:\AI\AITRASH\workspaces\project - Изменение масштаба для планировок квартир\09_outputs\_full_wip\20260727_full_mkd2\Корпус 2.1\х170_POZD_WEB_K2-1_s5_et3,5_11.png","04c930ce6776a5a32695e466f25ece3007df7b15917f7954b49406001350a7e4","d6774eadab99dc143bc4bfadd5107931c2658a7a8c28ca6f0a0aa307dcf96b85","D:\AI\AITRASH\workspaces\project - Изменение масштаба для планировок квартир\09_outputs\_diagnostics\full_20260727_full_mkd2\details\131_POZD_WEB_K2-1_s5_et3,5_11_attempt1.json","1","","OK","567.92914","453.284449","1.737871706","170","2282","1108","10","10","0","0","0","0","","1"
"132","Корпус 2.1","Корпус 2.1/POZD_WEB_K2-1_s5_et3,5_2.ai","D:\AI\AITRASH\LIBRARY\02_CATALOG\02_PRESALE_Поздняково\01_ARTIFACTS\МКД2\Корпус 2.1\POZD_WEB_K2-1_s5_et3,5_2.ai","D:\AI\AITRASH\LIBRARY\02_CATALOG\02_PRESALE_Поздняково\01_ARTIFACTS\МКД2\Корпус 2.1\POZD_WEB_K2-1_s5_et3,5_2.png","216568","5c2be626e8ca9cded929b71cfa32259f474e5107e19f565a03079a2d2d1bf80f","5c2be626e8ca9cded929b71cfa32259f474e5107e19f565a03079a2d2d1bf80f","","","PROCESSED_OK","170","D:\AI\AITRASH\workspaces\project - Изменение масштаба для планировок квартир\09_outputs\_full_wip\20260727_full_mkd2\Корпус 2.1\х170_POZD_WEB_K2-1_s5_et3,5_2.ai","D:\AI\AITRASH\workspaces\project - Изменение масштаба для планировок квартир\09_outputs\_full_wip\20260727_full_mkd2\Корпус 2.1\х170_POZD_WEB_K2-1_s5_et3,5_2.png","ca6799c11f6b170721c9a38dea0b2a9b0441bde9d8f5efa0aff57e9a7d82dd89","8d9f66e0b5e45f93eda577bae4ec2ef18f79db9f0bc0c01daa1559e8e656a9bf","D:\AI\AITRASH\workspaces\project - Изменение масштаба для планировок квартир\09_outputs\_diagnostics\full_20260727_full_mkd2\details\132_POZD_WEB_K2-1_s5_et3,5_2_attempt1.json","1","","OK","446.606299","550.921232","1.777636757","170","2726","1323","10","10","0","0","0","0","","1"
"133","Корпус 2.1","Корпус 2.1/POZD_WEB_K2-1_s5_et3,5_3.ai","D:\AI\AITRASH\LIBRARY\02_CATALOG\02_PRESALE_Поздняково\01_ARTIFACTS\МКД2\Корпус 2.1\POZD_WEB_K2-1_s5_et3,5_3.ai","D:\AI\AITRASH\LIBRARY\02_CATALOG\02_PRESALE_Поздняково\01_ARTIFACTS\МКД2\Корпус 2.1\POZD_WEB_K2-1_s5_et3,5_3.png","216960","93adb56c1014d141565af408f44775028a88e4532fffa6ec7252779baae5e31c","93adb56c1014d141565af408f44775028a88e4532fffa6ec7252779baae5e31c","","","PROCESSED_OK","170","D:\AI\AITRASH\workspaces\project - Изменение масштаба для планировок квартир\09_outputs\_full_wip\20260727_full_mkd2\Корпус 2.1\х170_POZD_WEB_K2-1_s5_et3,5_3.ai","D:\AI\AITRASH\workspaces\project - Изменение масштаба для планировок квартир\09_outputs\_full_wip\20260727_full_mkd2\Корпус 2.1\х170_POZD_WEB_K2-1_s5_et3,5_3.png","e333b0bd590921685de109cf56079299f161ae86bb30f0519d1c432bfd054142","bdb0707f942e41a3e82ae92eb98b7dbbb5e340b1db1de0330b75e7eb4b966465","D:\AI\AITRASH\workspaces\project - Изменение масштаба для планировок квартир\09_outputs\_diagnostics\full_20260727_full_mkd2\details\133_POZD_WEB_K2-1_s5_et3,5_3_attempt1.json","1","","OK","462.355315","550.921243","1.747098989","170","2699","1310","10","10","0","0","0","0","","1"
"134","Корпус 2.1","Корпус 2.1/POZD_WEB_K2-1_s5_et3,5_4.ai","D:\AI\AITRASH\LIBRARY\02_CATALOG\02_PRESALE_Поздняково\01_ARTIFACTS\МКД2\Корпус 2.1\POZD_WEB_K2-1_s5_et3,5_4.ai","D:\AI\AITRASH\LIBRARY\02_CATALOG\02_PRESALE_Поздняково\01_ARTIFACTS\МКД2\Корпус 2.1\POZD_WEB_K2-1_s5_et3,5_4.png","196565","f4f205db96ec651f1a548641dc42f80975d744135e6dcad6e353278a2377159c","f4f205db96ec651f1a548641dc42f80975d744135e6dcad6e353278a2377159c","","","PROCESSED_OK","170","D:\AI\AITRASH\workspaces\project - Изменение масштаба для планировок квартир\09_outputs\_full_wip\20260727_full_mkd2\Корпус 2.1\х170_POZD_WEB_K2-1_s5_et3,5_4.ai","D:\AI\AITRASH\workspaces\project - Изменение масштаба для планировок квартир\09_outputs\_full_wip\20260727_full_mkd2\Корпус 2.1\х170_POZD_WEB_K2-1_s5_et3,5_4.png","a49a974756e8793e367f6f63c837b358bef0fa7cf4dd86961a473af7c398d2a6","7b8581fb00f64122e8525874407e66551af220337a2e8d55fb50ca042d148a20","D:\AI\AITRASH\workspaces\project - Изменение масштаба для планировок квартир\09_outputs\_diagnostics\full_20260727_full_mkd2\details\134_POZD_WEB_K2-1_s5_et3,5_4_attempt1.json","1","","OK","462.355315","567.929152","1.720739748","170","2444","1184","10","10","0","0","0","0","","1"
"135","Корпус 2.1","Корпус 2.1/POZD_WEB_K2-1_s5_et3,5_5.ai","D:\AI\AITRASH\LIBRARY\02_CATALOG\02_PRESALE_Поздняково\01_ARTIFACTS\МКД2\Корпус 2.1\POZD_WEB_K2-1_s5_et3,5_5.ai","D:\AI\AITRASH\LIBRARY\02_CATALOG\02_PRESALE_Поздняково\01_ARTIFACTS\МКД2\Корпус 2.1\POZD_WEB_K2-1_s5_et3,5_5.png","168994","4f5347bfc13f1a48c1f58f913ad4079aeb3a97e6dd62e2db55702f1c1554b08f","4f5347bfc13f1a48c1f58f913ad4079aeb3a97e6dd62e2db55702f1c1554b08f","","","PROCESSED_OK","200","D:\AI\AITRASH\workspaces\project - Изменение масштаба для планировок квартир\09_outputs\_full_wip\20260727_full_mkd2\Корпус 2.1\х200_POZD_WEB_K2-1_s5_et3,5_5.ai","D:\AI\AITRASH\workspaces\project - Изменение масштаба для планировок квартир\09_outputs\_full_wip\20260727_full_mkd2\Корпус 2.1\х200_POZD_WEB_K2-1_s5_et3,5_5.png","3f296fbed8ba517926b849c927c7c1d6f12f37a753db686a58c16eb152849e73","f6ea9b179dd865512e1df84dee8f5ca5be84478d6edeb0b2901960db8f584d73","D:\AI\AITRASH\workspaces\project - Изменение масштаба для планировок квартир\09_outputs\_diagnostics\full_20260727_full_mkd2\details\135_POZD_WEB_K2-1_s5_et3,5_5_attempt1.json","1","","OK","400.175116","392.258064","2.225559547","200","1778","865","10","10","0","0","0","0","","1"
"136","Корпус 2.1","Корпус 2.1/POZD_WEB_K2-1_s5_et3,5_7.ai","D:\AI\AITRASH\LIBRARY\02_CATALOG\02_PRESALE_Поздняково\01_ARTIFACTS\МКД2\Корпус 2.1\POZD_WEB_K2-1_s5_et3,5_7.ai","D:\AI\AITRASH\LIBRARY\02_CATALOG\02_PRESALE_Поздняково\01_ARTIFACTS\МКД2\Корпус 2.1\POZD_WEB_K2-1_s5_et3,5_7.png","195813","c91d734a81a08b6d1c75798e6ea889154c1b3755a1e2d2dc550c04bc25bcda61","c91d734a81a08b6d1c75798e6ea889154c1b3755a1e2d2dc550c04bc25bcda61","","","PROCESSED_OK","170","D:\AI\AITRASH\workspaces\project - Изменение масштаба для планировок квартир\09_outputs\_full_wip\20260727_full_mkd2\Корпус 2.1\х170_POZD_WEB_K2-1_s5_et3,5_7.ai","D:\AI\AITRASH\workspaces\project - Изменение масштаба для планировок квартир\09_outputs\_full_wip\20260727_full_mkd2\Корпус 2.1\х170_POZD_WEB_K2-1_s5_et3,5_7.png","e6af6eb083775adc8ee3e81d35ef67d8bd14a30de3f99ce4f531f5b287e2d7c0","ac5bc58a81b2cbbfd8588b94b263256f7fba50f75111f70744ee8122047a277f","D:\AI\AITRASH\workspaces\project - Изменение масштаба для планировок квартир\09_outputs\_diagnostics\full_20260727_full_mkd2\details\136_POZD_WEB_K2-1_s5_et3,5_7_attempt1.json","1","","OK","573.598453","466.890748","1.703878328","170","2515","1219","10","10","0","0","0","0","","1"
"137","Корпус 2.1","Корпус 2.1/POZD_WEB_K2-1_s5_et3,5_8.ai","D:\AI\AITRASH\LIBRARY\02_CATALOG\02_PRESALE_Поздняково\01_ARTIFACTS\МКД2\Корпус 2.1\POZD_WEB_K2-1_s5_et3,5_8.ai","D:\AI\AITRASH\LIBRARY\02_CATALOG\02_PRESALE_Поздняково\01_ARTIFACTS\МКД2\Корпус 2.1\POZD_WEB_K2-1_s5_et3,5_8.png","194118","9b7e91ba32a1bbaf1a1766e7c4186adef066c608c5c79668f12ff1b3105188f1","9b7e91ba32a1bbaf1a1766e7c4186adef066c608c5c79668f12ff1b3105188f1","","","PROCESSED_OK","170","D:\AI\AITRASH\workspaces\project - Изменение масштаба для планировок квартир\09_outputs\_full_wip\20260727_full_mkd2\Корпус 2.1\х170_POZD_WEB_K2-1_s5_et3,5_8.ai","D:\AI\AITRASH\workspaces\project - Изменение масштаба для планировок квартир\09_outputs\_full_wip\20260727_full_mkd2\Корпус 2.1\х170_POZD_WEB_K2-1_s5_et3,5_8.png","0e6ffed61ed18bea640ab3ec7cab49554d06837e937b6c3f54747c6ab0d9661e","d8e57ae1060e5d674658685855f2b0a5ff0b21fcbd26fdac41ef9547b1fd3336","D:\AI\AITRASH\workspaces\project - Изменение масштаба для планировок квартир\09_outputs\_diagnostics\full_20260727_full_mkd2\details\137_POZD_WEB_K2-1_s5_et3,5_8_attempt1.json","1","","OK","573.598427","466.890748","1.703878367","170","2412","1166","10","10","0","0","0","0","","1"
"138","Корпус 2.1","Корпус 2.1/POZD_WEB_K2-1_s5_et3,5_9.ai","D:\AI\AITRASH\LIBRARY\02_CATALOG\02_PRESALE_Поздняково\01_ARTIFACTS\МКД2\Корпус 2.1\POZD_WEB_K2-1_s5_et3,5_9.ai","D:\AI\AITRASH\LIBRARY\02_CATALOG\02_PRESALE_Поздняково\01_ARTIFACTS\МКД2\Корпус 2.1\POZD_WEB_K2-1_s5_et3,5_9.png","204494","6e0249f8b3bc3d51bcb67d30e85c895ec6ab9f17918071ce835595c2156c4ea2","6e0249f8b3bc3d51bcb67d30e85c895ec6ab9f17918071ce835595c2156c4ea2","","","PROCESSED_OK","170","D:\AI\AITRASH\workspaces\project - Изменение масштаба для планировок квартир\09_outputs\_full_wip\20260727_full_mkd2\Корпус 2.1\х170_POZD_WEB_K2-1_s5_et3,5_9.ai","D:\AI\AITRASH\workspaces\project - Изменение масштаба для планировок квартир\09_outputs\_full_wip\20260727_full_mkd2\Корпус 2.1\х170_POZD_WEB_K2-1_s5_et3,5_9.png","342b34ed28ade46b1c0f7340ec22b422b34dc99ba8a4cef4851cca599def02f5","05f65a730f33c00c9a1472f004a12a166d0aba2b4501a87433821603f6eaabd7","D:\AI\AITRASH\workspaces\project - Изменение масштаба для планировок квартир\09_outputs\_diagnostics\full_20260727_full_mkd2\details\138_POZD_WEB_K2-1_s5_et3,5_9_attempt1.json","1","","OK","533.913416","454.543307","1.789893324","170","2509","1218","10","10","0","0","0","0","","1"
"139","Корпус 2.1","Корпус 2.1/POZD_WEB_K2-1_s5_et3_6.ai","D:\AI\AITRASH\LIBRARY\02_CATALOG\02_PRESALE_Поздняково\01_ARTIFACTS\МКД2\Корпус 2.1\POZD_WEB_K2-1_s5_et3_6.ai","D:\AI\AITRASH\LIBRARY\02_CATALOG\02_PRESALE_Поздняково\01_ARTIFACTS\МКД2\Корпус 2.1\POZD_WEB_K2-1_s5_et3_6.png","196955","47d6f30e1bab55882ca92f8518f09ededaab9518bc8167bf1366ae6e6480b116","47d6f30e1bab55882ca92f8518f09ededaab9518bc8167bf1366ae6e6480b116","","","PROCESSED_OK","170","D:\AI\AITRASH\workspaces\project - Изменение масштаба для планировок квартир\09_outputs\_full_wip\20260727_full_mkd2\Корпус 2.1\х170_POZD_WEB_K2-1_s5_et3_6.ai","D:\AI\AITRASH\workspaces\project - Изменение масштаба для планировок квартир\09_outputs\_full_wip\20260727_full_mkd2\Корпус 2.1\х170_POZD_WEB_K2-1_s5_et3_6.png","36d901680a56733c4aed16b3131f79418eb8a3980465d5b7cfa5d24481a53615","cd3deab007cb3c5c98a73fa9c01b1db19e07972d0569220da81b643c15a0b54c","D:\AI\AITRASH\workspaces\project - Изменение масштаба для планировок квартир\09_outputs\_diagnostics\full_20260727_full_mkd2\details\139_POZD_WEB_K2-1_s5_et3_6_attempt1.json","1","","OK","490.293307","547.67815","1.701607962","170","2494","1211","15","15","0","0","0","0","","1"
"140","Корпус 2.1","Корпус 2.1/POZD_WEB_K2-1_s5_et4_1.ai","D:\AI\AITRASH\LIBRARY\02_CATALOG\02_PRESALE_Поздняково\01_ARTIFACTS\МКД2\Корпус 2.1\POZD_WEB_K2-1_s5_et4_1.ai","D:\AI\AITRASH\LIBRARY\02_CATALOG\02_PRESALE_Поздняково\01_ARTIFACTS\МКД2\Корпус 2.1\POZD_WEB_K2-1_s5_et4_1.png","195639","b4e79bacef1182dbff05fdd212726e692d43abb8d5475a2e4893dcbeb23d866c","b4e79bacef1182dbff05fdd212726e692d43abb8d5475a2e4893dcbeb23d866c","","","PROCESSED_OK","170","D:\AI\AITRASH\workspaces\project - Изменение масштаба для планировок квартир\09_outputs\_full_wip\20260727_full_mkd2\Корпус 2.1\х170_POZD_WEB_K2-1_s5_et4_1.ai","D:\AI\AITRASH\workspaces\project - Изменение масштаба для планировок квартир\09_outputs\_full_wip\20260727_full_mkd2\Корпус 2.1\х170_POZD_WEB_K2-1_s5_et4_1.png","1bfa992c90cc518025e3dc5faf9335b8bd349159aefe08b20f10e93099556352","83f28b016ec85da9deffc8fb6d1fb5bac48b03c7bda80ba294c6ed6130341e05","D:\AI\AITRASH\workspaces\project - Изменение масштаба для планировок квартир\09_outputs\_diagnostics\full_20260727_full_mkd2\details\140_POZD_WEB_K2-1_s5_et4_1_attempt1.json","1","","OK","457.819882","554.889734","1.749441922","170","2478","1205","11","11","0","0","0","0","","1"
"141","Корпус 2.1","Корпус 2.1/POZD_WEB_K2-1_s5_et4_10.ai","D:\AI\AITRASH\LIBRARY\02_CATALOG\02_PRESALE_Поздняково\01_ARTIFACTS\МКД2\Корпус 2.1\POZD_WEB_K2-1_s5_et4_10.ai","D:\AI\AITRASH\LIBRARY\02_CATALOG\02_PRESALE_Поздняково\01_ARTIFACTS\МКД2\Корпус 2.1\POZD_WEB_K2-1_s5_et4_10.png","194170","ddbd3b5af7279b567b7aeb4e11edf46136c9aa4a084f8c1668cfd36e60ffd5c9","ddbd3b5af7279b567b7aeb4e11edf46136c9aa4a084f8c1668cfd36e60ffd5c9","","","PROCESSED_OK","170","D:\AI\AITRASH\workspaces\project - Изменение масштаба для планировок квартир\09_outputs\_full_wip\20260727_full_mkd2\Корпус 2.1\х170_POZD_WEB_K2-1_s5_et4_10.ai","D:\AI\AITRASH\workspaces\project - Изменение масштаба для планировок квартир\09_outputs\_full_wip\20260727_full_mkd2\Корпус 2.1\х170_POZD_WEB_K2-1_s5_et4_10.png","04b9bf1b82755db24a2df9e86dfd6b0038a3eb43f734b276894b6b831ef44b4b","7e44089b58deaf06f0c43903cb9a9dd103e2110500b38fb29fc08ecaa3369e85","D:\AI\AITRASH\workspaces\project - Изменение масштаба для планировок квартир\09_outputs\_diagnostics\full_20260727_full_mkd2\details\141_POZD_WEB_K2-1_s5_et4_10_attempt1.json","1","","OK","561.851379","479.0975","1.699524857","170","2428","1175","13","13","0","0","0","0","","1"
"142","Корпус 2.1","Корпус 2.1/POZD_WEB_K2-1_s5_et4_11.ai","D:\AI\AITRASH\LIBRARY\02_CATALOG\02_PRESALE_Поздняково\01_ARTIFACTS\МКД2\Корпус 2.1\POZD_WEB_K2-1_s5_et4_11.ai","D:\AI\AITRASH\LIBRARY\02_CATALOG\02_PRESALE_Поздняково\01_ARTIFACTS\МКД2\Корпус 2.1\POZD_WEB_K2-1_s5_et4_11.png","186675","57dc983991e05f4382acdaf1e281b9fe1db977d822033f91342bd9afc6407bf9","57dc983991e05f4382acdaf1e281b9fe1db977d822033f91342bd9afc6407bf9","","","PROCESSED_OK","170","D:\AI\AITRASH\workspaces\project - Изменение масштаба для планировок квартир\09_outputs\_full_wip\20260727_full_mkd2\Корпус 2.1\х170_POZD_WEB_K2-1_s5_et4_11.ai","D:\AI\AITRASH\workspaces\project - Изменение масштаба для планировок квартир\09_outputs\_full_wip\20260727_full_mkd2\Корпус 2.1\х170_POZD_WEB_K2-1_s5_et4_11.png","de6667a34b5f94d94d184ca82b5fe926cf8462354dcfbc254a67c0041b8c9e48","f2995f6cfc6de3679090e374ad7591ae37453129c64e3f97e13fdf4953941276","D:\AI\AITRASH\workspaces\project - Изменение масштаба для планировок квартир\09_outputs\_diagnostics\full_20260727_full_mkd2\details\142_POZD_WEB_K2-1_s5_et4_11_attempt1.json","1","","OK","567.929107","453.284449","1.737871757","170","2284","1109","10","10","0","0","0","0","","1"
"143","Корпус 2.1","Корпус 2.1/POZD_WEB_K2-1_s5_et4_2.ai","D:\AI\AITRASH\LIBRARY\02_CATALOG\02_PRESALE_Поздняково\01_ARTIFACTS\МКД2\Корпус 2.1\POZD_WEB_K2-1_s5_et4_2.ai","D:\AI\AITRASH\LIBRARY\02_CATALOG\02_PRESALE_Поздняково\01_ARTIFACTS\МКД2\Корпус 2.1\POZD_WEB_K2-1_s5_et4_2.png","223190","51a443fa91dbc82165bd87e61f58fe1882e151a0b5445264cfd56af2b8b29bc6","51a443fa91dbc82165bd87e61f58fe1882e151a0b5445264cfd56af2b8b29bc6","","","PROCESSED_OK","170","D:\AI\AITRASH\workspaces\project - Изменение масштаба для планировок квартир\09_outputs\_full_wip\20260727_full_mkd2\Корпус 2.1\х170_POZD_WEB_K2-1_s5_et4_2.ai","D:\AI\AITRASH\workspaces\project - Изменение масштаба для планировок квартир\09_outputs\_full_wip\20260727_full_mkd2\Корпус 2.1\х170_POZD_WEB_K2-1_s5_et4_2.png","a7ca4e34e72b9df0239af68d65843ec608e34180bc18ce341ecfc40304aa4211","27716599484fa25516b0372d30e753ae403d4931701262752b644fd54dd9dc51","D:\AI\AITRASH\workspaces\project - Изменение масштаба для планировок квартир\09_outputs\_diagnostics\full_20260727_full_mkd2\details\143_POZD_WEB_K2-1_s5_et4_2_attempt1.json","1","","OK","474.544292","550.921289","1.724515271","170","2758","1340","13","13","0","0","0","0","","1"
"144","Корпус 2.1","Корпус 2.1/POZD_WEB_K2-1_s5_et4_4.ai","D:\AI\AITRASH\LIBRARY\02_CATALOG\02_PRESALE_Поздняково\01_ARTIFACTS\МКД2\Корпус 2.1\POZD_WEB_K2-1_s5_et4_4.ai","D:\AI\AITRASH\LIBRARY\02_CATALOG\02_PRESALE_Поздняково\01_ARTIFACTS\МКД2\Корпус 2.1\POZD_WEB_K2-1_s5_et4_4.png","202717","465cdb23ec71c2a045429286698125644f8602af6de71eae9cad69c67f9bd051","465cdb23ec71c2a045429286698125644f8602af6de71eae9cad69c67f9bd051","","","PROCESSED_OK","170","D:\AI\AITRASH\workspaces\project - Изменение масштаба для планировок квартир\09_outputs\_full_wip\20260727_full_mkd2\Корпус 2.1\х170_POZD_WEB_K2-1_s5_et4_4.ai","D:\AI\AITRASH\workspaces\project - Изменение масштаба для планировок квартир\09_outputs\_full_wip\20260727_full_mkd2\Корпус 2.1\х170_POZD_WEB_K2-1_s5_et4_4.png","b1c0c85c15d00f4cf2a57c88b1616c66ad6815753ec69dcdf5b001598864ba09","a4b26eb437a358af0aa9e1e710b51bb2a1b3a1fce1c96ff7a0b21b64a391ec32","D:\AI\AITRASH\workspaces\project - Изменение масштаба для планировок квартир\09_outputs\_diagnostics\full_20260727_full_mkd2\details\144_POZD_WEB_K2-1_s5_et4_4_attempt1.json","1","","OK","490.293307","567.929103","1.670995015","170","2508","1214","13","13","0","0","0","0","","1"
"145","Корпус 2.1","Корпус 2.1/POZD_WEB_K2-1_s5_et4_5.ai","D:\AI\AITRASH\LIBRARY\02_CATALOG\02_PRESALE_Поздняково\01_ARTIFACTS\МКД2\Корпус 2.1\POZD_WEB_K2-1_s5_et4_5.ai","D:\AI\AITRASH\LIBRARY\02_CATALOG\02_PRESALE_Поздняково\01_ARTIFACTS\МКД2\Корпус 2.1\POZD_WEB_K2-1_s5_et4_5.png","173257","d12e5dcb6f943af34dfbafb26bb87f6392dea46816e943e25bc2db91dbfb8861","d12e5dcb6f943af34dfbafb26bb87f6392dea46816e943e25bc2db91dbfb8861","","","PROCESSED_OK","200","D:\AI\AITRASH\workspaces\project - Изменение масштаба для планировок квартир\09_outputs\_full_wip\20260727_full_mkd2\Корпус 2.1\х200_POZD_WEB_K2-1_s5_et4_5.ai","D:\AI\AITRASH\workspaces\project - Изменение масштаба для планировок квартир\09_outputs\_full_wip\20260727_full_mkd2\Корпус 2.1\х200_POZD_WEB_K2-1_s5_et4_5.png","6c6287f73ecda68a5b79d0bcec1d326b5ff9053f4c652e1049c97dd3b09ebbd3","78f870ec280775ffd217c18f11220d6d54d5ee0ff3b95c0a4ecc2f3d4554f260","D:\AI\AITRASH\workspaces\project - Изменение масштаба для планировок квартир\09_outputs\_diagnostics\full_20260727_full_mkd2\details\145_POZD_WEB_K2-1_s5_et4_5_attempt1.json","1","","OK","428.113108","392.258064","2.151716231","200","1836","893","13","13","0","0","0","0","","1"
"146","Корпус 2.1","Корпус 2.1/POZD_WEB_K2-1_s5_et4_7.ai","D:\AI\AITRASH\LIBRARY\02_CATALOG\02_PRESALE_Поздняково\01_ARTIFACTS\МКД2\Корпус 2.1\POZD_WEB_K2-1_s5_et4_7.ai","D:\AI\AITRASH\LIBRARY\02_CATALOG\02_PRESALE_Поздняково\01_ARTIFACTS\МКД2\Корпус 2.1\POZD_WEB_K2-1_s5_et4_7.png","201416","4c9302e31ea18f79e48e553f10e59e817ed27b004b1ae51f7b0ff71e68d7b386","4c9302e31ea18f79e48e553f10e59e817ed27b004b1ae51f7b0ff71e68d7b386","","","PROCESSED_OK","170","D:\AI\AITRASH\workspaces\project - Изменение масштаба для планировок квартир\09_outputs\_full_wip\20260727_full_mkd2\Корпус 2.1\х170_POZD_WEB_K2-1_s5_et4_7.ai","D:\AI\AITRASH\workspaces\project - Изменение масштаба для планировок квартир\09_outputs\_full_wip\20260727_full_mkd2\Корпус 2.1\х170_POZD_WEB_K2-1_s5_et4_7.png","9d7a9a2c8f593e03c891dbcce5cad0ac4aedbdf852e6c4dc8366ed8f99a3c98f","a313005e32291ac9a97e267ab1227d3d846e30a7cbc43052f71aef6a2bc0d9ab","D:\AI\AITRASH\workspaces\project - Изменение масштаба для планировок квартир\09_outputs\_diagnostics\full_20260727_full_mkd2\details\146_POZD_WEB_K2-1_s5_et4_7_attempt1.json","1","","OK","573.598443","494.82874","1.655079117","170","2573","1247","13","13","0","0","0","0","","1"
"147","Корпус 2.1","Корпус 2.1/POZD_WEB_K2-1_s5_et4_8.ai","D:\AI\AITRASH\LIBRARY\02_CATALOG\02_PRESALE_Поздняково\01_ARTIFACTS\МКД2\Корпус 2.1\POZD_WEB_K2-1_s5_et4_8.ai","D:\AI\AITRASH\LIBRARY\02_CATALOG\02_PRESALE_Поздняково\01_ARTIFACTS\МКД2\Корпус 2.1\POZD_WEB_K2-1_s5_et4_8.png","200571","93e56095e51a98f3cf375d4343e3e207e89baf36c7293b8ec30eec271151879d","93e56095e51a98f3cf375d4343e3e207e89baf36c7293b8ec30eec271151879d","","","PROCESSED_OK","170","D:\AI\AITRASH\workspaces\project - Изменение масштаба для планировок квартир\09_outputs\_full_wip\20260727_full_mkd2\Корпус 2.1\х170_POZD_WEB_K2-1_s5_et4_8.ai","D:\AI\AITRASH\workspaces\project - Изменение масштаба для планировок квартир\09_outputs\_full_wip\20260727_full_mkd2\Корпус 2.1\х170_POZD_WEB_K2-1_s5_et4_8.png","e7d05f0eb56e7e43a7e49aa4b154acbb16c4fe1aaeaea98a9a679c002b2cac13","f4cba0c9fb174e0d925e5ae2a3a0fa911fcc31c0ddf39ecaf5ac16515202a90f","D:\AI\AITRASH\workspaces\project - Изменение масштаба для планировок квартир\09_outputs\_diagnostics\full_20260727_full_mkd2\details\147_POZD_WEB_K2-1_s5_et4_8_attempt1.json","1","","OK","573.598425","494.82874","1.655079143","170","2470","1195","13","13","0","0","0","0","","1"
"148","Корпус 2.1","Корпус 2.1/POZD_WEB_K2-1_s5_et4_9.ai","D:\AI\AITRASH\LIBRARY\02_CATALOG\02_PRESALE_Поздняково\01_ARTIFACTS\МКД2\Корпус 2.1\POZD_WEB_K2-1_s5_et4_9.ai","D:\AI\AITRASH\LIBRARY\02_CATALOG\02_PRESALE_Поздняково\01_ARTIFACTS\МКД2\Корпус 2.1\POZD_WEB_K2-1_s5_et4_9.png","204020","05d62ff24275f6bb6853f130308126a226ed45b80284f6da2ad527e4c931ee9b","05d62ff24275f6bb6853f130308126a226ed45b80284f6da2ad527e4c931ee9b","","","PROCESSED_OK","170","D:\AI\AITRASH\workspaces\project - Изменение масштаба для планировок квартир\09_outputs\_full_wip\20260727_full_mkd2\Корпус 2.1\х170_POZD_WEB_K2-1_s5_et4_9.ai","D:\AI\AITRASH\workspaces\project - Изменение масштаба для планировок квартир\09_outputs\_full_wip\20260727_full_mkd2\Корпус 2.1\х170_POZD_WEB_K2-1_s5_et4_9.png","11a23e0451ccd5340f0f21ab50629d710f7827f5410ef985b96d6e1a478fc9f5","a65e87c408f80d4728f542b17574ce4cd9992d117b6550f5cf31a242f374b76c","D:\AI\AITRASH\workspaces\project - Изменение масштаба для планировок квартир\09_outputs\_diagnostics\full_20260727_full_mkd2\details\148_POZD_WEB_K2-1_s5_et4_9_attempt1.json","1","","OK","533.9134","454.543307","1.789893351","170","2503","1214","10","10","0","0","0","0","","1"
"149","Корпус 2.1","Корпус 2.1/POZD_WEB_K2-1_s5_et5_6.ai","D:\AI\AITRASH\LIBRARY\02_CATALOG\02_PRESALE_Поздняково\01_ARTIFACTS\МКД2\Корпус 2.1\POZD_WEB_K2-1_s5_et5_6.ai","D:\AI\AITRASH\LIBRARY\02_CATALOG\02_PRESALE_Поздняково\01_ARTIFACTS\МКД2\Корпус 2.1\POZD_WEB_K2-1_s5_et5_6.png","188832","de5d4ca7aa746184002e4f69d74fb8f6c547120ec2238aa44a1deb9151add757","de5d4ca7aa746184002e4f69d74fb8f6c547120ec2238aa44a1deb9151add757","","","PROCESSED_OK","200","D:\AI\AITRASH\workspaces\project - Изменение масштаба для планировок квартир\09_outputs\_full_wip\20260727_full_mkd2\Корпус 2.1\х200_POZD_WEB_K2-1_s5_et5_6.ai","D:\AI\AITRASH\workspaces\project - Изменение масштаба для планировок квартир\09_outputs\_full_wip\20260727_full_mkd2\Корпус 2.1\х200_POZD_WEB_K2-1_s5_et5_6.png","bca203684db1e4e2e1d6645309c77f6201016de87c9eb1426045445622d04634","c01722acb06b0d31d162ae0f7e61562c70309d6972bbda29815b921216eeca2b","D:\AI\AITRASH\workspaces\project - Изменение масштаба для планировок квартир\09_outputs\_diagnostics\full_20260727_full_mkd2\details\149_POZD_WEB_K2-1_s5_et5_6_attempt1.json","1","","OK","429.031496","519.740158","1.867293021","200","2318","1120","10","10","0","0","0","0","","1"
"150","Корпус 2.1","Корпус 2.1/POZD_WEB_K2-1_s5_et6_1.ai","D:\AI\AITRASH\LIBRARY\02_CATALOG\02_PRESALE_Поздняково\01_ARTIFACTS\МКД2\Корпус 2.1\POZD_WEB_K2-1_s5_et6_1.ai","D:\AI\AITRASH\LIBRARY\02_CATALOG\02_PRESALE_Поздняково\01_ARTIFACTS\МКД2\Корпус 2.1\POZD_WEB_K2-1_s5_et6_1.png","201479","368c6b1196fd0d1f6dc3792be41f72bac41f5fb357cc6b20ce5f9216298a5989","368c6b1196fd0d1f6dc3792be41f72bac41f5fb357cc6b20ce5f9216298a5989","","","PROCESSED_OK","170","D:\AI\AITRASH\workspaces\project - Изменение масштаба для планировок квартир\09_outputs\_full_wip\20260727_full_mkd2\Корпус 2.1\х170_POZD_WEB_K2-1_s5_et6_1.ai","D:\AI\AITRASH\workspaces\project - Изменение масштаба для планировок квартир\09_outputs\_full_wip\20260727_full_mkd2\Корпус 2.1\х170_POZD_WEB_K2-1_s5_et6_1.png","c220e471cdf8b6eed9fb5f03439ce0dbc2f7441ebf5e188cad50ded3159e60d3","48b1cb39e215dea7448d077be385f992a2b12a6acdafd2da044646c9814ecf95","D:\AI\AITRASH\workspaces\project - Изменение масштаба для планировок квартир\09_outputs\_diagnostics\full_20260727_full_mkd2\details\150_POZD_WEB_K2-1_s5_et6_1_attempt1.json","1","","OK","423.520669","554.889735","1.818903039","170","2554","1242","14","14","0","0","0","0","","1"
"151","Корпус 2.1","Корпус 2.1/POZD_WEB_K2-1_s5_et6_2.ai","D:\AI\AITRASH\LIBRARY\02_CATALOG\02_PRESALE_Поздняково\01_ARTIFACTS\МКД2\Корпус 2.1\POZD_WEB_K2-1_s5_et6_2.ai","D:\AI\AITRASH\LIBRARY\02_CATALOG\02_PRESALE_Поздняково\01_ARTIFACTS\МКД2\Корпус 2.1\POZD_WEB_K2-1_s5_et6_2.png","213387","38e54b786e3324f5c8a0443367b423fc7c1ad0cdca2cfa94c3c4a57312f365db","38e54b786e3324f5c8a0443367b423fc7c1ad0cdca2cfa94c3c4a57312f365db","","","PROCESSED_OK","170","D:\AI\AITRASH\workspaces\project - Изменение масштаба для планировок квартир\09_outputs\_full_wip\20260727_full_mkd2\Корпус 2.1\х170_POZD_WEB_K2-1_s5_et6_2.ai","D:\AI\AITRASH\workspaces\project - Изменение масштаба для планировок квартир\09_outputs\_full_wip\20260727_full_mkd2\Корпус 2.1\х170_POZD_WEB_K2-1_s5_et6_2.png","5a01843bda3a43038b8e35af09d4a637d7cc9124a9fa56066eb699e3d07d7001","c1cfaabd490763ce53cd84fa159284a54ff0427583586e5d59c1d37096627c4d","D:\AI\AITRASH\workspaces\project - Изменение масштаба для планировок квартир\09_outputs\_diagnostics\full_20260727_full_mkd2\details\151_POZD_WEB_K2-1_s5_et6_2_attempt1.json","1","","OK","476.018353","550.921252","1.72184315","170","2676","1301","14","14","0","0","0","0","","1"
"152","Корпус 2.1","Корпус 2.1/POZD_WEB_K2-1_s5_et6_4.ai","D:\AI\AITRASH\LIBRARY\02_CATALOG\02_PRESALE_Поздняково\01_ARTIFACTS\МКД2\Корпус 2.1\POZD_WEB_K2-1_s5_et6_4.ai","D:\AI\AITRASH\LIBRARY\02_CATALOG\02_PRESALE_Поздняково\01_ARTIFACTS\МКД2\Корпус 2.1\POZD_WEB_K2-1_s5_et6_4.png","206357","2635b36654f724c9bc3461844da92359005bcc06642aff823909ceafb347bb78","2635b36654f724c9bc3461844da92359005bcc06642aff823909ceafb347bb78","","","PROCESSED_OK","170","D:\AI\AITRASH\workspaces\project - Изменение масштаба для планировок квартир\09_outputs\_full_wip\20260727_full_mkd2\Корпус 2.1\х170_POZD_WEB_K2-1_s5_et6_4.ai","D:\AI\AITRASH\workspaces\project - Изменение масштаба для планировок квартир\09_outputs\_full_wip\20260727_full_mkd2\Корпус 2.1\х170_POZD_WEB_K2-1_s5_et6_4.png","112c0404d52c5925f022d859ee979db85ab8e30e9d4f3393d4ebe4927c15fb97","1e43b51382d1b9a0aa9ccac09d2945173b04714878f931813d405fb4ee17fc14","D:\AI\AITRASH\workspaces\project - Изменение масштаба для планировок квартир\09_outputs\_diagnostics\full_20260727_full_mkd2\details\152_POZD_WEB_K2-1_s5_et6_4_attempt1.json","1","","OK","491.76738","567.929103","1.668488731","170","2606","1262","14","14","0","0","0","0","","1"
"153","Корпус 2.1","Корпус 2.1/POZD_WEB_K2-1_s5_et6_5.ai","D:\AI\AITRASH\LIBRARY\02_CATALOG\02_PRESALE_Поздняково\01_ARTIFACTS\МКД2\Корпус 2.1\POZD_WEB_K2-1_s5_et6_5.ai","D:\AI\AITRASH\LIBRARY\02_CATALOG\02_PRESALE_Поздняково\01_ARTIFACTS\МКД2\Корпус 2.1\POZD_WEB_K2-1_s5_et6_5.png","312246","053a4c410e7309392e9f4da38b495b76582d8e5a5e181addd2aa03c029cad50c","053a4c410e7309392e9f4da38b495b76582d8e5a5e181addd2aa03c029cad50c","","","PROCESSED_OK","120","D:\AI\AITRASH\workspaces\project - Изменение масштаба для планировок квартир\09_outputs\_full_wip\20260727_full_mkd2\Корпус 2.1\х120_POZD_WEB_K2-1_s5_et6_5.ai","D:\AI\AITRASH\workspaces\project - Изменение масштаба для планировок квартир\09_outputs\_full_wip\20260727_full_mkd2\Корпус 2.1\х120_POZD_WEB_K2-1_s5_et6_5.png","8604e3db353194edfa59ab5a10d7693b5925e59e987c112fc9fb19b4b3ff1f1e","c5296bf8e07915e4f77f1176998aa7588aab4e97591ef8d7eb1e2e9ab57c8a54","D:\AI\AITRASH\workspaces\project - Изменение масштаба для планировок квартир\09_outputs\_diagnostics\full_20260727_full_mkd2\details\153_POZD_WEB_K2-1_s5_et6_5_attempt1.json","1","","OK","462.355315","899.457678","1.189605722","120","4920","2414","18","18","0","0","0","0","","1"
"154","Корпус 2.1","Корпус 2.1/POZD_WEB_K2-1_s5_et6_6.ai","D:\AI\AITRASH\LIBRARY\02_CATALOG\02_PRESALE_Поздняково\01_ARTIFACTS\МКД2\Корпус 2.1\POZD_WEB_K2-1_s5_et6_6.ai","D:\AI\AITRASH\LIBRARY\02_CATALOG\02_PRESALE_Поздняково\01_ARTIFACTS\МКД2\Корпус 2.1\POZD_WEB_K2-1_s5_et6_6.png","328411","d374445b46f1e0fa00b0c81b59b880396f3ae9ebcc25433d08fd69a4572421db","d374445b46f1e0fa00b0c81b59b880396f3ae9ebcc25433d08fd69a4572421db","","","PROCESSED_OK","150","D:\AI\AITRASH\workspaces\project - Изменение масштаба для планировок квартир\09_outputs\_full_wip\20260727_full_mkd2\Корпус 2.1\х150_POZD_WEB_K2-1_s5_et6_6.ai","D:\AI\AITRASH\workspaces\project - Изменение масштаба для планировок квартир\09_outputs\_full_wip\20260727_full_mkd2\Корпус 2.1\х150_POZD_WEB_K2-1_s5_et6_6.png","1f1575bc969f6c7e7ad409186bc749b7245a6260be8ef5ab24327678d2c2c6e3","9a9cb96a5e006218f94f81cc68c9b060d18e5bcd05fd7647a00dd879d3ea942c","D:\AI\AITRASH\workspaces\project - Изменение масштаба для планировок квартир\09_outputs\_diagnostics\full_20260727_full_mkd2\details\154_POZD_WEB_K2-1_s5_et6_6_attempt1.json","1","","OK","777.692937","494.82874","1.375864366","150","5522","2712","19","19","0","0","0","0","","1"
"155","Корпус 2.1","Корпус 2.1/POZD_WEB_K2-1_s5_et6_7.ai","D:\AI\AITRASH\LIBRARY\02_CATALOG\02_PRESALE_Поздняково\01_ARTIFACTS\МКД2\Корпус 2.1\POZD_WEB_K2-1_s5_et6_7.ai","D:\AI\AITRASH\LIBRARY\02_CATALOG\02_PRESALE_Поздняково\01_ARTIFACTS\МКД2\Корпус 2.1\POZD_WEB_K2-1_s5_et6_7.png","194458","992d23e62a11cdbe4252863b6dfdcbf622f634c88b2e2ac9a336ddccc75bc448","992d23e62a11cdbe4252863b6dfdcbf622f634c88b2e2ac9a336ddccc75bc448","","","PROCESSED_OK","170","D:\AI\AITRASH\workspaces\project - Изменение масштаба для планировок квартир\09_outputs\_full_wip\20260727_full_mkd2\Корпус 2.1\х170_POZD_WEB_K2-1_s5_et6_7.ai","D:\AI\AITRASH\workspaces\project - Изменение масштаба для планировок квартир\09_outputs\_full_wip\20260727_full_mkd2\Корпус 2.1\х170_POZD_WEB_K2-1_s5_et6_7.png","fc5a097a0e46ca23096626ad1878e36bba7490a9a186775ced79120a0548e494","76da711aee0903f8f841344f9da257683e538e6c13d47e4b32be30d881aa3308","D:\AI\AITRASH\workspaces\project - Изменение масштаба для планировок квартир\09_outputs\_diagnostics\full_20260727_full_mkd2\details\155_POZD_WEB_K2-1_s5_et6_7_attempt1.json","1","","OK","573.598397","466.890748","1.703878412","170","2422","1172","10","10","0","0","0","0","","1"
"156","Корпус 2.1","Корпус 2.1/POZD_WEB_K2-1_s5_et6_9.ai","D:\AI\AITRASH\LIBRARY\02_CATALOG\02_PRESALE_Поздняково\01_ARTIFACTS\МКД2\Корпус 2.1\POZD_WEB_K2-1_s5_et6_9.ai","D:\AI\AITRASH\LIBRARY\02_CATALOG\02_PRESALE_Поздняково\01_ARTIFACTS\МКД2\Корпус 2.1\POZD_WEB_K2-1_s5_et6_9.png","193574","d4e03a646825022a6a4044779d547e776092fc26c99da7703b89aa62d5c5979f","d4e03a646825022a6a4044779d547e776092fc26c99da7703b89aa62d5c5979f","","","PROCESSED_OK","170","D:\AI\AITRASH\workspaces\project - Изменение масштаба для планировок квартир\09_outputs\_full_wip\20260727_full_mkd2\Корпус 2.1\х170_POZD_WEB_K2-1_s5_et6_9.ai","D:\AI\AITRASH\workspaces\project - Изменение масштаба для планировок квартир\09_outputs\_full_wip\20260727_full_mkd2\Корпус 2.1\х170_POZD_WEB_K2-1_s5_et6_9.png","94fe6bf1bd2a951bb8f23932c102594e943cb7fa3cc2c0da6087ce944be49fd8","044179a42abbc2764ea6dedff1d1b9b5027183ef5b03ade8a2473d4aeb804168","D:\AI\AITRASH\workspaces\project - Изменение масштаба для планировок квартир\09_outputs\_diagnostics\full_20260727_full_mkd2\details\156_POZD_WEB_K2-1_s5_et6_9_attempt1.json","1","","OK","533.913374","444.929498","1.8091276","170","2370","1148","10","10","0","0","0","0","","1"
"157","Корпус 2.2","Корпус 2.2/POZD_WEB_K2-2_s6_et1_1.ai","D:\AI\AITRASH\LIBRARY\02_CATALOG\02_PRESALE_Поздняково\01_ARTIFACTS\МКД2\Корпус 2.2\POZD_WEB_K2-2_s6_et1_1.ai","D:\AI\AITRASH\LIBRARY\02_CATALOG\02_PRESALE_Поздняково\01_ARTIFACTS\МКД2\Корпус 2.2\POZD_WEB_K2-2_s6_et1_1.png","181335","9e6ee480aeb3b026c44ee48df16d246293a4ecd0a068079f7384fada17e80b07","9e6ee480aeb3b026c44ee48df16d246293a4ecd0a068079f7384fada17e80b07","","","PROCESSED_OK","170","D:\AI\AITRASH\workspaces\project - Изменение масштаба для планировок квартир\09_outputs\_full_wip\20260727_full_mkd2\Корпус 2.2\х170_POZD_WEB_K2-2_s6_et1_1.ai","D:\AI\AITRASH\workspaces\project - Изменение масштаба для планировок квартир\09_outputs\_full_wip\20260727_full_mkd2\Корпус 2.2\х170_POZD_WEB_K2-2_s6_et1_1.png","47d1a1adf58efaeb001ff12c2cf449738c33f58c295f04bf746ac2a5608c09c9","0cb9facd77f5ef29a62dae1e320f1469744ef77aa95baa92655bdf78bd225c69","D:\AI\AITRASH\workspaces\project - Изменение масштаба для планировок квартир\09_outputs\_diagnostics\full_20260727_full_mkd2\details\157_POZD_WEB_K2-2_s6_et1_1_attempt1.json","1","","OK","500.267936","568.496061","1.653427417","170","2160","1047","10","10","0","0","0","0","","1"
"158","Корпус 2.2","Корпус 2.2/POZD_WEB_K2-2_s6_et1_2.ai","D:\AI\AITRASH\LIBRARY\02_CATALOG\02_PRESALE_Поздняково\01_ARTIFACTS\МКД2\Корпус 2.2\POZD_WEB_K2-2_s6_et1_2.ai","D:\AI\AITRASH\LIBRARY\02_CATALOG\02_PRESALE_Поздняково\01_ARTIFACTS\МКД2\Корпус 2.2\POZD_WEB_K2-2_s6_et1_2.png","200094","30800b783462408e7f9e85f3b0d800ccc932c4675353ec30822ed4ecc1d48592","30800b783462408e7f9e85f3b0d800ccc932c4675353ec30822ed4ecc1d48592","","","PROCESSED_OK","170","D:\AI\AITRASH\workspaces\project - Изменение масштаба для планировок квартир\09_outputs\_full_wip\20260727_full_mkd2\Корпус 2.2\х170_POZD_WEB_K2-2_s6_et1_2.ai","D:\AI\AITRASH\workspaces\project - Изменение масштаба для планировок квартир\09_outputs\_full_wip\20260727_full_mkd2\Корпус 2.2\х170_POZD_WEB_K2-2_s6_et1_2.png","444c2ea6c19e6fd10c3fa10765d7a675cee2320392079be37897b35bf20c2d9f","03af19d25c7ebd1f4ac60a35f3aacdf45f91290654a75383a77f568fa3aa1919","D:\AI\AITRASH\workspaces\project - Изменение масштаба для планировок квартир\09_outputs\_diagnostics\full_20260727_full_mkd2\details\158_POZD_WEB_K2-2_s6_et1_2_attempt1.json","1","","OK","573.598397","511.113147","1.628499795","170","2643","1281","10","10","0","0","0","0","","1"
"159","Корпус 2.2","Корпус 2.2/POZD_WEB_K2-2_s6_et1_3.ai","D:\AI\AITRASH\LIBRARY\02_CATALOG\02_PRESALE_Поздняково\01_ARTIFACTS\МКД2\Корпус 2.2\POZD_WEB_K2-2_s6_et1_3.ai","D:\AI\AITRASH\LIBRARY\02_CATALOG\02_PRESALE_Поздняково\01_ARTIFACTS\МКД2\Корпус 2.2\POZD_WEB_K2-2_s6_et1_3.png","190846","deaa53d7a5406e00187bdbc4d87548cc502ba267731b48cf3f47fefe4b3209f5","deaa53d7a5406e00187bdbc4d87548cc502ba267731b48cf3f47fefe4b3209f5","","","PROCESSED_OK","170","D:\AI\AITRASH\workspaces\project - Изменение масштаба для планировок квартир\09_outputs\_full_wip\20260727_full_mkd2\Корпус 2.2\х170_POZD_WEB_K2-2_s6_et1_3.ai","D:\AI\AITRASH\workspaces\project - Изменение масштаба для планировок квартир\09_outputs\_full_wip\20260727_full_mkd2\Корпус 2.2\х170_POZD_WEB_K2-2_s6_et1_3.png","798d09032e90428e15e91ff275d4c7a998f8508ec9a6867e5b89db48b48ff98d","873525c0ed3037472c222dbe440588aa895b87fc2b0cf0368711ae19da7528ad","D:\AI\AITRASH\workspaces\project - Изменение масштаба для планировок квартир\09_outputs\_diagnostics\full_20260727_full_mkd2\details\159_POZD_WEB_K2-2_s6_et1_3_attempt1.json","1","","OK","507.267726","520.182087","1.716539835","170","2371","1147","10","10","0","0","0","0","","1"
"160","Корпус 2.2","Корпус 2.2/POZD_WEB_K2-2_s6_et1_4.ai","D:\AI\AITRASH\LIBRARY\02_CATALOG\02_PRESALE_Поздняково\01_ARTIFACTS\МКД2\Корпус 2.2\POZD_WEB_K2-2_s6_et1_4.ai","D:\AI\AITRASH\LIBRARY\02_CATALOG\02_PRESALE_Поздняково\01_ARTIFACTS\МКД2\Корпус 2.2\POZD_WEB_K2-2_s6_et1_4.png","168235","a6a3ecfc683b7fb462ae5d235c21925e01ce57588859339db815f83c195a7dc6","a6a3ecfc683b7fb462ae5d235c21925e01ce57588859339db815f83c195a7dc6","","","PROCESSED_OK","200","D:\AI\AITRASH\workspaces\project - Изменение масштаба для планировок квартир\09_outputs\_full_wip\20260727_full_mkd2\Корпус 2.2\х200_POZD_WEB_K2-2_s6_et1_4.ai","D:\AI\AITRASH\workspaces\project - Изменение масштаба для планировок квартир\09_outputs\_full_wip\20260727_full_mkd2\Корпус 2.2\х200_POZD_WEB_K2-2_s6_et1_4.png","f9a8cd13fd1b6fb831b37cbd576c4ff21bc5d4fc108b531e88c78f8e12dd45d6","2ef63b40c68131937c952f78306f4624926a2b887d5bb1b405e1bbb273093850","D:\AI\AITRASH\workspaces\project - Изменение масштаба для планировок квартир\09_outputs\_diagnostics\full_20260727_full_mkd2\details\160_POZD_WEB_K2-2_s6_et1_4_attempt1.json","1","","OK","460.087599","392.181092","2.075805266","200","1794","865","10","10","0","0","0","0","","1"
"161","Корпус 2.2","Корпус 2.2/POZD_WEB_K2-2_s6_et1_5.ai","D:\AI\AITRASH\LIBRARY\02_CATALOG\02_PRESALE_Поздняково\01_ARTIFACTS\МКД2\Корпус 2.2\POZD_WEB_K2-2_s6_et1_5.ai","D:\AI\AITRASH\LIBRARY\02_CATALOG\02_PRESALE_Поздняково\01_ARTIFACTS\МКД2\Корпус 2.2\POZD_WEB_K2-2_s6_et1_5.png","154088","9b04da0933929ab83c3c9f668f369a352f9d383390ff3eba3b59ac9e05178bbe","9b04da0933929ab83c3c9f668f369a352f9d383390ff3eba3b59ac9e05178bbe","","","PROCESSED_OK","200","D:\AI\AITRASH\workspaces\project - Изменение масштаба для планировок квартир\09_outputs\_full_wip\20260727_full_mkd2\Корпус 2.2\х200_POZD_WEB_K2-2_s6_et1_5.ai","D:\AI\AITRASH\workspaces\project - Изменение масштаба для планировок квартир\09_outputs\_full_wip\20260727_full_mkd2\Корпус 2.2\х200_POZD_WEB_K2-2_s6_et1_5.png","eb0702304a8015a71ed2bbd42bcbaeb6ec15281ef2b233e17542da972d085a22","edba8c67fbde4377a0b1014e4fe89ac97ccf3b7b0bd9a22c280abe860280f261","D:\AI\AITRASH\workspaces\project - Изменение масштаба для планировок квартир\09_outputs\_diagnostics\full_20260727_full_mkd2\details\161_POZD_WEB_K2-2_s6_et1_5_attempt1.json","1","","OK","460.087599","324.149595","2.283269595","200","1593","776","10","10","0","0","0","0","","1"
"162","Корпус 2.2","Корпус 2.2/POZD_WEB_K2-2_s6_et1_6.ai","D:\AI\AITRASH\LIBRARY\02_CATALOG\02_PRESALE_Поздняково\01_ARTIFACTS\МКД2\Корпус 2.2\POZD_WEB_K2-2_s6_et1_6.ai","D:\AI\AITRASH\LIBRARY\02_CATALOG\02_PRESALE_Поздняково\01_ARTIFACTS\МКД2\Корпус 2.2\POZD_WEB_K2-2_s6_et1_6.png","494256","25b654beb14851b6533b500b62035be9fdd1de606102976b5b12eff62ccbb9b6","25b654beb14851b6533b500b62035be9fdd1de606102976b5b12eff62ccbb9b6","","","PROCESSED_OK","110","D:\AI\AITRASH\workspaces\project - Изменение масштаба для планировок квартир\09_outputs\_full_wip\20260727_full_mkd2\Корпус 2.2\х110_POZD_WEB_K2-2_s6_et1_6.ai","D:\AI\AITRASH\workspaces\project - Изменение масштаба для планировок квартир\09_outputs\_full_wip\20260727_full_mkd2\Корпус 2.2\х110_POZD_WEB_K2-2_s6_et1_6.png","12e0836c4d4a5e9927fe17db1b32c0b6af5086194e77c7749715ac73959299ac","224efd0b59d52461481da87b736e7ab71cae0b575ad2d0f20879e540f98e549a","D:\AI\AITRASH\workspaces\project - Изменение масштаба для планировок квартир\09_outputs\_diagnostics\full_20260727_full_mkd2\details\162_POZD_WEB_K2-2_s6_et1_6_attempt1.json","1","","OK","888.244095","668.275602","1.144474792","110","8960","4401","16","16","0","0","0","0","","1"
"163","Корпус 2.2","Корпус 2.2/POZD_WEB_K2-2_s6_et2,6_2.ai","D:\AI\AITRASH\LIBRARY\02_CATALOG\02_PRESALE_Поздняково\01_ARTIFACTS\МКД2\Корпус 2.2\POZD_WEB_K2-2_s6_et2,6_2.ai","D:\AI\AITRASH\LIBRARY\02_CATALOG\02_PRESALE_Поздняково\01_ARTIFACTS\МКД2\Корпус 2.2\POZD_WEB_K2-2_s6_et2,6_2.png","204166","a729bb1ee40f41249ee69f8f360b5d2a56dd183fb890307b439efab8b7f0a098","a729bb1ee40f41249ee69f8f360b5d2a56dd183fb890307b439efab8b7f0a098","","","PROCESSED_OK","170","D:\AI\AITRASH\workspaces\project - Изменение масштаба для планировок квартир\09_outputs\_full_wip\20260727_full_mkd2\Корпус 2.2\х170_POZD_WEB_K2-2_s6_et2,6_2.ai","D:\AI\AITRASH\workspaces\project - Изменение масштаба для планировок квартир\09_outputs\_full_wip\20260727_full_mkd2\Корпус 2.2\х170_POZD_WEB_K2-2_s6_et2,6_2.png","4c387608a35208dd2d4f2ab9edb64287b178e9bcb89fc007a58d5f9a66b5bedb","034f87c3faa93f97330577df09c9c0b66af6c64db2fed1f587794a4623b054d4","D:\AI\AITRASH\workspaces\project - Изменение масштаба для планировок квартир\09_outputs\_diagnostics\full_20260727_full_mkd2\details\163_POZD_WEB_K2-2_s6_et2,6_2_attempt1.json","1","","OK","573.700433","514.512795","1.622966368","170","2698","1311","10","10","0","0","0","0","","1"
"164","Корпус 2.2","Корпус 2.2/POZD_WEB_K2-2_s6_et2,6_3.ai","D:\AI\AITRASH\LIBRARY\02_CATALOG\02_PRESALE_Поздняково\01_ARTIFACTS\МКД2\Корпус 2.2\POZD_WEB_K2-2_s6_et2,6_3.ai","D:\AI\AITRASH\LIBRARY\02_CATALOG\02_PRESALE_Поздняково\01_ARTIFACTS\МКД2\Корпус 2.2\POZD_WEB_K2-2_s6_et2,6_3.png","189069","42b915c5acd48314867204de0c9fed7f7c190be58043b6d3153723aa5c10c9ca","42b915c5acd48314867204de0c9fed7f7c190be58043b6d3153723aa5c10c9ca","","","PROCESSED_OK","170","D:\AI\AITRASH\workspaces\project - Изменение масштаба для планировок квартир\09_outputs\_full_wip\20260727_full_mkd2\Корпус 2.2\х170_POZD_WEB_K2-2_s6_et2,6_3.ai","D:\AI\AITRASH\workspaces\project - Изменение масштаба для планировок квартир\09_outputs\_full_wip\20260727_full_mkd2\Корпус 2.2\х170_POZD_WEB_K2-2_s6_et2,6_3.png","d7c58d1954aa3593f29426cc6008ab88efaa85d1ef136bb3e5b6d9ff6da68401","1a8beb892c9f704336ca8517cab97f208c9c6c1de478d3a127ab5913dc5b6e8c","D:\AI\AITRASH\workspaces\project - Изменение масштаба для планировок квартир\09_outputs\_diagnostics\full_20260727_full_mkd2\details\164_POZD_WEB_K2-2_s6_et2,6_3_attempt2.json","2","","OK","507.267704","548.120079","1.672221244","170","2334","1128","11","11","0","0","0","0","","1"
"165","Корпус 2.2","Корпус 2.2/POZD_WEB_K2-2_s6_et2_1.ai","D:\AI\AITRASH\LIBRARY\02_CATALOG\02_PRESALE_Поздняково\01_ARTIFACTS\МКД2\Корпус 2.2\POZD_WEB_K2-2_s6_et2_1.ai","D:\AI\AITRASH\LIBRARY\02_CATALOG\02_PRESALE_Поздняково\01_ARTIFACTS\МКД2\Корпус 2.2\POZD_WEB_K2-2_s6_et2_1.png","266625","d80e183d2d335e11c35ad552f4d59404d0a98ddb144c1c7584c2fd3f31d5afbc","d80e183d2d335e11c35ad552f4d59404d0a98ddb144c1c7584c2fd3f31d5afbc","","","PROCESSED_OK","120","D:\AI\AITRASH\workspaces\project - Изменение масштаба для планировок квартир\09_outputs\_full_wip\20260727_full_mkd2\Корпус 2.2\х120_POZD_WEB_K2-2_s6_et2_1.ai","D:\AI\AITRASH\workspaces\project - Изменение масштаба для планировок квартир\09_outputs\_full_wip\20260727_full_mkd2\Корпус 2.2\х120_POZD_WEB_K2-2_s6_et2_1.png","b60fbfd996335a1c57d10c3c94ef86ca6807d92c5c790244c664698bdef4e8e1","50f2edb7e3c587c090cfcea9ca1606cdf0a40a780ac9bc1e2fb4c585848161da","D:\AI\AITRASH\workspaces\project - Изменение масштаба для планировок квартир\09_outputs\_diagnostics\full_20260727_full_mkd2\details\165_POZD_WEB_K2-2_s6_et2_1_attempt1.json","1","","OK","635.835622","885.409449","1.175183527","120","4388","2138","10","10","0","0","0","0","","1"
"166","Корпус 2.2","Корпус 2.2/POZD_WEB_K2-2_s6_et2_4.ai","D:\AI\AITRASH\LIBRARY\02_CATALOG\02_PRESALE_Поздняково\01_ARTIFACTS\МКД2\Корпус 2.2\POZD_WEB_K2-2_s6_et2_4.ai","D:\AI\AITRASH\LIBRARY\02_CATALOG\02_PRESALE_Поздняково\01_ARTIFACTS\МКД2\Корпус 2.2\POZD_WEB_K2-2_s6_et2_4.png","168300","af6bf457fcb2516a37945be1ddce001d6ee7df627d5c671f4e955ecfcfde6112","af6bf457fcb2516a37945be1ddce001d6ee7df627d5c671f4e955ecfcfde6112","","","PROCESSED_OK","200","D:\AI\AITRASH\workspaces\project - Изменение масштаба для планировок квартир\09_outputs\_full_wip\20260727_full_mkd2\Корпус 2.2\х200_POZD_WEB_K2-2_s6_et2_4.ai","D:\AI\AITRASH\workspaces\project - Изменение масштаба для планировок квартир\09_outputs\_full_wip\20260727_full_mkd2\Корпус 2.2\х200_POZD_WEB_K2-2_s6_et2_4.png","0f3d8325b383c944c346daa8e7b51d028e8b5129aadedba437aea273461513be","e8bbaa03a38598cd4bb4db8ae6fb200f457485a52548540993bf78c0d8e108e4","D:\AI\AITRASH\workspaces\project - Изменение масштаба для планировок квартир\09_outputs\_diagnostics\full_20260727_full_mkd2\details\166_POZD_WEB_K2-2_s6_et2_4_attempt1.json","1","","OK","488.025591","392.181105","2.015512834","200","1795","864","11","11","0","0","0","0","","1"
"167","Корпус 2.2","Корпус 2.2/POZD_WEB_K2-2_s6_et2_5.ai","D:\AI\AITRASH\LIBRARY\02_CATALOG\02_PRESALE_Поздняково\01_ARTIFACTS\МКД2\Корпус 2.2\POZD_WEB_K2-2_s6_et2_5.ai","D:\AI\AITRASH\LIBRARY\02_CATALOG\02_PRESALE_Поздняково\01_ARTIFACTS\МКД2\Корпус 2.2\POZD_WEB_K2-2_s6_et2_5.png","156413","019615780ece1d237d9043415bd8ce3b0e0fd548a332baea4cb7faa6a8490c99","019615780ece1d237d9043415bd8ce3b0e0fd548a332baea4cb7faa6a8490c99","","","PROCESSED_OK","200","D:\AI\AITRASH\workspaces\project - Изменение масштаба для планировок квартир\09_outputs\_full_wip\20260727_full_mkd2\Корпус 2.2\х200_POZD_WEB_K2-2_s6_et2_5.ai","D:\AI\AITRASH\workspaces\project - Изменение масштаба для планировок квартир\09_outputs\_full_wip\20260727_full_mkd2\Корпус 2.2\х200_POZD_WEB_K2-2_s6_et2_5.png","5c8d039129bca170a28ccbfae669be1fca92b5b6dc525c4f349ed3ef8a03b4b4","3993d7c51af3ad9ab1ada3a05bae3fc9f8ee1ed730699ad9a60aa6fa13bd60ab","D:\AI\AITRASH\workspaces\project - Изменение масштаба для планировок квартир\09_outputs\_diagnostics\full_20260727_full_mkd2\details\167_POZD_WEB_K2-2_s6_et2_5_attempt1.json","1","","OK","460.087599","324.660437","2.281472564","200","1626","789","10","10","0","0","0","0","","1"
"168","Корпус 2.2","Корпус 2.2/POZD_WEB_K2-2_s6_et2_6.ai","D:\AI\AITRASH\LIBRARY\02_CATALOG\02_PRESALE_Поздняково\01_ARTIFACTS\МКД2\Корпус 2.2\POZD_WEB_K2-2_s6_et2_6.ai","D:\AI\AITRASH\LIBRARY\02_CATALOG\02_PRESALE_Поздняково\01_ARTIFACTS\МКД2\Корпус 2.2\POZD_WEB_K2-2_s6_et2_6.png","299297","79f3ae8395bb484e0b53c3e68a66493ff21e3962fad5975be31634c2b8497773","79f3ae8395bb484e0b53c3e68a66493ff21e3962fad5975be31634c2b8497773","","","PROCESSED_OK","120","D:\AI\AITRASH\workspaces\project - Изменение масштаба для планировок квартир\09_outputs\_full_wip\20260727_full_mkd2\Корпус 2.2\х120_POZD_WEB_K2-2_s6_et2_6.ai","D:\AI\AITRASH\workspaces\project - Изменение масштаба для планировок квартир\09_outputs\_full_wip\20260727_full_mkd2\Корпус 2.2\х120_POZD_WEB_K2-2_s6_et2_6.png","a39c6f5576474d353b7c2c064fa72ffa4be0f6b89e8b6e4d2be905f6b1714c06","41260df08f5c78beb4deea310793f5028e79ce29226a97d789c6a7e082557b49","D:\AI\AITRASH\workspaces\project - Изменение масштаба для планировок квартир\09_outputs\_diagnostics\full_20260727_full_mkd2\details\168_POZD_WEB_K2-2_s6_et2_6_attempt2.json","2","","OK","916.182087","557.72444","1.167890112","120","4714","2291","11","11","0","0","0","0","","1"
"169","Корпус 2.2","Корпус 2.2/POZD_WEB_K2-2_s6_et3,5_1.ai","D:\AI\AITRASH\LIBRARY\02_CATALOG\02_PRESALE_Поздняково\01_ARTIFACTS\МКД2\Корпус 2.2\POZD_WEB_K2-2_s6_et3,5_1.ai","D:\AI\AITRASH\LIBRARY\02_CATALOG\02_PRESALE_Поздняково\01_ARTIFACTS\МКД2\Корпус 2.2\POZD_WEB_K2-2_s6_et3,5_1.png","267441","f0f63916353faa3fc28311a0eb7771ec120c27743b6270e9cf25ce26bae743fe","f0f63916353faa3fc28311a0eb7771ec120c27743b6270e9cf25ce26bae743fe","","","PROCESSED_OK","120","D:\AI\AITRASH\workspaces\project - Изменение масштаба для планировок квартир\09_outputs\_full_wip\20260727_full_mkd2\Корпус 2.2\х120_POZD_WEB_K2-2_s6_et3,5_1.ai","D:\AI\AITRASH\workspaces\project - Изменение масштаба для планировок квартир\09_outputs\_full_wip\20260727_full_mkd2\Корпус 2.2\х120_POZD_WEB_K2-2_s6_et3,5_1.png","a3746ed02cec0f3f3c0a5be9a76a0a60997126537547e3bf6184a2b32127c7f0","b1b25f6ee6103e61d055be7bc41fdcb6f10693d0a96d711c052418a11e45af4c","D:\AI\AITRASH\workspaces\project - Изменение масштаба для планировок квартир\09_outputs\_diagnostics\full_20260727_full_mkd2\details\169_POZD_WEB_K2-2_s6_et3,5_1_attempt1.json","1","","OK","635.591001","885.409456","1.175409648","120","4424","2154","10","10","0","0","0","0","","1"
"170","Корпус 2.2","Корпус 2.2/POZD_WEB_K2-2_s6_et3,5_2.ai","D:\AI\AITRASH\LIBRARY\02_CATALOG\02_PRESALE_Поздняково\01_ARTIFACTS\МКД2\Корпус 2.2\POZD_WEB_K2-2_s6_et3,5_2.ai","D:\AI\AITRASH\LIBRARY\02_CATALOG\02_PRESALE_Поздняково\01_ARTIFACTS\МКД2\Корпус 2.2\POZD_WEB_K2-2_s6_et3,5_2.png","200071","a9a7a6faa5fe7f77a3a0877d15c55e904a359aedff61fb4c3c68cd0bfc48715d","a9a7a6faa5fe7f77a3a0877d15c55e904a359aedff61fb4c3c68cd0bfc48715d","","","PROCESSED_OK","170","D:\AI\AITRASH\workspaces\project - Изменение масштаба для планировок квартир\09_outputs\_full_wip\20260727_full_mkd2\Корпус 2.2\х170_POZD_WEB_K2-2_s6_et3,5_2.ai","D:\AI\AITRASH\workspaces\project - Изменение масштаба для планировок квартир\09_outputs\_full_wip\20260727_full_mkd2\Корпус 2.2\х170_POZD_WEB_K2-2_s6_et3,5_2.png","5cba39743255748de101c87840fa383db7761704261c102346572820be4cef76","f91f9cd18f348edb45c15345c149fbcd4d52fcf0bf86ed67218f4cbfdb223c7e","D:\AI\AITRASH\workspaces\project - Изменение масштаба для планировок квартир\09_outputs\_diagnostics\full_20260727_full_mkd2\details\170_POZD_WEB_K2-2_s6_et3,5_2_attempt1.json","1","","OK","573.598409","515.199331","1.622028888","170","2669","1291","10","10","0","0","0","0","","1"
"171","Корпус 2.2","Корпус 2.2/POZD_WEB_K2-2_s6_et3,5_3.ai","D:\AI\AITRASH\LIBRARY\02_CATALOG\02_PRESALE_Поздняково\01_ARTIFACTS\МКД2\Корпус 2.2\POZD_WEB_K2-2_s6_et3,5_3.ai","D:\AI\AITRASH\LIBRARY\02_CATALOG\02_PRESALE_Поздняково\01_ARTIFACTS\МКД2\Корпус 2.2\POZD_WEB_K2-2_s6_et3,5_3.png","189070","7c3e90b74666602aca10db234219139d1470c3f8364a565342415770c9df3afa","7c3e90b74666602aca10db234219139d1470c3f8364a565342415770c9df3afa","","","PROCESSED_OK","170","D:\AI\AITRASH\workspaces\project - Изменение масштаба для планировок квартир\09_outputs\_full_wip\20260727_full_mkd2\Корпус 2.2\х170_POZD_WEB_K2-2_s6_et3,5_3.ai","D:\AI\AITRASH\workspaces\project - Изменение масштаба для планировок квартир\09_outputs\_full_wip\20260727_full_mkd2\Корпус 2.2\х170_POZD_WEB_K2-2_s6_et3,5_3.png","d470fd913beb0e74007c201c2da1e87849b0cad9f20fcd2ace3eadd43d74aff7","7e63581ea9f10e2f3742b3dd22b59cbe1f1ffe24e261a9de3beb9fc3879f713c","D:\AI\AITRASH\workspaces\project - Изменение масштаба для планировок квартир\09_outputs\_diagnostics\full_20260727_full_mkd2\details\171_POZD_WEB_K2-2_s6_et3,5_3_attempt1.json","1","","OK","507.267748","520.182087","1.716539798","170","2356","1137","10","10","0","0","0","0","","1"
"172","Корпус 2.2","Корпус 2.2/POZD_WEB_K2-2_s6_et3,5_4.ai","D:\AI\AITRASH\LIBRARY\02_CATALOG\02_PRESALE_Поздняково\01_ARTIFACTS\МКД2\Корпус 2.2\POZD_WEB_K2-2_s6_et3,5_4.ai","D:\AI\AITRASH\LIBRARY\02_CATALOG\02_PRESALE_Поздняково\01_ARTIFACTS\МКД2\Корпус 2.2\POZD_WEB_K2-2_s6_et3,5_4.png","166395","4b17a19fb8468cb3d86b75d64643b4039da1fd86963df4286dd567332c6ef4af","4b17a19fb8468cb3d86b75d64643b4039da1fd86963df4286dd567332c6ef4af","","","PROCESSED_OK","200","D:\AI\AITRASH\workspaces\project - Изменение масштаба для планировок квартир\09_outputs\_full_wip\20260727_full_mkd2\Корпус 2.2\х200_POZD_WEB_K2-2_s6_et3,5_4.ai","D:\AI\AITRASH\workspaces\project - Изменение масштаба для планировок квартир\09_outputs\_full_wip\20260727_full_mkd2\Корпус 2.2\х200_POZD_WEB_K2-2_s6_et3,5_4.png","32abafba7e1158e93ffcfa69acd18245f6ef6e2ce4bad24e8feb3cefebdf6797","47366b49c4fd85f3dd5aa400c28a74d1fb7c51c5b80e0215fdf912a07d479ee2","D:\AI\AITRASH\workspaces\project - Изменение масштаба для планировок квартир\09_outputs\_diagnostics\full_20260727_full_mkd2\details\172_POZD_WEB_K2-2_s6_et3,5_4_attempt1.json","1","","OK","460.087599","392.181096","2.075805255","200","1787","860","10","10","0","0","0","0","","1"
"173","Корпус 2.2","Корпус 2.2/POZD_WEB_K2-2_s6_et3,5_5.ai","D:\AI\AITRASH\LIBRARY\02_CATALOG\02_PRESALE_Поздняково\01_ARTIFACTS\МКД2\Корпус 2.2\POZD_WEB_K2-2_s6_et3,5_5.ai","D:\AI\AITRASH\LIBRARY\02_CATALOG\02_PRESALE_Поздняково\01_ARTIFACTS\МКД2\Корпус 2.2\POZD_WEB_K2-2_s6_et3,5_5.png","154672","a28b6eb67f8907aa19db2e2b70dd4f9f101ad8987a774fc425a15b89972d3c5b","a28b6eb67f8907aa19db2e2b70dd4f9f101ad8987a774fc425a15b89972d3c5b","","","PROCESSED_OK","200","D:\AI\AITRASH\workspaces\project - Изменение масштаба для планировок квартир\09_outputs\_full_wip\20260727_full_mkd2\Корпус 2.2\х200_POZD_WEB_K2-2_s6_et3,5_5.ai","D:\AI\AITRASH\workspaces\project - Изменение масштаба для планировок квартир\09_outputs\_full_wip\20260727_full_mkd2\Корпус 2.2\х200_POZD_WEB_K2-2_s6_et3,5_5.png","d01c84b7a56843ef7b5ca76bbbf3934e112efe4f5319c223b15f260a54d93f8b","27a105ea41c82ddf8ac036674760cc3b5e582c7a674d4315c3cff970443fefa0","D:\AI\AITRASH\workspaces\project - Изменение масштаба для планировок квартир\09_outputs\_diagnostics\full_20260727_full_mkd2\details\173_POZD_WEB_K2-2_s6_et3,5_5_attempt1.json","1","","OK","460.087599","324.149616","2.283269521","200","1612","784","10","10","0","0","0","0","","1"
"174","Корпус 2.2","Корпус 2.2/POZD_WEB_K2-2_s6_et3_6.ai","D:\AI\AITRASH\LIBRARY\02_CATALOG\02_PRESALE_Поздняково\01_ARTIFACTS\МКД2\Корпус 2.2\POZD_WEB_K2-2_s6_et3_6.ai","D:\AI\AITRASH\LIBRARY\02_CATALOG\02_PRESALE_Поздняково\01_ARTIFACTS\МКД2\Корпус 2.2\POZD_WEB_K2-2_s6_et3_6.png","299219","bc5435a609e4aaff8f8c1f580fe7a826cdd125765f99a4d1139631dbfa244065","bc5435a609e4aaff8f8c1f580fe7a826cdd125765f99a4d1139631dbfa244065","","","PROCESSED_OK","120","D:\AI\AITRASH\workspaces\project - Изменение масштаба для планировок квартир\09_outputs\_full_wip\20260727_full_mkd2\Корпус 2.2\х120_POZD_WEB_K2-2_s6_et3_6.ai","D:\AI\AITRASH\workspaces\project - Изменение масштаба для планировок квартир\09_outputs\_full_wip\20260727_full_mkd2\Корпус 2.2\х120_POZD_WEB_K2-2_s6_et3_6.png","ad22ca9edbc430d9ae6d19c5df8fffba9baf37cb0b2a987716c7a44c4e3164b2","4530b641c0d203e39c672dfff336a460423bda677b19070543e6d62c160a01bd","D:\AI\AITRASH\workspaces\project - Изменение масштаба для планировок квартир\09_outputs\_diagnostics\full_20260727_full_mkd2\details\174_POZD_WEB_K2-2_s6_et3_6_attempt1.json","1","","OK","913.347441","557.724411","1.171514751","120","4708","2287","11","11","0","0","0","0","","1"
"175","Корпус 2.2","Корпус 2.2/POZD_WEB_K2-2_s6_et4_1.ai","D:\AI\AITRASH\LIBRARY\02_CATALOG\02_PRESALE_Поздняково\01_ARTIFACTS\МКД2\Корпус 2.2\POZD_WEB_K2-2_s6_et4_1.ai","D:\AI\AITRASH\LIBRARY\02_CATALOG\02_PRESALE_Поздняково\01_ARTIFACTS\МКД2\Корпус 2.2\POZD_WEB_K2-2_s6_et4_1.png","273994","bcaaa088105e83a902bc85bfa801b9485397bea8d1925b13d6195aa0efdd2ca0","bcaaa088105e83a902bc85bfa801b9485397bea8d1925b13d6195aa0efdd2ca0","","","PROCESSED_OK","120","D:\AI\AITRASH\workspaces\project - Изменение масштаба для планировок квартир\09_outputs\_full_wip\20260727_full_mkd2\Корпус 2.2\х120_POZD_WEB_K2-2_s6_et4_1.ai","D:\AI\AITRASH\workspaces\project - Изменение масштаба для планировок квартир\09_outputs\_full_wip\20260727_full_mkd2\Корпус 2.2\х120_POZD_WEB_K2-2_s6_et4_1.png","f59b576ec4d0b03dde34229d8f3b5d3cdf382b410af7d8816edbdf20f5c38009","aa0e5fe720eed767b04b0cb1383fdba5fb32a90971edab29f689073ff7e1bc23","D:\AI\AITRASH\workspaces\project - Изменение масштаба для планировок квартир\09_outputs\_diagnostics\full_20260727_full_mkd2\details\175_POZD_WEB_K2-2_s6_et4_1_attempt1.json","1","","OK","636.290477","913.063977","1.156836233","120","4526","2203","12","12","0","0","0","0","","1"
"176","Корпус 2.2","Корпус 2.2/POZD_WEB_K2-2_s6_et4_2.ai","D:\AI\AITRASH\LIBRARY\02_CATALOG\02_PRESALE_Поздняково\01_ARTIFACTS\МКД2\Корпус 2.2\POZD_WEB_K2-2_s6_et4_2.ai","D:\AI\AITRASH\LIBRARY\02_CATALOG\02_PRESALE_Поздняково\01_ARTIFACTS\МКД2\Корпус 2.2\POZD_WEB_K2-2_s6_et4_2.png","202287","2f4f6fe222a695a42ed87819f52b86332ed55740bf744d322aea536f8baf36b0","2f4f6fe222a695a42ed87819f52b86332ed55740bf744d322aea536f8baf36b0","","","PROCESSED_OK","150","D:\AI\AITRASH\workspaces\project - Изменение масштаба для планировок квартир\09_outputs\_full_wip\20260727_full_mkd2\Корпус 2.2\х150_POZD_WEB_K2-2_s6_et4_2.ai","D:\AI\AITRASH\workspaces\project - Изменение масштаба для планировок квартир\09_outputs\_full_wip\20260727_full_mkd2\Корпус 2.2\х150_POZD_WEB_K2-2_s6_et4_2.png","ebeeb42942cc1595bf40143bac3580c196b91f5ec27adf5f1df37e8d341199b6","a561d72e1e3ab1ef464fc4e614854cd5a2f28bc2af81f2a4f9a6bb66a9fcdd22","D:\AI\AITRASH\workspaces\project - Изменение масштаба для планировок квартир\09_outputs\_diagnostics\full_20260727_full_mkd2\details\176_POZD_WEB_K2-2_s6_et4_2_attempt1.json","1","","OK","573.598443","548.120079","1.572564115","150","2646","1284","11","11","0","0","0","0","","1"
"177","Корпус 2.2","Корпус 2.2/POZD_WEB_K2-2_s6_et4_3.ai","D:\AI\AITRASH\LIBRARY\02_CATALOG\02_PRESALE_Поздняково\01_ARTIFACTS\МКД2\Корпус 2.2\POZD_WEB_K2-2_s6_et4_3.ai","D:\AI\AITRASH\LIBRARY\02_CATALOG\02_PRESALE_Поздняково\01_ARTIFACTS\МКД2\Корпус 2.2\POZD_WEB_K2-2_s6_et4_3.png","189795","8bc3efe7c72b661101bb40d56a42a1a6d1a7fc410e14def8116c2448486ba30a","8bc3efe7c72b661101bb40d56a42a1a6d1a7fc410e14def8116c2448486ba30a","","","PROCESSED_OK","170","D:\AI\AITRASH\workspaces\project - Изменение масштаба для планировок квартир\09_outputs\_full_wip\20260727_full_mkd2\Корпус 2.2\х170_POZD_WEB_K2-2_s6_et4_3.ai","D:\AI\AITRASH\workspaces\project - Изменение масштаба для планировок квартир\09_outputs\_full_wip\20260727_full_mkd2\Корпус 2.2\х170_POZD_WEB_K2-2_s6_et4_3.png","77f2e22524ae860941d3202ee077e18d5bd763c9c6ff610516dc8fc541318aad","57bf188dab8d81d682194fae212e40dc0251d353eb845caa5e5fcf2b1199036d","D:\AI\AITRASH\workspaces\project - Изменение масштаба для планировок квартир\09_outputs\_diagnostics\full_20260727_full_mkd2\details\177_POZD_WEB_K2-2_s6_et4_3_attempt1.json","1","","OK","507.26774","520.182087","1.716539812","170","2356","1137","10","10","0","0","0","0","","1"
"178","Корпус 2.2","Корпус 2.2/POZD_WEB_K2-2_s6_et4_4.ai","D:\AI\AITRASH\LIBRARY\02_CATALOG\02_PRESALE_Поздняково\01_ARTIFACTS\МКД2\Корпус 2.2\POZD_WEB_K2-2_s6_et4_4.ai","D:\AI\AITRASH\LIBRARY\02_CATALOG\02_PRESALE_Поздняково\01_ARTIFACTS\МКД2\Корпус 2.2\POZD_WEB_K2-2_s6_et4_4.png","166542","5a55508c0626a0357aa34c151dea35a4de7a7b0c7e19201ca6dee46be5fc4bac","5a55508c0626a0357aa34c151dea35a4de7a7b0c7e19201ca6dee46be5fc4bac","","","PROCESSED_OK","200","D:\AI\AITRASH\workspaces\project - Изменение масштаба для планировок квартир\09_outputs\_full_wip\20260727_full_mkd2\Корпус 2.2\х200_POZD_WEB_K2-2_s6_et4_4.ai","D:\AI\AITRASH\workspaces\project - Изменение масштаба для планировок квартир\09_outputs\_full_wip\20260727_full_mkd2\Корпус 2.2\х200_POZD_WEB_K2-2_s6_et4_4.png","9c986ee9e1a76e144006a723ef69989271efbc8b541770c7071e6a0658277957","579e53a48f0b2d9004e58cf45e9a72c07693bcc077c83cf0d3f1702641f9f59e","D:\AI\AITRASH\workspaces\project - Изменение масштаба для планировок квартир\09_outputs\_diagnostics\full_20260727_full_mkd2\details\178_POZD_WEB_K2-2_s6_et4_4_attempt1.json","1","","OK","460.087599","392.18111","2.075805218","200","1781","857","10","10","0","0","0","0","","1"
"179","Корпус 2.2","Корпус 2.2/POZD_WEB_K2-2_s6_et4_5.ai","D:\AI\AITRASH\LIBRARY\02_CATALOG\02_PRESALE_Поздняково\01_ARTIFACTS\МКД2\Корпус 2.2\POZD_WEB_K2-2_s6_et4_5.ai","D:\AI\AITRASH\LIBRARY\02_CATALOG\02_PRESALE_Поздняково\01_ARTIFACTS\МКД2\Корпус 2.2\POZD_WEB_K2-2_s6_et4_5.png","156933","ce8b417ac5f0fd3e950e714eac773380417a85b4c8d49ef3e9d5e426d8d051db","ce8b417ac5f0fd3e950e714eac773380417a85b4c8d49ef3e9d5e426d8d051db","","","PROCESSED_OK","200","D:\AI\AITRASH\workspaces\project - Изменение масштаба для планировок квартир\09_outputs\_full_wip\20260727_full_mkd2\Корпус 2.2\х200_POZD_WEB_K2-2_s6_et4_5.ai","D:\AI\AITRASH\workspaces\project - Изменение масштаба для планировок квартир\09_outputs\_full_wip\20260727_full_mkd2\Корпус 2.2\х200_POZD_WEB_K2-2_s6_et4_5.png","82e2d72c5f31fc4acf65ea2545d05e1eca8bb1cdc606de82fa853a2837e5ae95","cccb4943375bf75598c165b6897c02bd6397b1e7677e55891b75c4c9af02e019","D:\AI\AITRASH\workspaces\project - Изменение масштаба для планировок квартир\09_outputs\_diagnostics\full_20260727_full_mkd2\details\179_POZD_WEB_K2-2_s6_et4_5_attempt1.json","1","","OK","488.025591","324.149614","2.192507974","200","1629","793","11","11","0","0","0","0","","1"
"180","Корпус 2.2","Корпус 2.2/POZD_WEB_K2-2_s6_et4_6.ai","D:\AI\AITRASH\LIBRARY\02_CATALOG\02_PRESALE_Поздняково\01_ARTIFACTS\МКД2\Корпус 2.2\POZD_WEB_K2-2_s6_et4_6.ai","D:\AI\AITRASH\LIBRARY\02_CATALOG\02_PRESALE_Поздняково\01_ARTIFACTS\МКД2\Корпус 2.2\POZD_WEB_K2-2_s6_et4_6.png","297518","2de19a929fd005799be7f8a52190ed7580f49647a9c3f3652ea445d0c38f9c6f","2de19a929fd005799be7f8a52190ed7580f49647a9c3f3652ea445d0c38f9c6f","","","PROCESSED_OK","120","D:\AI\AITRASH\workspaces\project - Изменение масштаба для планировок квартир\09_outputs\_full_wip\20260727_full_mkd2\Корпус 2.2\х120_POZD_WEB_K2-2_s6_et4_6.ai","D:\AI\AITRASH\workspaces\project - Изменение масштаба для планировок квартир\09_outputs\_full_wip\20260727_full_mkd2\Корпус 2.2\х120_POZD_WEB_K2-2_s6_et4_6.png","be87def03227ae47511ceea7f0f17c501c09f29fb99e97e3f031efb99239c451","8573de1f16392bbf2364774b123da3c001751c1f755f49659055be5a8ebfdc96","D:\AI\AITRASH\workspaces\project - Изменение масштаба для планировок квартир\09_outputs\_diagnostics\full_20260727_full_mkd2\details\180_POZD_WEB_K2-2_s6_et4_6_attempt1.json","1","","OK","888.244095","557.724404","1.204623826","120","4673","2271","10","10","0","0","0","0","","1"
"181","Корпус 2.2","Корпус 2.2/POZD_WEB_K2-2_s6_et5_6.ai","D:\AI\AITRASH\LIBRARY\02_CATALOG\02_PRESALE_Поздняково\01_ARTIFACTS\МКД2\Корпус 2.2\POZD_WEB_K2-2_s6_et5_6.ai","D:\AI\AITRASH\LIBRARY\02_CATALOG\02_PRESALE_Поздняково\01_ARTIFACTS\МКД2\Корпус 2.2\POZD_WEB_K2-2_s6_et5_6.png","296842","9c67d74b7ef4f606935da2d51d873accb7dc08050d4b6dc3529ffbee6e268cc8","9c67d74b7ef4f606935da2d51d873accb7dc08050d4b6dc3529ffbee6e268cc8","","","PROCESSED_OK","120","D:\AI\AITRASH\workspaces\project - Изменение масштаба для планировок квартир\09_outputs\_full_wip\20260727_full_mkd2\Корпус 2.2\х120_POZD_WEB_K2-2_s6_et5_6.ai","D:\AI\AITRASH\workspaces\project - Изменение масштаба для планировок квартир\09_outputs\_full_wip\20260727_full_mkd2\Корпус 2.2\х120_POZD_WEB_K2-2_s6_et5_6.png","1ec3c533b92e995718cc5a93b9833ebf18ce7a0bc0b554076d76ba0da68b1e89","7e1e2c48ef301fb6093e36ac16ec8adf0fa1ceaebb8db8beaa85b2d6f5010309","D:\AI\AITRASH\workspaces\project - Изменение масштаба для планировок квартир\09_outputs\_diagnostics\full_20260727_full_mkd2\details\181_POZD_WEB_K2-2_s6_et5_6_attempt1.json","1","","OK","888.244095","557.724432","1.204623826","120","4682","2275","10","10","0","0","0","0","","1"
"182","Корпус 2.2","Корпус 2.2/POZD_WEB_K2-2_s6_et6_1.ai","D:\AI\AITRASH\LIBRARY\02_CATALOG\02_PRESALE_Поздняково\01_ARTIFACTS\МКД2\Корпус 2.2\POZD_WEB_K2-2_s6_et6_1.ai","D:\AI\AITRASH\LIBRARY\02_CATALOG\02_PRESALE_Поздняково\01_ARTIFACTS\МКД2\Корпус 2.2\POZD_WEB_K2-2_s6_et6_1.png","272331","ea85c9d4e9f23665c3b3e7bb3c6fc9ccfb329d06ec60a045a3e5958a7c33df54","ea85c9d4e9f23665c3b3e7bb3c6fc9ccfb329d06ec60a045a3e5958a7c33df54","","","PROCESSED_OK","120","D:\AI\AITRASH\workspaces\project - Изменение масштаба для планировок квартир\09_outputs\_full_wip\20260727_full_mkd2\Корпус 2.2\х120_POZD_WEB_K2-2_s6_et6_1.ai","D:\AI\AITRASH\workspaces\project - Изменение масштаба для планировок квартир\09_outputs\_full_wip\20260727_full_mkd2\Корпус 2.2\х120_POZD_WEB_K2-2_s6_et6_1.png","4365e381efc449fee3de189ff8e88bca0613139a3b829d3c1d69dd0ffa56ece6","7d31fc3781ba2573563b5ea5ab9932a1e57237a5db9ef694121e6eaaab4b66c4","D:\AI\AITRASH\workspaces\project - Изменение масштаба для планировок квартир\09_outputs\_diagnostics\full_20260727_full_mkd2\details\182_POZD_WEB_K2-2_s6_et6_1_attempt1.json","1","","OK","636.404017","913.347441","1.15655352","120","4491","2188","11","11","0","0","0","0","","1"
"183","Корпус 2.2","Корпус 2.2/POZD_WEB_K2-2_s6_et6_6.ai","D:\AI\AITRASH\LIBRARY\02_CATALOG\02_PRESALE_Поздняково\01_ARTIFACTS\МКД2\Корпус 2.2\POZD_WEB_K2-2_s6_et6_6.ai","D:\AI\AITRASH\LIBRARY\02_CATALOG\02_PRESALE_Поздняково\01_ARTIFACTS\МКД2\Корпус 2.2\POZD_WEB_K2-2_s6_et6_6.png","312044","4d15241106e056f78f45310d8fb68f2781703dee8890b21041abe056f31150c5","4d15241106e056f78f45310d8fb68f2781703dee8890b21041abe056f31150c5","","","PROCESSED_OK","110","D:\AI\AITRASH\workspaces\project - Изменение масштаба для планировок квартир\09_outputs\_full_wip\20260727_full_mkd2\Корпус 2.2\х110_POZD_WEB_K2-2_s6_et6_6.ai","D:\AI\AITRASH\workspaces\project - Изменение масштаба для планировок квартир\09_outputs\_full_wip\20260727_full_mkd2\Корпус 2.2\х110_POZD_WEB_K2-2_s6_et6_6.png","4fd0506c058eedd0a31fc22c15a968363c8eedc529ce8e1cd11cece9136e093c","efecb90242959a3e51f57c66d2f14eb00f807083415ca50a4479eb2ba49d3214","D:\AI\AITRASH\workspaces\project - Изменение масштаба для планировок квартир\09_outputs\_diagnostics\full_20260727_full_mkd2\details\183_POZD_WEB_K2-2_s6_et6_6_attempt1.json","1","","OK","941.285433","557.7244","1.136743396","110","4767","2317","16","16","0","0","0","0","","1"
"184","Корпус 2.2","Корпус 2.2/POZD_WEB_K2-2_s7_et1,4_1.ai","D:\AI\AITRASH\LIBRARY\02_CATALOG\02_PRESALE_Поздняково\01_ARTIFACTS\МКД2\Корпус 2.2\POZD_WEB_K2-2_s7_et1,4_1.ai","D:\AI\AITRASH\LIBRARY\02_CATALOG\02_PRESALE_Поздняково\01_ARTIFACTS\МКД2\Корпус 2.2\POZD_WEB_K2-2_s7_et1,4_1.png","172508","4ff974bbae78d3673e99589358ef4fd3d97fc729d3924d586916da99629af7b8","4ff974bbae78d3673e99589358ef4fd3d97fc729d3924d586916da99629af7b8","","","PROCESSED_OK","170","D:\AI\AITRASH\workspaces\project - Изменение масштаба для планировок квартир\09_outputs\_full_wip\20260727_full_mkd2\Корпус 2.2\х170_POZD_WEB_K2-2_s7_et1,4_1.ai","D:\AI\AITRASH\workspaces\project - Изменение масштаба для планировок квартир\09_outputs\_full_wip\20260727_full_mkd2\Корпус 2.2\х170_POZD_WEB_K2-2_s7_et1,4_1.png","1fa23ee53bcf13128cf94c821adb749bc61d5ea67ef276d8d119a5845edac19d","b29e2dd9caabf0a9e40f584386a45dedaf4e043be4af5178b5b8a5674c3bc3a1","D:\AI\AITRASH\workspaces\project - Изменение масштаба для планировок квартир\09_outputs\_diagnostics\full_20260727_full_mkd2\details\184_POZD_WEB_K2-2_s7_et1,4_1_attempt1.json","1","","OK","533.913379","435.142717","1.829358984","170","1883","907","10","10","0","0","0","0","","1"
"185","Корпус 2.2","Корпус 2.2/POZD_WEB_K2-2_s7_et1_2.ai","D:\AI\AITRASH\LIBRARY\02_CATALOG\02_PRESALE_Поздняково\01_ARTIFACTS\МКД2\Корпус 2.2\POZD_WEB_K2-2_s7_et1_2.ai","D:\AI\AITRASH\LIBRARY\02_CATALOG\02_PRESALE_Поздняково\01_ARTIFACTS\МКД2\Корпус 2.2\POZD_WEB_K2-2_s7_et1_2.png","187892","632d0cc942da8d054f8bbbf026ab48395ca0b4d63d0f72152d61ed06a62d1771","632d0cc942da8d054f8bbbf026ab48395ca0b4d63d0f72152d61ed06a62d1771","","","PROCESSED_OK","150","D:\AI\AITRASH\workspaces\project - Изменение масштаба для планировок квартир\09_outputs\_full_wip\20260727_full_mkd2\Корпус 2.2\х150_POZD_WEB_K2-2_s7_et1_2.ai","D:\AI\AITRASH\workspaces\project - Изменение масштаба для планировок квартир\09_outputs\_full_wip\20260727_full_mkd2\Корпус 2.2\х150_POZD_WEB_K2-2_s7_et1_2.png","844263efe4aa0ecfe7f162a10b119018c94e2101fae4ecd795bb26ac61e7286a","192bc54cb74f26a1fd7f0c0793e5a3b48414f7448e60768cd281b955a498117b","D:\AI\AITRASH\workspaces\project - Изменение масштаба для планировок квартир\09_outputs\_diagnostics\full_20260727_full_mkd2\details\185_POZD_WEB_K2-2_s7_et1_2_attempt1.json","1","","OK","509.535433","634.543249","1.550716435","150","2321","1123","10","10","0","0","0","0","","1"
"186","Корпус 2.2","Корпус 2.2/POZD_WEB_K2-2_s7_et1_3.ai","D:\AI\AITRASH\LIBRARY\02_CATALOG\02_PRESALE_Поздняково\01_ARTIFACTS\МКД2\Корпус 2.2\POZD_WEB_K2-2_s7_et1_3.ai","D:\AI\AITRASH\LIBRARY\02_CATALOG\02_PRESALE_Поздняково\01_ARTIFACTS\МКД2\Корпус 2.2\POZD_WEB_K2-2_s7_et1_3.png","173807","f6c3c738077b31400c56a43b93ab07e5c9946b390e6a844fac01d7b2b8fe40d9","f6c3c738077b31400c56a43b93ab07e5c9946b390e6a844fac01d7b2b8fe40d9","","","PROCESSED_OK","200","D:\AI\AITRASH\workspaces\project - Изменение масштаба для планировок квартир\09_outputs\_full_wip\20260727_full_mkd2\Корпус 2.2\х200_POZD_WEB_K2-2_s7_et1_3.ai","D:\AI\AITRASH\workspaces\project - Изменение масштаба для планировок квартир\09_outputs\_full_wip\20260727_full_mkd2\Корпус 2.2\х200_POZD_WEB_K2-2_s7_et1_3.png","785fc6f6fe533cae99b3c6a884308908edd83ab949150b497240d33a7d9e1a8b","980761d9c15e756b226c6c8e6411fa1a8e75963b1df75774fccf77874fe64046","D:\AI\AITRASH\workspaces\project - Изменение масштаба для планировок квартир\09_outputs\_diagnostics\full_20260727_full_mkd2\details\186_POZD_WEB_K2-2_s7_et1_3_attempt1.json","1","","OK","478.921255","448.874019","1.901760875","200","1841","890","11","11","0","0","0","0","","1"
"187","Корпус 2.2","Корпус 2.2/POZD_WEB_K2-2_s7_et1_4.ai","D:\AI\AITRASH\LIBRARY\02_CATALOG\02_PRESALE_Поздняково\01_ARTIFACTS\МКД2\Корпус 2.2\POZD_WEB_K2-2_s7_et1_4.ai","D:\AI\AITRASH\LIBRARY\02_CATALOG\02_PRESALE_Поздняково\01_ARTIFACTS\МКД2\Корпус 2.2\POZD_WEB_K2-2_s7_et1_4.png","173994","4e19d057f0ee671b582c0dc7b8afbcd9b92def432e6c956ffc7f7c32b22ad139","4e19d057f0ee671b582c0dc7b8afbcd9b92def432e6c956ffc7f7c32b22ad139","","","PROCESSED_OK","200","D:\AI\AITRASH\workspaces\project - Изменение масштаба для планировок квартир\09_outputs\_full_wip\20260727_full_mkd2\Корпус 2.2\х200_POZD_WEB_K2-2_s7_et1_4.ai","D:\AI\AITRASH\workspaces\project - Изменение масштаба для планировок квартир\09_outputs\_full_wip\20260727_full_mkd2\Корпус 2.2\х200_POZD_WEB_K2-2_s7_et1_4.png","d21e4fed926e6f43eb5423ca039e8ea1051e5d9685c29b8c497de6ecb23cf3f3","ecf206e21d3d4514c39dd0771fe9cd9794c7187cc25385290664d2c82f365b60","D:\AI\AITRASH\workspaces\project - Изменение масштаба для планировок квартир\09_outputs\_diagnostics\full_20260727_full_mkd2\details\187_POZD_WEB_K2-2_s7_et1_4_attempt1.json","1","","OK","451.425198","485.03248","1.884394766","200","1771","857","11","11","0","0","0","0","","1"
"188","Корпус 2.2","Корпус 2.2/POZD_WEB_K2-2_s7_et1_5.ai","D:\AI\AITRASH\LIBRARY\02_CATALOG\02_PRESALE_Поздняково\01_ARTIFACTS\МКД2\Корпус 2.2\POZD_WEB_K2-2_s7_et1_5.ai","D:\AI\AITRASH\LIBRARY\02_CATALOG\02_PRESALE_Поздняково\01_ARTIFACTS\МКД2\Корпус 2.2\POZD_WEB_K2-2_s7_et1_5.png","207501","a63efdd041f75dec228e619b47018925f68fe2b2dd9b48caf3f27f5cdfaf3271","a63efdd041f75dec228e619b47018925f68fe2b2dd9b48caf3f27f5cdfaf3271","","","PROCESSED_OK","170","D:\AI\AITRASH\workspaces\project - Изменение масштаба для планировок квартир\09_outputs\_full_wip\20260727_full_mkd2\Корпус 2.2\х170_POZD_WEB_K2-2_s7_et1_5.ai","D:\AI\AITRASH\workspaces\project - Изменение масштаба для планировок квартир\09_outputs\_full_wip\20260727_full_mkd2\Корпус 2.2\х170_POZD_WEB_K2-2_s7_et1_5.png","5ea67ebe684829ee03b480685a9c6a5deabe395a54e1db0784e6f49e2f825804","d7afd75adaa46209a5e6df735687882d0176a0ea266e4802ef42713b4c95b0d9","D:\AI\AITRASH\workspaces\project - Изменение масштаба для планировок квартир\09_outputs\_diagnostics\full_20260727_full_mkd2\details\188_POZD_WEB_K2-2_s7_et1_5_attempt1.json","1","","OK","573.598411","524.84252","1.607058636","170","2636","1280","11","11","0","0","0","0","","1"
"189","Корпус 2.2","Корпус 2.2/POZD_WEB_K2-2_s7_et2,5_2.ai","D:\AI\AITRASH\LIBRARY\02_CATALOG\02_PRESALE_Поздняково\01_ARTIFACTS\МКД2\Корпус 2.2\POZD_WEB_K2-2_s7_et2,5_2.ai","D:\AI\AITRASH\LIBRARY\02_CATALOG\02_PRESALE_Поздняково\01_ARTIFACTS\МКД2\Корпус 2.2\POZD_WEB_K2-2_s7_et2,5_2.png","171082","037a572577ca3de1c74bb49c4ee2ec94d0a88f8e45b2b4a49dc6884c54353e86","037a572577ca3de1c74bb49c4ee2ec94d0a88f8e45b2b4a49dc6884c54353e86","","","PROCESSED_OK","170","D:\AI\AITRASH\workspaces\project - Изменение масштаба для планировок квартир\09_outputs\_full_wip\20260727_full_mkd2\Корпус 2.2\х170_POZD_WEB_K2-2_s7_et2,5_2.ai","D:\AI\AITRASH\workspaces\project - Изменение масштаба для планировок квартир\09_outputs\_full_wip\20260727_full_mkd2\Корпус 2.2\х170_POZD_WEB_K2-2_s7_et2,5_2.png","eeefd39a759b0ebc431b139931501f7c4cb92c0b9bfc50e04650e00cbe9df15b","692c5e1c1538ceec9ad02f5ff833a66a512a1731904a33489a3fae0c0e21dbaa","D:\AI\AITRASH\workspaces\project - Изменение масштаба для планировок квартир\09_outputs\_diagnostics\full_20260727_full_mkd2\details\189_POZD_WEB_K2-2_s7_et2,5_2_attempt1.json","1","","OK","509.535433","448.874025","1.843744621","170","1891","910","10","10","0","0","0","0","","1"
"190","Корпус 2.2","Корпус 2.2/POZD_WEB_K2-2_s7_et2,6_4.ai","D:\AI\AITRASH\LIBRARY\02_CATALOG\02_PRESALE_Поздняково\01_ARTIFACTS\МКД2\Корпус 2.2\POZD_WEB_K2-2_s7_et2,6_4.ai","D:\AI\AITRASH\LIBRARY\02_CATALOG\02_PRESALE_Поздняково\01_ARTIFACTS\МКД2\Корпус 2.2\POZD_WEB_K2-2_s7_et2,6_4.png","205748","9423fab096b2080668819be8c279ee172c72f492b414ba6f4b61191dc5285f64","9423fab096b2080668819be8c279ee172c72f492b414ba6f4b61191dc5285f64","","","PROCESSED_OK","170","D:\AI\AITRASH\workspaces\project - Изменение масштаба для планировок квартир\09_outputs\_full_wip\20260727_full_mkd2\Корпус 2.2\х170_POZD_WEB_K2-2_s7_et2,6_4.ai","D:\AI\AITRASH\workspaces\project - Изменение масштаба для планировок квартир\09_outputs\_full_wip\20260727_full_mkd2\Корпус 2.2\х170_POZD_WEB_K2-2_s7_et2,6_4.png","6eda8772946b0b60b7a7eb6ec624df941eb9a4dae3c7edb8839c7eeb5e6fdfbd","12451791ca7ceecf3b6ac28014bf1a7c090c1a9494117cbe8ffee79a62af5581","D:\AI\AITRASH\workspaces\project - Изменение масштаба для планировок квартир\09_outputs\_diagnostics\full_20260727_full_mkd2\details\190_POZD_WEB_K2-2_s7_et2,6_4_attempt1.json","1","","OK","573.598409","512.970473","1.625548928","170","2515","1220","11","11","0","0","0","0","","1"
"191","Корпус 2.2","Корпус 2.2/POZD_WEB_K2-2_s7_et2_1.ai","D:\AI\AITRASH\LIBRARY\02_CATALOG\02_PRESALE_Поздняково\01_ARTIFACTS\МКД2\Корпус 2.2\POZD_WEB_K2-2_s7_et2_1.ai","D:\AI\AITRASH\LIBRARY\02_CATALOG\02_PRESALE_Поздняково\01_ARTIFACTS\МКД2\Корпус 2.2\POZD_WEB_K2-2_s7_et2_1.png","172290","80bcf11328c39ad80c3a9f03cd1779723a57bf86ff49471de438507fd05b59f2","80bcf11328c39ad80c3a9f03cd1779723a57bf86ff49471de438507fd05b59f2","","","PROCESSED_OK","170","D:\AI\AITRASH\workspaces\project - Изменение масштаба для планировок квартир\09_outputs\_full_wip\20260727_full_mkd2\Корпус 2.2\х170_POZD_WEB_K2-2_s7_et2_1.ai","D:\AI\AITRASH\workspaces\project - Изменение масштаба для планировок квартир\09_outputs\_full_wip\20260727_full_mkd2\Корпус 2.2\х170_POZD_WEB_K2-2_s7_et2_1.png","82c5c9ed9410b584e69266824dd2c737ddb6d5a20b182e8fc3dcdde2fede71df","6cb5aebca253226716f6e73179891b65dade9a8823fa9c07335daf508241525b","D:\AI\AITRASH\workspaces\project - Изменение масштаба для планировок квартир\09_outputs\_diagnostics\full_20260727_full_mkd2\details\191_POZD_WEB_K2-2_s7_et2_1_attempt1.json","1","","OK","533.663386","463.080709","1.773732609","170","1910","921","11","11","0","0","0","0","","1"
"192","Корпус 2.2","Корпус 2.2/POZD_WEB_K2-2_s7_et2_3.ai","D:\AI\AITRASH\LIBRARY\02_CATALOG\02_PRESALE_Поздняково\01_ARTIFACTS\МКД2\Корпус 2.2\POZD_WEB_K2-2_s7_et2_3.ai","D:\AI\AITRASH\LIBRARY\02_CATALOG\02_PRESALE_Поздняково\01_ARTIFACTS\МКД2\Корпус 2.2\POZD_WEB_K2-2_s7_et2_3.png","197486","c1d2fb47593ccf8b1274ef1c8fdad1a431a712aeb3d0e6a51f837b2eeb60866d","c1d2fb47593ccf8b1274ef1c8fdad1a431a712aeb3d0e6a51f837b2eeb60866d","","","PROCESSED_OK","170","D:\AI\AITRASH\workspaces\project - Изменение масштаба для планировок квартир\09_outputs\_full_wip\20260727_full_mkd2\Корпус 2.2\х170_POZD_WEB_K2-2_s7_et2_3.ai","D:\AI\AITRASH\workspaces\project - Изменение масштаба для планировок квартир\09_outputs\_full_wip\20260727_full_mkd2\Корпус 2.2\х170_POZD_WEB_K2-2_s7_et2_3.png","dbcf322d3360e911fd7393f4b9afc3d35ccbbdfef24526ebe4fc1552c944e3f9","6746ef163b3e523d24b0299951737b261e51992e4c43f2a27d835564e76515fb","D:\AI\AITRASH\workspaces\project - Изменение масштаба для планировок квартир\09_outputs\_diagnostics\full_20260727_full_mkd2\details\192_POZD_WEB_K2-2_s7_et2_3_attempt1.json","1","","OK","509.5968","448.890347","1.843600085","170","2380","1150","9","9","0","0","0","0","","1"
"193","Корпус 2.2","Корпус 2.2/POZD_WEB_K2-2_s7_et2_5.ai","D:\AI\AITRASH\LIBRARY\02_CATALOG\02_PRESALE_Поздняково\01_ARTIFACTS\МКД2\Корпус 2.2\POZD_WEB_K2-2_s7_et2_5.ai","D:\AI\AITRASH\LIBRARY\02_CATALOG\02_PRESALE_Поздняково\01_ARTIFACTS\МКД2\Корпус 2.2\POZD_WEB_K2-2_s7_et2_5.png","209521","2422023ac83a062e4bace1469969211b87830a5d2278b31926f808d69e52a967","2422023ac83a062e4bace1469969211b87830a5d2278b31926f808d69e52a967","","","PROCESSED_OK","170","D:\AI\AITRASH\workspaces\project - Изменение масштаба для планировок квартир\09_outputs\_full_wip\20260727_full_mkd2\Корпус 2.2\х170_POZD_WEB_K2-2_s7_et2_5.ai","D:\AI\AITRASH\workspaces\project - Изменение масштаба для планировок квартир\09_outputs\_full_wip\20260727_full_mkd2\Корпус 2.2\х170_POZD_WEB_K2-2_s7_et2_5.png","47433ce6a24722ea42af70643d15732c92200e3a7e597607691f2376db86ec13","18bd79a34bd3c054e714b96b5813c00da1cbf3af274ab81011d28188110369f2","D:\AI\AITRASH\workspaces\project - Изменение масштаба для планировок квартир\09_outputs\_diagnostics\full_20260727_full_mkd2\details\193_POZD_WEB_K2-2_s7_et2_5_attempt1.json","1","","OK","573.598425","513.310687","1.625010123","170","2680","1299","13","13","0","0","0","0","","1"
"194","Корпус 2.2","Корпус 2.2/POZD_WEB_K2-2_s7_et2_6.ai","D:\AI\AITRASH\LIBRARY\02_CATALOG\02_PRESALE_Поздняково\01_ARTIFACTS\МКД2\Корпус 2.2\POZD_WEB_K2-2_s7_et2_6.ai","D:\AI\AITRASH\LIBRARY\02_CATALOG\02_PRESALE_Поздняково\01_ARTIFACTS\МКД2\Корпус 2.2\POZD_WEB_K2-2_s7_et2_6.png","223409","b6feffcd38cf492f583be2c4a24321117fd69e03b66df0c6af37eb924ed7bc70","b6feffcd38cf492f583be2c4a24321117fd69e03b66df0c6af37eb924ed7bc70","","","PROCESSED_OK","110","D:\AI\AITRASH\workspaces\project - Изменение масштаба для планировок квартир\09_outputs\_full_wip\20260727_full_mkd2\Корпус 2.2\х110_POZD_WEB_K2-2_s7_et2_6.ai","D:\AI\AITRASH\workspaces\project - Изменение масштаба для планировок квартир\09_outputs\_full_wip\20260727_full_mkd2\Корпус 2.2\х110_POZD_WEB_K2-2_s7_et2_6.png","126fd6fc2eae12be7a0756fb292e60788274f49440eae16f06220cb39bb590b3","731d6ddc4f5a785d5678581cc12dc8211a5af61d03372dcd552bbf001456a83d","D:\AI\AITRASH\workspaces\project - Изменение масштаба для планировок квартир\09_outputs\_diagnostics\full_20260727_full_mkd2\details\194_POZD_WEB_K2-2_s7_et2_6_attempt1.json","1","","OK","573.598409","936.308072","1.14278626","110","3328","1613","11","11","0","0","0","0","","1"
"195","Корпус 2.2","Корпус 2.2/POZD_WEB_K2-2_s7_et3,5_1.ai","D:\AI\AITRASH\LIBRARY\02_CATALOG\02_PRESALE_Поздняково\01_ARTIFACTS\МКД2\Корпус 2.2\POZD_WEB_K2-2_s7_et3,5_1.ai","D:\AI\AITRASH\LIBRARY\02_CATALOG\02_PRESALE_Поздняково\01_ARTIFACTS\МКД2\Корпус 2.2\POZD_WEB_K2-2_s7_et3,5_1.png","171786","efbe229ddf142114d762689a194caddb92ddcb13425b427303e2d6da529f0ff2","efbe229ddf142114d762689a194caddb92ddcb13425b427303e2d6da529f0ff2","","","PROCESSED_OK","170","D:\AI\AITRASH\workspaces\project - Изменение масштаба для планировок квартир\09_outputs\_full_wip\20260727_full_mkd2\Корпус 2.2\х170_POZD_WEB_K2-2_s7_et3,5_1.ai","D:\AI\AITRASH\workspaces\project - Изменение масштаба для планировок квартир\09_outputs\_full_wip\20260727_full_mkd2\Корпус 2.2\х170_POZD_WEB_K2-2_s7_et3,5_1.png","ad7d1c3a5c20bea460f0b01bbe12c9908f839bb3557dafa544c223641f371c22","ca0259c60b159b4a198c6dced657155e2c56a4a758fdfd8e53c5c619704ea92c","D:\AI\AITRASH\workspaces\project - Изменение масштаба для планировок квартир\09_outputs\_diagnostics\full_20260727_full_mkd2\details\195_POZD_WEB_K2-2_s7_et3,5_1_attempt1.json","1","","OK","533.913359","435.142717","1.829359018","170","1895","912","10","10","0","0","0","0","","1"
"196","Корпус 2.2","Корпус 2.2/POZD_WEB_K2-2_s7_et3,5_3.ai","D:\AI\AITRASH\LIBRARY\02_CATALOG\02_PRESALE_Поздняково\01_ARTIFACTS\МКД2\Корпус 2.2\POZD_WEB_K2-2_s7_et3,5_3.ai","D:\AI\AITRASH\LIBRARY\02_CATALOG\02_PRESALE_Поздняково\01_ARTIFACTS\МКД2\Корпус 2.2\POZD_WEB_K2-2_s7_et3,5_3.png","200068","0c9adb6270c8f0f6f3fd4dcd425493218ea4a0e747a4552f467d0f15ce48079e","0c9adb6270c8f0f6f3fd4dcd425493218ea4a0e747a4552f467d0f15ce48079e","","","PROCESSED_OK","170","D:\AI\AITRASH\workspaces\project - Изменение масштаба для планировок квартир\09_outputs\_full_wip\20260727_full_mkd2\Корпус 2.2\х170_POZD_WEB_K2-2_s7_et3,5_3.ai","D:\AI\AITRASH\workspaces\project - Изменение масштаба для планировок квартир\09_outputs\_full_wip\20260727_full_mkd2\Корпус 2.2\х170_POZD_WEB_K2-2_s7_et3,5_3.png","0750bcd36eb8aed3a857d04fb9c60f82a5b8d9d60724be750514972838856240","f4503b9de9f1d29d013fe772618dcdaf0f74b25ce2961c9f347c4600f4afc677","D:\AI\AITRASH\workspaces\project - Изменение масштаба для планировок квартир\09_outputs\_diagnostics\full_20260727_full_mkd2\details\196_POZD_WEB_K2-2_s7_et3,5_3_attempt1.json","1","","OK","509.5968","448.890347","1.843600085","170","2436","1174","10","10","0","0","0","0","","1"
"197","Корпус 2.2","Корпус 2.2/POZD_WEB_K2-2_s7_et3,5_4.ai","D:\AI\AITRASH\LIBRARY\02_CATALOG\02_PRESALE_Поздняково\01_ARTIFACTS\МКД2\Корпус 2.2\POZD_WEB_K2-2_s7_et3,5_4.ai","D:\AI\AITRASH\LIBRARY\02_CATALOG\02_PRESALE_Поздняково\01_ARTIFACTS\МКД2\Корпус 2.2\POZD_WEB_K2-2_s7_et3,5_4.png","202155","95530577dcabd639e1b5962f37288aa673802bee703bbeb1d7e40b40cf486b48","95530577dcabd639e1b5962f37288aa673802bee703bbeb1d7e40b40cf486b48","","","PROCESSED_OK","170","D:\AI\AITRASH\workspaces\project - Изменение масштаба для планировок квартир\09_outputs\_full_wip\20260727_full_mkd2\Корпус 2.2\х170_POZD_WEB_K2-2_s7_et3,5_4.ai","D:\AI\AITRASH\workspaces\project - Изменение масштаба для планировок квартир\09_outputs\_full_wip\20260727_full_mkd2\Корпус 2.2\х170_POZD_WEB_K2-2_s7_et3,5_4.png","160ada0a61b3de021c9b744c4b9ee4d103cd380ce31d2538e5dbc8b50e6e526a","82cd725495c1bb19f1253dd83a580ba10c318ebe5cdcc2f7046682358c0ec4d2","D:\AI\AITRASH\workspaces\project - Изменение масштаба для планировок квартир\09_outputs\_diagnostics\full_20260727_full_mkd2\details\197_POZD_WEB_K2-2_s7_et3,5_4_attempt1.json","1","","OK","573.598433","485.03248","1.671709497","170","2477","1201","10","10","0","0","0","0","","1"
"198","Корпус 2.2","Корпус 2.2/POZD_WEB_K2-2_s7_et3,5_5.ai","D:\AI\AITRASH\LIBRARY\02_CATALOG\02_PRESALE_Поздняково\01_ARTIFACTS\МКД2\Корпус 2.2\POZD_WEB_K2-2_s7_et3,5_5.ai","D:\AI\AITRASH\LIBRARY\02_CATALOG\02_PRESALE_Поздняково\01_ARTIFACTS\МКД2\Корпус 2.2\POZD_WEB_K2-2_s7_et3,5_5.png","205086","a1ca669b0b57419366c1188b1f562e835c3dfeba411a2d791f9c0380f8096074","a1ca669b0b57419366c1188b1f562e835c3dfeba411a2d791f9c0380f8096074","","","PROCESSED_OK","170","D:\AI\AITRASH\workspaces\project - Изменение масштаба для планировок квартир\09_outputs\_full_wip\20260727_full_mkd2\Корпус 2.2\х170_POZD_WEB_K2-2_s7_et3,5_5.ai","D:\AI\AITRASH\workspaces\project - Изменение масштаба для планировок квартир\09_outputs\_full_wip\20260727_full_mkd2\Корпус 2.2\х170_POZD_WEB_K2-2_s7_et3,5_5.png","d67eb56cdbf7be57b00b869f9be065a8878be56211aa30c48e1be629687cb20f","807ef423f5d877fb441a7bb20526a87b1fa95b7c10a51928295744dd6e705b2b","D:\AI\AITRASH\workspaces\project - Изменение масштаба для планировок квартир\09_outputs\_diagnostics\full_20260727_full_mkd2\details\198_POZD_WEB_K2-2_s7_et3,5_5_attempt1.json","1","","OK","573.598398","485.03248","1.671709548","170","2608","1264","10","10","0","0","0","0","","1"
"199","Корпус 2.2","Корпус 2.2/POZD_WEB_K2-2_s7_et3,5_6.ai","D:\AI\AITRASH\LIBRARY\02_CATALOG\02_PRESALE_Поздняково\01_ARTIFACTS\МКД2\Корпус 2.2\POZD_WEB_K2-2_s7_et3,5_6.ai","D:\AI\AITRASH\LIBRARY\02_CATALOG\02_PRESALE_Поздняково\01_ARTIFACTS\МКД2\Корпус 2.2\POZD_WEB_K2-2_s7_et3,5_6.png","228662","153611d8b0daea44341e46bc4d8d05abe920c0cc99a84020f7e0869dc67caec1","153611d8b0daea44341e46bc4d8d05abe920c0cc99a84020f7e0869dc67caec1","","","PROCESSED_OK","120","D:\AI\AITRASH\workspaces\project - Изменение масштаба для планировок квартир\09_outputs\_full_wip\20260727_full_mkd2\Корпус 2.2\х120_POZD_WEB_K2-2_s7_et3,5_6.ai","D:\AI\AITRASH\workspaces\project - Изменение масштаба для планировок квартир\09_outputs\_full_wip\20260727_full_mkd2\Корпус 2.2\х120_POZD_WEB_K2-2_s7_et3,5_6.png","5964e832914bdc54cb3591989d0ced360ba15747cddaac7d270400c49a331698","002808c5484d958de224220ac0c311bacfde2b908c1251926aba745878df629d","D:\AI\AITRASH\workspaces\project - Изменение масштаба для планировок квартир\09_outputs\_diagnostics\full_20260727_full_mkd2\details\199_POZD_WEB_K2-2_s7_et3,5_6_attempt1.json","1","","OK","573.843006","885.409426","1.208480471","120","3433","1665","11","11","0","0","0","0","","1"
"200","Корпус 2.2","Корпус 2.2/POZD_WEB_K2-2_s7_et3,6_2.ai","D:\AI\AITRASH\LIBRARY\02_CATALOG\02_PRESALE_Поздняково\01_ARTIFACTS\МКД2\Корпус 2.2\POZD_WEB_K2-2_s7_et3,6_2.ai","D:\AI\AITRASH\LIBRARY\02_CATALOG\02_PRESALE_Поздняково\01_ARTIFACTS\МКД2\Корпус 2.2\POZD_WEB_K2-2_s7_et3,6_2.png","171596","1ad982fe58e5340fd6ae7cf4185e471bc6a8d8736e15f2087dfd31533d3f08ee","1ad982fe58e5340fd6ae7cf4185e471bc6a8d8736e15f2087dfd31533d3f08ee","","","PROCESSED_OK","170","D:\AI\AITRASH\workspaces\project - Изменение масштаба для планировок квартир\09_outputs\_full_wip\20260727_full_mkd2\Корпус 2.2\х170_POZD_WEB_K2-2_s7_et3,6_2.ai","D:\AI\AITRASH\workspaces\project - Изменение масштаба для планировок квартир\09_outputs\_full_wip\20260727_full_mkd2\Корпус 2.2\х170_POZD_WEB_K2-2_s7_et3,6_2.png","bce3b12b73deed736d30b572006ab807de45c21aadfc175cbbe974f106f7bd72","6df4c3aecc90bae121ca6ea69f6f77c5b80ab8dd39c97a812c2fec4c3f2dd2c3","D:\AI\AITRASH\workspaces\project - Изменение масштаба для планировок квартир\09_outputs\_diagnostics\full_20260727_full_mkd2\details\200_POZD_WEB_K2-2_s7_et3,6_2_attempt1.json","1","","OK","509.535433","448.874011","1.84374465","170","1903","915","10","10","0","0","0","0","","1"
"201","Корпус 2.2","Корпус 2.2/POZD_WEB_K2-2_s7_et4_2.ai","D:\AI\AITRASH\LIBRARY\02_CATALOG\02_PRESALE_Поздняково\01_ARTIFACTS\МКД2\Корпус 2.2\POZD_WEB_K2-2_s7_et4_2.ai","D:\AI\AITRASH\LIBRARY\02_CATALOG\02_PRESALE_Поздняково\01_ARTIFACTS\МКД2\Корпус 2.2\POZD_WEB_K2-2_s7_et4_2.png","174805","eee9f2a0ff8abe0b3fd8dc91585e342f6d7e5e6ef90f4488a6da5dd6acb3f502","eee9f2a0ff8abe0b3fd8dc91585e342f6d7e5e6ef90f4488a6da5dd6acb3f502","","","PROCESSED_OK","170","D:\AI\AITRASH\workspaces\project - Изменение масштаба для планировок квартир\09_outputs\_full_wip\20260727_full_mkd2\Корпус 2.2\х170_POZD_WEB_K2-2_s7_et4_2.ai","D:\AI\AITRASH\workspaces\project - Изменение масштаба для планировок квартир\09_outputs\_full_wip\20260727_full_mkd2\Корпус 2.2\х170_POZD_WEB_K2-2_s7_et4_2.png","3b8d6f8e5108afa8b109af806bea2607ec371fde8ec49ec40b964ac91404780c","c6337958e743afdd2034eb5d10c22145efe53bc75cb23b54fd2a55c7bd1164ef","D:\AI\AITRASH\workspaces\project - Изменение масштаба для планировок квартир\09_outputs\_diagnostics\full_20260727_full_mkd2\details\201_POZD_WEB_K2-2_s7_et4_2_attempt1.json","1","","OK","509.535433","476.811957","1.788913885","170","1949","939","11","11","0","0","0","0","","1"
"202","Корпус 2.2","Корпус 2.2/POZD_WEB_K2-2_s7_et4_3.ai","D:\AI\AITRASH\LIBRARY\02_CATALOG\02_PRESALE_Поздняково\01_ARTIFACTS\МКД2\Корпус 2.2\POZD_WEB_K2-2_s7_et4_3.ai","D:\AI\AITRASH\LIBRARY\02_CATALOG\02_PRESALE_Поздняково\01_ARTIFACTS\МКД2\Корпус 2.2\POZD_WEB_K2-2_s7_et4_3.png","201981","fb6d6ccadd6c9d127ae4e6438efd1a5ef0f7a2442845fa50524723963a602178","fb6d6ccadd6c9d127ae4e6438efd1a5ef0f7a2442845fa50524723963a602178","","","PROCESSED_OK","170","D:\AI\AITRASH\workspaces\project - Изменение масштаба для планировок квартир\09_outputs\_full_wip\20260727_full_mkd2\Корпус 2.2\х170_POZD_WEB_K2-2_s7_et4_3.ai","D:\AI\AITRASH\workspaces\project - Изменение масштаба для планировок квартир\09_outputs\_full_wip\20260727_full_mkd2\Корпус 2.2\х170_POZD_WEB_K2-2_s7_et4_3.png","e577cb7c43bf016074c52c6e298a7ec35f501936e4bd50e6c8522e13cf4ad1f5","bc637a26193411c0629227e8d122066e869d11138d34fcad26e6226761d6dade","D:\AI\AITRASH\workspaces\project - Изменение масштаба для планировок квартир\09_outputs\_diagnostics\full_20260727_full_mkd2\details\202_POZD_WEB_K2-2_s7_et4_3_attempt1.json","1","","OK","510.111293","476.828642","1.787872574","170","2448","1183","11","11","0","0","0","0","","1"
"203","Корпус 2.2","Корпус 2.2/POZD_WEB_K2-2_s7_et4_4.ai","D:\AI\AITRASH\LIBRARY\02_CATALOG\02_PRESALE_Поздняково\01_ARTIFACTS\МКД2\Корпус 2.2\POZD_WEB_K2-2_s7_et4_4.ai","D:\AI\AITRASH\LIBRARY\02_CATALOG\02_PRESALE_Поздняково\01_ARTIFACTS\МКД2\Корпус 2.2\POZD_WEB_K2-2_s7_et4_4.png","202400","ded51f3ae7f99b68d237d05e6c45d3af1b1249f9524cf96b3bdab624a605a0d7","ded51f3ae7f99b68d237d05e6c45d3af1b1249f9524cf96b3bdab624a605a0d7","","","PROCESSED_OK","170","D:\AI\AITRASH\workspaces\project - Изменение масштаба для планировок квартир\09_outputs\_full_wip\20260727_full_mkd2\Корпус 2.2\х170_POZD_WEB_K2-2_s7_et4_4.ai","D:\AI\AITRASH\workspaces\project - Изменение масштаба для планировок квартир\09_outputs\_full_wip\20260727_full_mkd2\Корпус 2.2\х170_POZD_WEB_K2-2_s7_et4_4.png","e7173c475c7a7b99ba924964aeae826f1ee84e40dcd59cbf8bdfa0ea73d52662","734ea1436189d3c4cc71e8e8389afbad2adeb4b03662ee1b229c3726d678de06","D:\AI\AITRASH\workspaces\project - Изменение масштаба для планировок квартир\09_outputs\_diagnostics\full_20260727_full_mkd2\details\203_POZD_WEB_K2-2_s7_et4_4_attempt1.json","1","","OK","573.598409","485.03248","1.671709532","170","2454","1191","10","10","0","0","0","0","","1"
"204","Корпус 2.2","Корпус 2.2/POZD_WEB_K2-2_s7_et4_5.ai","D:\AI\AITRASH\LIBRARY\02_CATALOG\02_PRESALE_Поздняково\01_ARTIFACTS\МКД2\Корпус 2.2\POZD_WEB_K2-2_s7_et4_5.ai","D:\AI\AITRASH\LIBRARY\02_CATALOG\02_PRESALE_Поздняково\01_ARTIFACTS\МКД2\Корпус 2.2\POZD_WEB_K2-2_s7_et4_5.png","205272","ee22f5f546e4ba07a8866d792399fce8a70d18a3f1bff00d7b5768faa67c9e18","ee22f5f546e4ba07a8866d792399fce8a70d18a3f1bff00d7b5768faa67c9e18","","","PROCESSED_OK","170","D:\AI\AITRASH\workspaces\project - Изменение масштаба для планировок квартир\09_outputs\_full_wip\20260727_full_mkd2\Корпус 2.2\х170_POZD_WEB_K2-2_s7_et4_5.ai","D:\AI\AITRASH\workspaces\project - Изменение масштаба для планировок квартир\09_outputs\_full_wip\20260727_full_mkd2\Корпус 2.2\х170_POZD_WEB_K2-2_s7_et4_5.png","c4de74fecbab96820b9237ac7a30c328895feb2c96948f1464f19ad3af452f53","b8ac5d85dd276ed107df0c8ee06fedacf390b6d40dc882388dce3a4ca848a307","D:\AI\AITRASH\workspaces\project - Изменение масштаба для планировок квартир\09_outputs\_diagnostics\full_20260727_full_mkd2\details\204_POZD_WEB_K2-2_s7_et4_5_attempt1.json","1","","OK","573.598398","512.970473","1.625548944","170","2595","1259","11","11","0","0","0","0","","1"
"205","Корпус 2.2","Корпус 2.2/POZD_WEB_K2-2_s7_et4_6.ai","D:\AI\AITRASH\LIBRARY\02_CATALOG\02_PRESALE_Поздняково\01_ARTIFACTS\МКД2\Корпус 2.2\POZD_WEB_K2-2_s7_et4_6.ai","D:\AI\AITRASH\LIBRARY\02_CATALOG\02_PRESALE_Поздняково\01_ARTIFACTS\МКД2\Корпус 2.2\POZD_WEB_K2-2_s7_et4_6.png","228024","a2209d4a9c64088e291e5832af00c8b3776b0d235b0d3e43a7b5439bcf988ff3","a2209d4a9c64088e291e5832af00c8b3776b0d235b0d3e43a7b5439bcf988ff3","","","PROCESSED_OK","120","D:\AI\AITRASH\workspaces\project - Изменение масштаба для планировок квартир\09_outputs\_full_wip\20260727_full_mkd2\Корпус 2.2\х120_POZD_WEB_K2-2_s7_et4_6.ai","D:\AI\AITRASH\workspaces\project - Изменение масштаба для планировок квартир\09_outputs\_full_wip\20260727_full_mkd2\Корпус 2.2\х120_POZD_WEB_K2-2_s7_et4_6.png","8a368983eff81d029d0f760fb1692f42955306566b8c4cdfb133171f89518474","20b32b74ac4dad62565b861cd65216aa4d5d279f1fd5a85e00720218a0676d18","D:\AI\AITRASH\workspaces\project - Изменение масштаба для планировок квартир\09_outputs\_diagnostics\full_20260727_full_mkd2\details\205_POZD_WEB_K2-2_s7_et4_6_attempt1.json","1","","OK","573.598444","885.409449","1.208480439","120","3387","1645","11","11","0","0","0","0","","1"
"206","Корпус 2.2","Корпус 2.2/POZD_WEB_K2-2_s7_et6_1.ai","D:\AI\AITRASH\LIBRARY\02_CATALOG\02_PRESALE_Поздняково\01_ARTIFACTS\МКД2\Корпус 2.2\POZD_WEB_K2-2_s7_et6_1.ai","D:\AI\AITRASH\LIBRARY\02_CATALOG\02_PRESALE_Поздняково\01_ARTIFACTS\МКД2\Корпус 2.2\POZD_WEB_K2-2_s7_et6_1.png","175181","7afc76e1e8703cdbfe9eb2ac2da99189341bac345a1d9d1e4654b76ca1b8cce2","7afc76e1e8703cdbfe9eb2ac2da99189341bac345a1d9d1e4654b76ca1b8cce2","","","PROCESSED_OK","170","D:\AI\AITRASH\workspaces\project - Изменение масштаба для планировок квартир\09_outputs\_full_wip\20260727_full_mkd2\Корпус 2.2\х170_POZD_WEB_K2-2_s7_et6_1.ai","D:\AI\AITRASH\workspaces\project - Изменение масштаба для планировок квартир\09_outputs\_full_wip\20260727_full_mkd2\Корпус 2.2\х170_POZD_WEB_K2-2_s7_et6_1.png","f3a1c08be82b0ce01508903606861faf8d536c08a184ce5cdf048f69abfbcc2e","bd456db5602c0d3162720ccb2cf2ef4e356fd05f52fe2aa34c1be6883a293657","D:\AI\AITRASH\workspaces\project - Изменение масштаба для планировок квартир\09_outputs\_diagnostics\full_20260727_full_mkd2\details\206_POZD_WEB_K2-2_s7_et6_1_attempt1.json","1","","OK","533.913406","463.080709","1.77331726","170","1918","925","11","11","0","0","0","0","","1"
"207","Корпус 2.2","Корпус 2.2/POZD_WEB_K2-2_s7_et6_3.ai","D:\AI\AITRASH\LIBRARY\02_CATALOG\02_PRESALE_Поздняково\01_ARTIFACTS\МКД2\Корпус 2.2\POZD_WEB_K2-2_s7_et6_3.ai","D:\AI\AITRASH\LIBRARY\02_CATALOG\02_PRESALE_Поздняково\01_ARTIFACTS\МКД2\Корпус 2.2\POZD_WEB_K2-2_s7_et6_3.png","199201","1606a95180f08638a58c8858d89283398c2fb0c58d72b14217240f016fcd7c63","1606a95180f08638a58c8858d89283398c2fb0c58d72b14217240f016fcd7c63","","","PROCESSED_OK","170","D:\AI\AITRASH\workspaces\project - Изменение масштаба для планировок квартир\09_outputs\_full_wip\20260727_full_mkd2\Корпус 2.2\х170_POZD_WEB_K2-2_s7_et6_3.ai","D:\AI\AITRASH\workspaces\project - Изменение масштаба для планировок квартир\09_outputs\_full_wip\20260727_full_mkd2\Корпус 2.2\х170_POZD_WEB_K2-2_s7_et6_3.png","9d48c1d8710f967bf8a157f942433ec8e79a46fcfa46dff5f27e39ada9e0c062","6e1c75e99cf419b8d58a91d7a5018b149f26c814761087a10895d02080ee8942","D:\AI\AITRASH\workspaces\project - Изменение масштаба для планировок квартир\09_outputs\_diagnostics\full_20260727_full_mkd2\details\207_POZD_WEB_K2-2_s7_et6_3_attempt1.json","1","","OK","509.541888","448.890679","1.843698741","170","2408","1161","10","10","0","0","0","0","","1"
"208","Корпус 2.2","Корпус 2.2/POZD_WEB_K2-2_s7_et6_5.ai","D:\AI\AITRASH\LIBRARY\02_CATALOG\02_PRESALE_Поздняково\01_ARTIFACTS\МКД2\Корпус 2.2\POZD_WEB_K2-2_s7_et6_5.ai","D:\AI\AITRASH\LIBRARY\02_CATALOG\02_PRESALE_Поздняково\01_ARTIFACTS\МКД2\Корпус 2.2\POZD_WEB_K2-2_s7_et6_5.png","209126","60ae215e26a72865423120a5bc08ae2e5ec56a25a9e41db84cff795eb735b8c7","60ae215e26a72865423120a5bc08ae2e5ec56a25a9e41db84cff795eb735b8c7","","","PROCESSED_OK","170","D:\AI\AITRASH\workspaces\project - Изменение масштаба для планировок квартир\09_outputs\_full_wip\20260727_full_mkd2\Корпус 2.2\х170_POZD_WEB_K2-2_s7_et6_5.ai","D:\AI\AITRASH\workspaces\project - Изменение масштаба для планировок квартир\09_outputs\_full_wip\20260727_full_mkd2\Корпус 2.2\х170_POZD_WEB_K2-2_s7_et6_5.png","c71a2602629e130765da6af5453b1c59514099e7dce8d658a45507933117e5f8","01d7508bceb6cd1e9dddc00bf9b9c2683e2b610cc05536398b5827354e7a8bb0","D:\AI\AITRASH\workspaces\project - Изменение масштаба для планировок квартир\09_outputs\_diagnostics\full_20260727_full_mkd2\details\208_POZD_WEB_K2-2_s7_et6_5_attempt1.json","1","","OK","573.598433","513.310687","1.625010111","170","2675","1296","13","13","0","0","0","0","","1"
"209","Корпус 2.2","Корпус 2.2/POZD_WEB_K2-2_s7_et6_6.ai","D:\AI\AITRASH\LIBRARY\02_CATALOG\02_PRESALE_Поздняково\01_ARTIFACTS\МКД2\Корпус 2.2\POZD_WEB_K2-2_s7_et6_6.ai","D:\AI\AITRASH\LIBRARY\02_CATALOG\02_PRESALE_Поздняково\01_ARTIFACTS\МКД2\Корпус 2.2\POZD_WEB_K2-2_s7_et6_6.png","228050","671160bb94fa8a31481a052cd424d9c8e6b1f52bd3adf09f952d38ee803a8cf1","671160bb94fa8a31481a052cd424d9c8e6b1f52bd3adf09f952d38ee803a8cf1","","","PROCESSED_OK","120","D:\AI\AITRASH\workspaces\project - Изменение масштаба для планировок квартир\09_outputs\_full_wip\20260727_full_mkd2\Корпус 2.2\х120_POZD_WEB_K2-2_s7_et6_6.ai","D:\AI\AITRASH\workspaces\project - Изменение масштаба для планировок квартир\09_outputs\_full_wip\20260727_full_mkd2\Корпус 2.2\х120_POZD_WEB_K2-2_s7_et6_6.png","ee70937f89b8f223f6210134a1ffe7d7e2610f6d07ea13928dfe72b4f3de9dd6","6e7225297583d442df19e6ef134dfcf857db366cce9a59d019904033a5eddfed","D:\AI\AITRASH\workspaces\project - Изменение масштаба для планировок квартир\09_outputs\_diagnostics\full_20260727_full_mkd2\details\209_POZD_WEB_K2-2_s7_et6_6_attempt1.json","1","","OK","573.59842","913.347473","1.17151471","120","3397","1647","12","12","0","0","0","0","","1"
"210","Корпус 2.3","Корпус 2.3/POZD_WEB_K2-3_s10_et1_1.ai","D:\AI\AITRASH\LIBRARY\02_CATALOG\02_PRESALE_Поздняково\01_ARTIFACTS\МКД2\Корпус 2.3\POZD_WEB_K2-3_s10_et1_1.ai","D:\AI\AITRASH\LIBRARY\02_CATALOG\02_PRESALE_Поздняково\01_ARTIFACTS\МКД2\Корпус 2.3\POZD_WEB_K2-3_s10_et1_1.png","206618","60e4be773478ef42b5abefc9cd27e58423e3b33fde1fffc0636d23ce0b87ce6c","60e4be773478ef42b5abefc9cd27e58423e3b33fde1fffc0636d23ce0b87ce6c","","","PROCESSED_OK","170","D:\AI\AITRASH\workspaces\project - Изменение масштаба для планировок квартир\09_outputs\_full_wip\20260727_full_mkd2\Корпус 2.3\х170_POZD_WEB_K2-3_s10_et1_1.ai","D:\AI\AITRASH\workspaces\project - Изменение масштаба для планировок квартир\09_outputs\_full_wip\20260727_full_mkd2\Корпус 2.3\х170_POZD_WEB_K2-3_s10_et1_1.png","cf9f39f9a4fcda72f433851c0b4ec1a237b75d462097d7624d0958cbb4e00eb4","9a860cf708f59fc7351d7edaedef78ff52b2dad86d7216b9036483511375366f","D:\AI\AITRASH\workspaces\project - Изменение масштаба для планировок квартир\09_outputs\_diagnostics\full_20260727_full_mkd2\details\210_POZD_WEB_K2-3_s10_et1_1_attempt1.json","1","","OK","573.598423","471.426181","1.695662344","170","2579","1249","10","10","0","0","0","0","","1"
"211","Корпус 2.3","Корпус 2.3/POZD_WEB_K2-3_s10_et1_2.ai","D:\AI\AITRASH\LIBRARY\02_CATALOG\02_PRESALE_Поздняково\01_ARTIFACTS\МКД2\Корпус 2.3\POZD_WEB_K2-3_s10_et1_2.ai","D:\AI\AITRASH\LIBRARY\02_CATALOG\02_PRESALE_Поздняково\01_ARTIFACTS\МКД2\Корпус 2.3\POZD_WEB_K2-3_s10_et1_2.png","237025","72accf6516636cc5f3ee9f0f9ac42b540dad414158c4d2e0cf2dad39a5d31eb3","72accf6516636cc5f3ee9f0f9ac42b540dad414158c4d2e0cf2dad39a5d31eb3","","","PROCESSED_OK","150","D:\AI\AITRASH\workspaces\project - Изменение масштаба для планировок квартир\09_outputs\_full_wip\20260727_full_mkd2\Корпус 2.3\х150_POZD_WEB_K2-3_s10_et1_2.ai","D:\AI\AITRASH\workspaces\project - Изменение масштаба для планировок квартир\09_outputs\_full_wip\20260727_full_mkd2\Корпус 2.3\х150_POZD_WEB_K2-3_s10_et1_2.png","20510dd76ac802e4c4ec66d45b917cfcadcbe2e7a8b5da83be0e9316910691f9","78b54326839a4b5bfef22c870563bb3e25ef50a9ec3885e8ef9508db8924b7e9","D:\AI\AITRASH\workspaces\project - Изменение масштаба для планировок квартир\09_outputs\_diagnostics\full_20260727_full_mkd2\details\211_POZD_WEB_K2-3_s10_et1_2_attempt1.json","1","","OK","579.834646","689.818888","1.394217653","150","3437","1669","10","10","0","0","0","0","","1"
"212","Корпус 2.3","Корпус 2.3/POZD_WEB_K2-3_s10_et1_3.ai","D:\AI\AITRASH\LIBRARY\02_CATALOG\02_PRESALE_Поздняково\01_ARTIFACTS\МКД2\Корпус 2.3\POZD_WEB_K2-3_s10_et1_3.ai","D:\AI\AITRASH\LIBRARY\02_CATALOG\02_PRESALE_Поздняково\01_ARTIFACTS\МКД2\Корпус 2.3\POZD_WEB_K2-3_s10_et1_3.png","279534","ad19978201b71aeb9e4a02c60f60200926889988dbdd827a60b40adf0e89188d","ad19978201b71aeb9e4a02c60f60200926889988dbdd827a60b40adf0e89188d","","","PROCESSED_OK","110","D:\AI\AITRASH\workspaces\project - Изменение масштаба для планировок квартир\09_outputs\_full_wip\20260727_full_mkd2\Корпус 2.3\х110_POZD_WEB_K2-3_s10_et1_3.ai","D:\AI\AITRASH\workspaces\project - Изменение масштаба для планировок квартир\09_outputs\_full_wip\20260727_full_mkd2\Корпус 2.3\х110_POZD_WEB_K2-3_s10_et1_3.png","66f30d80e15730f67d870ca951c5265478d335841ec5f303bf65ab0c5f243262","50cb216f92d742d2bb58d4a6cb747d729f49fb4ecad86bc5b6771f494369f639","D:\AI\AITRASH\workspaces\project - Изменение масштаба для планировок квартир\09_outputs\_diagnostics\full_20260727_full_mkd2\details\212_POZD_WEB_K2-3_s10_et1_3_attempt1.json","1","","OK","983.204725","444.055118","1.088277927","110","4317","2104","14","14","0","0","0","0","","1"
"213","Корпус 2.3","Корпус 2.3/POZD_WEB_K2-3_s10_et2,6_1.ai","D:\AI\AITRASH\LIBRARY\02_CATALOG\02_PRESALE_Поздняково\01_ARTIFACTS\МКД2\Корпус 2.3\POZD_WEB_K2-3_s10_et2,6_1.ai","D:\AI\AITRASH\LIBRARY\02_CATALOG\02_PRESALE_Поздняково\01_ARTIFACTS\МКД2\Корпус 2.3\POZD_WEB_K2-3_s10_et2,6_1.png","173527","7a8b51fa09dc5d92b57c32c353ee9b8f3666ad3d0f9f86f19864279ded061680","7a8b51fa09dc5d92b57c32c353ee9b8f3666ad3d0f9f86f19864279ded061680","","","PROCESSED_OK","200","D:\AI\AITRASH\workspaces\project - Изменение масштаба для планировок квартир\09_outputs\_full_wip\20260727_full_mkd2\Корпус 2.3\х200_POZD_WEB_K2-3_s10_et2,6_1.ai","D:\AI\AITRASH\workspaces\project - Изменение масштаба для планировок квартир\09_outputs\_full_wip\20260727_full_mkd2\Корпус 2.3\х200_POZD_WEB_K2-3_s10_et2,6_1.png","c038ed7f2a0c68596c1af56c4b29f75ffbaf63ac3f132c28495f56f1156ef6c3","31defc0b88c5e77f30147841ca34490971e64bb3d50710ab628fe8bf80bf05db","D:\AI\AITRASH\workspaces\project - Изменение масштаба для планировок квартир\09_outputs\_diagnostics\full_20260727_full_mkd2\details\213_POZD_WEB_K2-3_s10_et2,6_1_attempt1.json","1","","OK","491.143692","448.624016","1.878471689","200","2006","976","11","11","0","0","0","0","","1"
"214","Корпус 2.3","Корпус 2.3/POZD_WEB_K2-3_s10_et2,6_2.ai","D:\AI\AITRASH\LIBRARY\02_CATALOG\02_PRESALE_Поздняково\01_ARTIFACTS\МКД2\Корпус 2.3\POZD_WEB_K2-3_s10_et2,6_2.ai","D:\AI\AITRASH\LIBRARY\02_CATALOG\02_PRESALE_Поздняково\01_ARTIFACTS\МКД2\Корпус 2.3\POZD_WEB_K2-3_s10_et2,6_2.png","143459","cf0b7055401fa52da55ae400b2d9f96d9e94f602e659d27914aa2c59cb881ad8","cf0b7055401fa52da55ae400b2d9f96d9e94f602e659d27914aa2c59cb881ad8","","","PROCESSED_OK","200","D:\AI\AITRASH\workspaces\project - Изменение масштаба для планировок квартир\09_outputs\_full_wip\20260727_full_mkd2\Корпус 2.3\х200_POZD_WEB_K2-3_s10_et2,6_2.ai","D:\AI\AITRASH\workspaces\project - Изменение масштаба для планировок квартир\09_outputs\_full_wip\20260727_full_mkd2\Корпус 2.3\х200_POZD_WEB_K2-3_s10_et2,6_2.png","b006939113b1bfff9fb05f7a5e1b49aa4d4af307b7a2b4b75b12c9f77d31978b","750fc29708163eb25068db24f32064b4014c270dfd3be4a07f8f33d895bbf29e","D:\AI\AITRASH\workspaces\project - Изменение масштаба для планировок квартир\09_outputs\_diagnostics\full_20260727_full_mkd2\details\214_POZD_WEB_K2-3_s10_et2,6_2_attempt1.json","1","","OK","301.347441","516.497048","2.071647852","200","1389","675","11","11","0","0","0","0","","1"
"215","Корпус 2.3","Корпус 2.3/POZD_WEB_K2-3_s10_et2_3.ai","D:\AI\AITRASH\LIBRARY\02_CATALOG\02_PRESALE_Поздняково\01_ARTIFACTS\МКД2\Корпус 2.3\POZD_WEB_K2-3_s10_et2_3.ai","D:\AI\AITRASH\LIBRARY\02_CATALOG\02_PRESALE_Поздняково\01_ARTIFACTS\МКД2\Корпус 2.3\POZD_WEB_K2-3_s10_et2_3.png","199376","3953c2b854ff7d3f8bd75829e48262e1489d0a665672f345a4868f70edb09cb8","3953c2b854ff7d3f8bd75829e48262e1489d0a665672f345a4868f70edb09cb8","","","PROCESSED_OK","170","D:\AI\AITRASH\workspaces\project - Изменение масштаба для планировок квартир\09_outputs\_full_wip\20260727_full_mkd2\Корпус 2.3\х170_POZD_WEB_K2-3_s10_et2_3.ai","D:\AI\AITRASH\workspaces\project - Изменение масштаба для планировок квартир\09_outputs\_full_wip\20260727_full_mkd2\Корпус 2.3\х170_POZD_WEB_K2-3_s10_et2_3.png","48dfb273a23de2134c82b80eb045c861f9d5d94d25eb9373323190520d36e663","41edff99bb713854ca9bbabdb8c8244e74fe96fc33549b2f168feb6e9e7c6ff0","D:\AI\AITRASH\workspaces\project - Изменение масштаба для планировок квартир\09_outputs\_diagnostics\full_20260727_full_mkd2\details\215_POZD_WEB_K2-3_s10_et2_3_attempt1.json","1","","OK","573.598413","499.446944","1.647409432","170","2491","1215","11","11","0","0","0","0","","1"
"216","Корпус 2.3","Корпус 2.3/POZD_WEB_K2-3_s10_et2_4.ai","D:\AI\AITRASH\LIBRARY\02_CATALOG\02_PRESALE_Поздняково\01_ARTIFACTS\МКД2\Корпус 2.3\POZD_WEB_K2-3_s10_et2_4.ai","D:\AI\AITRASH\LIBRARY\02_CATALOG\02_PRESALE_Поздняково\01_ARTIFACTS\МКД2\Корпус 2.3\POZD_WEB_K2-3_s10_et2_4.png","208726","8494fe1a2e92ab98807abf7820e1761c9278592d0f8793340448f72601ad4fd7","8494fe1a2e92ab98807abf7820e1761c9278592d0f8793340448f72601ad4fd7","","","PROCESSED_OK","170","D:\AI\AITRASH\workspaces\project - Изменение масштаба для планировок квартир\09_outputs\_full_wip\20260727_full_mkd2\Корпус 2.3\х170_POZD_WEB_K2-3_s10_et2_4.ai","D:\AI\AITRASH\workspaces\project - Изменение масштаба для планировок квартир\09_outputs\_full_wip\20260727_full_mkd2\Корпус 2.3\х170_POZD_WEB_K2-3_s10_et2_4.png","07a1be8039bd73e49565a800c676c5e1c28146e812ad29101590523bb5c4a686","61973db97d02f42d66803706768e8c445e341cc70c54d7eab5fdf7499e5880f0","D:\AI\AITRASH\workspaces\project - Изменение масштаба для планировок квартир\09_outputs\_diagnostics\full_20260727_full_mkd2\details\216_POZD_WEB_K2-3_s10_et2_4_attempt1.json","1","","OK","573.598435","499.446944","1.647409401","170","2546","1234","11","11","0","0","0","0","","1"
"217","Корпус 2.3","Корпус 2.3/POZD_WEB_K2-3_s10_et2_5.ai","D:\AI\AITRASH\LIBRARY\02_CATALOG\02_PRESALE_Поздняково\01_ARTIFACTS\МКД2\Корпус 2.3\POZD_WEB_K2-3_s10_et2_5.ai","D:\AI\AITRASH\LIBRARY\02_CATALOG\02_PRESALE_Поздняково\01_ARTIFACTS\МКД2\Корпус 2.3\POZD_WEB_K2-3_s10_et2_5.png","239608","b9c102bfe9013c43c8a2870a8542e3c076e6d76bad51b2c18dfd35b2ce0868cc","b9c102bfe9013c43c8a2870a8542e3c076e6d76bad51b2c18dfd35b2ce0868cc","","","PROCESSED_OK","120","D:\AI\AITRASH\workspaces\project - Изменение масштаба для планировок квартир\09_outputs\_full_wip\20260727_full_mkd2\Корпус 2.3\х120_POZD_WEB_K2-3_s10_et2_5.ai","D:\AI\AITRASH\workspaces\project - Изменение масштаба для планировок квартир\09_outputs\_full_wip\20260727_full_mkd2\Корпус 2.3\х120_POZD_WEB_K2-3_s10_et2_5.png","7f672a2c64d7f2e01c3059041b2578824b8e530428032da070ac42bf3b3e9f03","5fa3c25915affdb1bcb0b2999af44135860f7a82baf3a04194265653a44d04f3","D:\AI\AITRASH\workspaces\project - Изменение масштаба для планировок квартир\09_outputs\_diagnostics\full_20260727_full_mkd2\details\217_POZD_WEB_K2-3_s10_et2_5_attempt1.json","1","","OK","607.20571","779.905907","1.281330519","120","3538","1722","13","13","0","0","0","0","","1"
"218","Корпус 2.3","Корпус 2.3/POZD_WEB_K2-3_s10_et2_6.ai","D:\AI\AITRASH\LIBRARY\02_CATALOG\02_PRESALE_Поздняково\01_ARTIFACTS\МКД2\Корпус 2.3\POZD_WEB_K2-3_s10_et2_6.ai","D:\AI\AITRASH\LIBRARY\02_CATALOG\02_PRESALE_Поздняково\01_ARTIFACTS\МКД2\Корпус 2.3\POZD_WEB_K2-3_s10_et2_6.png","207331","d720245de7fe0d8a2a167d2b616bd603bcb2b5bbe267c0f69e063361daf61f7b","d720245de7fe0d8a2a167d2b616bd603bcb2b5bbe267c0f69e063361daf61f7b","","","PROCESSED_OK","120","D:\AI\AITRASH\workspaces\project - Изменение масштаба для планировок квартир\09_outputs\_full_wip\20260727_full_mkd2\Корпус 2.3\х120_POZD_WEB_K2-3_s10_et2_6.ai","D:\AI\AITRASH\workspaces\project - Изменение масштаба для планировок квартир\09_outputs\_full_wip\20260727_full_mkd2\Корпус 2.3\х120_POZD_WEB_K2-3_s10_et2_6.png","86c9216c50e6ed49bd95093631fba03c0e8ac70beddcfadfd84c80f6520c31ea","08bea78d4337d1aa963f26529a4719062a05bdb3ce1dbdb64df16703aecbb277","D:\AI\AITRASH\workspaces\project - Изменение масштаба для планировок квартир\09_outputs\_diagnostics\full_20260727_full_mkd2\details\218_POZD_WEB_K2-3_s10_et2_6_attempt1.json","1","","OK","913.347439","444.055132","1.171514754","120","2981","1446","11","11","0","0","0","0","","1"
"219","Корпус 2.3","Корпус 2.3/POZD_WEB_K2-3_s10_et3,5_1.ai","D:\AI\AITRASH\LIBRARY\02_CATALOG\02_PRESALE_Поздняково\01_ARTIFACTS\МКД2\Корпус 2.3\POZD_WEB_K2-3_s10_et3,5_1.ai","D:\AI\AITRASH\LIBRARY\02_CATALOG\02_PRESALE_Поздняково\01_ARTIFACTS\МКД2\Корпус 2.3\POZD_WEB_K2-3_s10_et3,5_1.png","175032","1047c47cdfc751dbcead82b688f42be82d167517f26ce293afe9fb99aeaf5e07","1047c47cdfc751dbcead82b688f42be82d167517f26ce293afe9fb99aeaf5e07","","","PROCESSED_OK","200","D:\AI\AITRASH\workspaces\project - Изменение масштаба для планировок квартир\09_outputs\_full_wip\20260727_full_mkd2\Корпус 2.3\х200_POZD_WEB_K2-3_s10_et3,5_1.ai","D:\AI\AITRASH\workspaces\project - Изменение масштаба для планировок квартир\09_outputs\_full_wip\20260727_full_mkd2\Корпус 2.3\х200_POZD_WEB_K2-3_s10_et3,5_1.png","8bdf33c663e93e7d9994ff4ac7ba0d086467dd9bf993b6a6e5b2241bbddc2ee8","63390b80560034f7b2cd3634ef118ba8d84186147418424f54876b47adec48d2","D:\AI\AITRASH\workspaces\project - Изменение масштаба для планировок квартир\09_outputs\_diagnostics\full_20260727_full_mkd2\details\219_POZD_WEB_K2-3_s10_et3,5_1_attempt1.json","1","","OK","492.527562","448.749016","1.875569556","200","2032","989","10","10","0","0","0","0","","1"
"220","Корпус 2.3","Корпус 2.3/POZD_WEB_K2-3_s10_et3,5_2.ai","D:\AI\AITRASH\LIBRARY\02_CATALOG\02_PRESALE_Поздняково\01_ARTIFACTS\МКД2\Корпус 2.3\POZD_WEB_K2-3_s10_et3,5_2.ai","D:\AI\AITRASH\LIBRARY\02_CATALOG\02_PRESALE_Поздняково\01_ARTIFACTS\МКД2\Корпус 2.3\POZD_WEB_K2-3_s10_et3,5_2.png","143426","25215302edca2146c40a29e540c8731b23502e009bbc20756de60fdab801e204","25215302edca2146c40a29e540c8731b23502e009bbc20756de60fdab801e204","","","PROCESSED_OK","200","D:\AI\AITRASH\workspaces\project - Изменение масштаба для планировок квартир\09_outputs\_full_wip\20260727_full_mkd2\Корпус 2.3\х200_POZD_WEB_K2-3_s10_et3,5_2.ai","D:\AI\AITRASH\workspaces\project - Изменение масштаба для планировок квартир\09_outputs\_full_wip\20260727_full_mkd2\Корпус 2.3\х200_POZD_WEB_K2-3_s10_et3,5_2.png","afcffd8154bb969f2ff5190549f4604c42d4862754c3f3b02d14cd310d65d0bb","75b204a3423d8500a55a809f533d55ae6c49f1a8328707f0f15c60dc002b654c","D:\AI\AITRASH\workspaces\project - Изменение масштаба для планировок квартир\09_outputs\_diagnostics\full_20260727_full_mkd2\details\220_POZD_WEB_K2-3_s10_et3,5_2_attempt1.json","1","","OK","301.347441","488.559056","2.190113942","200","1381","670","10","10","0","0","0","0","","1"
"221","Корпус 2.3","Корпус 2.3/POZD_WEB_K2-3_s10_et3,5_4.ai","D:\AI\AITRASH\LIBRARY\02_CATALOG\02_PRESALE_Поздняково\01_ARTIFACTS\МКД2\Корпус 2.3\POZD_WEB_K2-3_s10_et3,5_4.ai","D:\AI\AITRASH\LIBRARY\02_CATALOG\02_PRESALE_Поздняково\01_ARTIFACTS\МКД2\Корпус 2.3\POZD_WEB_K2-3_s10_et3,5_4.png","203813","3f75a1cd56ed884c45599970ab1ad02f0f5185225b99a15b7d085acbed40f17d","3f75a1cd56ed884c45599970ab1ad02f0f5185225b99a15b7d085acbed40f17d","","","PROCESSED_OK","170","D:\AI\AITRASH\workspaces\project - Изменение масштаба для планировок квартир\09_outputs\_full_wip\20260727_full_mkd2\Корпус 2.3\х170_POZD_WEB_K2-3_s10_et3,5_4.ai","D:\AI\AITRASH\workspaces\project - Изменение масштаба для планировок квартир\09_outputs\_full_wip\20260727_full_mkd2\Корпус 2.3\х170_POZD_WEB_K2-3_s10_et3,5_4.png","c0b404416195c0da235b8a8451db52a586ce33483b378b429df92f9d3c20fb88","074c67a3d76762c88bb11f998db844a312963011db9013316512bdebb51b4add","D:\AI\AITRASH\workspaces\project - Изменение масштаба для планировок квартир\09_outputs\_diagnostics\full_20260727_full_mkd2\details\221_POZD_WEB_K2-3_s10_et3,5_4_attempt1.json","1","","OK","573.598451","471.426181","1.695662302","170","2527","1224","10","10","0","0","0","0","","1"
"222","Корпус 2.3","Корпус 2.3/POZD_WEB_K2-3_s10_et3,5_6.ai","D:\AI\AITRASH\LIBRARY\02_CATALOG\02_PRESALE_Поздняково\01_ARTIFACTS\МКД2\Корпус 2.3\POZD_WEB_K2-3_s10_et3,5_6.ai","D:\AI\AITRASH\LIBRARY\02_CATALOG\02_PRESALE_Поздняково\01_ARTIFACTS\МКД2\Корпус 2.3\POZD_WEB_K2-3_s10_et3,5_6.png","205177","db3639e38a98902691940124a87acd46e917a18e0c66fa29df6c8609df55eb9c","db3639e38a98902691940124a87acd46e917a18e0c66fa29df6c8609df55eb9c","","","PROCESSED_OK","120","D:\AI\AITRASH\workspaces\project - Изменение масштаба для планировок квартир\09_outputs\_full_wip\20260727_full_mkd2\Корпус 2.3\х120_POZD_WEB_K2-3_s10_et3,5_6.ai","D:\AI\AITRASH\workspaces\project - Изменение масштаба для планировок квартир\09_outputs\_full_wip\20260727_full_mkd2\Корпус 2.3\х120_POZD_WEB_K2-3_s10_et3,5_6.png","32cb18e52bdaca213918979450bf23327b866721713653468ac917378b317e3b","9e022ac6d77d93928eb6d32713e97a1411d0a1dba018ff2fefc5f4cf58d6b762","D:\AI\AITRASH\workspaces\project - Изменение масштаба для планировок квартир\09_outputs\_diagnostics\full_20260727_full_mkd2\details\222_POZD_WEB_K2-3_s10_et3,5_6_attempt1.json","1","","OK","885.409449","444.055123","1.208480439","120","2927","1420","10","10","0","0","0","0","","1"
"223","Корпус 2.3","Корпус 2.3/POZD_WEB_K2-3_s10_et3_3.ai","D:\AI\AITRASH\LIBRARY\02_CATALOG\02_PRESALE_Поздняково\01_ARTIFACTS\МКД2\Корпус 2.3\POZD_WEB_K2-3_s10_et3_3.ai","D:\AI\AITRASH\LIBRARY\02_CATALOG\02_PRESALE_Поздняково\01_ARTIFACTS\МКД2\Корпус 2.3\POZD_WEB_K2-3_s10_et3_3.png","193857","7f651c53eba60416017dc461398c24df718e4ec2c7d4cc29ff0875a217148424","7f651c53eba60416017dc461398c24df718e4ec2c7d4cc29ff0875a217148424","","","PROCESSED_OK","170","D:\AI\AITRASH\workspaces\project - Изменение масштаба для планировок квартир\09_outputs\_full_wip\20260727_full_mkd2\Корпус 2.3\х170_POZD_WEB_K2-3_s10_et3_3.ai","D:\AI\AITRASH\workspaces\project - Изменение масштаба для планировок квартир\09_outputs\_full_wip\20260727_full_mkd2\Корпус 2.3\х170_POZD_WEB_K2-3_s10_et3_3.png","8a23ab44b8c70c5a5ccc89ac1d6f3815353940cad9959185bf220816eb52887d","2e7a2bad5caf6016d63f61ea26ac7c22998393af9276aae8428eee0f1d86e4d4","D:\AI\AITRASH\workspaces\project - Изменение масштаба для планировок квартир\09_outputs\_diagnostics\full_20260727_full_mkd2\details\223_POZD_WEB_K2-3_s10_et3_3_attempt1.json","1","","OK","573.598454","471.426181","1.695662298","170","2420","1181","10","10","0","0","0","0","","1"
"224","Корпус 2.3","Корпус 2.3/POZD_WEB_K2-3_s10_et4_1.ai","D:\AI\AITRASH\LIBRARY\02_CATALOG\02_PRESALE_Поздняково\01_ARTIFACTS\МКД2\Корпус 2.3\POZD_WEB_K2-3_s10_et4_1.ai","D:\AI\AITRASH\LIBRARY\02_CATALOG\02_PRESALE_Поздняково\01_ARTIFACTS\МКД2\Корпус 2.3\POZD_WEB_K2-3_s10_et4_1.png","178902","f56ddf8cc464ae005756614dc626cc3027cfa5404690fe1b4ff9d97f2ad5f802","f56ddf8cc464ae005756614dc626cc3027cfa5404690fe1b4ff9d97f2ad5f802","","","PROCESSED_OK","170","D:\AI\AITRASH\workspaces\project - Изменение масштаба для планировок квартир\09_outputs\_full_wip\20260727_full_mkd2\Корпус 2.3\х170_POZD_WEB_K2-3_s10_et4_1.ai","D:\AI\AITRASH\workspaces\project - Изменение масштаба для планировок квартир\09_outputs\_full_wip\20260727_full_mkd2\Корпус 2.3\х170_POZD_WEB_K2-3_s10_et4_1.png","433e25be92740f45c560c83696d1212f181591b7bd75b34ee3b09a91fa59d0ed","6fb886a67cfea39601661cc705fb35b1358a2dfceaed57063031336f831b77c7","D:\AI\AITRASH\workspaces\project - Изменение масштаба для планировок квартир\09_outputs\_diagnostics\full_20260727_full_mkd2\details\224_POZD_WEB_K2-3_s10_et4_1_attempt1.json","1","","OK","499.897639","476.687008","1.806312962","170","2062","1005","11","11","0","0","0","0","","1"
"225","Корпус 2.3","Корпус 2.3/POZD_WEB_K2-3_s10_et4_2.ai","D:\AI\AITRASH\LIBRARY\02_CATALOG\02_PRESALE_Поздняково\01_ARTIFACTS\МКД2\Корпус 2.3\POZD_WEB_K2-3_s10_et4_2.ai","D:\AI\AITRASH\LIBRARY\02_CATALOG\02_PRESALE_Поздняково\01_ARTIFACTS\МКД2\Корпус 2.3\POZD_WEB_K2-3_s10_et4_2.png","143233","7ca2674e210633806a47709d9c74db46ea3f8de97f529e500ff1399b97c45dd5","7ca2674e210633806a47709d9c74db46ea3f8de97f529e500ff1399b97c45dd5","","","PROCESSED_OK","200","D:\AI\AITRASH\workspaces\project - Изменение масштаба для планировок квартир\09_outputs\_full_wip\20260727_full_mkd2\Корпус 2.3\х200_POZD_WEB_K2-3_s10_et4_2.ai","D:\AI\AITRASH\workspaces\project - Изменение масштаба для планировок квартир\09_outputs\_full_wip\20260727_full_mkd2\Корпус 2.3\х200_POZD_WEB_K2-3_s10_et4_2.png","c79eef81c01fb15c96532bf5baf7fcaa25852b0a9a5db974ec7a8199245ff552","adf200680b432a1fec0653c738a43e592818069ab8bf3cc2e9c9528de318f3be","D:\AI\AITRASH\workspaces\project - Изменение масштаба для планировок квартир\09_outputs\_diagnostics\full_20260727_full_mkd2\details\225_POZD_WEB_K2-3_s10_et4_2_attempt1.json","1","","OK","301.347441","488.559056","2.190113942","200","1381","670","10","10","0","0","0","0","","1"
"226","Корпус 2.3","Корпус 2.3/POZD_WEB_K2-3_s10_et4_3.ai","D:\AI\AITRASH\LIBRARY\02_CATALOG\02_PRESALE_Поздняково\01_ARTIFACTS\МКД2\Корпус 2.3\POZD_WEB_K2-3_s10_et4_3.ai","D:\AI\AITRASH\LIBRARY\02_CATALOG\02_PRESALE_Поздняково\01_ARTIFACTS\МКД2\Корпус 2.3\POZD_WEB_K2-3_s10_et4_3.png","193426","96be20ab5b68aa5c8b39cf36f1ee866627bf1fd627e5f2c668c47d8817c2308f","96be20ab5b68aa5c8b39cf36f1ee866627bf1fd627e5f2c668c47d8817c2308f","","","PROCESSED_OK","170","D:\AI\AITRASH\workspaces\project - Изменение масштаба для планировок квартир\09_outputs\_full_wip\20260727_full_mkd2\Корпус 2.3\х170_POZD_WEB_K2-3_s10_et4_3.ai","D:\AI\AITRASH\workspaces\project - Изменение масштаба для планировок квартир\09_outputs\_full_wip\20260727_full_mkd2\Корпус 2.3\х170_POZD_WEB_K2-3_s10_et4_3.png","22a7235581f1749487bf54b6575ea88e1573760124b4c4bef9a63eb435a40707","c2f55b13f1fbee75aaedb41727abd0922e03a2ba43e101f57993b3522f4a95f4","D:\AI\AITRASH\workspaces\project - Изменение масштаба для планировок квартир\09_outputs\_diagnostics\full_20260727_full_mkd2\details\226_POZD_WEB_K2-3_s10_et4_3_attempt1.json","1","","OK","573.598457","471.426181","1.695662293","170","2420","1181","10","10","0","0","0","0","","1"
"227","Корпус 2.3","Корпус 2.3/POZD_WEB_K2-3_s10_et4_4.ai","D:\AI\AITRASH\LIBRARY\02_CATALOG\02_PRESALE_Поздняково\01_ARTIFACTS\МКД2\Корпус 2.3\POZD_WEB_K2-3_s10_et4_4.ai","D:\AI\AITRASH\LIBRARY\02_CATALOG\02_PRESALE_Поздняково\01_ARTIFACTS\МКД2\Корпус 2.3\POZD_WEB_K2-3_s10_et4_4.png","213078","ed3a1dce5abc744f34338848e706565fc0c5221ee6c6b45307ce1cb54230ed6f","ed3a1dce5abc744f34338848e706565fc0c5221ee6c6b45307ce1cb54230ed6f","","","PROCESSED_OK","170","D:\AI\AITRASH\workspaces\project - Изменение масштаба для планировок квартир\09_outputs\_full_wip\20260727_full_mkd2\Корпус 2.3\х170_POZD_WEB_K2-3_s10_et4_4.ai","D:\AI\AITRASH\workspaces\project - Изменение масштаба для планировок квартир\09_outputs\_full_wip\20260727_full_mkd2\Корпус 2.3\х170_POZD_WEB_K2-3_s10_et4_4.png","33d8235354c44e32f0c6da8a5f4e1ad971f4c0b9fc67f4a53e56c5e564b66a0c","2cb526750fb151e43c8d251d7ec3da2602d84c932f095b0d8aa0b28d4744bc50","D:\AI\AITRASH\workspaces\project - Изменение масштаба для планировок квартир\09_outputs\_diagnostics\full_20260727_full_mkd2\details\227_POZD_WEB_K2-3_s10_et4_4_attempt1.json","1","","OK","573.598457","499.364173","1.647545895","170","2701","1308","12","12","0","0","0","0","","1"
"228","Корпус 2.3","Корпус 2.3/POZD_WEB_K2-3_s10_et4_5.ai","D:\AI\AITRASH\LIBRARY\02_CATALOG\02_PRESALE_Поздняково\01_ARTIFACTS\МКД2\Корпус 2.3\POZD_WEB_K2-3_s10_et4_5.ai","D:\AI\AITRASH\LIBRARY\02_CATALOG\02_PRESALE_Поздняково\01_ARTIFACTS\МКД2\Корпус 2.3\POZD_WEB_K2-3_s10_et4_5.png","239236","9e8502c0b4665e2b1ae9e1b2a636a2d2766b6de0c22ab0143bda42836a3ce4b7","9e8502c0b4665e2b1ae9e1b2a636a2d2766b6de0c22ab0143bda42836a3ce4b7","","","PROCESSED_OK","120","D:\AI\AITRASH\workspaces\project - Изменение масштаба для планировок квартир\09_outputs\_full_wip\20260727_full_mkd2\Корпус 2.3\х120_POZD_WEB_K2-3_s10_et4_5.ai","D:\AI\AITRASH\workspaces\project - Изменение масштаба для планировок квартир\09_outputs\_full_wip\20260727_full_mkd2\Корпус 2.3\х120_POZD_WEB_K2-3_s10_et4_5.png","43301985f2d90ffeefffa75b10fd77ea2b29ac32f3d096f4845794a4c10f7e15","1c2188a93909111a8ff0b2d30257076b9d426d592e445870bd79d9eba06694ac","D:\AI\AITRASH\workspaces\project - Изменение масштаба для планировок квартир\09_outputs\_diagnostics\full_20260727_full_mkd2\details\228_POZD_WEB_K2-3_s10_et4_5_attempt1.json","1","","OK","607.205711","717.756919","1.335652807","120","3451","1676","11","11","0","0","0","0","","1"
"229","Корпус 2.3","Корпус 2.3/POZD_WEB_K2-3_s10_et4_6.ai","D:\AI\AITRASH\LIBRARY\02_CATALOG\02_PRESALE_Поздняково\01_ARTIFACTS\МКД2\Корпус 2.3\POZD_WEB_K2-3_s10_et4_6.ai","D:\AI\AITRASH\LIBRARY\02_CATALOG\02_PRESALE_Поздняково\01_ARTIFACTS\МКД2\Корпус 2.3\POZD_WEB_K2-3_s10_et4_6.png","204643","066c43f82ce7f3fae3d593751406a067de6bb5b41537ed3ddf6f6b6ade462659","066c43f82ce7f3fae3d593751406a067de6bb5b41537ed3ddf6f6b6ade462659","","","PROCESSED_OK","120","D:\AI\AITRASH\workspaces\project - Изменение масштаба для планировок квартир\09_outputs\_full_wip\20260727_full_mkd2\Корпус 2.3\х120_POZD_WEB_K2-3_s10_et4_6.ai","D:\AI\AITRASH\workspaces\project - Изменение масштаба для планировок квартир\09_outputs\_full_wip\20260727_full_mkd2\Корпус 2.3\х120_POZD_WEB_K2-3_s10_et4_6.png","433e7389582a037b0a87fd931aa45ffe9d427f3ec026f37419f5c78b8ac86de0","6e40f0959b3aa53b4e114935bbc881d9234429cd3f75b413e07fca0262ade2f3","D:\AI\AITRASH\workspaces\project - Изменение масштаба для планировок квартир\09_outputs\_diagnostics\full_20260727_full_mkd2\details\229_POZD_WEB_K2-3_s10_et4_6_attempt1.json","1","","OK","885.409449","443.204709","1.208480439","120","2905","1410","10","10","0","0","0","0","","1"
"230","Корпус 2.3","Корпус 2.3/POZD_WEB_K2-3_s10_et6_3.ai","D:\AI\AITRASH\LIBRARY\02_CATALOG\02_PRESALE_Поздняково\01_ARTIFACTS\МКД2\Корпус 2.3\POZD_WEB_K2-3_s10_et6_3.ai","D:\AI\AITRASH\LIBRARY\02_CATALOG\02_PRESALE_Поздняково\01_ARTIFACTS\МКД2\Корпус 2.3\POZD_WEB_K2-3_s10_et6_3.png","197972","a886e6ea8e2bc0129cb84c0d92ba4aa491cfb83589bc7b6fa8fd6ddc45e2e03d","a886e6ea8e2bc0129cb84c0d92ba4aa491cfb83589bc7b6fa8fd6ddc45e2e03d","","","PROCESSED_OK","170","D:\AI\AITRASH\workspaces\project - Изменение масштаба для планировок квартир\09_outputs\_full_wip\20260727_full_mkd2\Корпус 2.3\х170_POZD_WEB_K2-3_s10_et6_3.ai","D:\AI\AITRASH\workspaces\project - Изменение масштаба для планировок квартир\09_outputs\_full_wip\20260727_full_mkd2\Корпус 2.3\х170_POZD_WEB_K2-3_s10_et6_3.png","34df6e1c7dd8bfe717f1af4eeb804e329dabdbc36213821118a348b2d8517b36","d69266da5405193fd05f6569c65951ef5403cdaea749261d3f251e6a47120eed","D:\AI\AITRASH\workspaces\project - Изменение масштаба для планировок квартир\09_outputs\_diagnostics\full_20260727_full_mkd2\details\230_POZD_WEB_K2-3_s10_et6_3_attempt1.json","1","","OK","573.598443","499.446944","1.647409389","170","2450","1196","11","11","0","0","0","0","","1"
"231","Корпус 2.3","Корпус 2.3/POZD_WEB_K2-3_s10_et6_4.ai","D:\AI\AITRASH\LIBRARY\02_CATALOG\02_PRESALE_Поздняково\01_ARTIFACTS\МКД2\Корпус 2.3\POZD_WEB_K2-3_s10_et6_4.ai","D:\AI\AITRASH\LIBRARY\02_CATALOG\02_PRESALE_Поздняково\01_ARTIFACTS\МКД2\Корпус 2.3\POZD_WEB_K2-3_s10_et6_4.png","209516","afbaea7f98366f7e13fc1202affcad4be079fd6ca66b2156468793bdf5343c48","afbaea7f98366f7e13fc1202affcad4be079fd6ca66b2156468793bdf5343c48","","","PROCESSED_OK","170","D:\AI\AITRASH\workspaces\project - Изменение масштаба для планировок квартир\09_outputs\_full_wip\20260727_full_mkd2\Корпус 2.3\х170_POZD_WEB_K2-3_s10_et6_4.ai","D:\AI\AITRASH\workspaces\project - Изменение масштаба для планировок квартир\09_outputs\_full_wip\20260727_full_mkd2\Корпус 2.3\х170_POZD_WEB_K2-3_s10_et6_4.png","913ed41e68a877c3eb42061e9fa714d46210bebd01c1120cd02c56ba24538530","72d6502e4e4f74f46c169f37dffb3a2220486f5cabe21264fdf1e4cdb78a29a7","D:\AI\AITRASH\workspaces\project - Изменение масштаба для планировок квартир\09_outputs\_diagnostics\full_20260727_full_mkd2\details\231_POZD_WEB_K2-3_s10_et6_4_attempt1.json","1","","OK","573.598443","499.446944","1.647409389","170","2550","1236","11","11","0","0","0","0","","1"
"232","Корпус 2.3","Корпус 2.3/POZD_WEB_K2-3_s10_et6_5.ai","D:\AI\AITRASH\LIBRARY\02_CATALOG\02_PRESALE_Поздняково\01_ARTIFACTS\МКД2\Корпус 2.3\POZD_WEB_K2-3_s10_et6_5.ai","D:\AI\AITRASH\LIBRARY\02_CATALOG\02_PRESALE_Поздняково\01_ARTIFACTS\МКД2\Корпус 2.3\POZD_WEB_K2-3_s10_et6_5.png","160972","2ea7d1d9d2face815efc7c6d88681b6e23ad8377db7e2c04be9a658477266749","2ea7d1d9d2face815efc7c6d88681b6e23ad8377db7e2c04be9a658477266749","","","PROCESSED_OK","200","D:\AI\AITRASH\workspaces\project - Изменение масштаба для планировок квартир\09_outputs\_full_wip\20260727_full_mkd2\Корпус 2.3\х200_POZD_WEB_K2-3_s10_et6_5.ai","D:\AI\AITRASH\workspaces\project - Изменение масштаба для планировок квартир\09_outputs\_full_wip\20260727_full_mkd2\Корпус 2.3\х200_POZD_WEB_K2-3_s10_et6_5.png","62c1e00a610f310f7e9ecbc8c430dbe2bf76e7d0902b61c31989a7825819dc2a","ef3724ecfdda4823ce7f5a494cd58dc877e0807e9b85b8cca338d911ed5b3969","D:\AI\AITRASH\workspaces\project - Изменение масштаба для планировок квартир\09_outputs\_diagnostics\full_20260727_full_mkd2\details\232_POZD_WEB_K2-3_s10_et6_5_attempt1.json","1","","OK","357.31496","471.426181","2.148412894","200","1747","851","10","10","0","0","0","0","","1"
"233","Корпус 2.3","Корпус 2.3/POZD_WEB_K2-3_s10_et6_6.ai","D:\AI\AITRASH\LIBRARY\02_CATALOG\02_PRESALE_Поздняково\01_ARTIFACTS\МКД2\Корпус 2.3\POZD_WEB_K2-3_s10_et6_6.ai","D:\AI\AITRASH\LIBRARY\02_CATALOG\02_PRESALE_Поздняково\01_ARTIFACTS\МКД2\Корпус 2.3\POZD_WEB_K2-3_s10_et6_6.png","446354","5dd086afca2f288af8e795e6f5ffa1407ff2b2f7465f140b3d2727828eb5a305","5dd086afca2f288af8e795e6f5ffa1407ff2b2f7465f140b3d2727828eb5a305","","","PROCESSED_OK","100","D:\AI\AITRASH\workspaces\project - Изменение масштаба для планировок квартир\09_outputs\_full_wip\20260727_full_mkd2\Корпус 2.3\х100_POZD_WEB_K2-3_s10_et6_6.ai","D:\AI\AITRASH\workspaces\project - Изменение масштаба для планировок квартир\09_outputs\_full_wip\20260727_full_mkd2\Корпус 2.3\х100_POZD_WEB_K2-3_s10_et6_6.png","19fb9bd11ebda7305bb7f747e0f2ab96bfa65e452b9bab611b1961df369556b2","fe0503e44ec6886afff513065f8e3b463156aa7d4d81e83585f7ba4ff085145f","D:\AI\AITRASH\workspaces\project - Изменение масштаба для планировок квартир\09_outputs\_diagnostics\full_20260727_full_mkd2\details\233_POZD_WEB_K2-3_s10_et6_6_attempt2.json","2","","OK","913.347441","1069.661437","0.892090719","100","7729","3786","16","16","0","0","0","0","","1"
"234","Корпус 2.3","Корпус 2.3/POZD_WEB_K2-3_s11_et1_4.ai","D:\AI\AITRASH\LIBRARY\02_CATALOG\02_PRESALE_Поздняково\01_ARTIFACTS\МКД2\Корпус 2.3\POZD_WEB_K2-3_s11_et1_4.ai","D:\AI\AITRASH\LIBRARY\02_CATALOG\02_PRESALE_Поздняково\01_ARTIFACTS\МКД2\Корпус 2.3\POZD_WEB_K2-3_s11_et1_4.png","261197","33e1f73872ca17c9aff26e183b91f322a54b0ab7863a44cc0162d7a242cea05d","33e1f73872ca17c9aff26e183b91f322a54b0ab7863a44cc0162d7a242cea05d","","","PROCESSED_OK","170","D:\AI\AITRASH\workspaces\project - Изменение масштаба для планировок квартир\09_outputs\_full_wip\20260727_full_mkd2\Корпус 2.3\х170_POZD_WEB_K2-3_s11_et1_4.ai","D:\AI\AITRASH\workspaces\project - Изменение масштаба для планировок квартир\09_outputs\_full_wip\20260727_full_mkd2\Корпус 2.3\х170_POZD_WEB_K2-3_s11_et1_4.png","60f25173d3fb2fa9874a103192d52376b40ec4fd3813fdf620443c521265ff9d","4d5b66d9e1e91680da1d62d3b6d96941a901382ffa566fe2130dcba91469500b","D:\AI\AITRASH\workspaces\project - Изменение масштаба для планировок квартир\09_outputs\_diagnostics\full_20260727_full_mkd2\details\234_POZD_WEB_K2-3_s11_et1_4_attempt1.json","1","","OK","647.971239","392.181098","1.65130786","170","3529","1718","14","14","0","0","0","0","","1"
"235","Корпус 2.3","Корпус 2.3/POZD_WEB_K2-3_s11_et1_5.ai","D:\AI\AITRASH\LIBRARY\02_CATALOG\02_PRESALE_Поздняково\01_ARTIFACTS\МКД2\Корпус 2.3\POZD_WEB_K2-3_s11_et1_5.ai","D:\AI\AITRASH\LIBRARY\02_CATALOG\02_PRESALE_Поздняково\01_ARTIFACTS\МКД2\Корпус 2.3\POZD_WEB_K2-3_s11_et1_5.png","251711","4b1c0cb585b7c98dc95b9d93b905e1018e1b1204616679788300082091944f1c","4b1c0cb585b7c98dc95b9d93b905e1018e1b1204616679788300082091944f1c","","","PROCESSED_OK","170","D:\AI\AITRASH\workspaces\project - Изменение масштаба для планировок квартир\09_outputs\_full_wip\20260727_full_mkd2\Корпус 2.3\х170_POZD_WEB_K2-3_s11_et1_5.ai","D:\AI\AITRASH\workspaces\project - Изменение масштаба для планировок квартир\09_outputs\_full_wip\20260727_full_mkd2\Корпус 2.3\х170_POZD_WEB_K2-3_s11_et1_5.png","3387cf6025a01dd0d935aee8fa6f5e0f8dd1f1dd88cfa1d3ba12a9405db13e30","257c567d137df345a10e16ca09221889fa95699edde16990d329cc88d55ae09d","D:\AI\AITRASH\workspaces\project - Изменение масштаба для планировок квартир\09_outputs\_diagnostics\full_20260727_full_mkd2\details\235_POZD_WEB_K2-3_s11_et1_5_attempt1.json","1","","OK","585.767481","403.519678","1.813657226","170","3343","1631","15","15","0","0","0","0","","1"
"236","Корпус 2.3","Корпус 2.3/POZD_WEB_K2-3_s11_et1_6.ai","D:\AI\AITRASH\LIBRARY\02_CATALOG\02_PRESALE_Поздняково\01_ARTIFACTS\МКД2\Корпус 2.3\POZD_WEB_K2-3_s11_et1_6.ai","D:\AI\AITRASH\LIBRARY\02_CATALOG\02_PRESALE_Поздняково\01_ARTIFACTS\МКД2\Корпус 2.3\POZD_WEB_K2-3_s11_et1_6.png","281280","9ac87d31d087a4c9afbe78525b1329b74d8bb2b3f25a7a3c236c70950c5694fb","9ac87d31d087a4c9afbe78525b1329b74d8bb2b3f25a7a3c236c70950c5694fb","","","PROCESSED_OK","200","D:\AI\AITRASH\workspaces\project - Изменение масштаба для планировок квартир\09_outputs\_full_wip\20260727_full_mkd2\Корпус 2.3\х200_POZD_WEB_K2-3_s11_et1_6.ai","D:\AI\AITRASH\workspaces\project - Изменение масштаба для планировок квартир\09_outputs\_full_wip\20260727_full_mkd2\Корпус 2.3\х200_POZD_WEB_K2-3_s11_et1_6.png","1bbb816a006ad825e826e8580f197fc977d62b75f111eb2cf0cf1abbafd597d5","ee00528d7844571bed50be2bf34828c0ef252f608bbc81355793069a2ee04ca0","D:\AI\AITRASH\workspaces\project - Изменение масштаба для планировок квартир\09_outputs\_diagnostics\full_20260727_full_mkd2\details\236_POZD_WEB_K2-3_s11_et1_6_attempt1.json","1","","OK","523.530277","392.18109","1.945969247","200","4017","1967","14","14","0","0","0","0","","1"
"237","Корпус 2.3","Корпус 2.3/POZD_WEB_K2-3_s11_et1_7.ai","D:\AI\AITRASH\LIBRARY\02_CATALOG\02_PRESALE_Поздняково\01_ARTIFACTS\МКД2\Корпус 2.3\POZD_WEB_K2-3_s11_et1_7.ai","D:\AI\AITRASH\LIBRARY\02_CATALOG\02_PRESALE_Поздняково\01_ARTIFACTS\МКД2\Корпус 2.3\POZD_WEB_K2-3_s11_et1_7.png","359177","df616be3c845ddb78b90a738c9fc45d43fea2e31d33aa1098e582b2c42727a88","df616be3c845ddb78b90a738c9fc45d43fea2e31d33aa1098e582b2c42727a88","","","PROCESSED_OK","110","D:\AI\AITRASH\workspaces\project - Изменение масштаба для планировок квартир\09_outputs\_full_wip\20260727_full_mkd2\Корпус 2.3\х110_POZD_WEB_K2-3_s11_et1_7.ai","D:\AI\AITRASH\workspaces\project - Изменение масштаба для планировок квартир\09_outputs\_full_wip\20260727_full_mkd2\Корпус 2.3\х110_POZD_WEB_K2-3_s11_et1_7.png","568ec2658af85771a43f3ed2484c25719847529d3826cafcb75f72a510a2870a","11fc755e1e86c043cb171a2c6e436c48c6049c589a24cbe1e2cfaf9a6e9e1ed0","D:\AI\AITRASH\workspaces\project - Изменение масштаба для планировок квартир\09_outputs\_diagnostics\full_20260727_full_mkd2\details\237_POZD_WEB_K2-3_s11_et1_7_attempt1.json","1","","OK","981.787402","601.944907","1.089848981","110","5998","2922","14","14","0","0","0","0","","1"
"238","Корпус 2.3","Корпус 2.3/POZD_WEB_K2-3_s11_et2,4_2.ai","D:\AI\AITRASH\LIBRARY\02_CATALOG\02_PRESALE_Поздняково\01_ARTIFACTS\МКД2\Корпус 2.3\POZD_WEB_K2-3_s11_et2,4_2.ai","D:\AI\AITRASH\LIBRARY\02_CATALOG\02_PRESALE_Поздняково\01_ARTIFACTS\МКД2\Корпус 2.3\POZD_WEB_K2-3_s11_et2,4_2.png","168110","ab26d6cfca5d5d560cad2f5c9eb8efc35daf921f6e5f945cd2a015b4ec8db60f","ab26d6cfca5d5d560cad2f5c9eb8efc35daf921f6e5f945cd2a015b4ec8db60f","","","PROCESSED_OK","200","D:\AI\AITRASH\workspaces\project - Изменение масштаба для планировок квартир\09_outputs\_full_wip\20260727_full_mkd2\Корпус 2.3\х200_POZD_WEB_K2-3_s11_et2,4_2.ai","D:\AI\AITRASH\workspaces\project - Изменение масштаба для планировок квартир\09_outputs\_full_wip\20260727_full_mkd2\Корпус 2.3\х200_POZD_WEB_K2-3_s11_et2,4_2.png","36c29aab674046a4aebd33d2d906f8b0499228092a2c9f2dec9ce5f438003bbf","1c7332f043454276496fde8036e16502a172e95d4d432a4b259d1eb5f726b847","D:\AI\AITRASH\workspaces\project - Изменение масштаба для планировок квартир\09_outputs\_diagnostics\full_20260727_full_mkd2\details\238_POZD_WEB_K2-3_s11_et2,4_2_attempt1.json","1","","OK","423.64569","403.519683","2.13263455","200","1658","804","10","10","0","0","0","0","","1"
"239","Корпус 2.3","Корпус 2.3/POZD_WEB_K2-3_s11_et2,6_1.ai","D:\AI\AITRASH\LIBRARY\02_CATALOG\02_PRESALE_Поздняково\01_ARTIFACTS\МКД2\Корпус 2.3\POZD_WEB_K2-3_s11_et2,6_1.ai","D:\AI\AITRASH\LIBRARY\02_CATALOG\02_PRESALE_Поздняково\01_ARTIFACTS\МКД2\Корпус 2.3\POZD_WEB_K2-3_s11_et2,6_1.png","254226","93bcde347dc390abfafc92aebe7492c5b706564fdcdc640a9d3404026f1f82d0","93bcde347dc390abfafc92aebe7492c5b706564fdcdc640a9d3404026f1f82d0","","","PROCESSED_OK","120","D:\AI\AITRASH\workspaces\project - Изменение масштаба для планировок квартир\09_outputs\_full_wip\20260727_full_mkd2\Корпус 2.3\х120_POZD_WEB_K2-3_s11_et2,6_1.ai","D:\AI\AITRASH\workspaces\project - Изменение масштаба для планировок квартир\09_outputs\_full_wip\20260727_full_mkd2\Корпус 2.3\х120_POZD_WEB_K2-3_s11_et2,6_1.png","40a319b4a31e3986637763031a36aa31ab52af22764dd31157cfbffc315f0fe9","6ce27da21b4c11e24b364d36f30939e4f2efaa81c2e55e47730a9a7323b871ee","D:\AI\AITRASH\workspaces\project - Изменение масштаба для планировок квартир\09_outputs\_diagnostics\full_20260727_full_mkd2\details\239_POZD_WEB_K2-3_s11_et2,6_1_attempt1.json","1","","OK","913.347441","573.598415","1.171514751","120","4063","1984","12","12","0","0","0","0","","1"
"240","Корпус 2.3","Корпус 2.3/POZD_WEB_K2-3_s11_et2,6_4.ai","D:\AI\AITRASH\LIBRARY\02_CATALOG\02_PRESALE_Поздняково\01_ARTIFACTS\МКД2\Корпус 2.3\POZD_WEB_K2-3_s11_et2,6_4.ai","D:\AI\AITRASH\LIBRARY\02_CATALOG\02_PRESALE_Поздняково\01_ARTIFACTS\МКД2\Корпус 2.3\POZD_WEB_K2-3_s11_et2,6_4.png","266176","154b917f6f8f84aef60fc5c09f39570b9286f58e7f079c281a29c613ea0c38da","154b917f6f8f84aef60fc5c09f39570b9286f58e7f079c281a29c613ea0c38da","","","PROCESSED_OK","120","D:\AI\AITRASH\workspaces\project - Изменение масштаба для планировок квартир\09_outputs\_full_wip\20260727_full_mkd2\Корпус 2.3\х120_POZD_WEB_K2-3_s11_et2,6_4.ai","D:\AI\AITRASH\workspaces\project - Изменение масштаба для планировок квартир\09_outputs\_full_wip\20260727_full_mkd2\Корпус 2.3\х120_POZD_WEB_K2-3_s11_et2,6_4.png","3a2c556a88ebb53f5fc98c8e3e498a01ea6c1e966fdfca78680ef9226c0c02d9","bed54bf52dc32d0047669ffc9e498b4f732dabf591c487f2a485f946fccd95f0","D:\AI\AITRASH\workspaces\project - Изменение масштаба для планировок квартир\09_outputs\_diagnostics\full_20260727_full_mkd2\details\240_POZD_WEB_K2-3_s11_et2,6_4_attempt1.json","1","","OK","913.347441","602.511826","1.171514751","120","4277","2082","11","11","0","0","0","0","","1"
"241","Корпус 2.3","Корпус 2.3/POZD_WEB_K2-3_s11_et2_3.ai","D:\AI\AITRASH\LIBRARY\02_CATALOG\02_PRESALE_Поздняково\01_ARTIFACTS\МКД2\Корпус 2.3\POZD_WEB_K2-3_s11_et2_3.ai","D:\AI\AITRASH\LIBRARY\02_CATALOG\02_PRESALE_Поздняково\01_ARTIFACTS\МКД2\Корпус 2.3\POZD_WEB_K2-3_s11_et2_3.png","170322","911444934709c322d17f47a153941bce9db81fe3ffb2899f4659393725099e7f","911444934709c322d17f47a153941bce9db81fe3ffb2899f4659393725099e7f","","","PROCESSED_OK","200","D:\AI\AITRASH\workspaces\project - Изменение масштаба для планировок квартир\09_outputs\_full_wip\20260727_full_mkd2\Корпус 2.3\х200_POZD_WEB_K2-3_s11_et2_3.ai","D:\AI\AITRASH\workspaces\project - Изменение масштаба для планировок квартир\09_outputs\_full_wip\20260727_full_mkd2\Корпус 2.3\х200_POZD_WEB_K2-3_s11_et2_3.png","6e492803fc525b08336da3288d8a7a38b53a324580e8a30f60be83c696435cbb","8069e6f218f6069add2508aae21fa4f2083ecf5b326466883d137d2db57c0ca2","D:\AI\AITRASH\workspaces\project - Изменение масштаба для планировок квартир\09_outputs\_diagnostics\full_20260727_full_mkd2\details\241_POZD_WEB_K2-3_s11_et2_3_attempt1.json","1","","OK","422.795276","392.181104","2.165418303","200","1788","866","10","10","0","0","0","0","","1"
"242","Корпус 2.3","Корпус 2.3/POZD_WEB_K2-3_s11_et3,5_1.ai","D:\AI\AITRASH\LIBRARY\02_CATALOG\02_PRESALE_Поздняково\01_ARTIFACTS\МКД2\Корпус 2.3\POZD_WEB_K2-3_s11_et3,5_1.ai","D:\AI\AITRASH\LIBRARY\02_CATALOG\02_PRESALE_Поздняково\01_ARTIFACTS\МКД2\Корпус 2.3\POZD_WEB_K2-3_s11_et3,5_1.png","251360","f04d113e29c1d665a4c8e266b0996622b073e825f172bfe98d4f00cd0adc2442","f04d113e29c1d665a4c8e266b0996622b073e825f172bfe98d4f00cd0adc2442","","","PROCESSED_OK","120","D:\AI\AITRASH\workspaces\project - Изменение масштаба для планировок квартир\09_outputs\_full_wip\20260727_full_mkd2\Корпус 2.3\х120_POZD_WEB_K2-3_s11_et3,5_1.ai","D:\AI\AITRASH\workspaces\project - Изменение масштаба для планировок квартир\09_outputs\_full_wip\20260727_full_mkd2\Корпус 2.3\х120_POZD_WEB_K2-3_s11_et3,5_1.png","830c57f3ee0858c6b97fe5d99cc308d5c14e4ff7688033c470f82522c828efad","4cc7b53254ec541025bd6379294b687ff329204c5cbc69386d9db9a1ffe52205","D:\AI\AITRASH\workspaces\project - Изменение масштаба для планировок квартир\09_outputs\_diagnostics\full_20260727_full_mkd2\details\242_POZD_WEB_K2-3_s11_et3,5_1_attempt1.json","1","","OK","885.409451","573.598432","1.208480437","120","4008","1958","11","11","0","0","0","0","","1"
"243","Корпус 2.3","Корпус 2.3/POZD_WEB_K2-3_s11_et3,5_2.ai","D:\AI\AITRASH\LIBRARY\02_CATALOG\02_PRESALE_Поздняково\01_ARTIFACTS\МКД2\Корпус 2.3\POZD_WEB_K2-3_s11_et3,5_2.ai","D:\AI\AITRASH\LIBRARY\02_CATALOG\02_PRESALE_Поздняково\01_ARTIFACTS\МКД2\Корпус 2.3\POZD_WEB_K2-3_s11_et3,5_2.png","168075","5b59c845a071c74a073cacaab378267fd9af030644933d85b9ec04c4fca5ac08","5b59c845a071c74a073cacaab378267fd9af030644933d85b9ec04c4fca5ac08","","","PROCESSED_OK","200","D:\AI\AITRASH\workspaces\project - Изменение масштаба для планировок квартир\09_outputs\_full_wip\20260727_full_mkd2\Корпус 2.3\х200_POZD_WEB_K2-3_s11_et3,5_2.ai","D:\AI\AITRASH\workspaces\project - Изменение масштаба для планировок квартир\09_outputs\_full_wip\20260727_full_mkd2\Корпус 2.3\х200_POZD_WEB_K2-3_s11_et3,5_2.png","129322e83a1faa29aa994f81c3e1ff5f2236dd6e27136bf59325e51108cda10a","a135330561bf5d2e10634afbab4571bd485cbf2c5a812074b3f1f0c52cc86903","D:\AI\AITRASH\workspaces\project - Изменение масштаба для планировок квартир\09_outputs\_diagnostics\full_20260727_full_mkd2\details\243_POZD_WEB_K2-3_s11_et3,5_2_attempt1.json","1","","OK","423.24884","403.519672","2.133634154","200","1674","810","10","10","0","0","0","0","","1"
"244","Корпус 2.3","Корпус 2.3/POZD_WEB_K2-3_s11_et3,5_3.ai","D:\AI\AITRASH\LIBRARY\02_CATALOG\02_PRESALE_Поздняково\01_ARTIFACTS\МКД2\Корпус 2.3\POZD_WEB_K2-3_s11_et3,5_3.ai","D:\AI\AITRASH\LIBRARY\02_CATALOG\02_PRESALE_Поздняково\01_ARTIFACTS\МКД2\Корпус 2.3\POZD_WEB_K2-3_s11_et3,5_3.png","171134","39fbc49e6d615e48ebc3c0694d3e1f9dd1301da3e1e6752377b8ec764cb71b6c","39fbc49e6d615e48ebc3c0694d3e1f9dd1301da3e1e6752377b8ec764cb71b6c","","","PROCESSED_OK","200","D:\AI\AITRASH\workspaces\project - Изменение масштаба для планировок квартир\09_outputs\_full_wip\20260727_full_mkd2\Корпус 2.3\х200_POZD_WEB_K2-3_s11_et3,5_3.ai","D:\AI\AITRASH\workspaces\project - Изменение масштаба для планировок квартир\09_outputs\_full_wip\20260727_full_mkd2\Корпус 2.3\х200_POZD_WEB_K2-3_s11_et3,5_3.png","6666e3dcd892d29bb641483402871f9120bec026e76ed25af3ad06b51cb514cb","aefb88398ad561f49cc1cfc2991a3957a035997b5a44c6493710a7bedd91c9a0","D:\AI\AITRASH\workspaces\project - Изменение масштаба для планировок квартир\09_outputs\_diagnostics\full_20260727_full_mkd2\details\244_POZD_WEB_K2-3_s11_et3,5_3_attempt1.json","1","","OK","422.795276","391.198002","2.168137504","200","1779","863","10","10","0","0","0","0","","1"
"245","Корпус 2.3","Корпус 2.3/POZD_WEB_K2-3_s11_et3,5_4.ai","D:\AI\AITRASH\LIBRARY\02_CATALOG\02_PRESALE_Поздняково\01_ARTIFACTS\МКД2\Корпус 2.3\POZD_WEB_K2-3_s11_et3,5_4.ai","D:\AI\AITRASH\LIBRARY\02_CATALOG\02_PRESALE_Поздняково\01_ARTIFACTS\МКД2\Корпус 2.3\POZD_WEB_K2-3_s11_et3,5_4.png","263690","b268054ca1712cf12d30a7ad17abf6e9c76663fbd9cd45096b7a09b9d2789539","b268054ca1712cf12d30a7ad17abf6e9c76663fbd9cd45096b7a09b9d2789539","","","PROCESSED_OK","120","D:\AI\AITRASH\workspaces\project - Изменение масштаба для планировок квартир\09_outputs\_full_wip\20260727_full_mkd2\Корпус 2.3\х120_POZD_WEB_K2-3_s11_et3,5_4.ai","D:\AI\AITRASH\workspaces\project - Изменение масштаба для планировок квартир\09_outputs\_full_wip\20260727_full_mkd2\Корпус 2.3\х120_POZD_WEB_K2-3_s11_et3,5_4.png","5e1852062769f6efe3ff58c8dcec2a0189f75605d9eab3c8781624afe7f546ba","577510d247b1596552b8cec08aa0106cd6b2932dba4531fc9968779c2a2ca998","D:\AI\AITRASH\workspaces\project - Изменение масштаба для планировок квартир\09_outputs\_diagnostics\full_20260727_full_mkd2\details\245_POZD_WEB_K2-3_s11_et3,5_4_attempt1.json","1","","OK","885.409449","601.944859","1.207813189","120","4245","2066","10","10","0","0","0","0","","1"
"246","Корпус 2.3","Корпус 2.3/POZD_WEB_K2-3_s11_et4_1.ai","D:\AI\AITRASH\LIBRARY\02_CATALOG\02_PRESALE_Поздняково\01_ARTIFACTS\МКД2\Корпус 2.3\POZD_WEB_K2-3_s11_et4_1.ai","D:\AI\AITRASH\LIBRARY\02_CATALOG\02_PRESALE_Поздняково\01_ARTIFACTS\МКД2\Корпус 2.3\POZD_WEB_K2-3_s11_et4_1.png","255602","d3f70d1169b5ae7a79dc484010ab6502f8ffb542778a251c5066d63a1fa37401","d3f70d1169b5ae7a79dc484010ab6502f8ffb542778a251c5066d63a1fa37401","","","PROCESSED_OK","110","D:\AI\AITRASH\workspaces\project - Изменение масштаба для планировок квартир\09_outputs\_full_wip\20260727_full_mkd2\Корпус 2.3\х110_POZD_WEB_K2-3_s11_et4_1.ai","D:\AI\AITRASH\workspaces\project - Изменение масштаба для планировок квартир\09_outputs\_full_wip\20260727_full_mkd2\Корпус 2.3\х110_POZD_WEB_K2-3_s11_et4_1.png","aa36c48b02c4c9be47f3321f12c2b4ead29931ade96c15ae38d1a228d1d76942","cacd622a8b0bb5f3a3e98546234a915d73e515f1b17adc618c7044d337338f21","D:\AI\AITRASH\workspaces\project - Изменение масштаба для планировок квартир\09_outputs\_diagnostics\full_20260727_full_mkd2\details\246_POZD_WEB_K2-3_s11_et4_1_attempt1.json","1","","OK","941.285433","573.598411","1.136743396","110","4070","1989","12","12","0","0","0","0","","1"
"247","Корпус 2.3","Корпус 2.3/POZD_WEB_K2-3_s11_et4_3.ai","D:\AI\AITRASH\LIBRARY\02_CATALOG\02_PRESALE_Поздняково\01_ARTIFACTS\МКД2\Корпус 2.3\POZD_WEB_K2-3_s11_et4_3.ai","D:\AI\AITRASH\LIBRARY\02_CATALOG\02_PRESALE_Поздняково\01_ARTIFACTS\МКД2\Корпус 2.3\POZD_WEB_K2-3_s11_et4_3.png","172789","3a0ef3db9e54b8218332575a3481be52a02895aa37452066592294bb8f4533f1","3a0ef3db9e54b8218332575a3481be52a02895aa37452066592294bb8f4533f1","","","PROCESSED_OK","200","D:\AI\AITRASH\workspaces\project - Изменение масштаба для планировок квартир\09_outputs\_full_wip\20260727_full_mkd2\Корпус 2.3\х200_POZD_WEB_K2-3_s11_et4_3.ai","D:\AI\AITRASH\workspaces\project - Изменение масштаба для планировок квартир\09_outputs\_full_wip\20260727_full_mkd2\Корпус 2.3\х200_POZD_WEB_K2-3_s11_et4_3.png","68ad7fd05f7e3775fe01786f4898120a2e621c2d7499420af6e7b2c3053dbdcf","11ad9102da746c40427e2ef8dec48803ee0c06a861e8d04764bbf6d5887b6715","D:\AI\AITRASH\workspaces\project - Изменение масштаба для планировок квартир\09_outputs\_diagnostics\full_20260727_full_mkd2\details\247_POZD_WEB_K2-3_s11_et4_3_attempt1.json","1","","OK","450.733268","392.181112","2.097234798","200","1818","881","11","11","0","0","0","0","","1"
"248","Корпус 2.3","Корпус 2.3/POZD_WEB_K2-3_s11_et4_4.ai","D:\AI\AITRASH\LIBRARY\02_CATALOG\02_PRESALE_Поздняково\01_ARTIFACTS\МКД2\Корпус 2.3\POZD_WEB_K2-3_s11_et4_4.ai","D:\AI\AITRASH\LIBRARY\02_CATALOG\02_PRESALE_Поздняково\01_ARTIFACTS\МКД2\Корпус 2.3\POZD_WEB_K2-3_s11_et4_4.png","266071","443d9bf254cd05477eef32033fa83c777e90fbe47db3503d7f4eb67b2dbed13d","443d9bf254cd05477eef32033fa83c777e90fbe47db3503d7f4eb67b2dbed13d","","","PROCESSED_OK","120","D:\AI\AITRASH\workspaces\project - Изменение масштаба для планировок квартир\09_outputs\_full_wip\20260727_full_mkd2\Корпус 2.3\х120_POZD_WEB_K2-3_s11_et4_4.ai","D:\AI\AITRASH\workspaces\project - Изменение масштаба для планировок квартир\09_outputs\_full_wip\20260727_full_mkd2\Корпус 2.3\х120_POZD_WEB_K2-3_s11_et4_4.png","a5ca95e97d909fbb4cc916bc7df6eb434eed70b9538606dc116a9c26d7663702","10973e57f6a196b5853ff421504fa84c56a184c13cb63bec91f2f0c861d83686","D:\AI\AITRASH\workspaces\project - Изменение масштаба для планировок квартир\09_outputs\_diagnostics\full_20260727_full_mkd2\details\248_POZD_WEB_K2-3_s11_et4_4_attempt1.json","1","","OK","913.347441","601.944886","1.171514751","120","4267","2077","11","11","0","0","0","0","","1"
"249","Корпус 2.3","Корпус 2.3/POZD_WEB_K2-3_s11_et6_2.ai","D:\AI\AITRASH\LIBRARY\02_CATALOG\02_PRESALE_Поздняково\01_ARTIFACTS\МКД2\Корпус 2.3\POZD_WEB_K2-3_s11_et6_2.ai","D:\AI\AITRASH\LIBRARY\02_CATALOG\02_PRESALE_Поздняково\01_ARTIFACTS\МКД2\Корпус 2.3\POZD_WEB_K2-3_s11_et6_2.png","169518","b299d277e43ed37bab002c4daec1787dc530f81a5b9882f53c70fa30c1443ca7","b299d277e43ed37bab002c4daec1787dc530f81a5b9882f53c70fa30c1443ca7","","","PROCESSED_OK","200","D:\AI\AITRASH\workspaces\project - Изменение масштаба для планировок квартир\09_outputs\_full_wip\20260727_full_mkd2\Корпус 2.3\х200_POZD_WEB_K2-3_s11_et6_2.ai","D:\AI\AITRASH\workspaces\project - Изменение масштаба для планировок квартир\09_outputs\_full_wip\20260727_full_mkd2\Корпус 2.3\х200_POZD_WEB_K2-3_s11_et6_2.png","8baebcfeed362784707297b93c16c4ee462ec86d03ea82a8704f50f6301d18ee","71a6e8ff3c91c0957639ec079e53aa49ff8cbb4eeca54acb524d7b4c1d5eb15b","D:\AI\AITRASH\workspaces\project - Изменение масштаба для планировок квартир\09_outputs\_diagnostics\full_20260727_full_mkd2\details\249_POZD_WEB_K2-3_s11_et6_2_attempt1.json","1","","OK","450.733239","403.519687","2.067559621","200","1688","818","11","11","0","0","0","0","","1"
"250","Корпус 2.3","Корпус 2.3/POZD_WEB_K2-3_s11_et6_3.ai","D:\AI\AITRASH\LIBRARY\02_CATALOG\02_PRESALE_Поздняково\01_ARTIFACTS\МКД2\Корпус 2.3\POZD_WEB_K2-3_s11_et6_3.ai","D:\AI\AITRASH\LIBRARY\02_CATALOG\02_PRESALE_Поздняково\01_ARTIFACTS\МКД2\Корпус 2.3\POZD_WEB_K2-3_s11_et6_3.png","170887","643952898bffcf8c5b02f94575f18004b46db63f4cc83e8dcb6e70a5c5b65f8f","643952898bffcf8c5b02f94575f18004b46db63f4cc83e8dcb6e70a5c5b65f8f","","","PROCESSED_OK","200","D:\AI\AITRASH\workspaces\project - Изменение масштаба для планировок квартир\09_outputs\_full_wip\20260727_full_mkd2\Корпус 2.3\х200_POZD_WEB_K2-3_s11_et6_3.ai","D:\AI\AITRASH\workspaces\project - Изменение масштаба для планировок квартир\09_outputs\_full_wip\20260727_full_mkd2\Корпус 2.3\х200_POZD_WEB_K2-3_s11_et6_3.png","d7fa615cc5843f12a38a55a5e815b02f9625a13038d35a53296da1978cc6da6d","4ba8671c721f4a7f9e3161e8a0a9f728081147a2bf485e976546cd9f88e1c8d3","D:\AI\AITRASH\workspaces\project - Изменение масштаба для планировок квартир\09_outputs\_diagnostics\full_20260727_full_mkd2\details\250_POZD_WEB_K2-3_s11_et6_3_attempt1.json","1","","OK","422.795246","391.047246","2.168555469","200","1770","857","10","10","0","0","0","0","","1"
"251","Корпус 2.3","Корпус 2.3/POZD_WEB_K2-3_s12_et1,4_2.ai","D:\AI\AITRASH\LIBRARY\02_CATALOG\02_PRESALE_Поздняково\01_ARTIFACTS\МКД2\Корпус 2.3\POZD_WEB_K2-3_s12_et1,4_2.ai","D:\AI\AITRASH\LIBRARY\02_CATALOG\02_PRESALE_Поздняково\01_ARTIFACTS\МКД2\Корпус 2.3\POZD_WEB_K2-3_s12_et1,4_2.png","258581","303ed1eabda58dbe82176d747995e441b567280f44922a34468240c901599b4a","303ed1eabda58dbe82176d747995e441b567280f44922a34468240c901599b4a","","","PROCESSED_OK","170","D:\AI\AITRASH\workspaces\project - Изменение масштаба для планировок квартир\09_outputs\_full_wip\20260727_full_mkd2\Корпус 2.3\х170_POZD_WEB_K2-3_s12_et1,4_2.ai","D:\AI\AITRASH\workspaces\project - Изменение масштаба для планировок квартир\09_outputs\_full_wip\20260727_full_mkd2\Корпус 2.3\х170_POZD_WEB_K2-3_s12_et1,4_2.png","0f10a50562e394461f90ab8d2432782a8f0afc8c69eeb2944ef032d206f70cf0","070800b63600627e732645f5e2f2bf857f227ad1f6378bc3bae92a32673fc61d","D:\AI\AITRASH\workspaces\project - Изменение масштаба для планировок квартир\09_outputs\_diagnostics\full_20260727_full_mkd2\details\251_POZD_WEB_K2-3_s12_et1,4_2_attempt1.json","1","","OK","582.827757","409.738809","1.804373894","170","3450","1680","14","14","0","0","0","0","","1"
"252","Корпус 2.3","Корпус 2.3/POZD_WEB_K2-3_s12_et1_1.ai","D:\AI\AITRASH\LIBRARY\02_CATALOG\02_PRESALE_Поздняково\01_ARTIFACTS\МКД2\Корпус 2.3\POZD_WEB_K2-3_s12_et1_1.ai","D:\AI\AITRASH\LIBRARY\02_CATALOG\02_PRESALE_Поздняково\01_ARTIFACTS\МКД2\Корпус 2.3\POZD_WEB_K2-3_s12_et1_1.png","282525","1c0819c10d854b69298b9360f3151939ea25c000ba6cb0d54ff64416fdbc5860","1c0819c10d854b69298b9360f3151939ea25c000ba6cb0d54ff64416fdbc5860","","","PROCESSED_OK","110","D:\AI\AITRASH\workspaces\project - Изменение масштаба для планировок квартир\09_outputs\_full_wip\20260727_full_mkd2\Корпус 2.3\х110_POZD_WEB_K2-3_s12_et1_1.ai","D:\AI\AITRASH\workspaces\project - Изменение масштаба для планировок квартир\09_outputs\_full_wip\20260727_full_mkd2\Корпус 2.3\х110_POZD_WEB_K2-3_s12_et1_1.png","95bbb083e6d97ea65b6225f088da01e6f89fb3a472f6e51044cffd3a8d5f80b9","a52f532eb76e7c1b1923dc98eb2b39c5460107d7b823fcd25fbb85614c3efb61","D:\AI\AITRASH\workspaces\project - Изменение масштаба для планировок квартир\09_outputs\_diagnostics\full_20260727_full_mkd2\details\252_POZD_WEB_K2-3_s12_et1_1_attempt1.json","1","","OK","982.395023","415.510637","1.089174899","110","4390","2139","16","16","0","0","0","0","","1"
"253","Корпус 2.3","Корпус 2.3/POZD_WEB_K2-3_s12_et1_2.ai","D:\AI\AITRASH\LIBRARY\02_CATALOG\02_PRESALE_Поздняково\01_ARTIFACTS\МКД2\Корпус 2.3\POZD_WEB_K2-3_s12_et1_2.ai","D:\AI\AITRASH\LIBRARY\02_CATALOG\02_PRESALE_Поздняково\01_ARTIFACTS\МКД2\Корпус 2.3\POZD_WEB_K2-3_s12_et1_2.png","257864","5cd903fa8a228af5a00cdfe03c157a33bb7e7e376827ea1d592f828ecb0212df","5cd903fa8a228af5a00cdfe03c157a33bb7e7e376827ea1d592f828ecb0212df","","","PROCESSED_OK","170","D:\AI\AITRASH\workspaces\project - Изменение масштаба для планировок квартир\09_outputs\_full_wip\20260727_full_mkd2\Корпус 2.3\х170_POZD_WEB_K2-3_s12_et1_2.ai","D:\AI\AITRASH\workspaces\project - Изменение масштаба для планировок квартир\09_outputs\_full_wip\20260727_full_mkd2\Корпус 2.3\х170_POZD_WEB_K2-3_s12_et1_2.png","608d1d1dbda5c312a08240b0e2b057191b4d5c1e0d6494370540ffa929a2742b","b66d4490d3191946b2d06334b9427e4906355335f434752d29334f418805958f","D:\AI\AITRASH\workspaces\project - Изменение масштаба для планировок квартир\09_outputs\_diagnostics\full_20260727_full_mkd2\details\253_POZD_WEB_K2-3_s12_et1_2_attempt1.json","1","","OK","582.827757","409.188976","1.805585769","170","3434","1671","14","14","0","0","0","0","","1"
"254","Корпус 2.3","Корпус 2.3/POZD_WEB_K2-3_s12_et1_3.ai","D:\AI\AITRASH\LIBRARY\02_CATALOG\02_PRESALE_Поздняково\01_ARTIFACTS\МКД2\Корпус 2.3\POZD_WEB_K2-3_s12_et1_3.ai","D:\AI\AITRASH\LIBRARY\02_CATALOG\02_PRESALE_Поздняково\01_ARTIFACTS\МКД2\Корпус 2.3\POZD_WEB_K2-3_s12_et1_3.png","305701","6b30067c6704f1d090107d53ad79f94a92dfb70fa47c635665c14931f260e35c","6b30067c6704f1d090107d53ad79f94a92dfb70fa47c635665c14931f260e35c","","","PROCESSED_OK","150","D:\AI\AITRASH\workspaces\project - Изменение масштаба для планировок квартир\09_outputs\_full_wip\20260727_full_mkd2\Корпус 2.3\х150_POZD_WEB_K2-3_s12_et1_3.ai","D:\AI\AITRASH\workspaces\project - Изменение масштаба для планировок квартир\09_outputs\_full_wip\20260727_full_mkd2\Корпус 2.3\х150_POZD_WEB_K2-3_s12_et1_3.png","43f9b0f2834c78533d30b1ff3a8048d6e222ff4cd8e6f7eb88ef97413ed08293","8aaae7102a29f304da12eeababb461fff1b138fabaf1c185f84612b461658fb5","D:\AI\AITRASH\workspaces\project - Изменение масштаба для планировок квартир\09_outputs\_diagnostics\full_20260727_full_mkd2\details\254_POZD_WEB_K2-3_s12_et1_3_attempt1.json","1","","OK","584.245079","633.099363","1.449828822","150","4410","2155","15","15","0","1","0","0","","1"
"255","Корпус 2.3","Корпус 2.3/POZD_WEB_K2-3_s12_et2_1.ai","D:\AI\AITRASH\LIBRARY\02_CATALOG\02_PRESALE_Поздняково\01_ARTIFACTS\МКД2\Корпус 2.3\POZD_WEB_K2-3_s12_et2_1.ai","D:\AI\AITRASH\LIBRARY\02_CATALOG\02_PRESALE_Поздняково\01_ARTIFACTS\МКД2\Корпус 2.3\POZD_WEB_K2-3_s12_et2_1.png","204450","cb9ab82be2214be097ba05b197d0f63c54212d9136d0c820a9475716cc0eae25","cb9ab82be2214be097ba05b197d0f63c54212d9136d0c820a9475716cc0eae25","","","PROCESSED_OK","120","D:\AI\AITRASH\workspaces\project - Изменение масштаба для планировок квартир\09_outputs\_full_wip\20260727_full_mkd2\Корпус 2.3\х120_POZD_WEB_K2-3_s12_et2_1.ai","D:\AI\AITRASH\workspaces\project - Изменение масштаба для планировок квартир\09_outputs\_full_wip\20260727_full_mkd2\Корпус 2.3\х120_POZD_WEB_K2-3_s12_et2_1.png","a8c0a2e5da4032dbf92b2602e94394e15dd9c43cba1675785f1aaf7726044002","dc83abcc61f3716c7dabe61bec4a926a83a7380f0f7f80c9669d369cd4316fd2","D:\AI\AITRASH\workspaces\project - Изменение масштаба для планировок квартир\09_outputs\_diagnostics\full_20260727_full_mkd2\details\255_POZD_WEB_K2-3_s12_et2_1_attempt1.json","1","","OK","885.409449","414.858274","1.208480439","120","2871","1392","11","11","0","0","0","0","","1"
"256","Корпус 2.3","Корпус 2.3/POZD_WEB_K2-3_s12_et2_3.ai","D:\AI\AITRASH\LIBRARY\02_CATALOG\02_PRESALE_Поздняково\01_ARTIFACTS\МКД2\Корпус 2.3\POZD_WEB_K2-3_s12_et2_3.ai","D:\AI\AITRASH\LIBRARY\02_CATALOG\02_PRESALE_Поздняково\01_ARTIFACTS\МКД2\Корпус 2.3\POZD_WEB_K2-3_s12_et2_3.png","158546","5129ad2bc416ffd395417664059f65a6ef891d1ddb7990df118a6432f6a31591","5129ad2bc416ffd395417664059f65a6ef891d1ddb7990df118a6432f6a31591","","","PROCESSED_OK","200","D:\AI\AITRASH\workspaces\project - Изменение масштаба для планировок квартир\09_outputs\_full_wip\20260727_full_mkd2\Корпус 2.3\х200_POZD_WEB_K2-3_s12_et2_3.ai","D:\AI\AITRASH\workspaces\project - Изменение масштаба для планировок квартир\09_outputs\_full_wip\20260727_full_mkd2\Корпус 2.3\х200_POZD_WEB_K2-3_s12_et2_3.png","14a1c7a91f3ae1c661f639a2ea2b8060c8352a422b743fbd1b7904aa4a013991","3b800ac9914d62b50e10fc6ed587c30d2525b13440a057b0d7a986f568280601","D:\AI\AITRASH\workspaces\project - Изменение масштаба для планировок квартир\09_outputs\_diagnostics\full_20260727_full_mkd2\details\256_POZD_WEB_K2-3_s12_et2_3_attempt1.json","1","","OK","485.03248","392.181118","2.02172205","200","1577","762","10","10","0","0","0","0","","1"
"257","Корпус 2.3","Корпус 2.3/POZD_WEB_K2-3_s12_et2_4.ai","D:\AI\AITRASH\LIBRARY\02_CATALOG\02_PRESALE_Поздняково\01_ARTIFACTS\МКД2\Корпус 2.3\POZD_WEB_K2-3_s12_et2_4.ai","D:\AI\AITRASH\LIBRARY\02_CATALOG\02_PRESALE_Поздняково\01_ARTIFACTS\МКД2\Корпус 2.3\POZD_WEB_K2-3_s12_et2_4.png","258929","6944bab040c238d9cc3a5bed3062ca9a18c46f3cd428641dae6274d86bce1641","6944bab040c238d9cc3a5bed3062ca9a18c46f3cd428641dae6274d86bce1641","","","PROCESSED_OK","120","D:\AI\AITRASH\workspaces\project - Изменение масштаба для планировок квартир\09_outputs\_full_wip\20260727_full_mkd2\Корпус 2.3\х120_POZD_WEB_K2-3_s12_et2_4.ai","D:\AI\AITRASH\workspaces\project - Изменение масштаба для планировок квартир\09_outputs\_full_wip\20260727_full_mkd2\Корпус 2.3\х120_POZD_WEB_K2-3_s12_et2_4.png","cae0f6c28423ff4b9868af2c3ab03b05c389e79c6f6192409b743008970b2960","02c1833b91e4a0768101cc29b83c0e668c268f1b74ca178af1f7f619d0446e8c","D:\AI\AITRASH\workspaces\project - Изменение масштаба для планировок квартир\09_outputs\_diagnostics\full_20260727_full_mkd2\details\257_POZD_WEB_K2-3_s12_et2_4_attempt1.json","1","","OK","913.347441","579.267743","1.171514751","120","4191","2044","12","12","0","0","0","0","","1"
"258","Корпус 2.3","Корпус 2.3/POZD_WEB_K2-3_s12_et3,5_1.ai","D:\AI\AITRASH\LIBRARY\02_CATALOG\02_PRESALE_Поздняково\01_ARTIFACTS\МКД2\Корпус 2.3\POZD_WEB_K2-3_s12_et3,5_1.ai","D:\AI\AITRASH\LIBRARY\02_CATALOG\02_PRESALE_Поздняково\01_ARTIFACTS\МКД2\Корпус 2.3\POZD_WEB_K2-3_s12_et3,5_1.png","204298","ffe93b3d40fa013f886c232ec8062d49d1d2ed0f4836df9986f77f068a46b099","ffe93b3d40fa013f886c232ec8062d49d1d2ed0f4836df9986f77f068a46b099","","","PROCESSED_OK","120","D:\AI\AITRASH\workspaces\project - Изменение масштаба для планировок квартир\09_outputs\_full_wip\20260727_full_mkd2\Корпус 2.3\х120_POZD_WEB_K2-3_s12_et3,5_1.ai","D:\AI\AITRASH\workspaces\project - Изменение масштаба для планировок квартир\09_outputs\_full_wip\20260727_full_mkd2\Корпус 2.3\х120_POZD_WEB_K2-3_s12_et3,5_1.png","6ba48b4775401900f63d2ab3624bdb5a86c81ca30068dd8fdcd9941d9c2e01ce","598e9bf795eb9b0abbe9284f3bd697526e1c8ef093e2af5e86bed9f8150cfbb2","D:\AI\AITRASH\workspaces\project - Изменение масштаба для планировок квартир\09_outputs\_diagnostics\full_20260727_full_mkd2\details\258_POZD_WEB_K2-3_s12_et3,5_1_attempt1.json","1","","OK","885.409476","414.858274","1.208480403","120","2878","1395","11","11","0","0","0","0","","1"
"259","Корпус 2.3","Корпус 2.3/POZD_WEB_K2-3_s12_et3,5_2.ai","D:\AI\AITRASH\LIBRARY\02_CATALOG\02_PRESALE_Поздняково\01_ARTIFACTS\МКД2\Корпус 2.3\POZD_WEB_K2-3_s12_et3,5_2.ai","D:\AI\AITRASH\LIBRARY\02_CATALOG\02_PRESALE_Поздняково\01_ARTIFACTS\МКД2\Корпус 2.3\POZD_WEB_K2-3_s12_et3,5_2.png","173246","7e67c9f3443bc01d1a603560f234b72ebad9d402b25c7c195ba5acef934ae608","7e67c9f3443bc01d1a603560f234b72ebad9d402b25c7c195ba5acef934ae608","","","PROCESSED_OK","200","D:\AI\AITRASH\workspaces\project - Изменение масштаба для планировок квартир\09_outputs\_full_wip\20260727_full_mkd2\Корпус 2.3\х200_POZD_WEB_K2-3_s12_et3,5_2.ai","D:\AI\AITRASH\workspaces\project - Изменение масштаба для планировок квартир\09_outputs\_full_wip\20260727_full_mkd2\Корпус 2.3\х200_POZD_WEB_K2-3_s12_et3,5_2.png","67a3b43f4b84f537f14f5edc7ba5939e61fc3d5c09e1c2cf0c3a08d9eccedc36","d9f7dae7983fc13526a91c51a81261f70095460048742d6a85978aacbffe8550","D:\AI\AITRASH\workspaces\project - Изменение масштаба для планировок квартир\09_outputs\_diagnostics\full_20260727_full_mkd2\details\259_POZD_WEB_K2-3_s12_et3,5_2_attempt1.json","1","","OK","485.03248","409.188973","1.979259905","200","1758","851","10","10","0","0","0","0","","1"
"260","Корпус 2.3","Корпус 2.3/POZD_WEB_K2-3_s12_et3,5_3.ai","D:\AI\AITRASH\LIBRARY\02_CATALOG\02_PRESALE_Поздняково\01_ARTIFACTS\МКД2\Корпус 2.3\POZD_WEB_K2-3_s12_et3,5_3.ai","D:\AI\AITRASH\LIBRARY\02_CATALOG\02_PRESALE_Поздняково\01_ARTIFACTS\МКД2\Корпус 2.3\POZD_WEB_K2-3_s12_et3,5_3.png","158165","95c08c735f6d7c7a5e13bdd12a4144446dd888b9d21c6cf4cc03815d5fd26e1e","95c08c735f6d7c7a5e13bdd12a4144446dd888b9d21c6cf4cc03815d5fd26e1e","","","PROCESSED_OK","200","D:\AI\AITRASH\workspaces\project - Изменение масштаба для планировок квартир\09_outputs\_full_wip\20260727_full_mkd2\Корпус 2.3\х200_POZD_WEB_K2-3_s12_et3,5_3.ai","D:\AI\AITRASH\workspaces\project - Изменение масштаба для планировок квартир\09_outputs\_full_wip\20260727_full_mkd2\Корпус 2.3\х200_POZD_WEB_K2-3_s12_et3,5_3.png","6d5a9c7ba60d8938a3f1ac3d8807ff6b9a30028d97ce92f79a85d6c90c7d1851","fda671ddbbfa6686e4bcd07c790c4f783e975ff68e72da82bec2cb282ba7a9ed","D:\AI\AITRASH\workspaces\project - Изменение масштаба для планировок квартир\09_outputs\_diagnostics\full_20260727_full_mkd2\details\260_POZD_WEB_K2-3_s12_et3,5_3_attempt1.json","1","","OK","485.03248","392.192547","2.021692592","200","1579","763","10","10","0","0","0","0","","1"
"261","Корпус 2.3","Корпус 2.3/POZD_WEB_K2-3_s12_et3_4.ai","D:\AI\AITRASH\LIBRARY\02_CATALOG\02_PRESALE_Поздняково\01_ARTIFACTS\МКД2\Корпус 2.3\POZD_WEB_K2-3_s12_et3_4.ai","D:\AI\AITRASH\LIBRARY\02_CATALOG\02_PRESALE_Поздняково\01_ARTIFACTS\МКД2\Корпус 2.3\POZD_WEB_K2-3_s12_et3_4.png","258213","5bc042e9605729c68d43f3e8c3b48fa6499fafec29564f0dd44b1f4524bd7a16","5bc042e9605729c68d43f3e8c3b48fa6499fafec29564f0dd44b1f4524bd7a16","","","PROCESSED_OK","120","D:\AI\AITRASH\workspaces\project - Изменение масштаба для планировок квартир\09_outputs\_full_wip\20260727_full_mkd2\Корпус 2.3\х120_POZD_WEB_K2-3_s12_et3_4.ai","D:\AI\AITRASH\workspaces\project - Изменение масштаба для планировок квартир\09_outputs\_full_wip\20260727_full_mkd2\Корпус 2.3\х120_POZD_WEB_K2-3_s12_et3_4.png","a74f6a9771896a920f59b1384138de7414d5f2b1dd0b34fa764beef383318183","cbecb0d095ed9e89bce92e61c4916cc3a0f591d6505472c15c27f9be6cc1ef19","D:\AI\AITRASH\workspaces\project - Изменение масштаба для планировок квартир\09_outputs\_diagnostics\full_20260727_full_mkd2\details\261_POZD_WEB_K2-3_s12_et3_4_attempt1.json","1","","OK","885.409449","579.26772","1.208480439","120","4202","2047","11","11","0","0","0","0","","1"
"262","Корпус 2.3","Корпус 2.3/POZD_WEB_K2-3_s12_et4_1.ai","D:\AI\AITRASH\LIBRARY\02_CATALOG\02_PRESALE_Поздняково\01_ARTIFACTS\МКД2\Корпус 2.3\POZD_WEB_K2-3_s12_et4_1.ai","D:\AI\AITRASH\LIBRARY\02_CATALOG\02_PRESALE_Поздняково\01_ARTIFACTS\МКД2\Корпус 2.3\POZD_WEB_K2-3_s12_et4_1.png","208323","19788aac65ea6619e9abf5f5659d188b8ec05f01743b6092b56fdfe26f22430b","19788aac65ea6619e9abf5f5659d188b8ec05f01743b6092b56fdfe26f22430b","","","PROCESSED_OK","110","D:\AI\AITRASH\workspaces\project - Изменение масштаба для планировок квартир\09_outputs\_full_wip\20260727_full_mkd2\Корпус 2.3\х110_POZD_WEB_K2-3_s12_et4_1.ai","D:\AI\AITRASH\workspaces\project - Изменение масштаба для планировок квартир\09_outputs\_full_wip\20260727_full_mkd2\Корпус 2.3\х110_POZD_WEB_K2-3_s12_et4_1.png","aa80e606e32bf6ec143283eb4a11008d295f13bf820e46c06d678a2e39d79ae4","11ecdf326d81d6083b241d2f78b1053e7cb92e16ed2b7e34eadb7b5228b97413","D:\AI\AITRASH\workspaces\project - Изменение масштаба для планировок квартир\09_outputs\_diagnostics\full_20260727_full_mkd2\details\262_POZD_WEB_K2-3_s12_et4_1_attempt1.json","1","","OK","941.285433","414.85827","1.136743396","110","2943","1427","12","12","0","0","0","0","","1"
"263","Корпус 2.3","Корпус 2.3/POZD_WEB_K2-3_s12_et4_3.ai","D:\AI\AITRASH\LIBRARY\02_CATALOG\02_PRESALE_Поздняково\01_ARTIFACTS\МКД2\Корпус 2.3\POZD_WEB_K2-3_s12_et4_3.ai","D:\AI\AITRASH\LIBRARY\02_CATALOG\02_PRESALE_Поздняково\01_ARTIFACTS\МКД2\Корпус 2.3\POZD_WEB_K2-3_s12_et4_3.png","159871","60ac2888e1b141be108a0d691a9474548bb5373a3692e0ff5fbfd7006bc5b341","60ac2888e1b141be108a0d691a9474548bb5373a3692e0ff5fbfd7006bc5b341","","","PROCESSED_OK","200","D:\AI\AITRASH\workspaces\project - Изменение масштаба для планировок квартир\09_outputs\_full_wip\20260727_full_mkd2\Корпус 2.3\х200_POZD_WEB_K2-3_s12_et4_3.ai","D:\AI\AITRASH\workspaces\project - Изменение масштаба для планировок квартир\09_outputs\_full_wip\20260727_full_mkd2\Корпус 2.3\х200_POZD_WEB_K2-3_s12_et4_3.png","3d769a292991020a676e2fd713edc3898fed561f20f9d421eb4f026114e088b6","9022666ce45ab64530e4ceacdd3724f91d603ef9ed342b15f979238ba15063bf","D:\AI\AITRASH\workspaces\project - Изменение масштаба для планировок квартир\09_outputs\_diagnostics\full_20260727_full_mkd2\details\263_POZD_WEB_K2-3_s12_et4_3_attempt1.json","1","","OK","512.970473","392.181103","1.965896653","200","1607","777","11","11","0","0","0","0","","1"
"264","Корпус 2.3","Корпус 2.3/POZD_WEB_K2-3_s12_et4_4.ai","D:\AI\AITRASH\LIBRARY\02_CATALOG\02_PRESALE_Поздняково\01_ARTIFACTS\МКД2\Корпус 2.3\POZD_WEB_K2-3_s12_et4_4.ai","D:\AI\AITRASH\LIBRARY\02_CATALOG\02_PRESALE_Поздняково\01_ARTIFACTS\МКД2\Корпус 2.3\POZD_WEB_K2-3_s12_et4_4.png","257538","c288496a006cb5b2d2a7eb96989db7bd743f9e37b0fa3d50d540c97b0c70069f","c288496a006cb5b2d2a7eb96989db7bd743f9e37b0fa3d50d540c97b0c70069f","","","PROCESSED_OK","120","D:\AI\AITRASH\workspaces\project - Изменение масштаба для планировок квартир\09_outputs\_full_wip\20260727_full_mkd2\Корпус 2.3\х120_POZD_WEB_K2-3_s12_et4_4.ai","D:\AI\AITRASH\workspaces\project - Изменение масштаба для планировок квартир\09_outputs\_full_wip\20260727_full_mkd2\Корпус 2.3\х120_POZD_WEB_K2-3_s12_et4_4.png","2710d796e5276bbd753b508624d16e4dd103dcf7556b053e1f06932bced7410e","d02cdf342f2f15aec9bc7d9cbc3726559ed4bfc8cda041167b12266730bcce93","D:\AI\AITRASH\workspaces\project - Изменение масштаба для планировок квартир\09_outputs\_diagnostics\full_20260727_full_mkd2\details\264_POZD_WEB_K2-3_s12_et4_4_attempt1.json","1","","OK","885.409449","579.267737","1.208480439","120","4167","2035","11","11","0","0","0","0","","1"
"265","Корпус 2.3","Корпус 2.3/POZD_WEB_K2-3_s12_et5_4.ai","D:\AI\AITRASH\LIBRARY\02_CATALOG\02_PRESALE_Поздняково\01_ARTIFACTS\МКД2\Корпус 2.3\POZD_WEB_K2-3_s12_et5_4.ai","D:\AI\AITRASH\LIBRARY\02_CATALOG\02_PRESALE_Поздняково\01_ARTIFACTS\МКД2\Корпус 2.3\POZD_WEB_K2-3_s12_et5_4.png","257825","e4cfb83802de0f08962aa35832c51fd3bcc0b4f340d8c1f88ae1a9eef5986584","e4cfb83802de0f08962aa35832c51fd3bcc0b4f340d8c1f88ae1a9eef5986584","","","PROCESSED_OK","120","D:\AI\AITRASH\workspaces\project - Изменение масштаба для планировок квартир\09_outputs\_full_wip\20260727_full_mkd2\Корпус 2.3\х120_POZD_WEB_K2-3_s12_et5_4.ai","D:\AI\AITRASH\workspaces\project - Изменение масштаба для планировок квартир\09_outputs\_full_wip\20260727_full_mkd2\Корпус 2.3\х120_POZD_WEB_K2-3_s12_et5_4.png","6682918fc9dc03c45274527056bd6262c7226728674c23d618dde6936416f04d","9646df4fd9f38f345714e77037098d7fd301430896a1c2444ae64575a74720b2","D:\AI\AITRASH\workspaces\project - Изменение масштаба для планировок квартир\09_outputs\_diagnostics\full_20260727_full_mkd2\details\265_POZD_WEB_K2-3_s12_et5_4_attempt1.json","1","","OK","885.409449","579.26775","1.208480439","120","4204","2049","11","11","0","0","0","0","","1"
"266","Корпус 2.3","Корпус 2.3/POZD_WEB_K2-3_s12_et6_1.ai","D:\AI\AITRASH\LIBRARY\02_CATALOG\02_PRESALE_Поздняково\01_ARTIFACTS\МКД2\Корпус 2.3\POZD_WEB_K2-3_s12_et6_1.ai","D:\AI\AITRASH\LIBRARY\02_CATALOG\02_PRESALE_Поздняково\01_ARTIFACTS\МКД2\Корпус 2.3\POZD_WEB_K2-3_s12_et6_1.png","424715","7a752285339863225b729c8c5d193533d3f8b3727b85277658090aa76cac2f25","7a752285339863225b729c8c5d193533d3f8b3727b85277658090aa76cac2f25","","","PROCESSED_OK","110","D:\AI\AITRASH\workspaces\project - Изменение масштаба для планировок квартир\09_outputs\_full_wip\20260727_full_mkd2\Корпус 2.3\х110_POZD_WEB_K2-3_s12_et6_1.ai","D:\AI\AITRASH\workspaces\project - Изменение масштаба для планировок квартир\09_outputs\_full_wip\20260727_full_mkd2\Корпус 2.3\х110_POZD_WEB_K2-3_s12_et6_1.png","5ceaaf21bba52ce70bf12a56939457e0422410800689fdf6c5c08d5801b9cf43","d0ee1c1f972572535c25845d21c0216b28063a9f143adc47aa6d536a2d28b806","D:\AI\AITRASH\workspaces\project - Изменение масштаба для планировок квартир\09_outputs\_diagnostics\full_20260727_full_mkd2\details\266_POZD_WEB_K2-3_s12_et6_1_attempt1.json","1","","OK","987.331693","587.771647","1.083729012","110","7699","3769","15","15","0","0","0","0","","1"
"267","Корпус 2.3","Корпус 2.3/POZD_WEB_K2-3_s12_et6_2.ai","D:\AI\AITRASH\LIBRARY\02_CATALOG\02_PRESALE_Поздняково\01_ARTIFACTS\МКД2\Корпус 2.3\POZD_WEB_K2-3_s12_et6_2.ai","D:\AI\AITRASH\LIBRARY\02_CATALOG\02_PRESALE_Поздняково\01_ARTIFACTS\МКД2\Корпус 2.3\POZD_WEB_K2-3_s12_et6_2.png","173812","caf702328d30613d2d3b5db650f7dd874880ee98122d29c71c0dc1f275a22151","caf702328d30613d2d3b5db650f7dd874880ee98122d29c71c0dc1f275a22151","","","PROCESSED_OK","200","D:\AI\AITRASH\workspaces\project - Изменение масштаба для планировок квартир\09_outputs\_full_wip\20260727_full_mkd2\Корпус 2.3\х200_POZD_WEB_K2-3_s12_et6_2.ai","D:\AI\AITRASH\workspaces\project - Изменение масштаба для планировок квартир\09_outputs\_full_wip\20260727_full_mkd2\Корпус 2.3\х200_POZD_WEB_K2-3_s12_et6_2.png","1dabeb46b1e0db91c2c44865f65c8f33854c06520ed52c10608b0b1abcea5e45","0dec407d0fcaebf58ac8d594e95c11abb528f63218f5a6f938cd3901dec97af2","D:\AI\AITRASH\workspaces\project - Изменение масштаба для планировок квартир\09_outputs\_diagnostics\full_20260727_full_mkd2\details\267_POZD_WEB_K2-3_s12_et6_2_attempt1.json","1","","OK","512.970473","409.188985","1.924606942","200","1790","867","11","11","0","0","0","0","","1"
"268","Корпус 2.3","Корпус 2.3/POZD_WEB_K2-3_s12_et6_3.ai","D:\AI\AITRASH\LIBRARY\02_CATALOG\02_PRESALE_Поздняково\01_ARTIFACTS\МКД2\Корпус 2.3\POZD_WEB_K2-3_s12_et6_3.ai","D:\AI\AITRASH\LIBRARY\02_CATALOG\02_PRESALE_Поздняково\01_ARTIFACTS\МКД2\Корпус 2.3\POZD_WEB_K2-3_s12_et6_3.png","159744","3a5003dc1682c85d719a1a4da843611726dd298f2cc05734f274dff2ff0f81e8","3a5003dc1682c85d719a1a4da843611726dd298f2cc05734f274dff2ff0f81e8","","","PROCESSED_OK","200","D:\AI\AITRASH\workspaces\project - Изменение масштаба для планировок квартир\09_outputs\_full_wip\20260727_full_mkd2\Корпус 2.3\х200_POZD_WEB_K2-3_s12_et6_3.ai","D:\AI\AITRASH\workspaces\project - Изменение масштаба для планировок квартир\09_outputs\_full_wip\20260727_full_mkd2\Корпус 2.3\х200_POZD_WEB_K2-3_s12_et6_3.png","4a1612fb4185802d3068e1f350e66e9bbf4ab845c5b3608d33d0eafa14227a36","0bab580fec7a30b0b65145dcdb73b04046ce5c9be4426ba9c34b6fcf7d888fb7","D:\AI\AITRASH\workspaces\project - Изменение масштаба для планировок квартир\09_outputs\_diagnostics\full_20260727_full_mkd2\details\268_POZD_WEB_K2-3_s12_et6_3_attempt1.json","1","","OK","485.03248","392.181107","2.021722078","200","1626","784","10","10","0","0","0","0","","1"
"269","Корпус 2.3","Корпус 2.3/POZD_WEB_K2-3_s12_et6_4.ai","D:\AI\AITRASH\LIBRARY\02_CATALOG\02_PRESALE_Поздняково\01_ARTIFACTS\МКД2\Корпус 2.3\POZD_WEB_K2-3_s12_et6_4.ai","D:\AI\AITRASH\LIBRARY\02_CATALOG\02_PRESALE_Поздняково\01_ARTIFACTS\МКД2\Корпус 2.3\POZD_WEB_K2-3_s12_et6_4.png","257782","57118133c38eaef8e3bcf82037be08f81221b10d736a4b3f0493332a18c3b8fd","57118133c38eaef8e3bcf82037be08f81221b10d736a4b3f0493332a18c3b8fd","","","PROCESSED_OK","110","D:\AI\AITRASH\workspaces\project - Изменение масштаба для планировок квартир\09_outputs\_full_wip\20260727_full_mkd2\Корпус 2.3\х110_POZD_WEB_K2-3_s12_et6_4.ai","D:\AI\AITRASH\workspaces\project - Изменение масштаба для планировок квартир\09_outputs\_full_wip\20260727_full_mkd2\Корпус 2.3\х110_POZD_WEB_K2-3_s12_et6_4.png","8e1366875b15d8e249653c640b594f58cf0092896a5930be99ee2124f415fdfb","5dfb5abae39b50407030b6049097161597ff21f8e6a52e4e5c96dd797f95d0cd","D:\AI\AITRASH\workspaces\project - Изменение масштаба для планировок квартир\09_outputs\_diagnostics\full_20260727_full_mkd2\details\269_POZD_WEB_K2-3_s12_et6_4_attempt1.json","1","","OK","941.285433","579.267737","1.136743396","110","4198","2050","11","11","0","0","0","0","","1"
"270","Корпус 2.3","Корпус 2.3/POZD_WEB_K2-3_s13_et1,3,5_9.ai","D:\AI\AITRASH\LIBRARY\02_CATALOG\02_PRESALE_Поздняково\01_ARTIFACTS\МКД2\Корпус 2.3\POZD_WEB_K2-3_s13_et1,3,5_9.ai","D:\AI\AITRASH\LIBRARY\02_CATALOG\02_PRESALE_Поздняково\01_ARTIFACTS\МКД2\Корпус 2.3\POZD_WEB_K2-3_s13_et1,3,5_9.png","266575","16bef8e3b3ea86aa90c6f70a07ae5c4eb57e835c91697a7180b5b7d4867c4a53","16bef8e3b3ea86aa90c6f70a07ae5c4eb57e835c91697a7180b5b7d4867c4a53","","","PROCESSED_OK","170","D:\AI\AITRASH\workspaces\project - Изменение масштаба для планировок квартир\09_outputs\_full_wip\20260727_full_mkd2\Корпус 2.3\х170_POZD_WEB_K2-3_s13_et1,3,5_9.ai","D:\AI\AITRASH\workspaces\project - Изменение масштаба для планировок квартир\09_outputs\_full_wip\20260727_full_mkd2\Корпус 2.3\х170_POZD_WEB_K2-3_s13_et1,3,5_9.png","97882038350e1510c490409bb3043926526528dab27ba50bd7ea7ed5e3dd0d59","6998d4ab7b55fbc85fb3d70c6aa25f220203c7fd21f74dbac7f19b10fb1fdfd8","D:\AI\AITRASH\workspaces\project - Изменение масштаба для планировок квартир\09_outputs\_diagnostics\full_20260727_full_mkd2\details\270_POZD_WEB_K2-3_s13_et1,3,5_9_attempt1.json","1","","OK","448.874006","585.019227","1.720691054","170","3779","1850","14","14","0","0","0","0","","1"
"271","Корпус 2.3","Корпус 2.3/POZD_WEB_K2-3_s13_et1,5_8.ai","D:\AI\AITRASH\LIBRARY\02_CATALOG\02_PRESALE_Поздняково\01_ARTIFACTS\МКД2\Корпус 2.3\POZD_WEB_K2-3_s13_et1,5_8.ai","D:\AI\AITRASH\LIBRARY\02_CATALOG\02_PRESALE_Поздняково\01_ARTIFACTS\МКД2\Корпус 2.3\POZD_WEB_K2-3_s13_et1,5_8.png","162483","1885b982635b5525804bc551a11b3608c2d517c54eb97a462372efb0630f89ac","1885b982635b5525804bc551a11b3608c2d517c54eb97a462372efb0630f89ac","","","PROCESSED_OK","200","D:\AI\AITRASH\workspaces\project - Изменение масштаба для планировок квартир\09_outputs\_full_wip\20260727_full_mkd2\Корпус 2.3\х200_POZD_WEB_K2-3_s13_et1,5_8.ai","D:\AI\AITRASH\workspaces\project - Изменение масштаба для планировок квартир\09_outputs\_full_wip\20260727_full_mkd2\Корпус 2.3\х200_POZD_WEB_K2-3_s13_et1,5_8.png","8ea1383ca7ce13a708ec48e49a052fe896aa1c58c8abba46f428d9e71b16f0e1","6f6fb89bd65b10301689b477d473cdfae7be9fe9d309ec8a7488ba594067acf1","D:\AI\AITRASH\workspaces\project - Изменение масштаба для планировок квартир\09_outputs\_diagnostics\full_20260727_full_mkd2\details\271_POZD_WEB_K2-3_s13_et1,5_8_attempt1.json","1","","OK","387.929142","408.055118","2.216228734","200","1637","796","10","10","0","0","0","0","","1"
"272","Корпус 2.3","Корпус 2.3/POZD_WEB_K2-3_s13_et1,6_6.ai","D:\AI\AITRASH\LIBRARY\02_CATALOG\02_PRESALE_Поздняково\01_ARTIFACTS\МКД2\Корпус 2.3\POZD_WEB_K2-3_s13_et1,6_6.ai","D:\AI\AITRASH\LIBRARY\02_CATALOG\02_PRESALE_Поздняково\01_ARTIFACTS\МКД2\Корпус 2.3\POZD_WEB_K2-3_s13_et1,6_6.png","220694","933f8f9e4bfd042c1072e6f4181186248db6e4310d5b99ae65382be6737f2ec1","933f8f9e4bfd042c1072e6f4181186248db6e4310d5b99ae65382be6737f2ec1","","","PROCESSED_OK","150","D:\AI\AITRASH\workspaces\project - Изменение масштаба для планировок квартир\09_outputs\_full_wip\20260727_full_mkd2\Корпус 2.3\х150_POZD_WEB_K2-3_s13_et1,6_6.ai","D:\AI\AITRASH\workspaces\project - Изменение масштаба для планировок квартир\09_outputs\_full_wip\20260727_full_mkd2\Корпус 2.3\х150_POZD_WEB_K2-3_s13_et1,6_6.png","0ade0e0a7a50bc9b99aaed2a7b63a5e75200177df3dfd01b0df5ff661a2f1f9f","ef4414307f516310c811f4e376d96ee17c4ddd677f9cfdcdff95fade2bed1374","D:\AI\AITRASH\workspaces\project - Изменение масштаба для планировок квартир\09_outputs\_diagnostics\full_20260727_full_mkd2\details\272_POZD_WEB_K2-3_s13_et1,6_6_attempt1.json","1","","OK","596.275591","517.188976","1.587822872","150","3084","1492","10","10","0","0","0","0","","1"
"273","Корпус 2.3","Корпус 2.3/POZD_WEB_K2-3_s13_et1_2.ai","D:\AI\AITRASH\LIBRARY\02_CATALOG\02_PRESALE_Поздняково\01_ARTIFACTS\МКД2\Корпус 2.3\POZD_WEB_K2-3_s13_et1_2.ai","D:\AI\AITRASH\LIBRARY\02_CATALOG\02_PRESALE_Поздняково\01_ARTIFACTS\МКД2\Корпус 2.3\POZD_WEB_K2-3_s13_et1_2.png","242325","098f8a12a233af82f106fa558218390271f77368c5c48a20e8300bc332056317","098f8a12a233af82f106fa558218390271f77368c5c48a20e8300bc332056317","","","PROCESSED_OK","170","D:\AI\AITRASH\workspaces\project - Изменение масштаба для планировок квартир\09_outputs\_full_wip\20260727_full_mkd2\Корпус 2.3\х170_POZD_WEB_K2-3_s13_et1_2.ai","D:\AI\AITRASH\workspaces\project - Изменение масштаба для планировок квартир\09_outputs\_full_wip\20260727_full_mkd2\Корпус 2.3\х170_POZD_WEB_K2-3_s13_et1_2.png","46c4f7f3d821a350f11faf4b45daa769e391b4bcf27cea6193d8a8b09f4d0aba","2eba21f620537368f3d375b3c1fd14501a515feb86983d8294fc2d51819912bc","D:\AI\AITRASH\workspaces\project - Изменение масштаба для планировок квартир\09_outputs\_diagnostics\full_20260727_full_mkd2\details\273_POZD_WEB_K2-3_s13_et1_2_attempt1.json","1","","OK","600.509506","431.867447","1.731470198","170","3275","1602","14","14","0","0","0","0","","1"
"274","Корпус 2.3","Корпус 2.3/POZD_WEB_K2-3_s13_et1_3.ai","D:\AI\AITRASH\LIBRARY\02_CATALOG\02_PRESALE_Поздняково\01_ARTIFACTS\МКД2\Корпус 2.3\POZD_WEB_K2-3_s13_et1_3.ai","D:\AI\AITRASH\LIBRARY\02_CATALOG\02_PRESALE_Поздняково\01_ARTIFACTS\МКД2\Корпус 2.3\POZD_WEB_K2-3_s13_et1_3.png","205151","aab895160946a7937523ebeb20f6e639440b65cea13eaf564903ab3cffcf91a1","aab895160946a7937523ebeb20f6e639440b65cea13eaf564903ab3cffcf91a1","","","PROCESSED_OK","150","D:\AI\AITRASH\workspaces\project - Изменение масштаба для планировок квартир\09_outputs\_full_wip\20260727_full_mkd2\Корпус 2.3\х150_POZD_WEB_K2-3_s13_et1_3.ai","D:\AI\AITRASH\workspaces\project - Изменение масштаба для планировок квартир\09_outputs\_full_wip\20260727_full_mkd2\Корпус 2.3\х150_POZD_WEB_K2-3_s13_et1_3.png","cf81b86f5316aa18dafcb84d062561c5a34a07ff2b49a4a2d7d21048af476ff1","5587cdc6d8e541b4ee864af7b6c8e142df9f971d55cd229893c46d9fc27e82a2","D:\AI\AITRASH\workspaces\project - Изменение масштаба для планировок квартир\09_outputs\_diagnostics\full_20260727_full_mkd2\details\274_POZD_WEB_K2-3_s13_et1_3_attempt1.json","1","","OK","460.087599","667.141728","1.591552182","150","2801","1358","10","10","0","0","0","0","","1"
"275","Корпус 2.3","Корпус 2.3/POZD_WEB_K2-3_s13_et1_5.ai","D:\AI\AITRASH\LIBRARY\02_CATALOG\02_PRESALE_Поздняково\01_ARTIFACTS\МКД2\Корпус 2.3\POZD_WEB_K2-3_s13_et1_5.ai","D:\AI\AITRASH\LIBRARY\02_CATALOG\02_PRESALE_Поздняково\01_ARTIFACTS\МКД2\Корпус 2.3\POZD_WEB_K2-3_s13_et1_5.png","163216","4e4a603677b1438e5a2ccbe70bfefc52dc8166ed235eee38d5a5766c7576be73","4e4a603677b1438e5a2ccbe70bfefc52dc8166ed235eee38d5a5766c7576be73","","","PROCESSED_OK","200","D:\AI\AITRASH\workspaces\project - Изменение масштаба для планировок квартир\09_outputs\_full_wip\20260727_full_mkd2\Корпус 2.3\х200_POZD_WEB_K2-3_s13_et1_5.ai","D:\AI\AITRASH\workspaces\project - Изменение масштаба для планировок квартир\09_outputs\_full_wip\20260727_full_mkd2\Корпус 2.3\х200_POZD_WEB_K2-3_s13_et1_5.png","669a70153bf31ef411951a755707e2ebe6dddda2b7fa0de64121e7088ae64c25","f2a123fea35164991d8da86f95c8ceac33d873ac7a6dcea8a165db7508946ebb","D:\AI\AITRASH\workspaces\project - Изменение масштаба для планировок квартир\09_outputs\_diagnostics\full_20260727_full_mkd2\details\275_POZD_WEB_K2-3_s13_et1_5_attempt1.json","1","","OK","460.087599","392.18109","2.075805271","200","1699","825","10","10","0","0","0","0","","1"
"276","Корпус 2.3","Корпус 2.3/POZD_WEB_K2-3_s13_et1_6.ai","D:\AI\AITRASH\LIBRARY\02_CATALOG\02_PRESALE_Поздняково\01_ARTIFACTS\МКД2\Корпус 2.3\POZD_WEB_K2-3_s13_et1_6.ai","D:\AI\AITRASH\LIBRARY\02_CATALOG\02_PRESALE_Поздняково\01_ARTIFACTS\МКД2\Корпус 2.3\POZD_WEB_K2-3_s13_et1_6.png","219518","de4041ae9c3fe3e6318a5f41a76348fd3c2882237f3ec090e07dfa1a7fef57f2","de4041ae9c3fe3e6318a5f41a76348fd3c2882237f3ec090e07dfa1a7fef57f2","","","PROCESSED_OK","150","D:\AI\AITRASH\workspaces\project - Изменение масштаба для планировок квартир\09_outputs\_full_wip\20260727_full_mkd2\Корпус 2.3\х150_POZD_WEB_K2-3_s13_et1_6.ai","D:\AI\AITRASH\workspaces\project - Изменение масштаба для планировок квартир\09_outputs\_full_wip\20260727_full_mkd2\Корпус 2.3\х150_POZD_WEB_K2-3_s13_et1_6.png","3ffd465a2bb7a643420e89c1ec2d93d03a940c008a668cace586d3d637e65533","6a1a15779a8ffac29d952975b33a630f1fe518d1a12fcfacb925a97eb26e9216","D:\AI\AITRASH\workspaces\project - Изменение масштаба для планировок квартир\09_outputs\_diagnostics\full_20260727_full_mkd2\details\276_POZD_WEB_K2-3_s13_et1_6_attempt1.json","1","","OK","596.275591","516.905511","1.588258184","150","3066","1483","10","10","0","0","0","0","","1"
"277","Корпус 2.3","Корпус 2.3/POZD_WEB_K2-3_s13_et1_7.ai","D:\AI\AITRASH\LIBRARY\02_CATALOG\02_PRESALE_Поздняково\01_ARTIFACTS\МКД2\Корпус 2.3\POZD_WEB_K2-3_s13_et1_7.ai","D:\AI\AITRASH\LIBRARY\02_CATALOG\02_PRESALE_Поздняково\01_ARTIFACTS\МКД2\Корпус 2.3\POZD_WEB_K2-3_s13_et1_7.png","169192","b6553f734d96030f6cb85a297309c28f8d0b8fae7f5a238c4299a2e0fad1f532","b6553f734d96030f6cb85a297309c28f8d0b8fae7f5a238c4299a2e0fad1f532","","","PROCESSED_OK","200","D:\AI\AITRASH\workspaces\project - Изменение масштаба для планировок квартир\09_outputs\_full_wip\20260727_full_mkd2\Корпус 2.3\х200_POZD_WEB_K2-3_s13_et1_7.ai","D:\AI\AITRASH\workspaces\project - Изменение масштаба для планировок квартир\09_outputs\_full_wip\20260727_full_mkd2\Корпус 2.3\х200_POZD_WEB_K2-3_s13_et1_7.png","4f0d6c60ff1527072332eb874f15cfc83035db0c61c2c555e3f0a6f2d2b32412","0bd02bc2384e6d238da8467402df95d4c1655d890dd5c18f00076e33f620e98d","D:\AI\AITRASH\workspaces\project - Изменение масштаба для планировок квартир\09_outputs\_diagnostics\full_20260727_full_mkd2\details\277_POZD_WEB_K2-3_s13_et1_7_attempt1.json","1","","OK","392.181102","470.292323","2.053160606","200","1809","876","10","10","0","0","0","0","","1"
"278","Корпус 2.3","Корпус 2.3/POZD_WEB_K2-3_s13_et1_9.ai","D:\AI\AITRASH\LIBRARY\02_CATALOG\02_PRESALE_Поздняково\01_ARTIFACTS\МКД2\Корпус 2.3\POZD_WEB_K2-3_s13_et1_9.ai","D:\AI\AITRASH\LIBRARY\02_CATALOG\02_PRESALE_Поздняково\01_ARTIFACTS\МКД2\Корпус 2.3\POZD_WEB_K2-3_s13_et1_9.png","265912","5519ee7f6ec81ea30285795b1b7936f32025997ecf20608fc8674135f5695c2b","5519ee7f6ec81ea30285795b1b7936f32025997ecf20608fc8674135f5695c2b","","","PROCESSED_OK","170","D:\AI\AITRASH\workspaces\project - Изменение масштаба для планировок квартир\09_outputs\_full_wip\20260727_full_mkd2\Корпус 2.3\х170_POZD_WEB_K2-3_s13_et1_9.ai","D:\AI\AITRASH\workspaces\project - Изменение масштаба для планировок квартир\09_outputs\_full_wip\20260727_full_mkd2\Корпус 2.3\х170_POZD_WEB_K2-3_s13_et1_9.png","5e3cad58e66b9668bd9b5df82ec352a159c29551a0bc63cd891aa1054d53fcc2","6884718de80f9b5a4ac7db1df9c62fa0ea337d3dbcf7fe248bf6b41cfc3a71f8","D:\AI\AITRASH\workspaces\project - Изменение масштаба для планировок квартир\09_outputs\_diagnostics\full_20260727_full_mkd2\details\278_POZD_WEB_K2-3_s13_et1_9_attempt1.json","1","","OK","448.874016","584.452251","1.721525452","170","3768","1845","14","14","0","0","0","0","","1"
"279","Корпус 2.3","Корпус 2.3/POZD_WEB_K2-3_s13_et2,4_4.ai","D:\AI\AITRASH\LIBRARY\02_CATALOG\02_PRESALE_Поздняково\01_ARTIFACTS\МКД2\Корпус 2.3\POZD_WEB_K2-3_s13_et2,4_4.ai","D:\AI\AITRASH\LIBRARY\02_CATALOG\02_PRESALE_Поздняково\01_ARTIFACTS\МКД2\Корпус 2.3\POZD_WEB_K2-3_s13_et2,4_4.png","223655","546185d0e1d9ec0366c4d209eee4a3b9e9fffdc9994bb3a0e14c242711b64c61","546185d0e1d9ec0366c4d209eee4a3b9e9fffdc9994bb3a0e14c242711b64c61","","","PROCESSED_OK","120","D:\AI\AITRASH\workspaces\project - Изменение масштаба для планировок квартир\09_outputs\_full_wip\20260727_full_mkd2\Корпус 2.3\х120_POZD_WEB_K2-3_s13_et2,4_4.ai","D:\AI\AITRASH\workspaces\project - Изменение масштаба для планировок квартир\09_outputs\_full_wip\20260727_full_mkd2\Корпус 2.3\х120_POZD_WEB_K2-3_s13_et2,4_4.png","5457689cab3888f68f27ce8e8885e91d648758ae7cad08e557fca20fabfe796b","dd39d87a280c432cc37d1c3c2de65743d98bcca4f30069bbf7a9267a58f04853","D:\AI\AITRASH\workspaces\project - Изменение масштаба для планировок квартир\09_outputs\_diagnostics\full_20260727_full_mkd2\details\279_POZD_WEB_K2-3_s13_et2,4_4_attempt1.json","1","","OK","885.284449","443.079725","1.208651074","120","3362","1640","11","11","0","0","0","0","","1"
"280","Корпус 2.3","Корпус 2.3/POZD_WEB_K2-3_s13_et2,5_2.ai","D:\AI\AITRASH\LIBRARY\02_CATALOG\02_PRESALE_Поздняково\01_ARTIFACTS\МКД2\Корпус 2.3\POZD_WEB_K2-3_s13_et2,5_2.ai","D:\AI\AITRASH\LIBRARY\02_CATALOG\02_PRESALE_Поздняково\01_ARTIFACTS\МКД2\Корпус 2.3\POZD_WEB_K2-3_s13_et2,5_2.png","156123","9e339267bf636dd54f001388387d8930ab1425d1aef81bae2187fe7f09bb6373","9e339267bf636dd54f001388387d8930ab1425d1aef81bae2187fe7f09bb6373","","","PROCESSED_OK","200","D:\AI\AITRASH\workspaces\project - Изменение масштаба для планировок квартир\09_outputs\_full_wip\20260727_full_mkd2\Корпус 2.3\х200_POZD_WEB_K2-3_s13_et2,5_2.ai","D:\AI\AITRASH\workspaces\project - Изменение масштаба для планировок квартир\09_outputs\_full_wip\20260727_full_mkd2\Корпус 2.3\х200_POZD_WEB_K2-3_s13_et2,5_2.png","4c9de1732c657526651bde019a25858528f8cc2b255f73dfbe6a16cedefa796b","cd816e0010db46d7445113e201e83c66e8352e2ca4592c7271a61fc37950a899","D:\AI\AITRASH\workspaces\project - Изменение масштаба для планировок квартир\09_outputs\_diagnostics\full_20260727_full_mkd2\details\280_POZD_WEB_K2-3_s13_et2,5_2_attempt1.json","1","","OK","460.087599","392.181116","2.075805202","200","1625","789","10","10","0","0","0","0","","1"
"281","Корпус 2.3","Корпус 2.3/POZD_WEB_K2-3_s13_et2,6_1.ai","D:\AI\AITRASH\LIBRARY\02_CATALOG\02_PRESALE_Поздняково\01_ARTIFACTS\МКД2\Корпус 2.3\POZD_WEB_K2-3_s13_et2,6_1.ai","D:\AI\AITRASH\LIBRARY\02_CATALOG\02_PRESALE_Поздняково\01_ARTIFACTS\МКД2\Корпус 2.3\POZD_WEB_K2-3_s13_et2,6_1.png","163699","300a979a765387049f8ec648b69517d7d329897d4c3d138fcf86312aa669bb5b","300a979a765387049f8ec648b69517d7d329897d4c3d138fcf86312aa669bb5b","","","PROCESSED_OK","200","D:\AI\AITRASH\workspaces\project - Изменение масштаба для планировок квартир\09_outputs\_full_wip\20260727_full_mkd2\Корпус 2.3\х200_POZD_WEB_K2-3_s13_et2,6_1.ai","D:\AI\AITRASH\workspaces\project - Изменение масштаба для планировок квартир\09_outputs\_full_wip\20260727_full_mkd2\Корпус 2.3\х200_POZD_WEB_K2-3_s13_et2,6_1.png","3cce05c6910cbc6ca2c85f4c65b9d583829cb7061fcdeab414b611403aeebe4d","57420afacbd24a8975f0e7f6bce90c03f2493af31c66389d5decaf386f1a88e0","D:\AI\AITRASH\workspaces\project - Изменение масштаба для планировок квартир\09_outputs\_diagnostics\full_20260727_full_mkd2\details\281_POZD_WEB_K2-3_s13_et2,6_1_attempt1.json","1","","OK","460.087599","410.32283","2.029397375","200","1748","850","10","10","0","0","0","0","","1"
"282","Корпус 2.3","Корпус 2.3/POZD_WEB_K2-3_s13_et2,6_6.ai","D:\AI\AITRASH\LIBRARY\02_CATALOG\02_PRESALE_Поздняково\01_ARTIFACTS\МКД2\Корпус 2.3\POZD_WEB_K2-3_s13_et2,6_6.ai","D:\AI\AITRASH\LIBRARY\02_CATALOG\02_PRESALE_Поздняково\01_ARTIFACTS\МКД2\Корпус 2.3\POZD_WEB_K2-3_s13_et2,6_6.png","201548","f97316dd081f6066d8ab21d00c1d4771d365ad2f0df3221b3f68c3ee99a11562","f97316dd081f6066d8ab21d00c1d4771d365ad2f0df3221b3f68c3ee99a11562","","","PROCESSED_OK","170","D:\AI\AITRASH\workspaces\project - Изменение масштаба для планировок квартир\09_outputs\_full_wip\20260727_full_mkd2\Корпус 2.3\х170_POZD_WEB_K2-3_s13_et2,6_6.ai","D:\AI\AITRASH\workspaces\project - Изменение масштаба для планировок квартир\09_outputs\_full_wip\20260727_full_mkd2\Корпус 2.3\х170_POZD_WEB_K2-3_s13_et2,6_6.png","41148da2273bf3c2275e7f42f4a0e6de3e385762569edcadf21cbfa9ddcdf595","168c90830483bab87ea476df2d25f71ec783ffc74a26f646be1b7a50e4b97b42","D:\AI\AITRASH\workspaces\project - Изменение масштаба для планировок квартир\09_outputs\_diagnostics\full_20260727_full_mkd2\details\282_POZD_WEB_K2-3_s13_et2,6_6_attempt1.json","1","","OK","460.087599","579.267717","1.708009462","170","2560","1248","10","10","0","0","0","0","","1"
"283","Корпус 2.3","Корпус 2.3/POZD_WEB_K2-3_s13_et2_11.ai","D:\AI\AITRASH\LIBRARY\02_CATALOG\02_PRESALE_Поздняково\01_ARTIFACTS\МКД2\Корпус 2.3\POZD_WEB_K2-3_s13_et2_11.ai","D:\AI\AITRASH\LIBRARY\02_CATALOG\02_PRESALE_Поздняково\01_ARTIFACTS\МКД2\Корпус 2.3\POZD_WEB_K2-3_s13_et2_11.png","179986","eb2c9cf490d42ff6cbeee3115793c0627b4e3f065cdcd72108d4f3905d0a5a68","eb2c9cf490d42ff6cbeee3115793c0627b4e3f065cdcd72108d4f3905d0a5a68","","","PROCESSED_OK","170","D:\AI\AITRASH\workspaces\project - Изменение масштаба для планировок квартир\09_outputs\_full_wip\20260727_full_mkd2\Корпус 2.3\х170_POZD_WEB_K2-3_s13_et2_11.ai","D:\AI\AITRASH\workspaces\project - Изменение масштаба для планировок квартир\09_outputs\_full_wip\20260727_full_mkd2\Корпус 2.3\х170_POZD_WEB_K2-3_s13_et2_11.png","4c29a86137153aa7ad1a9ac9923d7c274674534dc64698d59a5b073d1793431c","d0c4cde0c31970211c2d38ae3ae2d39d687cbabba9b0c69d3217e20595cf855b","D:\AI\AITRASH\workspaces\project - Изменение масштаба для планировок квартир\09_outputs\_diagnostics\full_20260727_full_mkd2\details\283_POZD_WEB_K2-3_s13_et2_11_attempt1.json","1","","OK","448.874021","517.630876","1.829270272","170","2087","1016","11","11","0","0","0","0","","1"
"284","Корпус 2.3","Корпус 2.3/POZD_WEB_K2-3_s13_et2_3.ai","D:\AI\AITRASH\LIBRARY\02_CATALOG\02_PRESALE_Поздняково\01_ARTIFACTS\МКД2\Корпус 2.3\POZD_WEB_K2-3_s13_et2_3.ai","D:\AI\AITRASH\LIBRARY\02_CATALOG\02_PRESALE_Поздняково\01_ARTIFACTS\МКД2\Корпус 2.3\POZD_WEB_K2-3_s13_et2_3.png","160103","71e216ed4e65de64a9bb7b33854deac8a4afed6f9dfa991e2535a6dd46cde872","71e216ed4e65de64a9bb7b33854deac8a4afed6f9dfa991e2535a6dd46cde872","","","PROCESSED_OK","200","D:\AI\AITRASH\workspaces\project - Изменение масштаба для планировок квартир\09_outputs\_full_wip\20260727_full_mkd2\Корпус 2.3\х200_POZD_WEB_K2-3_s13_et2_3.ai","D:\AI\AITRASH\workspaces\project - Изменение масштаба для планировок квартир\09_outputs\_full_wip\20260727_full_mkd2\Корпус 2.3\х200_POZD_WEB_K2-3_s13_et2_3.png","7b9ff2fa3ebc9d31acca0274d219c49772e40a169edaf430624f0d51cea96c43","838fde492bce1d7a2728354e6ea38c827182ff6882332dd7fdd91fbd9a6645a7","D:\AI\AITRASH\workspaces\project - Изменение масштаба для планировок квартир\09_outputs\_diagnostics\full_20260727_full_mkd2\details\284_POZD_WEB_K2-3_s13_et2_3_attempt1.json","1","","OK","460.087599","392.181096","2.075805255","200","1627","791","10","10","0","0","0","0","","1"
"285","Корпус 2.3","Корпус 2.3/POZD_WEB_K2-3_s13_et2_5.ai","D:\AI\AITRASH\LIBRARY\02_CATALOG\02_PRESALE_Поздняково\01_ARTIFACTS\МКД2\Корпус 2.3\POZD_WEB_K2-3_s13_et2_5.ai","D:\AI\AITRASH\LIBRARY\02_CATALOG\02_PRESALE_Поздняково\01_ARTIFACTS\МКД2\Корпус 2.3\POZD_WEB_K2-3_s13_et2_5.png","198453","559b65b6dbf2747ff2d92d7604cbba5517195d82922435190f19b53669af037b","559b65b6dbf2747ff2d92d7604cbba5517195d82922435190f19b53669af037b","","","PROCESSED_OK","150","D:\AI\AITRASH\workspaces\project - Изменение масштаба для планировок квартир\09_outputs\_full_wip\20260727_full_mkd2\Корпус 2.3\х150_POZD_WEB_K2-3_s13_et2_5.ai","D:\AI\AITRASH\workspaces\project - Изменение масштаба для планировок квартир\09_outputs\_full_wip\20260727_full_mkd2\Корпус 2.3\х150_POZD_WEB_K2-3_s13_et2_5.png","c200edae7d292325426db0dbbf10021696734531fa314690c497b4db88cec724","64d35fd51128324fa095780f1b4598b9d37b26d37d1db2ebc7d1ecb253d31d51","D:\AI\AITRASH\workspaces\project - Изменение масштаба для планировок квартир\09_outputs\_diagnostics\full_20260727_full_mkd2\details\285_POZD_WEB_K2-3_s13_et2_5_attempt1.json","1","","OK","488.025591","630.29132","1.589857638","150","2622","1276","11","11","0","0","0","0","","1"
"286","Корпус 2.3","Корпус 2.3/POZD_WEB_K2-3_s13_et2_7.ai","D:\AI\AITRASH\LIBRARY\02_CATALOG\02_PRESALE_Поздняково\01_ARTIFACTS\МКД2\Корпус 2.3\POZD_WEB_K2-3_s13_et2_7.ai","D:\AI\AITRASH\LIBRARY\02_CATALOG\02_PRESALE_Поздняково\01_ARTIFACTS\МКД2\Корпус 2.3\POZD_WEB_K2-3_s13_et2_7.png","162998","29d20dbde2e2a22c890174d9fa116395a12f3115a49329d803a41ba7b4565e2e","29d20dbde2e2a22c890174d9fa116395a12f3115a49329d803a41ba7b4565e2e","","","PROCESSED_OK","200","D:\AI\AITRASH\workspaces\project - Изменение масштаба для планировок квартир\09_outputs\_full_wip\20260727_full_mkd2\Корпус 2.3\х200_POZD_WEB_K2-3_s13_et2_7.ai","D:\AI\AITRASH\workspaces\project - Изменение масштаба для планировок квартир\09_outputs\_full_wip\20260727_full_mkd2\Корпус 2.3\х200_POZD_WEB_K2-3_s13_et2_7.png","e521088f6432733c870b5205807fe15a4b90e85e02d4ccd2ff1be51b1552c1f0","18460b5df070e2740d3644f2d7e77670b3d14dc76b7f9d0559deab08cdf2b17c","D:\AI\AITRASH\workspaces\project - Изменение масштаба для планировок квартир\09_outputs\_diagnostics\full_20260727_full_mkd2\details\286_POZD_WEB_K2-3_s13_et2_7_attempt1.json","1","","OK","488.025591","392.181092","2.015512867","200","1665","809","11","11","0","0","0","0","","1"
"287","Корпус 2.3","Корпус 2.3/POZD_WEB_K2-3_s13_et2_8.ai","D:\AI\AITRASH\LIBRARY\02_CATALOG\02_PRESALE_Поздняково\01_ARTIFACTS\МКД2\Корпус 2.3\POZD_WEB_K2-3_s13_et2_8.ai","D:\AI\AITRASH\LIBRARY\02_CATALOG\02_PRESALE_Поздняково\01_ARTIFACTS\МКД2\Корпус 2.3\POZD_WEB_K2-3_s13_et2_8.png","217718","fc8e13cfd98f8daf51ea2f146c66482ea223714149c2c7025ae9400aef673231","fc8e13cfd98f8daf51ea2f146c66482ea223714149c2c7025ae9400aef673231","","","PROCESSED_OK","150","D:\AI\AITRASH\workspaces\project - Изменение масштаба для планировок квартир\09_outputs\_full_wip\20260727_full_mkd2\Корпус 2.3\х150_POZD_WEB_K2-3_s13_et2_8.ai","D:\AI\AITRASH\workspaces\project - Изменение масштаба для планировок квартир\09_outputs\_full_wip\20260727_full_mkd2\Корпус 2.3\х150_POZD_WEB_K2-3_s13_et2_8.png","f3f6edb8c4ee00819bddbe60647b72495e437668f5a1de03c0a0bee5676cad75","568ff124ca6541c4287b5b2fe9c08bbd459cd4ee3d0b548e731005a375775df2","D:\AI\AITRASH\workspaces\project - Изменение масштаба для планировок квартир\09_outputs\_diagnostics\full_20260727_full_mkd2\details\287_POZD_WEB_K2-3_s13_et2_8_attempt1.json","1","","OK","596.275591","516.905511","1.588258184","150","3034","1470","10","10","0","0","0","0","","1"
"288","Корпус 2.3","Корпус 2.3/POZD_WEB_K2-3_s13_et2_9.ai","D:\AI\AITRASH\LIBRARY\02_CATALOG\02_PRESALE_Поздняково\01_ARTIFACTS\МКД2\Корпус 2.3\POZD_WEB_K2-3_s13_et2_9.ai","D:\AI\AITRASH\LIBRARY\02_CATALOG\02_PRESALE_Поздняково\01_ARTIFACTS\МКД2\Корпус 2.3\POZD_WEB_K2-3_s13_et2_9.png","170448","1e99e4c5ab811b44c7079df6ba5ed85cfbc1f3d6b6398ad727e148967255c1ef","1e99e4c5ab811b44c7079df6ba5ed85cfbc1f3d6b6398ad727e148967255c1ef","","","PROCESSED_OK","200","D:\AI\AITRASH\workspaces\project - Изменение масштаба для планировок квартир\09_outputs\_full_wip\20260727_full_mkd2\Корпус 2.3\х200_POZD_WEB_K2-3_s13_et2_9.ai","D:\AI\AITRASH\workspaces\project - Изменение масштаба для планировок квартир\09_outputs\_full_wip\20260727_full_mkd2\Корпус 2.3\х200_POZD_WEB_K2-3_s13_et2_9.png","d99e077686bb17c0b8015e9c08094228a5a2e576442ae2d8e48ef2fb7b2aa25e","1028eb119e1e20e9e0b430e18b089db3f50fd4c48c0479048d28bb0cfc108369","D:\AI\AITRASH\workspaces\project - Изменение масштаба для планировок квартир\09_outputs\_diagnostics\full_20260727_full_mkd2\details\288_POZD_WEB_K2-3_s13_et2_9_attempt1.json","1","","OK","392.181116","498.230315","1.994765211","200","1800","875","11","11","0","0","0","0","","1"
"289","Корпус 2.3","Корпус 2.3/POZD_WEB_K2-3_s13_et3,5_1.ai","D:\AI\AITRASH\LIBRARY\02_CATALOG\02_PRESALE_Поздняково\01_ARTIFACTS\МКД2\Корпус 2.3\POZD_WEB_K2-3_s13_et3,5_1.ai","D:\AI\AITRASH\LIBRARY\02_CATALOG\02_PRESALE_Поздняково\01_ARTIFACTS\МКД2\Корпус 2.3\POZD_WEB_K2-3_s13_et3,5_1.png","164553","5df2f09a52b89d54b916a21b301fd69db1ddd178cce71092038dd6ea5c882b22","5df2f09a52b89d54b916a21b301fd69db1ddd178cce71092038dd6ea5c882b22","","","PROCESSED_OK","200","D:\AI\AITRASH\workspaces\project - Изменение масштаба для планировок квартир\09_outputs\_full_wip\20260727_full_mkd2\Корпус 2.3\х200_POZD_WEB_K2-3_s13_et3,5_1.ai","D:\AI\AITRASH\workspaces\project - Изменение масштаба для планировок квартир\09_outputs\_full_wip\20260727_full_mkd2\Корпус 2.3\х200_POZD_WEB_K2-3_s13_et3,5_1.png","44bb43052103df95d77a7042e50a7544f72e5be47fa40b0c305f19e51011a4bc","ef4795d28c0724e8b6e7b92d31d289ddb95d863ec3fe42f41d7c1bac8c231fe1","D:\AI\AITRASH\workspaces\project - Изменение масштаба для планировок квартир\09_outputs\_diagnostics\full_20260727_full_mkd2\details\289_POZD_WEB_K2-3_s13_et3,5_1_attempt1.json","1","","OK","460.087599","409.755899","2.030800809","200","1734","843","10","10","0","0","0","0","","1"
"290","Корпус 2.3","Корпус 2.3/POZD_WEB_K2-3_s13_et3,5_3.ai","D:\AI\AITRASH\LIBRARY\02_CATALOG\02_PRESALE_Поздняково\01_ARTIFACTS\МКД2\Корпус 2.3\POZD_WEB_K2-3_s13_et3,5_3.ai","D:\AI\AITRASH\LIBRARY\02_CATALOG\02_PRESALE_Поздняково\01_ARTIFACTS\МКД2\Корпус 2.3\POZD_WEB_K2-3_s13_et3,5_3.png","159768","c17a36ffdc8f02aa2881b951bc92057438b5a2ea38d7abb7191bebdf765ed379","c17a36ffdc8f02aa2881b951bc92057438b5a2ea38d7abb7191bebdf765ed379","","","PROCESSED_OK","200","D:\AI\AITRASH\workspaces\project - Изменение масштаба для планировок квартир\09_outputs\_full_wip\20260727_full_mkd2\Корпус 2.3\х200_POZD_WEB_K2-3_s13_et3,5_3.ai","D:\AI\AITRASH\workspaces\project - Изменение масштаба для планировок квартир\09_outputs\_full_wip\20260727_full_mkd2\Корпус 2.3\х200_POZD_WEB_K2-3_s13_et3,5_3.png","a7e125fdcecc0ff44a1bac356607ca913c20b76ca1ce7967205a8cb0031ea1fb","4d21e350f468fdaaba2a0a10e99627d6600e89aa7ff29c2f52fbca03bb304e47","D:\AI\AITRASH\workspaces\project - Изменение масштаба для планировок квартир\09_outputs\_diagnostics\full_20260727_full_mkd2\details\290_POZD_WEB_K2-3_s13_et3,5_3_attempt1.json","1","","OK","460.087599","392.181089","2.075805274","200","1627","791","10","10","0","0","0","0","","1"
"291","Корпус 2.3","Корпус 2.3/POZD_WEB_K2-3_s13_et3,5_4.ai","D:\AI\AITRASH\LIBRARY\02_CATALOG\02_PRESALE_Поздняково\01_ARTIFACTS\МКД2\Корпус 2.3\POZD_WEB_K2-3_s13_et3,5_4.ai","D:\AI\AITRASH\LIBRARY\02_CATALOG\02_PRESALE_Поздняково\01_ARTIFACTS\МКД2\Корпус 2.3\POZD_WEB_K2-3_s13_et3,5_4.png","227251","87bec1f9ea22d2a5957d47a5181989b2196077efdc929e5a7bf1716987ce158f","87bec1f9ea22d2a5957d47a5181989b2196077efdc929e5a7bf1716987ce158f","","","PROCESSED_OK","120","D:\AI\AITRASH\workspaces\project - Изменение масштаба для планировок квартир\09_outputs\_full_wip\20260727_full_mkd2\Корпус 2.3\х120_POZD_WEB_K2-3_s13_et3,5_4.ai","D:\AI\AITRASH\workspaces\project - Изменение масштаба для планировок квартир\09_outputs\_full_wip\20260727_full_mkd2\Корпус 2.3\х120_POZD_WEB_K2-3_s13_et3,5_4.png","f3951a0484f291342e0cd94eebff7d9a7f124326b90127baa678731ca6f58b34","d66801422687e38b85eb5279e6c5d25a10a34fc30714c41209ca94c140144815","D:\AI\AITRASH\workspaces\project - Изменение масштаба для планировок квартир\09_outputs\_diagnostics\full_20260727_full_mkd2\details\291_POZD_WEB_K2-3_s13_et3,5_4_attempt1.json","1","","OK","885.409449","443.079725","1.208480439","120","3452","1683","11","11","0","0","0","0","","1"
"292","Корпус 2.3","Корпус 2.3/POZD_WEB_K2-3_s13_et3,5_5.ai","D:\AI\AITRASH\LIBRARY\02_CATALOG\02_PRESALE_Поздняково\01_ARTIFACTS\МКД2\Корпус 2.3\POZD_WEB_K2-3_s13_et3,5_5.ai","D:\AI\AITRASH\LIBRARY\02_CATALOG\02_PRESALE_Поздняково\01_ARTIFACTS\МКД2\Корпус 2.3\POZD_WEB_K2-3_s13_et3,5_5.png","195818","3eae096ddaa301d48e419d66377908b7ff54ccc5dc938adf5a6226922509cb74","3eae096ddaa301d48e419d66377908b7ff54ccc5dc938adf5a6226922509cb74","","","PROCESSED_OK","170","D:\AI\AITRASH\workspaces\project - Изменение масштаба для планировок квартир\09_outputs\_full_wip\20260727_full_mkd2\Корпус 2.3\х170_POZD_WEB_K2-3_s13_et3,5_5.ai","D:\AI\AITRASH\workspaces\project - Изменение масштаба для планировок квартир\09_outputs\_full_wip\20260727_full_mkd2\Корпус 2.3\х170_POZD_WEB_K2-3_s13_et3,5_5.png","7b6f437df738d76b78f15d74b96d0f39ebaae5b7bd6c6f6b735f2c6e31661eae","75e0c5556075df62b96fa616d20144ccfcabe288b7ce333249cbc1ae283f98b7","D:\AI\AITRASH\workspaces\project - Изменение масштаба для планировок квартир\09_outputs\_diagnostics\full_20260727_full_mkd2\details\292_POZD_WEB_K2-3_s13_et3,5_5_attempt1.json","1","","OK","460.087599","630.291339","1.637416888","170","2622","1275","10","10","0","0","0","0","","1"
"293","Корпус 2.3","Корпус 2.3/POZD_WEB_K2-3_s13_et3,5_6.ai","D:\AI\AITRASH\LIBRARY\02_CATALOG\02_PRESALE_Поздняково\01_ARTIFACTS\МКД2\Корпус 2.3\POZD_WEB_K2-3_s13_et3,5_6.ai","D:\AI\AITRASH\LIBRARY\02_CATALOG\02_PRESALE_Поздняково\01_ARTIFACTS\МКД2\Корпус 2.3\POZD_WEB_K2-3_s13_et3,5_6.png","201900","137e236a6a3410fc23f679b02330c6dfc1a74b64ba774933318a7b97d1d736bd","137e236a6a3410fc23f679b02330c6dfc1a74b64ba774933318a7b97d1d736bd","","","PROCESSED_OK","170","D:\AI\AITRASH\workspaces\project - Изменение масштаба для планировок квартир\09_outputs\_full_wip\20260727_full_mkd2\Корпус 2.3\х170_POZD_WEB_K2-3_s13_et3,5_6.ai","D:\AI\AITRASH\workspaces\project - Изменение масштаба для планировок квартир\09_outputs\_full_wip\20260727_full_mkd2\Корпус 2.3\х170_POZD_WEB_K2-3_s13_et3,5_6.png","3d06ee79f3d7f8d9cacf2df73e782adff7146cf0e37072cfc12e6e12398ce44e","7c879617e5595457e4a48ea64fd2834ed4b66f37edec6d1eca1a2710097c9cd2","D:\AI\AITRASH\workspaces\project - Изменение масштаба для планировок квартир\09_outputs\_diagnostics\full_20260727_full_mkd2\details\293_POZD_WEB_K2-3_s13_et3,5_6_attempt1.json","1","","OK","460.087599","579.26773","1.708009443","170","2569","1252","10","10","0","0","0","0","","1"
"294","Корпус 2.3","Корпус 2.3/POZD_WEB_K2-3_s13_et3_7.ai","D:\AI\AITRASH\LIBRARY\02_CATALOG\02_PRESALE_Поздняково\01_ARTIFACTS\МКД2\Корпус 2.3\POZD_WEB_K2-3_s13_et3_7.ai","D:\AI\AITRASH\LIBRARY\02_CATALOG\02_PRESALE_Поздняково\01_ARTIFACTS\МКД2\Корпус 2.3\POZD_WEB_K2-3_s13_et3_7.png","160856","a7259f2cfba982adf819132dc59919664f665d790d3999b6776359c3747e911b","a7259f2cfba982adf819132dc59919664f665d790d3999b6776359c3747e911b","","","PROCESSED_OK","200","D:\AI\AITRASH\workspaces\project - Изменение масштаба для планировок квартир\09_outputs\_full_wip\20260727_full_mkd2\Корпус 2.3\х200_POZD_WEB_K2-3_s13_et3_7.ai","D:\AI\AITRASH\workspaces\project - Изменение масштаба для планировок квартир\09_outputs\_full_wip\20260727_full_mkd2\Корпус 2.3\х200_POZD_WEB_K2-3_s13_et3_7.png","64a724d7df37ec2409c9392100f1b2a1d1d872a1fe887878fd7465ed1490eab6","45848fdeeeb595cfee7db32879eae55d97bffb715b2e466d6490aa1a4f3eeab8","D:\AI\AITRASH\workspaces\project - Изменение масштаба для планировок квартир\09_outputs\_diagnostics\full_20260727_full_mkd2\details\294_POZD_WEB_K2-3_s13_et3_7_attempt1.json","1","","OK","460.087599","392.181091","2.075805268","200","1635","794","10","10","0","0","0","0","","1"
"295","Корпус 2.3","Корпус 2.3/POZD_WEB_K2-3_s13_et3_8.ai","D:\AI\AITRASH\LIBRARY\02_CATALOG\02_PRESALE_Поздняково\01_ARTIFACTS\МКД2\Корпус 2.3\POZD_WEB_K2-3_s13_et3_8.ai","D:\AI\AITRASH\LIBRARY\02_CATALOG\02_PRESALE_Поздняково\01_ARTIFACTS\МКД2\Корпус 2.3\POZD_WEB_K2-3_s13_et3_8.png","224708","b8f95ebc8dcdd7ec41d4188740a5f4efcab728cd721c4135cf4e260cf8ad448d","b8f95ebc8dcdd7ec41d4188740a5f4efcab728cd721c4135cf4e260cf8ad448d","","","PROCESSED_OK","150","D:\AI\AITRASH\workspaces\project - Изменение масштаба для планировок квартир\09_outputs\_full_wip\20260727_full_mkd2\Корпус 2.3\х150_POZD_WEB_K2-3_s13_et3_8.ai","D:\AI\AITRASH\workspaces\project - Изменение масштаба для планировок квартир\09_outputs\_full_wip\20260727_full_mkd2\Корпус 2.3\х150_POZD_WEB_K2-3_s13_et3_8.png","dc50a882c94b0d00374b9988234a85f5005733e3f9df0e7c492c7bb5de249c5f","3a71375d3f624d839dd65399dc771e91683a18acb6995760d83d40337635e6e4","D:\AI\AITRASH\workspaces\project - Изменение масштаба для планировок квартир\09_outputs\_diagnostics\full_20260727_full_mkd2\details\295_POZD_WEB_K2-3_s13_et3_8_attempt1.json","1","","OK","624.213584","544.843503","1.511985767","150","3167","1540","13","13","0","0","0","0","","1"
"296","Корпус 2.3","Корпус 2.3/POZD_WEB_K2-3_s13_et4_1.ai","D:\AI\AITRASH\LIBRARY\02_CATALOG\02_PRESALE_Поздняково\01_ARTIFACTS\МКД2\Корпус 2.3\POZD_WEB_K2-3_s13_et4_1.ai","D:\AI\AITRASH\LIBRARY\02_CATALOG\02_PRESALE_Поздняково\01_ARTIFACTS\МКД2\Корпус 2.3\POZD_WEB_K2-3_s13_et4_1.png","167186","8f06acbf982ecbe8ee8813cd56af939313ae647bc56397e08898b975a41bf73d","8f06acbf982ecbe8ee8813cd56af939313ae647bc56397e08898b975a41bf73d","","","PROCESSED_OK","200","D:\AI\AITRASH\workspaces\project - Изменение масштаба для планировок квартир\09_outputs\_full_wip\20260727_full_mkd2\Корпус 2.3\х200_POZD_WEB_K2-3_s13_et4_1.ai","D:\AI\AITRASH\workspaces\project - Изменение масштаба для планировок квартир\09_outputs\_full_wip\20260727_full_mkd2\Корпус 2.3\х200_POZD_WEB_K2-3_s13_et4_1.png","ea4fbf2a87417d04fac212ce27c337b8f6c5a47f032e08c2a29dc395f8e49124","bf3e4b0c1e00ceb96fab32af9576f54b2deb9e0491f719360674f4ec8269e487","D:\AI\AITRASH\workspaces\project - Изменение масштаба для планировок квартир\09_outputs\_diagnostics\full_20260727_full_mkd2\details\296_POZD_WEB_K2-3_s13_et4_1_attempt1.json","1","","OK","489.159449","410.322837","1.968167839","200","1776","864","11","11","0","0","0","0","","1"
"297","Корпус 2.3","Корпус 2.3/POZD_WEB_K2-3_s13_et4_11.ai","D:\AI\AITRASH\LIBRARY\02_CATALOG\02_PRESALE_Поздняково\01_ARTIFACTS\МКД2\Корпус 2.3\POZD_WEB_K2-3_s13_et4_11.ai","D:\AI\AITRASH\LIBRARY\02_CATALOG\02_PRESALE_Поздняково\01_ARTIFACTS\МКД2\Корпус 2.3\POZD_WEB_K2-3_s13_et4_11.png","181854","f3d81fb858956233c11ced44a3410e3f72f6ecb7776ad5dcd3820cd84f322762","f3d81fb858956233c11ced44a3410e3f72f6ecb7776ad5dcd3820cd84f322762","","","PROCESSED_OK","200","D:\AI\AITRASH\workspaces\project - Изменение масштаба для планировок квартир\09_outputs\_full_wip\20260727_full_mkd2\Корпус 2.3\х200_POZD_WEB_K2-3_s13_et4_11.ai","D:\AI\AITRASH\workspaces\project - Изменение масштаба для планировок квартир\09_outputs\_full_wip\20260727_full_mkd2\Корпус 2.3\х200_POZD_WEB_K2-3_s13_et4_11.png","f4117df52d7f8927bd09ef35fab6fdb9f022bcece5ee503069eb4f149fdec015","49296dcee203aec0fb303b37d185c0a94834a97c9698058d2e2ff94b178dce13","D:\AI\AITRASH\workspaces\project - Изменение масштаба для планировок квартир\09_outputs\_diagnostics\full_20260727_full_mkd2\details\297_POZD_WEB_K2-3_s13_et4_11_attempt1.json","1","","OK","448.874024","489.692896","1.880728302","200","2076","1010","10","10","0","0","0","0","","1"
"298","Корпус 2.3","Корпус 2.3/POZD_WEB_K2-3_s13_et4_2.ai","D:\AI\AITRASH\LIBRARY\02_CATALOG\02_PRESALE_Поздняково\01_ARTIFACTS\МКД2\Корпус 2.3\POZD_WEB_K2-3_s13_et4_2.ai","D:\AI\AITRASH\LIBRARY\02_CATALOG\02_PRESALE_Поздняково\01_ARTIFACTS\МКД2\Корпус 2.3\POZD_WEB_K2-3_s13_et4_2.png","153899","5fa9fed2250889bf6b8418e4f21b89007d9b11ffa89311c01d5e27c4d3e61dad","5fa9fed2250889bf6b8418e4f21b89007d9b11ffa89311c01d5e27c4d3e61dad","","","PROCESSED_OK","200","D:\AI\AITRASH\workspaces\project - Изменение масштаба для планировок квартир\09_outputs\_full_wip\20260727_full_mkd2\Корпус 2.3\х200_POZD_WEB_K2-3_s13_et4_2.ai","D:\AI\AITRASH\workspaces\project - Изменение масштаба для планировок квартир\09_outputs\_full_wip\20260727_full_mkd2\Корпус 2.3\х200_POZD_WEB_K2-3_s13_et4_2.png","7947b32a5d45edd6159ea6334eb35e07dc5cec08a590b5526080db911e9601c0","e242aa276ecb8e3431ddc77e19cd03287ae8a3b5a2329e40de2c0529ed629e37","D:\AI\AITRASH\workspaces\project - Изменение масштаба для планировок квартир\09_outputs\_diagnostics\full_20260727_full_mkd2\details\298_POZD_WEB_K2-3_s13_et4_2_attempt1.json","1","","OK","459.962599","391.931108","2.076749294","200","1590","774","10","10","0","0","0","0","","1"
"299","Корпус 2.3","Корпус 2.3/POZD_WEB_K2-3_s13_et4_3.ai","D:\AI\AITRASH\LIBRARY\02_CATALOG\02_PRESALE_Поздняково\01_ARTIFACTS\МКД2\Корпус 2.3\POZD_WEB_K2-3_s13_et4_3.ai","D:\AI\AITRASH\LIBRARY\02_CATALOG\02_PRESALE_Поздняково\01_ARTIFACTS\МКД2\Корпус 2.3\POZD_WEB_K2-3_s13_et4_3.png","160778","ece2018de5716ffd2dfcd59d22549b774ad7f83ae67a24ac12ba92cbc1d48e49","ece2018de5716ffd2dfcd59d22549b774ad7f83ae67a24ac12ba92cbc1d48e49","","","PROCESSED_OK","200","D:\AI\AITRASH\workspaces\project - Изменение масштаба для планировок квартир\09_outputs\_full_wip\20260727_full_mkd2\Корпус 2.3\х200_POZD_WEB_K2-3_s13_et4_3.ai","D:\AI\AITRASH\workspaces\project - Изменение масштаба для планировок квартир\09_outputs\_full_wip\20260727_full_mkd2\Корпус 2.3\х200_POZD_WEB_K2-3_s13_et4_3.png","9c251725c7f93ef6e475e4e6ae742b68866464512bb09deb25080a01f260576a","b66614501d61d60747bb33c57c305a66cdafbd04eec5b37e91d23aaa1ad1ff99","D:\AI\AITRASH\workspaces\project - Изменение масштаба для планировок квартир\09_outputs\_diagnostics\full_20260727_full_mkd2\details\299_POZD_WEB_K2-3_s13_et4_3_attempt1.json","1","","OK","489.159449","392.181112","2.013175509","200","1659","807","11","11","0","0","0","0","","1"
"300","Корпус 2.3","Корпус 2.3/POZD_WEB_K2-3_s13_et4_5.ai","D:\AI\AITRASH\LIBRARY\02_CATALOG\02_PRESALE_Поздняково\01_ARTIFACTS\МКД2\Корпус 2.3\POZD_WEB_K2-3_s13_et4_5.ai","D:\AI\AITRASH\LIBRARY\02_CATALOG\02_PRESALE_Поздняково\01_ARTIFACTS\МКД2\Корпус 2.3\POZD_WEB_K2-3_s13_et4_5.png","197969","687e62f43beeb59b19f9e9b0b3538a283620a0b21b44a10eafc96db3f68d01e4","687e62f43beeb59b19f9e9b0b3538a283620a0b21b44a10eafc96db3f68d01e4","","","PROCESSED_OK","150","D:\AI\AITRASH\workspaces\project - Изменение масштаба для планировок квартир\09_outputs\_full_wip\20260727_full_mkd2\Корпус 2.3\х150_POZD_WEB_K2-3_s13_et4_5.ai","D:\AI\AITRASH\workspaces\project - Изменение масштаба для планировок квартир\09_outputs\_full_wip\20260727_full_mkd2\Корпус 2.3\х150_POZD_WEB_K2-3_s13_et4_5.png","a61770ad6708b1085d90fc3ce1b8f6bff6798d592786927e6805e3e4c256e407","b8c0994ccf74224163376cc5cbe4ee14213dfe4018e2b2bbd98311bfc7c48281","D:\AI\AITRASH\workspaces\project - Изменение масштаба для планировок квартир\09_outputs\_diagnostics\full_20260727_full_mkd2\details\300_POZD_WEB_K2-3_s13_et4_5_attempt1.json","1","","OK","488.025591","630.291339","1.589857614","150","2612","1271","11","11","0","0","0","0","","1"
"301","Корпус 2.3","Корпус 2.3/POZD_WEB_K2-3_s13_et4_6.ai","D:\AI\AITRASH\LIBRARY\02_CATALOG\02_PRESALE_Поздняково\01_ARTIFACTS\МКД2\Корпус 2.3\POZD_WEB_K2-3_s13_et4_6.ai","D:\AI\AITRASH\LIBRARY\02_CATALOG\02_PRESALE_Поздняково\01_ARTIFACTS\МКД2\Корпус 2.3\POZD_WEB_K2-3_s13_et4_6.png","205362","80a7986a41188bf3e0020923181816960119bf1ad32e4e8802019923e91d586e","80a7986a41188bf3e0020923181816960119bf1ad32e4e8802019923e91d586e","","","PROCESSED_OK","170","D:\AI\AITRASH\workspaces\project - Изменение масштаба для планировок квартир\09_outputs\_full_wip\20260727_full_mkd2\Корпус 2.3\х170_POZD_WEB_K2-3_s13_et4_6.ai","D:\AI\AITRASH\workspaces\project - Изменение масштаба для планировок квартир\09_outputs\_full_wip\20260727_full_mkd2\Корпус 2.3\х170_POZD_WEB_K2-3_s13_et4_6.png","7399454136fd08c1c86f09f468cc64b932b8c02d381cc81778e9fe73534ddec9","31f4c04bcada72283d93fdd677cb7b05248e516e054d26ca582cebbb6fa39054","D:\AI\AITRASH\workspaces\project - Изменение масштаба для планировок квартир\09_outputs\_diagnostics\full_20260727_full_mkd2\details\301_POZD_WEB_K2-3_s13_et4_6_attempt1.json","1","","OK","488.025591","579.267686","1.658399849","170","2619","1276","11","11","0","0","0","0","","1"
"302","Корпус 2.3","Корпус 2.3/POZD_WEB_K2-3_s13_et4_7.ai","D:\AI\AITRASH\LIBRARY\02_CATALOG\02_PRESALE_Поздняково\01_ARTIFACTS\МКД2\Корпус 2.3\POZD_WEB_K2-3_s13_et4_7.ai","D:\AI\AITRASH\LIBRARY\02_CATALOG\02_PRESALE_Поздняково\01_ARTIFACTS\МКД2\Корпус 2.3\POZD_WEB_K2-3_s13_et4_7.png","161087","69583df9f55a79807b50104ad97d91be69874f05ba17aa2355416b64fb6c7c04","69583df9f55a79807b50104ad97d91be69874f05ba17aa2355416b64fb6c7c04","","","PROCESSED_OK","200","D:\AI\AITRASH\workspaces\project - Изменение масштаба для планировок квартир\09_outputs\_full_wip\20260727_full_mkd2\Корпус 2.3\х200_POZD_WEB_K2-3_s13_et4_7.ai","D:\AI\AITRASH\workspaces\project - Изменение масштаба для планировок квартир\09_outputs\_full_wip\20260727_full_mkd2\Корпус 2.3\х200_POZD_WEB_K2-3_s13_et4_7.png","3b1131231d79396f7f77e927395693ef1ee9a96c6becbb37bc2af4b8a91ab31a","1d964e531781af02724821a472b9aa7eba60a5dea0e7cebfe1d96a729ca213e6","D:\AI\AITRASH\workspaces\project - Изменение масштаба для планировок квартир\09_outputs\_diagnostics\full_20260727_full_mkd2\details\302_POZD_WEB_K2-3_s13_et4_7_attempt1.json","1","","OK","460.087599","392.181114","2.075805208","200","1658","804","10","10","0","0","0","0","","1"
"303","Корпус 2.3","Корпус 2.3/POZD_WEB_K2-3_s13_et4_8.ai","D:\AI\AITRASH\LIBRARY\02_CATALOG\02_PRESALE_Поздняково\01_ARTIFACTS\МКД2\Корпус 2.3\POZD_WEB_K2-3_s13_et4_8.ai","D:\AI\AITRASH\LIBRARY\02_CATALOG\02_PRESALE_Поздняково\01_ARTIFACTS\МКД2\Корпус 2.3\POZD_WEB_K2-3_s13_et4_8.png","221839","b53ca85f3c9a7dff7d1d5b954f281a2460ece067ac47ec2d330069b16bcca500","b53ca85f3c9a7dff7d1d5b954f281a2460ece067ac47ec2d330069b16bcca500","","","PROCESSED_OK","150","D:\AI\AITRASH\workspaces\project - Изменение масштаба для планировок квартир\09_outputs\_full_wip\20260727_full_mkd2\Корпус 2.3\х150_POZD_WEB_K2-3_s13_et4_8.ai","D:\AI\AITRASH\workspaces\project - Изменение масштаба для планировок квартир\09_outputs\_full_wip\20260727_full_mkd2\Корпус 2.3\х150_POZD_WEB_K2-3_s13_et4_8.png","ee1fcb4c7159b218c5eb033bbd4cf4f2b705a7159f71b35786228ec4c4187664","e3824c85c90935bfa10cdc70e29470e413cbce473b89bb1159ef1261337a13dc","D:\AI\AITRASH\workspaces\project - Изменение масштаба для планировок квартир\09_outputs\_diagnostics\full_20260727_full_mkd2\details\303_POZD_WEB_K2-3_s13_et4_8_attempt1.json","1","","OK","624.213584","544.843506","1.511985762","150","3101","1502","11","11","0","0","0","0","","1"
"304","Корпус 2.3","Корпус 2.3/POZD_WEB_K2-3_s13_et4_9.ai","D:\AI\AITRASH\LIBRARY\02_CATALOG\02_PRESALE_Поздняково\01_ARTIFACTS\МКД2\Корпус 2.3\POZD_WEB_K2-3_s13_et4_9.ai","D:\AI\AITRASH\LIBRARY\02_CATALOG\02_PRESALE_Поздняково\01_ARTIFACTS\МКД2\Корпус 2.3\POZD_WEB_K2-3_s13_et4_9.png","168197","0a45a8a4c70313a15add16b665b3a22cba0ef1270534d40f324e0dfca3baa88e","0a45a8a4c70313a15add16b665b3a22cba0ef1270534d40f324e0dfca3baa88e","","","PROCESSED_OK","200","D:\AI\AITRASH\workspaces\project - Изменение масштаба для планировок квартир\09_outputs\_full_wip\20260727_full_mkd2\Корпус 2.3\х200_POZD_WEB_K2-3_s13_et4_9.ai","D:\AI\AITRASH\workspaces\project - Изменение масштаба для планировок квартир\09_outputs\_full_wip\20260727_full_mkd2\Корпус 2.3\х200_POZD_WEB_K2-3_s13_et4_9.png","bc17e10cd617a91e544ba2ef52a9b36d8bd367f9af6b74b61991f6fc7c6f3d50","0f3a72377f8e0b868e3aa9d8b73e77a3aaf93a848ed823d439a60b639c85d609","D:\AI\AITRASH\workspaces\project - Изменение масштаба для планировок квартир\09_outputs\_diagnostics\full_20260727_full_mkd2\details\304_POZD_WEB_K2-3_s13_et4_9_attempt1.json","1","","OK","392.181096","470.292323","2.053160622","200","1777","863","10","10","0","0","0","0","","1"
"305","Корпус 2.3","Корпус 2.3/POZD_WEB_K2-3_s13_et5_5.ai","D:\AI\AITRASH\LIBRARY\02_CATALOG\02_PRESALE_Поздняково\01_ARTIFACTS\МКД2\Корпус 2.3\POZD_WEB_K2-3_s13_et5_5.ai","D:\AI\AITRASH\LIBRARY\02_CATALOG\02_PRESALE_Поздняково\01_ARTIFACTS\МКД2\Корпус 2.3\POZD_WEB_K2-3_s13_et5_5.png","194827","a4142a3f97bc3af3d90b85c7b5ec8b7603bd9fa984690b097e1cc7cb695e9f8c","a4142a3f97bc3af3d90b85c7b5ec8b7603bd9fa984690b097e1cc7cb695e9f8c","","","PROCESSED_OK","170","D:\AI\AITRASH\workspaces\project - Изменение масштаба для планировок квартир\09_outputs\_full_wip\20260727_full_mkd2\Корпус 2.3\х170_POZD_WEB_K2-3_s13_et5_5.ai","D:\AI\AITRASH\workspaces\project - Изменение масштаба для планировок квартир\09_outputs\_full_wip\20260727_full_mkd2\Корпус 2.3\х170_POZD_WEB_K2-3_s13_et5_5.png","e25229b269935371098da8d8b81bf0d2c38be8f084a83a4e598de46b42011b73","7cae724ecc6af645cfbcf995aaf2d156647c7f464983b9e4c3dc7358c45e66f7","D:\AI\AITRASH\workspaces\project - Изменение масштаба для планировок квартир\09_outputs\_diagnostics\full_20260727_full_mkd2\details\305_POZD_WEB_K2-3_s13_et5_5_attempt1.json","1","","OK","460.087599","630.291336","1.637416892","170","2592","1260","10","10","0","0","0","0","","1"
"306","Корпус 2.3","Корпус 2.3/POZD_WEB_K2-3_s13_et5_7.ai","D:\AI\AITRASH\LIBRARY\02_CATALOG\02_PRESALE_Поздняково\01_ARTIFACTS\МКД2\Корпус 2.3\POZD_WEB_K2-3_s13_et5_7.ai","D:\AI\AITRASH\LIBRARY\02_CATALOG\02_PRESALE_Поздняково\01_ARTIFACTS\МКД2\Корпус 2.3\POZD_WEB_K2-3_s13_et5_7.png","160348","d62dbdbab3fe87ebf358cd6f0483e6593b91ad5f1fe16d5bd03a10a95b88c5c6","d62dbdbab3fe87ebf358cd6f0483e6593b91ad5f1fe16d5bd03a10a95b88c5c6","","","PROCESSED_OK","200","D:\AI\AITRASH\workspaces\project - Изменение масштаба для планировок квартир\09_outputs\_full_wip\20260727_full_mkd2\Корпус 2.3\х200_POZD_WEB_K2-3_s13_et5_7.ai","D:\AI\AITRASH\workspaces\project - Изменение масштаба для планировок квартир\09_outputs\_full_wip\20260727_full_mkd2\Корпус 2.3\х200_POZD_WEB_K2-3_s13_et5_7.png","787e3fa0ba4fbddf62833acd539ed63f81b34a62d7aa0671c43adfa4711cf5b7","0783b515453c9dc82c6f162301a321ce091e684916f126bcdf637b2adcb16b33","D:\AI\AITRASH\workspaces\project - Изменение масштаба для планировок квартир\09_outputs\_diagnostics\full_20260727_full_mkd2\details\306_POZD_WEB_K2-3_s13_et5_7_attempt1.json","1","","OK","460.087599","392.181108","2.075805223","200","1626","790","10","10","0","0","0","0","","1"
"307","Корпус 2.3","Корпус 2.3/POZD_WEB_K2-3_s13_et6_3.ai","D:\AI\AITRASH\LIBRARY\02_CATALOG\02_PRESALE_Поздняково\01_ARTIFACTS\МКД2\Корпус 2.3\POZD_WEB_K2-3_s13_et6_3.ai","D:\AI\AITRASH\LIBRARY\02_CATALOG\02_PRESALE_Поздняково\01_ARTIFACTS\МКД2\Корпус 2.3\POZD_WEB_K2-3_s13_et6_3.png","262961","3d41cba4748eba5671a527038acd329c382ac33f669c7ed769d46dc0f1d8394c","3d41cba4748eba5671a527038acd329c382ac33f669c7ed769d46dc0f1d8394c","","","PROCESSED_OK","150","D:\AI\AITRASH\workspaces\project - Изменение масштаба для планировок квартир\09_outputs\_full_wip\20260727_full_mkd2\Корпус 2.3\х150_POZD_WEB_K2-3_s13_et6_3.ai","D:\AI\AITRASH\workspaces\project - Изменение масштаба для планировок квартир\09_outputs\_full_wip\20260727_full_mkd2\Корпус 2.3\х150_POZD_WEB_K2-3_s13_et6_3.png","31625b5f78e32f22ec00476218055d68129c0be89eb690109f5b87e1494948f2","2587298ce435eb597650b9e198728c615dcdd8ee43acb4aabf5d0d16e9ce342c","D:\AI\AITRASH\workspaces\project - Изменение масштаба для планировок квартир\09_outputs\_diagnostics\full_20260727_full_mkd2\details\307_POZD_WEB_K2-3_s13_et6_3_attempt1.json","1","","OK","489.159449","760.68504","1.406626848","150","3740","1820","14","14","0","0","0","0","","1"
"308","Корпус 2.3","Корпус 2.3/POZD_WEB_K2-3_s13_et6_5.ai","D:\AI\AITRASH\LIBRARY\02_CATALOG\02_PRESALE_Поздняково\01_ARTIFACTS\МКД2\Корпус 2.3\POZD_WEB_K2-3_s13_et6_5.ai","D:\AI\AITRASH\LIBRARY\02_CATALOG\02_PRESALE_Поздняково\01_ARTIFACTS\МКД2\Корпус 2.3\POZD_WEB_K2-3_s13_et6_5.png","202010","ea8568e923d446880db829e3212821deaea4abb15e7d510a9cff19f6fe8c4c6e","ea8568e923d446880db829e3212821deaea4abb15e7d510a9cff19f6fe8c4c6e","","","PROCESSED_OK","170","D:\AI\AITRASH\workspaces\project - Изменение масштаба для планировок квартир\09_outputs\_full_wip\20260727_full_mkd2\Корпус 2.3\х170_POZD_WEB_K2-3_s13_et6_5.ai","D:\AI\AITRASH\workspaces\project - Изменение масштаба для планировок квартир\09_outputs\_full_wip\20260727_full_mkd2\Корпус 2.3\х170_POZD_WEB_K2-3_s13_et6_5.png","0d98bbd96fa2732ef8a626d4d636cb604938f5e5e786337eb72aae205d671fb8","ca3bf2b91e593ec547ca56bbe605b0c5c568fb70d066d336ed5c2d0daef1c943","D:\AI\AITRASH\workspaces\project - Изменение масштаба для планировок квартир\09_outputs\_diagnostics\full_20260727_full_mkd2\details\308_POZD_WEB_K2-3_s13_et6_5_attempt1.json","1","","OK","460.087599","579.26771","1.708009472","170","2583","1256","10","10","0","0","0","0","","1"
"309","Корпус 2.3","Корпус 2.3/POZD_WEB_K2-3_s13_et6_7.ai","D:\AI\AITRASH\LIBRARY\02_CATALOG\02_PRESALE_Поздняково\01_ARTIFACTS\МКД2\Корпус 2.3\POZD_WEB_K2-3_s13_et6_7.ai","D:\AI\AITRASH\LIBRARY\02_CATALOG\02_PRESALE_Поздняково\01_ARTIFACTS\МКД2\Корпус 2.3\POZD_WEB_K2-3_s13_et6_7.png","297574","0f371912aeefe925f07c49e759e2af591d5ea1060a8fef41e2c86a0c26163133","0f371912aeefe925f07c49e759e2af591d5ea1060a8fef41e2c86a0c26163133","","","PROCESSED_OK","150","D:\AI\AITRASH\workspaces\project - Изменение масштаба для планировок квартир\09_outputs\_full_wip\20260727_full_mkd2\Корпус 2.3\х150_POZD_WEB_K2-3_s13_et6_7.ai","D:\AI\AITRASH\workspaces\project - Изменение масштаба для планировок квартир\09_outputs\_full_wip\20260727_full_mkd2\Корпус 2.3\х150_POZD_WEB_K2-3_s13_et6_7.png","fe57be6382fe9222b6e078f71755086533a9a6d3c8641814740ee90b3a6a1e94","d2c8393290d045d97a2f2b30b01fb1e94b5c3635f9c35964f5d8445a3906ce38","D:\AI\AITRASH\workspaces\project - Изменение масштаба для планировок квартир\09_outputs\_diagnostics\full_20260727_full_mkd2\details\309_POZD_WEB_K2-3_s13_et6_7_attempt1.json","1","","OK","777.101029","498.230315","1.376912345","150","4729","2316","18","18","0","0","0","0","","1"
"310","Корпус 2.3","Корпус 2.3/POZD_WEB_K2-3_s13_et6_9.ai","D:\AI\AITRASH\LIBRARY\02_CATALOG\02_PRESALE_Поздняково\01_ARTIFACTS\МКД2\Корпус 2.3\POZD_WEB_K2-3_s13_et6_9.ai","D:\AI\AITRASH\LIBRARY\02_CATALOG\02_PRESALE_Поздняково\01_ARTIFACTS\МКД2\Корпус 2.3\POZD_WEB_K2-3_s13_et6_9.png","180652","7b11d482bf22e13284fa48b98b00c89426726b48e87fdc0e0d5af9f0ee11d6af","7b11d482bf22e13284fa48b98b00c89426726b48e87fdc0e0d5af9f0ee11d6af","","","PROCESSED_OK","170","D:\AI\AITRASH\workspaces\project - Изменение масштаба для планировок квартир\09_outputs\_full_wip\20260727_full_mkd2\Корпус 2.3\х170_POZD_WEB_K2-3_s13_et6_9.ai","D:\AI\AITRASH\workspaces\project - Изменение масштаба для планировок квартир\09_outputs\_full_wip\20260727_full_mkd2\Корпус 2.3\х170_POZD_WEB_K2-3_s13_et6_9.png","1fdc5dc130c9ae995b1941b7c801984c79ab0196158e0632976229f4302697a9","efdf5665ce31e21c0e74097f61ccf387390062f3968e556524ce7c979e136043","D:\AI\AITRASH\workspaces\project - Изменение масштаба для планировок квартир\09_outputs\_diagnostics\full_20260727_full_mkd2\details\310_POZD_WEB_K2-3_s13_et6_9_attempt1.json","1","","OK","448.874014","517.630894","1.829270255","170","2100","1024","11","11","0","0","0","0","","1"
"311","Корпус 2.3","Корпус 2.3/POZD_WEB_K2-3_s14_et1,3,5_2.ai","D:\AI\AITRASH\LIBRARY\02_CATALOG\02_PRESALE_Поздняково\01_ARTIFACTS\МКД2\Корпус 2.3\POZD_WEB_K2-3_s14_et1,3,5_2.ai","D:\AI\AITRASH\LIBRARY\02_CATALOG\02_PRESALE_Поздняково\01_ARTIFACTS\МКД2\Корпус 2.3\POZD_WEB_K2-3_s14_et1,3,5_2.png","205187","e68f70ea126383964d06cfb2500fad9d8bcaf18a81ced07c169dd27511219555","e68f70ea126383964d06cfb2500fad9d8bcaf18a81ced07c169dd27511219555","","","PROCESSED_OK","170","D:\AI\AITRASH\workspaces\project - Изменение масштаба для планировок квартир\09_outputs\_full_wip\20260727_full_mkd2\Корпус 2.3\х170_POZD_WEB_K2-3_s14_et1,3,5_2.ai","D:\AI\AITRASH\workspaces\project - Изменение масштаба для планировок квартир\09_outputs\_full_wip\20260727_full_mkd2\Корпус 2.3\х170_POZD_WEB_K2-3_s14_et1,3,5_2.png","9d62e7bdc3b11fe8174e7ee35a21bf41a395e1e6d7e77eac0026a5d7627599bc","f79ffa0630c46f3fba620715720340f76cf7fb3a6303e16a805e683d70992077","D:\AI\AITRASH\workspaces\project - Изменение масштаба для планировок квартир\09_outputs\_diagnostics\full_20260727_full_mkd2\details\311_POZD_WEB_K2-3_s14_et1,3,5_2_attempt1.json","1","","OK","573.087604","524.842519","1.607774684","170","2619","1269","10","10","0","0","0","0","","1"
"312","Корпус 2.3","Корпус 2.3/POZD_WEB_K2-3_s14_et1,3,5_3.ai","D:\AI\AITRASH\LIBRARY\02_CATALOG\02_PRESALE_Поздняково\01_ARTIFACTS\МКД2\Корпус 2.3\POZD_WEB_K2-3_s14_et1,3,5_3.ai","D:\AI\AITRASH\LIBRARY\02_CATALOG\02_PRESALE_Поздняково\01_ARTIFACTS\МКД2\Корпус 2.3\POZD_WEB_K2-3_s14_et1,3,5_3.png","161229","a6d9e4642c55ed1eaebd6e368102850a418b72341982b1d9ed893109d68e65cf","a6d9e4642c55ed1eaebd6e368102850a418b72341982b1d9ed893109d68e65cf","","","PROCESSED_OK","200","D:\AI\AITRASH\workspaces\project - Изменение масштаба для планировок квартир\09_outputs\_full_wip\20260727_full_mkd2\Корпус 2.3\х200_POZD_WEB_K2-3_s14_et1,3,5_3.ai","D:\AI\AITRASH\workspaces\project - Изменение масштаба для планировок квартир\09_outputs\_full_wip\20260727_full_mkd2\Корпус 2.3\х200_POZD_WEB_K2-3_s14_et1,3,5_3.png","695e80eaddaabf56f6c90134c42157dd1fae553c105b303a241277949643cfb5","7805b58f4a996336f6ee473971a631c11182a8f6b6e7c5af4564bdaa2371310c","D:\AI\AITRASH\workspaces\project - Изменение масштаба для планировок квартир\09_outputs\_diagnostics\full_20260727_full_mkd2\details\312_POZD_WEB_K2-3_s14_et1,3,5_3_attempt1.json","1","","OK","383.960622","482.197835","2.04924662","200","1654","801","10","10","0","0","0","0","","1"
"313","Корпус 2.3","Корпус 2.3/POZD_WEB_K2-3_s14_et1_1.ai","D:\AI\AITRASH\LIBRARY\02_CATALOG\02_PRESALE_Поздняково\01_ARTIFACTS\МКД2\Корпус 2.3\POZD_WEB_K2-3_s14_et1_1.ai","D:\AI\AITRASH\LIBRARY\02_CATALOG\02_PRESALE_Поздняково\01_ARTIFACTS\МКД2\Корпус 2.3\POZD_WEB_K2-3_s14_et1_1.png","297815","8d14e076049a2ae88f117b9ec4a32e7f3950bf036b1aa4f7cfb7db5532df1fce","8d14e076049a2ae88f117b9ec4a32e7f3950bf036b1aa4f7cfb7db5532df1fce","","","PROCESSED_OK","150","D:\AI\AITRASH\workspaces\project - Изменение масштаба для планировок квартир\09_outputs\_full_wip\20260727_full_mkd2\Корпус 2.3\х150_POZD_WEB_K2-3_s14_et1_1.ai","D:\AI\AITRASH\workspaces\project - Изменение масштаба для планировок квартир\09_outputs\_full_wip\20260727_full_mkd2\Корпус 2.3\х150_POZD_WEB_K2-3_s14_et1_1.png","21e731fd61a0c8f77facec8541e2796421563091431206148376dcf5244a74c7","5ea1fcf739f078167c027c8be1ac1b81ef1b176d5fab28bc25d66d1bcf3c823f","D:\AI\AITRASH\workspaces\project - Изменение масштаба для планировок квартир\09_outputs\_diagnostics\full_20260727_full_mkd2\details\313_POZD_WEB_K2-3_s14_et1_1_attempt1.json","1","","OK","573.087586","568.426134","1.544908206","150","4308","2109","14","14","0","0","0","0","","1"
"314","Корпус 2.3","Корпус 2.3/POZD_WEB_K2-3_s14_et2,6_1.ai","D:\AI\AITRASH\LIBRARY\02_CATALOG\02_PRESALE_Поздняково\01_ARTIFACTS\МКД2\Корпус 2.3\POZD_WEB_K2-3_s14_et2,6_1.ai","D:\AI\AITRASH\LIBRARY\02_CATALOG\02_PRESALE_Поздняково\01_ARTIFACTS\МКД2\Корпус 2.3\POZD_WEB_K2-3_s14_et2,6_1.png","203723","4d3749081b7931a06bb6fddf8876990e41013d727658a2a66f97419a86404ded","4d3749081b7931a06bb6fddf8876990e41013d727658a2a66f97419a86404ded","","","PROCESSED_OK","170","D:\AI\AITRASH\workspaces\project - Изменение масштаба для планировок квартир\09_outputs\_full_wip\20260727_full_mkd2\Корпус 2.3\х170_POZD_WEB_K2-3_s14_et2,6_1.ai","D:\AI\AITRASH\workspaces\project - Изменение масштаба для планировок квартир\09_outputs\_full_wip\20260727_full_mkd2\Корпус 2.3\х170_POZD_WEB_K2-3_s14_et2,6_1.png","1a6d7c7305b84702cc4817f0b6b31eb7932c92076c68334264da1acf5af7b66a","acee601dc51dfcdb6f00c5af31733ce9a2abd86d6843d772e7ea6d388dbabb8c","D:\AI\AITRASH\workspaces\project - Изменение масштаба для планировок квартир\09_outputs\_diagnostics\full_20260727_full_mkd2\details\314_POZD_WEB_K2-3_s14_et2,6_1_attempt1.json","1","","OK","573.598415","474.952774","1.689355357","170","2570","1248","10","10","0","0","0","0","","1"
"315","Корпус 2.3","Корпус 2.3/POZD_WEB_K2-3_s14_et2,6_2.ai","D:\AI\AITRASH\LIBRARY\02_CATALOG\02_PRESALE_Поздняково\01_ARTIFACTS\МКД2\Корпус 2.3\POZD_WEB_K2-3_s14_et2,6_2.ai","D:\AI\AITRASH\LIBRARY\02_CATALOG\02_PRESALE_Поздняково\01_ARTIFACTS\МКД2\Корпус 2.3\POZD_WEB_K2-3_s14_et2,6_2.png","204114","94ee2ddf4e2c140bb2cd04a4724cd24390dc57c0dcb167057ee56f7b97d768e1","94ee2ddf4e2c140bb2cd04a4724cd24390dc57c0dcb167057ee56f7b97d768e1","","","PROCESSED_OK","150","D:\AI\AITRASH\workspaces\project - Изменение масштаба для планировок квартир\09_outputs\_full_wip\20260727_full_mkd2\Корпус 2.3\х150_POZD_WEB_K2-3_s14_et2,6_2.ai","D:\AI\AITRASH\workspaces\project - Изменение масштаба для планировок квартир\09_outputs\_full_wip\20260727_full_mkd2\Корпус 2.3\х150_POZD_WEB_K2-3_s14_et2,6_2.png","fc90bd906438a1f6c17826bb7ac20e085dc785b8f732cb6a0b5659587446eecf","455d164bb96e48085c35ae0a1a48cc1fe66b4e49e02405ca1299e1003e4bf727","D:\AI\AITRASH\workspaces\project - Изменение масштаба для планировок квартир\09_outputs\_diagnostics\full_20260727_full_mkd2\details\315_POZD_WEB_K2-3_s14_et2,6_2_attempt1.json","1","","OK","573.598457","554.481302","1.563517544","150","2552","1237","11","11","0","0","0","0","","1"
"316","Корпус 2.3","Корпус 2.3/POZD_WEB_K2-3_s14_et2,6_3.ai","D:\AI\AITRASH\LIBRARY\02_CATALOG\02_PRESALE_Поздняково\01_ARTIFACTS\МКД2\Корпус 2.3\POZD_WEB_K2-3_s14_et2,6_3.ai","D:\AI\AITRASH\LIBRARY\02_CATALOG\02_PRESALE_Поздняково\01_ARTIFACTS\МКД2\Корпус 2.3\POZD_WEB_K2-3_s14_et2,6_3.png","160700","eee7b11ab11ce2afa1ee680c60027e60846f2ff74b0f35940df9bbd2512ab281","eee7b11ab11ce2afa1ee680c60027e60846f2ff74b0f35940df9bbd2512ab281","","","PROCESSED_OK","200","D:\AI\AITRASH\workspaces\project - Изменение масштаба для планировок квартир\09_outputs\_full_wip\20260727_full_mkd2\Корпус 2.3\х200_POZD_WEB_K2-3_s14_et2,6_3.ai","D:\AI\AITRASH\workspaces\project - Изменение масштаба для планировок квартир\09_outputs\_full_wip\20260727_full_mkd2\Корпус 2.3\х200_POZD_WEB_K2-3_s14_et2,6_3.png","3b8bf4870a9f1ab38a06ff01d759cbb86d0b367a1f69b2aea07b014fc2962235","44c236a76e9b340a99fda6a683b10e590342c9621ad5bd31c908479dd9c3009e","D:\AI\AITRASH\workspaces\project - Изменение масштаба для планировок квартир\09_outputs\_diagnostics\full_20260727_full_mkd2\details\316_POZD_WEB_K2-3_s14_et2,6_3_attempt1.json","1","","OK","383.960619","485.03248","2.043249712","200","1700","826","11","11","0","0","0","0","","1"
"317","Корпус 2.3","Корпус 2.3/POZD_WEB_K2-3_s14_et2_4.ai","D:\AI\AITRASH\LIBRARY\02_CATALOG\02_PRESALE_Поздняково\01_ARTIFACTS\МКД2\Корпус 2.3\POZD_WEB_K2-3_s14_et2_4.ai","D:\AI\AITRASH\LIBRARY\02_CATALOG\02_PRESALE_Поздняково\01_ARTIFACTS\МКД2\Корпус 2.3\POZD_WEB_K2-3_s14_et2_4.png","167920","f85a69d429b3b7ba4c53a98ba7d283a4135c264d59ab216ea100cfc35d61e9e6","f85a69d429b3b7ba4c53a98ba7d283a4135c264d59ab216ea100cfc35d61e9e6","","","PROCESSED_OK","200","D:\AI\AITRASH\workspaces\project - Изменение масштаба для планировок квартир\09_outputs\_full_wip\20260727_full_mkd2\Корпус 2.3\х200_POZD_WEB_K2-3_s14_et2_4.ai","D:\AI\AITRASH\workspaces\project - Изменение масштаба для планировок квартир\09_outputs\_full_wip\20260727_full_mkd2\Корпус 2.3\х200_POZD_WEB_K2-3_s14_et2_4.png","b5d3670221ae0831ab819eaf9a99d765de209e92529f916f170333b0c87d266b","72f84c0118a8314e72f1ed2d069efd5ca689fd698fb7b3cd2b53eefcb13c6c39","D:\AI\AITRASH\workspaces\project - Изменение масштаба для планировок квартир\09_outputs\_diagnostics\full_20260727_full_mkd2\details\317_POZD_WEB_K2-3_s14_et2_4_attempt1.json","1","","OK","425.91338","512.970473","1.886441636","200","1837","887","11","11","0","0","0","0","","1"
"318","Корпус 2.3","Корпус 2.3/POZD_WEB_K2-3_s14_et2_5.ai","D:\AI\AITRASH\LIBRARY\02_CATALOG\02_PRESALE_Поздняково\01_ARTIFACTS\МКД2\Корпус 2.3\POZD_WEB_K2-3_s14_et2_5.ai","D:\AI\AITRASH\LIBRARY\02_CATALOG\02_PRESALE_Поздняково\01_ARTIFACTS\МКД2\Корпус 2.3\POZD_WEB_K2-3_s14_et2_5.png","173515","ee7b91c40eb09227c7a69f9b7972005ac0557d6f37fe6052fd3898e0b0d8e29e","ee7b91c40eb09227c7a69f9b7972005ac0557d6f37fe6052fd3898e0b0d8e29e","","","PROCESSED_OK","200","D:\AI\AITRASH\workspaces\project - Изменение масштаба для планировок квартир\09_outputs\_full_wip\20260727_full_mkd2\Корпус 2.3\х200_POZD_WEB_K2-3_s14_et2_5.ai","D:\AI\AITRASH\workspaces\project - Изменение масштаба для планировок квартир\09_outputs\_full_wip\20260727_full_mkd2\Корпус 2.3\х200_POZD_WEB_K2-3_s14_et2_5.png","bd93b9e440745cb36890918c374c4b22473f471ac0b5c0ea01f22790e03987f9","f424014a2aa1976ecf8d2bc26ce115f6de2195e86f3cc6c99d20bdb97bf61542","D:\AI\AITRASH\workspaces\project - Изменение масштаба для планировок квартир\09_outputs\_diagnostics\full_20260727_full_mkd2\details\318_POZD_WEB_K2-3_s14_et2_5_attempt1.json","1","","OK","417.692925","502.890725","1.923910329","200","1930","932","11","11","0","0","0","0","","1"
"319","Корпус 2.3","Корпус 2.3/POZD_WEB_K2-3_s14_et3,5_1.ai","D:\AI\AITRASH\LIBRARY\02_CATALOG\02_PRESALE_Поздняково\01_ARTIFACTS\МКД2\Корпус 2.3\POZD_WEB_K2-3_s14_et3,5_1.ai","D:\AI\AITRASH\LIBRARY\02_CATALOG\02_PRESALE_Поздняково\01_ARTIFACTS\МКД2\Корпус 2.3\POZD_WEB_K2-3_s14_et3,5_1.png","204425","27339df2e9e8c67246a9ad3f360991c67ac13cb1a061507cbf20ff0b48cb04f4","27339df2e9e8c67246a9ad3f360991c67ac13cb1a061507cbf20ff0b48cb04f4","","","PROCESSED_OK","170","D:\AI\AITRASH\workspaces\project - Изменение масштаба для планировок квартир\09_outputs\_full_wip\20260727_full_mkd2\Корпус 2.3\х170_POZD_WEB_K2-3_s14_et3,5_1.ai","D:\AI\AITRASH\workspaces\project - Изменение масштаба для планировок квартир\09_outputs\_full_wip\20260727_full_mkd2\Корпус 2.3\х170_POZD_WEB_K2-3_s14_et3,5_1.png","397693e8e355994a218ffd2477e40b29d60664c53c97a2cc0278613679d3fa3a","45512eec20d118fbd6d370aa6b71847404b234c95dd6a7c699927954ae10a9ac","D:\AI\AITRASH\workspaces\project - Изменение масштаба для планировок квартир\09_outputs\_diagnostics\full_20260727_full_mkd2\details\319_POZD_WEB_K2-3_s14_et3,5_1_attempt1.json","1","","OK","573.077314","474.952778","1.690123243","170","2590","1256","10","10","0","0","0","0","","1"
"320","Корпус 2.3","Корпус 2.3/POZD_WEB_K2-3_s14_et3,5_5.ai","D:\AI\AITRASH\LIBRARY\02_CATALOG\02_PRESALE_Поздняково\01_ARTIFACTS\МКД2\Корпус 2.3\POZD_WEB_K2-3_s14_et3,5_5.ai","D:\AI\AITRASH\LIBRARY\02_CATALOG\02_PRESALE_Поздняково\01_ARTIFACTS\МКД2\Корпус 2.3\POZD_WEB_K2-3_s14_et3,5_5.png","173105","124559487bbbeb98d4034da4ef5c64d0a1b299f0cb46f254f6f9be0f468786b0","124559487bbbeb98d4034da4ef5c64d0a1b299f0cb46f254f6f9be0f468786b0","","","PROCESSED_OK","200","D:\AI\AITRASH\workspaces\project - Изменение масштаба для планировок квартир\09_outputs\_full_wip\20260727_full_mkd2\Корпус 2.3\х200_POZD_WEB_K2-3_s14_et3,5_5.ai","D:\AI\AITRASH\workspaces\project - Изменение масштаба для планировок квартир\09_outputs\_full_wip\20260727_full_mkd2\Корпус 2.3\х200_POZD_WEB_K2-3_s14_et3,5_5.png","9e07c9e3e18ca69848ab8eaf6dd47126b46eb8c248637c38ebc6d58453a4fbfb","5d9b6f25a8bd7ad652e6e3f499caa5434cdd08996749caf0aa939bc2cbedddd6","D:\AI\AITRASH\workspaces\project - Изменение масштаба для планировок квартир\09_outputs\_diagnostics\full_20260727_full_mkd2\details\320_POZD_WEB_K2-3_s14_et3,5_5_attempt1.json","1","","OK","417.692901","474.952768","1.979686585","200","1953","940","10","10","0","0","0","0","","1"
"321","Корпус 2.3","Корпус 2.3/POZD_WEB_K2-3_s14_et3_4.ai","D:\AI\AITRASH\LIBRARY\02_CATALOG\02_PRESALE_Поздняково\01_ARTIFACTS\МКД2\Корпус 2.3\POZD_WEB_K2-3_s14_et3_4.ai","D:\AI\AITRASH\LIBRARY\02_CATALOG\02_PRESALE_Поздняково\01_ARTIFACTS\МКД2\Корпус 2.3\POZD_WEB_K2-3_s14_et3_4.png","167192","ad0ee102fa43870d5d5884f7f14d3ecde459d2ae49dddc72cb7e7472517985da","ad0ee102fa43870d5d5884f7f14d3ecde459d2ae49dddc72cb7e7472517985da","","","PROCESSED_OK","200","D:\AI\AITRASH\workspaces\project - Изменение масштаба для планировок квартир\09_outputs\_full_wip\20260727_full_mkd2\Корпус 2.3\х200_POZD_WEB_K2-3_s14_et3_4.ai","D:\AI\AITRASH\workspaces\project - Изменение масштаба для планировок квартир\09_outputs\_full_wip\20260727_full_mkd2\Корпус 2.3\х200_POZD_WEB_K2-3_s14_et3_4.png","70ca52a44b9e5ac0600a6e222342d167532c3ef55c992c21239a9db8fa3a856c","8b8655f3645e28a6f8f07afd48c1e58141a77fca8cf8584ff0a90af8d3c436bf","D:\AI\AITRASH\workspaces\project - Изменение масштаба для планировок квартир\09_outputs\_diagnostics\full_20260727_full_mkd2\details\321_POZD_WEB_K2-3_s14_et3_4_attempt1.json","1","","OK","425.913405","485.03248","1.940010736","200","1830","882","11","11","0","0","0","0","","1"
"322","Корпус 2.3","Корпус 2.3/POZD_WEB_K2-3_s14_et4_1.ai","D:\AI\AITRASH\LIBRARY\02_CATALOG\02_PRESALE_Поздняково\01_ARTIFACTS\МКД2\Корпус 2.3\POZD_WEB_K2-3_s14_et4_1.ai","D:\AI\AITRASH\LIBRARY\02_CATALOG\02_PRESALE_Поздняково\01_ARTIFACTS\МКД2\Корпус 2.3\POZD_WEB_K2-3_s14_et4_1.png","207810","2af8e3db1f3956c5a1629c14ad96802cf275e33112504eab0707c08f4881d1b9","2af8e3db1f3956c5a1629c14ad96802cf275e33112504eab0707c08f4881d1b9","","","PROCESSED_OK","170","D:\AI\AITRASH\workspaces\project - Изменение масштаба для планировок квартир\09_outputs\_full_wip\20260727_full_mkd2\Корпус 2.3\х170_POZD_WEB_K2-3_s14_et4_1.ai","D:\AI\AITRASH\workspaces\project - Изменение масштаба для планировок квартир\09_outputs\_full_wip\20260727_full_mkd2\Корпус 2.3\х170_POZD_WEB_K2-3_s14_et4_1.png","c89d4a09187aabeea4f1796dde22fe3ae2bc9595f431e4948d916cd090678eae","a0c36b313a26d36b30d0048d71acdc57b30329bf904169fea8084a58692ca684","D:\AI\AITRASH\workspaces\project - Изменение масштаба для планировок квартир\09_outputs\_diagnostics\full_20260727_full_mkd2\details\322_POZD_WEB_K2-3_s14_et4_1_attempt1.json","1","","OK","573.077314","502.89074","1.642505268","170","2597","1259","11","11","0","0","0","0","","1"
"323","Корпус 2.3","Корпус 2.3/POZD_WEB_K2-3_s14_et4_2.ai","D:\AI\AITRASH\LIBRARY\02_CATALOG\02_PRESALE_Поздняково\01_ARTIFACTS\МКД2\Корпус 2.3\POZD_WEB_K2-3_s14_et4_2.ai","D:\AI\AITRASH\LIBRARY\02_CATALOG\02_PRESALE_Поздняково\01_ARTIFACTS\МКД2\Корпус 2.3\POZD_WEB_K2-3_s14_et4_2.png","204743","850f2292359fbb980759bcdcd1f94c3fb2f6347b3b3b242bd135a3452d3ec501","850f2292359fbb980759bcdcd1f94c3fb2f6347b3b3b242bd135a3452d3ec501","","","PROCESSED_OK","170","D:\AI\AITRASH\workspaces\project - Изменение масштаба для планировок квартир\09_outputs\_full_wip\20260727_full_mkd2\Корпус 2.3\х170_POZD_WEB_K2-3_s14_et4_2.ai","D:\AI\AITRASH\workspaces\project - Изменение масштаба для планировок квартир\09_outputs\_full_wip\20260727_full_mkd2\Корпус 2.3\х170_POZD_WEB_K2-3_s14_et4_2.png","7fb5bc5d49d9fada2dff4163250522da7d2fecf34c3c7a16b329c46fbb26aefc","45fa4dbebf93c90fd19eb31fbf11acac140675ede10cc8e039f61a2cebeada8d","D:\AI\AITRASH\workspaces\project - Изменение масштаба для планировок квартир\09_outputs\_diagnostics\full_20260727_full_mkd2\details\323_POZD_WEB_K2-3_s14_et4_2_attempt1.json","1","","OK","573.598453","526.54331","1.604460994","170","2565","1246","10","10","0","0","0","0","","1"
"324","Корпус 2.3","Корпус 2.3/POZD_WEB_K2-3_s14_et4_3.ai","D:\AI\AITRASH\LIBRARY\02_CATALOG\02_PRESALE_Поздняково\01_ARTIFACTS\МКД2\Корпус 2.3\POZD_WEB_K2-3_s14_et4_3.ai","D:\AI\AITRASH\LIBRARY\02_CATALOG\02_PRESALE_Поздняково\01_ARTIFACTS\МКД2\Корпус 2.3\POZD_WEB_K2-3_s14_et4_3.png","156680","3ff2c6aa2fc9e85b22871d7bf5a1c614a97e434917b31d9973a76f191dbe0ff2","3ff2c6aa2fc9e85b22871d7bf5a1c614a97e434917b31d9973a76f191dbe0ff2","","","PROCESSED_OK","200","D:\AI\AITRASH\workspaces\project - Изменение масштаба для планировок квартир\09_outputs\_full_wip\20260727_full_mkd2\Корпус 2.3\х200_POZD_WEB_K2-3_s14_et4_3.ai","D:\AI\AITRASH\workspaces\project - Изменение масштаба для планировок квартир\09_outputs\_full_wip\20260727_full_mkd2\Корпус 2.3\х200_POZD_WEB_K2-3_s14_et4_3.png","aa55f8e5a459bf7e562e33b1674f10089dddc6bbfc19bf81aa710a6f72062d08","07f05e73adf2d03ff8d273cccfa232d83f84961a3e9025826111f08cc7459cad","D:\AI\AITRASH\workspaces\project - Изменение масштаба для планировок квартир\09_outputs\_diagnostics\full_20260727_full_mkd2\details\324_POZD_WEB_K2-3_s14_et4_3_attempt1.json","1","","OK","383.960636","512.970473","1.986829794","200","1682","815","11","11","0","0","0","0","","1"
"325","Корпус 2.3","Корпус 2.3/POZD_WEB_K2-3_s14_et4_4.ai","D:\AI\AITRASH\LIBRARY\02_CATALOG\02_PRESALE_Поздняково\01_ARTIFACTS\МКД2\Корпус 2.3\POZD_WEB_K2-3_s14_et4_4.ai","D:\AI\AITRASH\LIBRARY\02_CATALOG\02_PRESALE_Поздняково\01_ARTIFACTS\МКД2\Корпус 2.3\POZD_WEB_K2-3_s14_et4_4.png","171669","589a1daf17138b3fb20995b675efb9f9cf14a6dca6638c0f00ab1fb857515f97","589a1daf17138b3fb20995b675efb9f9cf14a6dca6638c0f00ab1fb857515f97","","","PROCESSED_OK","200","D:\AI\AITRASH\workspaces\project - Изменение масштаба для планировок квартир\09_outputs\_full_wip\20260727_full_mkd2\Корпус 2.3\х200_POZD_WEB_K2-3_s14_et4_4.ai","D:\AI\AITRASH\workspaces\project - Изменение масштаба для планировок квартир\09_outputs\_full_wip\20260727_full_mkd2\Корпус 2.3\х200_POZD_WEB_K2-3_s14_et4_4.png","8ec7740f58510e4e3350cbcd3198ed0897afd069b36ecbc7d6ea646d7b153ee5","9e7bf5da4b11b37dbe547d1f9c1b30b1d819a5e2ed3b059d0d77dffb65198b9b","D:\AI\AITRASH\workspaces\project - Изменение масштаба для планировок квартир\09_outputs\_diagnostics\full_20260727_full_mkd2\details\325_POZD_WEB_K2-3_s14_et4_4_attempt1.json","1","","OK","454.134801","485.03248","1.878764719","200","1855","896","11","11","0","0","0","0","","1"
"326","Корпус 2.3","Корпус 2.3/POZD_WEB_K2-3_s14_et4_5.ai","D:\AI\AITRASH\LIBRARY\02_CATALOG\02_PRESALE_Поздняково\01_ARTIFACTS\МКД2\Корпус 2.3\POZD_WEB_K2-3_s14_et4_5.ai","D:\AI\AITRASH\LIBRARY\02_CATALOG\02_PRESALE_Поздняково\01_ARTIFACTS\МКД2\Корпус 2.3\POZD_WEB_K2-3_s14_et4_5.png","172170","c5ab8b9d10c90de1e503a07ad733ca2c34305e8c833d05ee38c6cccb26a90091","c5ab8b9d10c90de1e503a07ad733ca2c34305e8c833d05ee38c6cccb26a90091","","","PROCESSED_OK","200","D:\AI\AITRASH\workspaces\project - Изменение масштаба для планировок квартир\09_outputs\_full_wip\20260727_full_mkd2\Корпус 2.3\х200_POZD_WEB_K2-3_s14_et4_5.ai","D:\AI\AITRASH\workspaces\project - Изменение масштаба для планировок квартир\09_outputs\_full_wip\20260727_full_mkd2\Корпус 2.3\х200_POZD_WEB_K2-3_s14_et4_5.png","cd7aa80239347abe38a015ef5219e6eb575f3191cbc4df14113fa60304bb77db","1f06e07ca30de399b2a508f58cf6d826a4c277afc6388334128fcba705369655","D:\AI\AITRASH\workspaces\project - Изменение масштаба для планировок квартир\09_outputs\_diagnostics\full_20260727_full_mkd2\details\326_POZD_WEB_K2-3_s14_et4_5_attempt1.json","1","","OK","417.692898","474.952756","1.979686617","200","1941","934","10","10","0","0","0","0","","1"
"327","Корпус 2.3","Корпус 2.3/POZD_WEB_K2-3_s14_et5_4.ai","D:\AI\AITRASH\LIBRARY\02_CATALOG\02_PRESALE_Поздняково\01_ARTIFACTS\МКД2\Корпус 2.3\POZD_WEB_K2-3_s14_et5_4.ai","D:\AI\AITRASH\LIBRARY\02_CATALOG\02_PRESALE_Поздняково\01_ARTIFACTS\МКД2\Корпус 2.3\POZD_WEB_K2-3_s14_et5_4.png","167327","397c0aad9553727deaaa7049582c431799b36862db9daa480e30186da32ae201","397c0aad9553727deaaa7049582c431799b36862db9daa480e30186da32ae201","","","PROCESSED_OK","200","D:\AI\AITRASH\workspaces\project - Изменение масштаба для планировок квартир\09_outputs\_full_wip\20260727_full_mkd2\Корпус 2.3\х200_POZD_WEB_K2-3_s14_et5_4.ai","D:\AI\AITRASH\workspaces\project - Изменение масштаба для планировок квартир\09_outputs\_full_wip\20260727_full_mkd2\Корпус 2.3\х200_POZD_WEB_K2-3_s14_et5_4.png","0ed9bc525969a9c22f3bef9ec061e77c9b6864367f80cb6a7e36263cc22e1520","af25f1a9808f63a78a954adee6e433f0f23db5a200749fa2cd3b93a5d2d942f9","D:\AI\AITRASH\workspaces\project - Изменение масштаба для планировок квартир\09_outputs\_diagnostics\full_20260727_full_mkd2\details\327_POZD_WEB_K2-3_s14_et5_4_attempt1.json","1","","OK","425.913382","485.03248","1.940010789","200","1823","879","10","10","0","0","0","0","","1"
"328","Корпус 2.3","Корпус 2.3/POZD_WEB_K2-3_s14_et6_4.ai","D:\AI\AITRASH\LIBRARY\02_CATALOG\02_PRESALE_Поздняково\01_ARTIFACTS\МКД2\Корпус 2.3\POZD_WEB_K2-3_s14_et6_4.ai","D:\AI\AITRASH\LIBRARY\02_CATALOG\02_PRESALE_Поздняково\01_ARTIFACTS\МКД2\Корпус 2.3\POZD_WEB_K2-3_s14_et6_4.png","169077","f53cefba47c9fab4e683961bf795b875fdca42f5948883a63941a66b0b4f2dc2","f53cefba47c9fab4e683961bf795b875fdca42f5948883a63941a66b0b4f2dc2","","","PROCESSED_OK","200","D:\AI\AITRASH\workspaces\project - Изменение масштаба для планировок квартир\09_outputs\_full_wip\20260727_full_mkd2\Корпус 2.3\х200_POZD_WEB_K2-3_s14_et6_4.ai","D:\AI\AITRASH\workspaces\project - Изменение масштаба для планировок квартир\09_outputs\_full_wip\20260727_full_mkd2\Корпус 2.3\х200_POZD_WEB_K2-3_s14_et6_4.png","6ea7a96088c9a6b61263145d26499fd8a57690be462e40c43e0febf118ec361b","20864e08751dac80ece8e93f3da75081fa0b42f7843dfd4e791640cc6738b409","D:\AI\AITRASH\workspaces\project - Изменение масштаба для планировок квартир\09_outputs\_diagnostics\full_20260727_full_mkd2\details\328_POZD_WEB_K2-3_s14_et6_4_attempt1.json","1","","OK","425.913358","512.970473","1.886441685","200","1865","900","11","11","0","0","0","0","","1"
"329","Корпус 2.3","Корпус 2.3/POZD_WEB_K2-3_s14_et6_5.ai","D:\AI\AITRASH\LIBRARY\02_CATALOG\02_PRESALE_Поздняково\01_ARTIFACTS\МКД2\Корпус 2.3\POZD_WEB_K2-3_s14_et6_5.ai","D:\AI\AITRASH\LIBRARY\02_CATALOG\02_PRESALE_Поздняково\01_ARTIFACTS\МКД2\Корпус 2.3\POZD_WEB_K2-3_s14_et6_5.png","171808","350c11e0fc5c24aa7fad9094b7cade64b971628dcdad4d98e0b16fd596b2449e","350c11e0fc5c24aa7fad9094b7cade64b971628dcdad4d98e0b16fd596b2449e","","","PROCESSED_OK","200","D:\AI\AITRASH\workspaces\project - Изменение масштаба для планировок квартир\09_outputs\_full_wip\20260727_full_mkd2\Корпус 2.3\х200_POZD_WEB_K2-3_s14_et6_5.ai","D:\AI\AITRASH\workspaces\project - Изменение масштаба для планировок квартир\09_outputs\_full_wip\20260727_full_mkd2\Корпус 2.3\х200_POZD_WEB_K2-3_s14_et6_5.png","97ae148f79110de7becdc08413c7a4c8fb47d0f4a1d02e0a820f82e37b200871","b416fb73ef0412896433440c6e6a05f840f5205b10c952aaa269ec83976b35f2","D:\AI\AITRASH\workspaces\project - Изменение масштаба для планировок квартир\09_outputs\_diagnostics\full_20260727_full_mkd2\details\329_POZD_WEB_K2-3_s14_et6_5_attempt1.json","1","","OK","417.692918","502.890742","1.923910313","200","1918","922","11","11","0","0","0","0","","1"
"330","Корпус 2.3","Корпус 2.3/POZD_WEB_K2-3_s8_et1,2_10.ai","D:\AI\AITRASH\LIBRARY\02_CATALOG\02_PRESALE_Поздняково\01_ARTIFACTS\МКД2\Корпус 2.3\POZD_WEB_K2-3_s8_et1,2_10.ai","D:\AI\AITRASH\LIBRARY\02_CATALOG\02_PRESALE_Поздняково\01_ARTIFACTS\МКД2\Корпус 2.3\POZD_WEB_K2-3_s8_et1,2_10.png","234775","1b7c50e081632add110c88c5010c8066dbf7e3219315cbe4b0f417a8297fed21","1b7c50e081632add110c88c5010c8066dbf7e3219315cbe4b0f417a8297fed21","","","PROCESSED_OK","200","D:\AI\AITRASH\workspaces\project - Изменение масштаба для планировок квартир\09_outputs\_full_wip\20260727_full_mkd2\Корпус 2.3\х200_POZD_WEB_K2-3_s8_et1,2_10.ai","D:\AI\AITRASH\workspaces\project - Изменение масштаба для планировок квартир\09_outputs\_full_wip\20260727_full_mkd2\Корпус 2.3\х200_POZD_WEB_K2-3_s8_et1,2_10.png","faafcac1dc77f8f46e6df95cb3febe117b9eb8c450a053e9d3440ac724c83048","b817b8ec3fca96ac985fe067c6f0315ab755ae641dde10fdbcc4b4b983f86f2e","D:\AI\AITRASH\workspaces\project - Изменение масштаба для планировок квартир\09_outputs\_diagnostics\full_20260727_full_mkd2\details\330_POZD_WEB_K2-3_s8_et1,2_10_attempt1.json","1","","OK","307.141723","572.748031","1.868186257","200","2895","1414","15","15","0","0","0","0","","1"
"331","Корпус 2.3","Корпус 2.3/POZD_WEB_K2-3_s8_et1,3_5.ai","D:\AI\AITRASH\LIBRARY\02_CATALOG\02_PRESALE_Поздняково\01_ARTIFACTS\МКД2\Корпус 2.3\POZD_WEB_K2-3_s8_et1,3_5.ai","D:\AI\AITRASH\LIBRARY\02_CATALOG\02_PRESALE_Поздняково\01_ARTIFACTS\МКД2\Корпус 2.3\POZD_WEB_K2-3_s8_et1,3_5.png","173486","6422f25afb56095106842b4dc06978f8542a88b1f8459a3e1474cd2301d133d2","6422f25afb56095106842b4dc06978f8542a88b1f8459a3e1474cd2301d133d2","","","PROCESSED_OK","200","D:\AI\AITRASH\workspaces\project - Изменение масштаба для планировок квартир\09_outputs\_full_wip\20260727_full_mkd2\Корпус 2.3\х200_POZD_WEB_K2-3_s8_et1,3_5.ai","D:\AI\AITRASH\workspaces\project - Изменение масштаба для планировок квартир\09_outputs\_full_wip\20260727_full_mkd2\Корпус 2.3\х200_POZD_WEB_K2-3_s8_et1,3_5.png","3e23d44f534a5372ed0d45d9fe365b650636ffce7c7a49dbc3ce55d3875caf35","1753d155cb9dc86e6dabfced0804c6312625e00c03bc3ac464631e5aeeb666d5","D:\AI\AITRASH\workspaces\project - Изменение масштаба для планировок квартир\09_outputs\_diagnostics\full_20260727_full_mkd2\details\331_POZD_WEB_K2-3_s8_et1,3_5_attempt1.json","1","","OK","482.764764","386.51182","2.041272698","200","1813","871","10","10","0","0","0","0","","1"
"332","Корпус 2.3","Корпус 2.3/POZD_WEB_K2-3_s8_et1_1.ai","D:\AI\AITRASH\LIBRARY\02_CATALOG\02_PRESALE_Поздняково\01_ARTIFACTS\МКД2\Корпус 2.3\POZD_WEB_K2-3_s8_et1_1.ai","D:\AI\AITRASH\LIBRARY\02_CATALOG\02_PRESALE_Поздняково\01_ARTIFACTS\МКД2\Корпус 2.3\POZD_WEB_K2-3_s8_et1_1.png","265352","926de35d3dc21c31534e21485b83a56a6c2e73914dfe82e6219ffca66b58bb54","926de35d3dc21c31534e21485b83a56a6c2e73914dfe82e6219ffca66b58bb54","","","PROCESSED_OK","170","D:\AI\AITRASH\workspaces\project - Изменение масштаба для планировок квартир\09_outputs\_full_wip\20260727_full_mkd2\Корпус 2.3\х170_POZD_WEB_K2-3_s8_et1_1.ai","D:\AI\AITRASH\workspaces\project - Изменение масштаба для планировок квартир\09_outputs\_full_wip\20260727_full_mkd2\Корпус 2.3\х170_POZD_WEB_K2-3_s8_et1_1.png","215e3e338f55f2046b7ea0b30c5d36cfd30eab6675c0b49b37abec31f300ab8f","c83f43aa943c3df86dd5043939c4e5d69f0bdfe75ad53292f2f3934eaf51e2aa","D:\AI\AITRASH\workspaces\project - Изменение масштаба для планировок квартир\09_outputs\_diagnostics\full_20260727_full_mkd2\details\332_POZD_WEB_K2-3_s8_et1_1_attempt1.json","1","","OK","516.055118","460.496079","1.808794321","170","3504","1710","14","14","0","0","0","0","","1"
"333","Корпус 2.3","Корпус 2.3/POZD_WEB_K2-3_s8_et1_10.ai","D:\AI\AITRASH\LIBRARY\02_CATALOG\02_PRESALE_Поздняково\01_ARTIFACTS\МКД2\Корпус 2.3\POZD_WEB_K2-3_s8_et1_10.ai","D:\AI\AITRASH\LIBRARY\02_CATALOG\02_PRESALE_Поздняково\01_ARTIFACTS\МКД2\Корпус 2.3\POZD_WEB_K2-3_s8_et1_10.png","230968","a833ba28aa42368f5d5d8cb78e49b25f65bf2a47ca89577c768ada8ca18f768d","a833ba28aa42368f5d5d8cb78e49b25f65bf2a47ca89577c768ada8ca18f768d","","","PROCESSED_OK","200","D:\AI\AITRASH\workspaces\project - Изменение масштаба для планировок квартир\09_outputs\_full_wip\20260727_full_mkd2\Корпус 2.3\х200_POZD_WEB_K2-3_s8_et1_10.ai","D:\AI\AITRASH\workspaces\project - Изменение масштаба для планировок квартир\09_outputs\_full_wip\20260727_full_mkd2\Корпус 2.3\х200_POZD_WEB_K2-3_s8_et1_10.png","c61775703ebee95a9a89b157992d6a47dd3a567912130446eb6ff0e07c506099","9e4a44c0e8a3d670565492409ef463589e6a17589a7b50708f6b14edd04bb519","D:\AI\AITRASH\workspaces\project - Изменение масштаба для планировок квартир\09_outputs\_diagnostics\full_20260727_full_mkd2\details\333_POZD_WEB_K2-3_s8_et1_10_attempt1.json","1","","OK","303.173237","572.748031","1.868186257","200","2865","1398","15","15","0","0","0","0","","1"
"334","Корпус 2.3","Корпус 2.3/POZD_WEB_K2-3_s8_et1_2.ai","D:\AI\AITRASH\LIBRARY\02_CATALOG\02_PRESALE_Поздняково\01_ARTIFACTS\МКД2\Корпус 2.3\POZD_WEB_K2-3_s8_et1_2.ai","D:\AI\AITRASH\LIBRARY\02_CATALOG\02_PRESALE_Поздняково\01_ARTIFACTS\МКД2\Корпус 2.3\POZD_WEB_K2-3_s8_et1_2.png","253576","7213e36f82ad111e98c604eb3740d0f8cbdb184a0c3a84fdddf24ec9924b213a","7213e36f82ad111e98c604eb3740d0f8cbdb184a0c3a84fdddf24ec9924b213a","","","PROCESSED_OK","200","D:\AI\AITRASH\workspaces\project - Изменение масштаба для планировок квартир\09_outputs\_full_wip\20260727_full_mkd2\Корпус 2.3\х200_POZD_WEB_K2-3_s8_et1_2.ai","D:\AI\AITRASH\workspaces\project - Изменение масштаба для планировок квартир\09_outputs\_full_wip\20260727_full_mkd2\Корпус 2.3\х200_POZD_WEB_K2-3_s8_et1_2.png","27db45157e6573f3a222655ee4bb4672c9195aebc8e752214269f6e89e3c0253","ca6faee0a003c855ca91d3f4e801fa7e283178799a66d4f4d3c1aba17d37c6ca","D:\AI\AITRASH\workspaces\project - Изменение масштаба для планировок квартир\09_outputs\_diagnostics\full_20260727_full_mkd2\details\334_POZD_WEB_K2-3_s8_et1_2_attempt1.json","1","","OK","577.778707","386.511797","1.851920099","200","3316","1616","14","14","0","0","0","0","","1"
"335","Корпус 2.3","Корпус 2.3/POZD_WEB_K2-3_s8_et1_3.ai","D:\AI\AITRASH\LIBRARY\02_CATALOG\02_PRESALE_Поздняково\01_ARTIFACTS\МКД2\Корпус 2.3\POZD_WEB_K2-3_s8_et1_3.ai","D:\AI\AITRASH\LIBRARY\02_CATALOG\02_PRESALE_Поздняково\01_ARTIFACTS\МКД2\Корпус 2.3\POZD_WEB_K2-3_s8_et1_3.png","295751","af8d8e482a806ece96ae49af3994dc3d2085e0d278a3f93841464995a234b2ca","af8d8e482a806ece96ae49af3994dc3d2085e0d278a3f93841464995a234b2ca","","","PROCESSED_OK","150","D:\AI\AITRASH\workspaces\project - Изменение масштаба для планировок квартир\09_outputs\_full_wip\20260727_full_mkd2\Корпус 2.3\х150_POZD_WEB_K2-3_s8_et1_3.ai","D:\AI\AITRASH\workspaces\project - Изменение масштаба для планировок квартир\09_outputs\_full_wip\20260727_full_mkd2\Корпус 2.3\х150_POZD_WEB_K2-3_s8_et1_3.png","2279158e8a3b491732ef506165949f2a92f120cf14414872e8f20aeef9d70ac0","674a6dc9b2ab2bd66dadb1b54308a2101552369c061ae53c0e055b9a4bc5e250","D:\AI\AITRASH\workspaces\project - Изменение масштаба для планировок квартир\09_outputs\_diagnostics\full_20260727_full_mkd2\details\335_POZD_WEB_K2-3_s8_et1_3_attempt1.json","1","","OK","573.31496","739.425197","1.354273682","150","4485","2190","14","14","0","0","0","0","","1"
"336","Корпус 2.3","Корпус 2.3/POZD_WEB_K2-3_s8_et1_4.ai","D:\AI\AITRASH\LIBRARY\02_CATALOG\02_PRESALE_Поздняково\01_ARTIFACTS\МКД2\Корпус 2.3\POZD_WEB_K2-3_s8_et1_4.ai","D:\AI\AITRASH\LIBRARY\02_CATALOG\02_PRESALE_Поздняково\01_ARTIFACTS\МКД2\Корпус 2.3\POZD_WEB_K2-3_s8_et1_4.png","229874","282f74b0fbdc0231b615796b2f4c79aaec23e1bc5e78b1796b4a6b5f9f733ead","282f74b0fbdc0231b615796b2f4c79aaec23e1bc5e78b1796b4a6b5f9f733ead","","","PROCESSED_OK","150","D:\AI\AITRASH\workspaces\project - Изменение масштаба для планировок квартир\09_outputs\_full_wip\20260727_full_mkd2\Корпус 2.3\х150_POZD_WEB_K2-3_s8_et1_4.ai","D:\AI\AITRASH\workspaces\project - Изменение масштаба для планировок квартир\09_outputs\_full_wip\20260727_full_mkd2\Корпус 2.3\х150_POZD_WEB_K2-3_s8_et1_4.png","aa029ecbc64873b453a7cbafbd0fe9f75ec9d283fbe3f8aa50e05b6299a48490","0058c5ff9d8fc495e2f0da17bc3c7eab07113e20e73702ace9a9952a9b2d17ea","D:\AI\AITRASH\workspaces\project - Изменение масштаба для планировок квартир\09_outputs\_diagnostics\full_20260727_full_mkd2\details\336_POZD_WEB_K2-3_s8_et1_4_attempt1.json","1","","OK","482.764764","735.173229","1.455439287","150","3286","1593","10","10","0","0","0","0","","1"
"337","Корпус 2.3","Корпус 2.3/POZD_WEB_K2-3_s8_et1_5.ai","D:\AI\AITRASH\LIBRARY\02_CATALOG\02_PRESALE_Поздняково\01_ARTIFACTS\МКД2\Корпус 2.3\POZD_WEB_K2-3_s8_et1_5.ai","D:\AI\AITRASH\LIBRARY\02_CATALOG\02_PRESALE_Поздняково\01_ARTIFACTS\МКД2\Корпус 2.3\POZD_WEB_K2-3_s8_et1_5.png","173260","dd10dd88f3ad2e937b0429acb19f22fd68ee2dadb5fc506e62f443ef4105bf5f","dd10dd88f3ad2e937b0429acb19f22fd68ee2dadb5fc506e62f443ef4105bf5f","","","PROCESSED_OK","200","D:\AI\AITRASH\workspaces\project - Изменение масштаба для планировок квартир\09_outputs\_full_wip\20260727_full_mkd2\Корпус 2.3\х200_POZD_WEB_K2-3_s8_et1_5.ai","D:\AI\AITRASH\workspaces\project - Изменение масштаба для планировок квартир\09_outputs\_full_wip\20260727_full_mkd2\Корпус 2.3\х200_POZD_WEB_K2-3_s8_et1_5.png","a9ffcbbf1f51f861989befda46e336078a5eaccb943bf357da57ff81ef357245","97d47a438b4a09ac4e501ed5e2abdde37c589f79fb4cb4f4ad3aa8877629025a","D:\AI\AITRASH\workspaces\project - Изменение масштаба для планировок квартир\09_outputs\_diagnostics\full_20260727_full_mkd2\details\337_POZD_WEB_K2-3_s8_et1_5_attempt1.json","1","","OK","482.764764","386.511821","2.041272695","200","1809","870","10","10","0","0","0","0","","1"
"338","Корпус 2.3","Корпус 2.3/POZD_WEB_K2-3_s8_et1_6.ai","D:\AI\AITRASH\LIBRARY\02_CATALOG\02_PRESALE_Поздняково\01_ARTIFACTS\МКД2\Корпус 2.3\POZD_WEB_K2-3_s8_et1_6.ai","D:\AI\AITRASH\LIBRARY\02_CATALOG\02_PRESALE_Поздняково\01_ARTIFACTS\МКД2\Корпус 2.3\POZD_WEB_K2-3_s8_et1_6.png","171060","86efa59fb0358422c1498a8e619d1eb1615c71dc1e52a19874fda41e9b3e40b7","86efa59fb0358422c1498a8e619d1eb1615c71dc1e52a19874fda41e9b3e40b7","","","PROCESSED_OK","200","D:\AI\AITRASH\workspaces\project - Изменение масштаба для планировок квартир\09_outputs\_full_wip\20260727_full_mkd2\Корпус 2.3\х200_POZD_WEB_K2-3_s8_et1_6.ai","D:\AI\AITRASH\workspaces\project - Изменение масштаба для планировок квартир\09_outputs\_full_wip\20260727_full_mkd2\Корпус 2.3\х200_POZD_WEB_K2-3_s8_et1_6.png","37ce15f3c07615984a0ba9a4f559ddab37c8ab8060009cab7a8d0e21b7db50f2","83f193a5a572c332f9eb82360485c04ac17ef2b0f5b52ef4520f778781fd7588","D:\AI\AITRASH\workspaces\project - Изменение масштаба для планировок квартир\09_outputs\_diagnostics\full_20260727_full_mkd2\details\338_POZD_WEB_K2-3_s8_et1_6_attempt1.json","1","","OK","482.764764","392.181109","2.02646488","200","1813","877","10","10","0","0","0","0","","1"
"339","Корпус 2.3","Корпус 2.3/POZD_WEB_K2-3_s8_et1_8.ai","D:\AI\AITRASH\LIBRARY\02_CATALOG\02_PRESALE_Поздняково\01_ARTIFACTS\МКД2\Корпус 2.3\POZD_WEB_K2-3_s8_et1_8.ai","D:\AI\AITRASH\LIBRARY\02_CATALOG\02_PRESALE_Поздняково\01_ARTIFACTS\МКД2\Корпус 2.3\POZD_WEB_K2-3_s8_et1_8.png","210565","332b0e37f3e685193eee939c119fc5b601ec397db32f5e4cf7ba7cea5be6d91f","332b0e37f3e685193eee939c119fc5b601ec397db32f5e4cf7ba7cea5be6d91f","","","PROCESSED_OK","150","D:\AI\AITRASH\workspaces\project - Изменение масштаба для планировок квартир\09_outputs\_full_wip\20260727_full_mkd2\Корпус 2.3\х150_POZD_WEB_K2-3_s8_et1_8.ai","D:\AI\AITRASH\workspaces\project - Изменение масштаба для планировок квартир\09_outputs\_full_wip\20260727_full_mkd2\Корпус 2.3\х150_POZD_WEB_K2-3_s8_et1_8.png","c9364b9c082539a7741c64fcf9609f2e2c070e27ff1f442a66d3bf75a626ec78","9b2be418dec88e0588a18f7ee41ae9dbec292086debc8af630ac716694f75a39","D:\AI\AITRASH\workspaces\project - Изменение масштаба для планировок квартир\09_outputs\_diagnostics\full_20260727_full_mkd2\details\339_POZD_WEB_K2-3_s8_et1_8_attempt1.json","1","","OK","672.811047","505.566924","1.511869534","150","2877","1397","10","10","0","0","0","0","","1"
"340","Корпус 2.3","Корпус 2.3/POZD_WEB_K2-3_s8_et1_9.ai","D:\AI\AITRASH\LIBRARY\02_CATALOG\02_PRESALE_Поздняково\01_ARTIFACTS\МКД2\Корпус 2.3\POZD_WEB_K2-3_s8_et1_9.ai","D:\AI\AITRASH\LIBRARY\02_CATALOG\02_PRESALE_Поздняково\01_ARTIFACTS\МКД2\Корпус 2.3\POZD_WEB_K2-3_s8_et1_9.png","211117","a50a858089e73ea7d3df5518a293b5ab6a56ba2d0aa2e149d31ab560e9ad8080","a50a858089e73ea7d3df5518a293b5ab6a56ba2d0aa2e149d31ab560e9ad8080","","","PROCESSED_OK","170","D:\AI\AITRASH\workspaces\project - Изменение масштаба для планировок квартир\09_outputs\_full_wip\20260727_full_mkd2\Корпус 2.3\х170_POZD_WEB_K2-3_s8_et1_9.ai","D:\AI\AITRASH\workspaces\project - Изменение масштаба для планировок квартир\09_outputs\_full_wip\20260727_full_mkd2\Корпус 2.3\х170_POZD_WEB_K2-3_s8_et1_9.png","89d8e86b8b98e5efda3fb8f028d4510d4badc06123c0621e09a0d0b2e290c0ea","210c85350985301d1cfcd3386efec1bdc739124961d9390888c269e9abfa2f7b","D:\AI\AITRASH\workspaces\project - Изменение масштаба для планировок квартир\09_outputs\_diagnostics\full_20260727_full_mkd2\details\340_POZD_WEB_K2-3_s8_et1_9_attempt1.json","1","","OK","550.921286","485.03248","1.705768192","170","2633","1277","10","10","0","0","0","0","","1"
"341","Корпус 2.3","Корпус 2.3/POZD_WEB_K2-3_s8_et2,3,4_11.ai","D:\AI\AITRASH\LIBRARY\02_CATALOG\02_PRESALE_Поздняково\01_ARTIFACTS\МКД2\Корпус 2.3\POZD_WEB_K2-3_s8_et2,3,4_11.ai","D:\AI\AITRASH\LIBRARY\02_CATALOG\02_PRESALE_Поздняково\01_ARTIFACTS\МКД2\Корпус 2.3\POZD_WEB_K2-3_s8_et2,3,4_11.png","160189","0d32fd6b9bf4055ca8578c4e5325789fd6fe22241bc3ce3164d309670e03706c","0d32fd6b9bf4055ca8578c4e5325789fd6fe22241bc3ce3164d309670e03706c","","","PROCESSED_OK","200","D:\AI\AITRASH\workspaces\project - Изменение масштаба для планировок квартир\09_outputs\_full_wip\20260727_full_mkd2\Корпус 2.3\х200_POZD_WEB_K2-3_s8_et2,3,4_11.ai","D:\AI\AITRASH\workspaces\project - Изменение масштаба для планировок квартир\09_outputs\_full_wip\20260727_full_mkd2\Корпус 2.3\х200_POZD_WEB_K2-3_s8_et2,3,4_11.png","48e7f036d8d21ef2a70b1b226f032ba6faeb82121b7308a7b2a7d6671d66a982","382678dd6de63a451152d6f97177952b43c1ad974f62a2df0df41e5ebcf8ef81","D:\AI\AITRASH\workspaces\project - Изменение масштаба для планировок квартир\09_outputs\_diagnostics\full_20260727_full_mkd2\details\341_POZD_WEB_K2-3_s8_et2,3,4_11_attempt1.json","1","","OK","303.173225","474.952756","2.25285565","200","1562","756","10","10","0","0","0","0","","1"
"342","Корпус 2.3","Корпус 2.3/POZD_WEB_K2-3_s8_et2,4_2.ai","D:\AI\AITRASH\LIBRARY\02_CATALOG\02_PRESALE_Поздняково\01_ARTIFACTS\МКД2\Корпус 2.3\POZD_WEB_K2-3_s8_et2,4_2.ai","D:\AI\AITRASH\LIBRARY\02_CATALOG\02_PRESALE_Поздняково\01_ARTIFACTS\МКД2\Корпус 2.3\POZD_WEB_K2-3_s8_et2,4_2.png","168930","528b46b0fece92b9d8cd166c0781f9669954697fa1e335d894b72f95d59992aa","528b46b0fece92b9d8cd166c0781f9669954697fa1e335d894b72f95d59992aa","","","PROCESSED_OK","200","D:\AI\AITRASH\workspaces\project - Изменение масштаба для планировок квартир\09_outputs\_full_wip\20260727_full_mkd2\Корпус 2.3\х200_POZD_WEB_K2-3_s8_et2,4_2.ai","D:\AI\AITRASH\workspaces\project - Изменение масштаба для планировок квартир\09_outputs\_full_wip\20260727_full_mkd2\Корпус 2.3\х200_POZD_WEB_K2-3_s8_et2,4_2.png","9701819211c6d7e909dd5d14976ce176f864b38c95818cb9ad4968ea6064fee5","6498b21a47fddfa9e37a0019995ae832333a76c3c8703eb7d09e89a31f77b3a6","D:\AI\AITRASH\workspaces\project - Изменение масштаба для планировок квартир\09_outputs\_diagnostics\full_20260727_full_mkd2\details\342_POZD_WEB_K2-3_s8_et2,4_2_attempt1.json","1","","OK","482.764764","386.511821","2.041272695","200","1736","838","10","10","0","0","0","0","","1"
"343","Корпус 2.3","Корпус 2.3/POZD_WEB_K2-3_s8_et2,4_6.ai","D:\AI\AITRASH\LIBRARY\02_CATALOG\02_PRESALE_Поздняково\01_ARTIFACTS\МКД2\Корпус 2.3\POZD_WEB_K2-3_s8_et2,4_6.ai","D:\AI\AITRASH\LIBRARY\02_CATALOG\02_PRESALE_Поздняково\01_ARTIFACTS\МКД2\Корпус 2.3\POZD_WEB_K2-3_s8_et2,4_6.png","200785","cc3b62fc260ad63c8e07e11286aae4a96ace07b3fb378961e96cb424769a7774","cc3b62fc260ad63c8e07e11286aae4a96ace07b3fb378961e96cb424769a7774","","","PROCESSED_OK","170","D:\AI\AITRASH\workspaces\project - Изменение масштаба для планировок квартир\09_outputs\_full_wip\20260727_full_mkd2\Корпус 2.3\х170_POZD_WEB_K2-3_s8_et2,4_6.ai","D:\AI\AITRASH\workspaces\project - Изменение масштаба для планировок квартир\09_outputs\_full_wip\20260727_full_mkd2\Корпус 2.3\х170_POZD_WEB_K2-3_s8_et2,4_6.png","2c7e88892a4d272178a639f9400043fedf9cda63f3db97b552236936676aa8c0","27cbd9b9cea1fa170b0b92a685f94880313d8f9bf72a96a74dbf96103f6ac578","D:\AI\AITRASH\workspaces\project - Изменение масштаба для планировок квартир\09_outputs\_diagnostics\full_20260727_full_mkd2\details\343_POZD_WEB_K2-3_s8_et2,4_6_attempt1.json","1","","OK","482.764764","573.598419","1.675631222","170","2414","1170","10","10","0","0","0","0","","1"
"344","Корпус 2.3","Корпус 2.3/POZD_WEB_K2-3_s8_et2_1.ai","D:\AI\AITRASH\LIBRARY\02_CATALOG\02_PRESALE_Поздняково\01_ARTIFACTS\МКД2\Корпус 2.3\POZD_WEB_K2-3_s8_et2_1.ai","D:\AI\AITRASH\LIBRARY\02_CATALOG\02_PRESALE_Поздняково\01_ARTIFACTS\МКД2\Корпус 2.3\POZD_WEB_K2-3_s8_et2_1.png","198626","519ba7c917e6534b1fc6569356cb8a3969acd21ab0c7f8fc4abe91e7da9ae87b","519ba7c917e6534b1fc6569356cb8a3969acd21ab0c7f8fc4abe91e7da9ae87b","","","PROCESSED_OK","170","D:\AI\AITRASH\workspaces\project - Изменение масштаба для планировок квартир\09_outputs\_full_wip\20260727_full_mkd2\Корпус 2.3\х170_POZD_WEB_K2-3_s8_et2_1.ai","D:\AI\AITRASH\workspaces\project - Изменение масштаба для планировок квартир\09_outputs\_full_wip\20260727_full_mkd2\Корпус 2.3\х170_POZD_WEB_K2-3_s8_et2_1.png","062ab9a4b366d343b22d7dfc8e8084e0eb87ad4ab6a8751d415e96c97f97f6b1","2c48d77f79697c4e24d7bee91eba722b951eb88276cfe618a37780870645aa65","D:\AI\AITRASH\workspaces\project - Изменение масштаба для планировок квартир\09_outputs\_diagnostics\full_20260727_full_mkd2\details\344_POZD_WEB_K2-3_s8_et2_1_attempt1.json","1","","OK","420.527559","641.629927","1.66762795","170","2566","1246","10","10","0","0","0","0","","1"
"345","Корпус 2.3","Корпус 2.3/POZD_WEB_K2-3_s8_et2_10.ai","D:\AI\AITRASH\LIBRARY\02_CATALOG\02_PRESALE_Поздняково\01_ARTIFACTS\МКД2\Корпус 2.3\POZD_WEB_K2-3_s8_et2_10.ai","D:\AI\AITRASH\LIBRARY\02_CATALOG\02_PRESALE_Поздняково\01_ARTIFACTS\МКД2\Корпус 2.3\POZD_WEB_K2-3_s8_et2_10.png","211585","9f001b378c1e264dd9e7ff74fb9fc6eee84d1cdd685db4fbd2d55300efcef9f1","9f001b378c1e264dd9e7ff74fb9fc6eee84d1cdd685db4fbd2d55300efcef9f1","","","PROCESSED_OK","170","D:\AI\AITRASH\workspaces\project - Изменение масштаба для планировок квартир\09_outputs\_full_wip\20260727_full_mkd2\Корпус 2.3\х170_POZD_WEB_K2-3_s8_et2_10.ai","D:\AI\AITRASH\workspaces\project - Изменение масштаба для планировок квартир\09_outputs\_full_wip\20260727_full_mkd2\Корпус 2.3\х170_POZD_WEB_K2-3_s8_et2_10.png","88552743bf1de02e1ba4d5b506da0a9c4956f52e6c3ea4ad08dc693f2c98ccaf","1ea6f9483f6213929617d9fa32c54039c25a132ae9681bc1bfb18c96b597c138","D:\AI\AITRASH\workspaces\project - Изменение масштаба для планировок квартир\09_outputs\_diagnostics\full_20260727_full_mkd2\details\345_POZD_WEB_K2-3_s8_et2_10_attempt1.json","1","","OK","550.921269","513.053244","1.658533356","170","2605","1265","11","11","0","0","0","0","","1"
"346","Корпус 2.3","Корпус 2.3/POZD_WEB_K2-3_s8_et2_2.ai","D:\AI\AITRASH\LIBRARY\02_CATALOG\02_PRESALE_Поздняково\01_ARTIFACTS\МКД2\Корпус 2.3\POZD_WEB_K2-3_s8_et2_2.ai","D:\AI\AITRASH\LIBRARY\02_CATALOG\02_PRESALE_Поздняково\01_ARTIFACTS\МКД2\Корпус 2.3\POZD_WEB_K2-3_s8_et2_2.png","169810","df8c7f44d349727321f4ad697c5d84f4a3f8379d0c728dfa286e0647c4bd593b","df8c7f44d349727321f4ad697c5d84f4a3f8379d0c728dfa286e0647c4bd593b","","","PROCESSED_OK","200","D:\AI\AITRASH\workspaces\project - Изменение масштаба для планировок квартир\09_outputs\_full_wip\20260727_full_mkd2\Корпус 2.3\х200_POZD_WEB_K2-3_s8_et2_2.ai","D:\AI\AITRASH\workspaces\project - Изменение масштаба для планировок квартир\09_outputs\_full_wip\20260727_full_mkd2\Корпус 2.3\х200_POZD_WEB_K2-3_s8_et2_2.png","07aa2ac69c167ad120210bf021cb4d3497aad683b6975a4d90c3d0c13b41cd6e","2f5bb661f2fe4d88c8bb53a1cba46cb0e3a9a9f1fd167c75fd0f562369844db3","D:\AI\AITRASH\workspaces\project - Изменение масштаба для планировок квартир\09_outputs\_diagnostics\full_20260727_full_mkd2\details\346_POZD_WEB_K2-3_s8_et2_2_attempt1.json","1","","OK","482.764764","386.795281","2.040524592","200","1744","841","10","10","0","0","0","0","","1"
"347","Корпус 2.3","Корпус 2.3/POZD_WEB_K2-3_s8_et2_3.ai","D:\AI\AITRASH\LIBRARY\02_CATALOG\02_PRESALE_Поздняково\01_ARTIFACTS\МКД2\Корпус 2.3\POZD_WEB_K2-3_s8_et2_3.ai","D:\AI\AITRASH\LIBRARY\02_CATALOG\02_PRESALE_Поздняково\01_ARTIFACTS\МКД2\Корпус 2.3\POZD_WEB_K2-3_s8_et2_3.png","224818","4a3a24ad9f627e055af1b82bc63422a5cebb6cb8ff908755e9929bd83d3f5ba4","4a3a24ad9f627e055af1b82bc63422a5cebb6cb8ff908755e9929bd83d3f5ba4","","","PROCESSED_OK","150","D:\AI\AITRASH\workspaces\project - Изменение масштаба для планировок квартир\09_outputs\_full_wip\20260727_full_mkd2\Корпус 2.3\х150_POZD_WEB_K2-3_s8_et2_3.ai","D:\AI\AITRASH\workspaces\project - Изменение масштаба для планировок квартир\09_outputs\_full_wip\20260727_full_mkd2\Корпус 2.3\х150_POZD_WEB_K2-3_s8_et2_3.png","f1dc6b9eee498972551d2a3c303454235c4af7f49c2adacadc0aa898e42719a2","62f532d24f0de0ad8783045f49e69e7c92e28b38c5e867eb496d6c4667ca78e2","D:\AI\AITRASH\workspaces\project - Изменение масштаба для планировок квартир\09_outputs\_diagnostics\full_20260727_full_mkd2\details\347_POZD_WEB_K2-3_s8_et2_3_attempt1.json","1","","OK","471.551182","735.173216","1.455439312","150","3207","1556","10","10","0","0","0","0","","1"
"348","Корпус 2.3","Корпус 2.3/POZD_WEB_K2-3_s8_et2_4.ai","D:\AI\AITRASH\LIBRARY\02_CATALOG\02_PRESALE_Поздняково\01_ARTIFACTS\МКД2\Корпус 2.3\POZD_WEB_K2-3_s8_et2_4.ai","D:\AI\AITRASH\LIBRARY\02_CATALOG\02_PRESALE_Поздняково\01_ARTIFACTS\МКД2\Корпус 2.3\POZD_WEB_K2-3_s8_et2_4.png","230043","9ff030196cb46315b84e2c5f15019d27a04e011224961166d53c2f6ea512653d","9ff030196cb46315b84e2c5f15019d27a04e011224961166d53c2f6ea512653d","","","PROCESSED_OK","150","D:\AI\AITRASH\workspaces\project - Изменение масштаба для планировок квартир\09_outputs\_full_wip\20260727_full_mkd2\Корпус 2.3\х150_POZD_WEB_K2-3_s8_et2_4.ai","D:\AI\AITRASH\workspaces\project - Изменение масштаба для планировок квартир\09_outputs\_full_wip\20260727_full_mkd2\Корпус 2.3\х150_POZD_WEB_K2-3_s8_et2_4.png","a90ddf403e42012cc81e9fe23adc87995f3b2fe21e891786cb923a0994a39d88","8cb68c799b0114ca3b67255f20617c850577b315ddf69d08fa276cc0cc59a3ef","D:\AI\AITRASH\workspaces\project - Изменение масштаба для планировок квартир\09_outputs\_diagnostics\full_20260727_full_mkd2\details\348_POZD_WEB_K2-3_s8_et2_4_attempt1.json","1","","OK","512.970416","763.111222","1.402154718","150","3254","1578","11","11","0","0","0","0","","1"
"349","Корпус 2.3","Корпус 2.3/POZD_WEB_K2-3_s8_et2_5.ai","D:\AI\AITRASH\LIBRARY\02_CATALOG\02_PRESALE_Поздняково\01_ARTIFACTS\МКД2\Корпус 2.3\POZD_WEB_K2-3_s8_et2_5.ai","D:\AI\AITRASH\LIBRARY\02_CATALOG\02_PRESALE_Поздняково\01_ARTIFACTS\МКД2\Корпус 2.3\POZD_WEB_K2-3_s8_et2_5.png","170439","201810b9b8b8a08b2ec944cf1d38aaa4da486d226448f2cd4c0c37fd8fe0a3ce","201810b9b8b8a08b2ec944cf1d38aaa4da486d226448f2cd4c0c37fd8fe0a3ce","","","PROCESSED_OK","200","D:\AI\AITRASH\workspaces\project - Изменение масштаба для планировок квартир\09_outputs\_full_wip\20260727_full_mkd2\Корпус 2.3\х200_POZD_WEB_K2-3_s8_et2_5.ai","D:\AI\AITRASH\workspaces\project - Изменение масштаба для планировок квартир\09_outputs\_full_wip\20260727_full_mkd2\Корпус 2.3\х200_POZD_WEB_K2-3_s8_et2_5.png","8ec987a2671db77f437a6bb81caa6ac146939aa9baad22499becb9867f33a762","a5e1f3d63c668e0ca580d752f41f29709d5802f60139d2958835698a5dd84208","D:\AI\AITRASH\workspaces\project - Изменение масштаба для планировок квартир\09_outputs\_diagnostics\full_20260727_full_mkd2\details\349_POZD_WEB_K2-3_s8_et2_5_attempt1.json","1","","OK","482.764764","386.511808","2.041272729","200","1753","846","10","10","0","0","0","0","","1"
"350","Корпус 2.3","Корпус 2.3/POZD_WEB_K2-3_s8_et2_7.ai","D:\AI\AITRASH\LIBRARY\02_CATALOG\02_PRESALE_Поздняково\01_ARTIFACTS\МКД2\Корпус 2.3\POZD_WEB_K2-3_s8_et2_7.ai","D:\AI\AITRASH\LIBRARY\02_CATALOG\02_PRESALE_Поздняково\01_ARTIFACTS\МКД2\Корпус 2.3\POZD_WEB_K2-3_s8_et2_7.png","145681","48f69417bb7453cd3be0ccfd80c249b99a5a832d0ea0f7b716d5fa4114036790","48f69417bb7453cd3be0ccfd80c249b99a5a832d0ea0f7b716d5fa4114036790","","","PROCESSED_OK","200","D:\AI\AITRASH\workspaces\project - Изменение масштаба для планировок квартир\09_outputs\_full_wip\20260727_full_mkd2\Корпус 2.3\х200_POZD_WEB_K2-3_s8_et2_7.ai","D:\AI\AITRASH\workspaces\project - Изменение масштаба для планировок квартир\09_outputs\_full_wip\20260727_full_mkd2\Корпус 2.3\х200_POZD_WEB_K2-3_s8_et2_7.png","74d15374b9fd98e767737c6ab08e5e96a5bea12ddd7e1e05377bea07245b4847","0fdc11dd5343e3811d5d3030db4f694e15325412b05e3c89f3460a8a19572ef1","D:\AI\AITRASH\workspaces\project - Изменение масштаба для планировок квартир\09_outputs\_diagnostics\full_20260727_full_mkd2\details\350_POZD_WEB_K2-3_s8_et2_7_attempt1.json","1","","OK","482.764764","351.930476","2.139212749","200","1388","671","10","10","0","0","0","0","","1"
"351","Корпус 2.3","Корпус 2.3/POZD_WEB_K2-3_s8_et2_8.ai","D:\AI\AITRASH\LIBRARY\02_CATALOG\02_PRESALE_Поздняково\01_ARTIFACTS\МКД2\Корпус 2.3\POZD_WEB_K2-3_s8_et2_8.ai","D:\AI\AITRASH\LIBRARY\02_CATALOG\02_PRESALE_Поздняково\01_ARTIFACTS\МКД2\Корпус 2.3\POZD_WEB_K2-3_s8_et2_8.png","155668","7c897b49222acfedfa2ab6cb8ba76b7a8cdff20d82bf333a51cc3888db138d07","7c897b49222acfedfa2ab6cb8ba76b7a8cdff20d82bf333a51cc3888db138d07","","","PROCESSED_OK","200","D:\AI\AITRASH\workspaces\project - Изменение масштаба для планировок квартир\09_outputs\_full_wip\20260727_full_mkd2\Корпус 2.3\х200_POZD_WEB_K2-3_s8_et2_8.ai","D:\AI\AITRASH\workspaces\project - Изменение масштаба для планировок квартир\09_outputs\_full_wip\20260727_full_mkd2\Корпус 2.3\х200_POZD_WEB_K2-3_s8_et2_8.png","2d3384978823eb8dc9cdacd16cfa0b99f1ecf32b9de592ff70602b75c38777d2","bf146a5778538eca3384e65848f5886bcc821d1c1ec35e482bc8fee8c431bdb4","D:\AI\AITRASH\workspaces\project - Изменение масштаба для планировок квартир\09_outputs\_diagnostics\full_20260727_full_mkd2\details\351_POZD_WEB_K2-3_s8_et2_8_attempt1.json","1","","OK","429.18988","369.50393","2.214195335","200","1533","746","11","11","0","0","0","0","","1"
"352","Корпус 2.3","Корпус 2.3/POZD_WEB_K2-3_s8_et2_9.ai","D:\AI\AITRASH\LIBRARY\02_CATALOG\02_PRESALE_Поздняково\01_ARTIFACTS\МКД2\Корпус 2.3\POZD_WEB_K2-3_s8_et2_9.ai","D:\AI\AITRASH\LIBRARY\02_CATALOG\02_PRESALE_Поздняково\01_ARTIFACTS\МКД2\Корпус 2.3\POZD_WEB_K2-3_s8_et2_9.png","217476","e81a1d9bb2e4e29bfad638a16d03f98947995498f978d28ea9940725410dde96","e81a1d9bb2e4e29bfad638a16d03f98947995498f978d28ea9940725410dde96","","","PROCESSED_OK","150","D:\AI\AITRASH\workspaces\project - Изменение масштаба для планировок квартир\09_outputs\_full_wip\20260727_full_mkd2\Корпус 2.3\х150_POZD_WEB_K2-3_s8_et2_9.ai","D:\AI\AITRASH\workspaces\project - Изменение масштаба для планировок квартир\09_outputs\_full_wip\20260727_full_mkd2\Корпус 2.3\х150_POZD_WEB_K2-3_s8_et2_9.png","cd8f7877697b624fbf64111878d22b5f2b19de6b4c31f1a0e91afd4d4d54f67a","7aecc68a171a64fc70cfb7a05fe5fe8d1f088cbccdabbed55b28d073a2dda0b1","D:\AI\AITRASH\workspaces\project - Изменение масштаба для планировок квартир\09_outputs\_diagnostics\full_20260727_full_mkd2\details\352_POZD_WEB_K2-3_s8_et2_9_attempt1.json","1","","OK","672.811018","533.587703","1.471637159","150","3005","1460","11","11","0","0","0","0","","1"
"353","Корпус 2.3","Корпус 2.3/POZD_WEB_K2-3_s8_et3_1.ai","D:\AI\AITRASH\LIBRARY\02_CATALOG\02_PRESALE_Поздняково\01_ARTIFACTS\МКД2\Корпус 2.3\POZD_WEB_K2-3_s8_et3_1.ai","D:\AI\AITRASH\LIBRARY\02_CATALOG\02_PRESALE_Поздняково\01_ARTIFACTS\МКД2\Корпус 2.3\POZD_WEB_K2-3_s8_et3_1.png","201899","10eca45dc828f3da8fd2fd87b1bc3a449ae81488f68a6238f069cb0b167d5f26","10eca45dc828f3da8fd2fd87b1bc3a449ae81488f68a6238f069cb0b167d5f26","","","PROCESSED_OK","170","D:\AI\AITRASH\workspaces\project - Изменение масштаба для планировок квартир\09_outputs\_full_wip\20260727_full_mkd2\Корпус 2.3\х170_POZD_WEB_K2-3_s8_et3_1.ai","D:\AI\AITRASH\workspaces\project - Изменение масштаба для планировок квартир\09_outputs\_full_wip\20260727_full_mkd2\Корпус 2.3\х170_POZD_WEB_K2-3_s8_et3_1.png","6d3848d15181aeb450ae0edfdcae9bba463cb76de70e7e789a8a72fc9a53bfc9","4756e7ee8e4d2d226a352ba889e1414c252a75d3ddaa6b05be8baed2a2161841","D:\AI\AITRASH\workspaces\project - Изменение масштаба для планировок квартир\09_outputs\_diagnostics\full_20260727_full_mkd2\details\353_POZD_WEB_K2-3_s8_et3_1_attempt1.json","1","","OK","420.527559","634.32588","1.68683012","170","2613","1269","10","10","0","0","0","0","","1"
"354","Корпус 2.3","Корпус 2.3/POZD_WEB_K2-3_s8_et3_2.ai","D:\AI\AITRASH\LIBRARY\02_CATALOG\02_PRESALE_Поздняково\01_ARTIFACTS\МКД2\Корпус 2.3\POZD_WEB_K2-3_s8_et3_2.ai","D:\AI\AITRASH\LIBRARY\02_CATALOG\02_PRESALE_Поздняково\01_ARTIFACTS\МКД2\Корпус 2.3\POZD_WEB_K2-3_s8_et3_2.png","168978","50060b5359332c8faed0056b06097b97796f82e3981b97543fa8a809e174f11c","50060b5359332c8faed0056b06097b97796f82e3981b97543fa8a809e174f11c","","","PROCESSED_OK","200","D:\AI\AITRASH\workspaces\project - Изменение масштаба для планировок квартир\09_outputs\_full_wip\20260727_full_mkd2\Корпус 2.3\х200_POZD_WEB_K2-3_s8_et3_2.ai","D:\AI\AITRASH\workspaces\project - Изменение масштаба для планировок квартир\09_outputs\_full_wip\20260727_full_mkd2\Корпус 2.3\х200_POZD_WEB_K2-3_s8_et3_2.png","3c1a4694efe7f612658bb3001fdfafd0cd4deecde32a347be3429123b161d4d3","45f9b70926106fc498dfffb94c08ce9079ec8fdebee986d2855fadada37cc57c","D:\AI\AITRASH\workspaces\project - Изменение масштаба для планировок квартир\09_outputs\_diagnostics\full_20260727_full_mkd2\details\354_POZD_WEB_K2-3_s8_et3_2_attempt1.json","1","","OK","482.764764","386.511799","2.041272753","200","1745","843","10","10","0","0","0","0","","1"
"355","Корпус 2.3","Корпус 2.3/POZD_WEB_K2-3_s8_et3_3.ai","D:\AI\AITRASH\LIBRARY\02_CATALOG\02_PRESALE_Поздняково\01_ARTIFACTS\МКД2\Корпус 2.3\POZD_WEB_K2-3_s8_et3_3.ai","D:\AI\AITRASH\LIBRARY\02_CATALOG\02_PRESALE_Поздняково\01_ARTIFACTS\МКД2\Корпус 2.3\POZD_WEB_K2-3_s8_et3_3.png","224160","b73b06aa2cecd0830adab8be77794bda4fa01d8d6c42ec485d55707a43a89cc6","b73b06aa2cecd0830adab8be77794bda4fa01d8d6c42ec485d55707a43a89cc6","","","PROCESSED_OK","150","D:\AI\AITRASH\workspaces\project - Изменение масштаба для планировок квартир\09_outputs\_full_wip\20260727_full_mkd2\Корпус 2.3\х150_POZD_WEB_K2-3_s8_et3_3.ai","D:\AI\AITRASH\workspaces\project - Изменение масштаба для планировок квартир\09_outputs\_full_wip\20260727_full_mkd2\Корпус 2.3\х150_POZD_WEB_K2-3_s8_et3_3.png","8b636f1331a82ed382f32f966b4ffb13b0b7e5d380e5eb1d12152774909520bd","3d55e17064e8a4d838b4a2a856c6d8292d28cf7fb5296d0b3ff88caf523889ca","D:\AI\AITRASH\workspaces\project - Изменение масштаба для планировок квартир\09_outputs\_diagnostics\full_20260727_full_mkd2\details\355_POZD_WEB_K2-3_s8_et3_3_attempt2.json","2","","OK","471.551182","735.173216","1.455439312","150","3197","1553","10","10","0","0","0","0","","1"
"356","Корпус 2.3","Корпус 2.3/POZD_WEB_K2-3_s8_et3_4.ai","D:\AI\AITRASH\LIBRARY\02_CATALOG\02_PRESALE_Поздняково\01_ARTIFACTS\МКД2\Корпус 2.3\POZD_WEB_K2-3_s8_et3_4.ai","D:\AI\AITRASH\LIBRARY\02_CATALOG\02_PRESALE_Поздняково\01_ARTIFACTS\МКД2\Корпус 2.3\POZD_WEB_K2-3_s8_et3_4.png","225680","a10f17866621c607bd11da9e40fcedbc2c9efda1c188f0d4df3569f462acf5c3","a10f17866621c607bd11da9e40fcedbc2c9efda1c188f0d4df3569f462acf5c3","","","PROCESSED_OK","150","D:\AI\AITRASH\workspaces\project - Изменение масштаба для планировок квартир\09_outputs\_full_wip\20260727_full_mkd2\Корпус 2.3\х150_POZD_WEB_K2-3_s8_et3_4.ai","D:\AI\AITRASH\workspaces\project - Изменение масштаба для планировок квартир\09_outputs\_full_wip\20260727_full_mkd2\Корпус 2.3\х150_POZD_WEB_K2-3_s8_et3_4.png","c4f86492974964e4b16130f5ae75e3d35d8f0e5d909e127443e5e3bb1b10957f","a6916ab2c8f5c53b1e3a5ecf7c328e51bc937860a04bb185063d99d44137c450","D:\AI\AITRASH\workspaces\project - Изменение масштаба для планировок квартир\09_outputs\_diagnostics\full_20260727_full_mkd2\details\356_POZD_WEB_K2-3_s8_et3_4_attempt1.json","1","","OK","482.764764","735.17323","1.455439285","150","3208","1553","10","10","0","0","0","0","","1"
"357","Корпус 2.3","Корпус 2.3/POZD_WEB_K2-3_s8_et3_6.ai","D:\AI\AITRASH\LIBRARY\02_CATALOG\02_PRESALE_Поздняково\01_ARTIFACTS\МКД2\Корпус 2.3\POZD_WEB_K2-3_s8_et3_6.ai","D:\AI\AITRASH\LIBRARY\02_CATALOG\02_PRESALE_Поздняково\01_ARTIFACTS\МКД2\Корпус 2.3\POZD_WEB_K2-3_s8_et3_6.png","195909","c595a0c9f5ecef816341fb98a15dacb1c5540d7b395323ebfc0cb8b2e9c13953","c595a0c9f5ecef816341fb98a15dacb1c5540d7b395323ebfc0cb8b2e9c13953","","","PROCESSED_OK","170","D:\AI\AITRASH\workspaces\project - Изменение масштаба для планировок квартир\09_outputs\_full_wip\20260727_full_mkd2\Корпус 2.3\х170_POZD_WEB_K2-3_s8_et3_6.ai","D:\AI\AITRASH\workspaces\project - Изменение масштаба для планировок квартир\09_outputs\_full_wip\20260727_full_mkd2\Корпус 2.3\х170_POZD_WEB_K2-3_s8_et3_6.png","a83515d5c0be187dcd89961852f7798e993879589c1635b6474ad65975055b2b","9b6da49b469ad5df8351ad4e26bf6feeee0a28712857269a02b7838f1421eae1","D:\AI\AITRASH\workspaces\project - Изменение масштаба для планировок квартир\09_outputs\_diagnostics\full_20260727_full_mkd2\details\357_POZD_WEB_K2-3_s8_et3_6_attempt1.json","1","","OK","482.639764","573.348401","1.676213546","170","2381","1154","10","10","0","0","0","0","","1"
"358","Корпус 2.3","Корпус 2.3/POZD_WEB_K2-3_s8_et3_7.ai","D:\AI\AITRASH\LIBRARY\02_CATALOG\02_PRESALE_Поздняково\01_ARTIFACTS\МКД2\Корпус 2.3\POZD_WEB_K2-3_s8_et3_7.ai","D:\AI\AITRASH\LIBRARY\02_CATALOG\02_PRESALE_Поздняково\01_ARTIFACTS\МКД2\Корпус 2.3\POZD_WEB_K2-3_s8_et3_7.png","145294","d2f3512cc0ae64a3f3e9758725f237b7f1f0a127cc26bbf4d3bd08fde696abb7","d2f3512cc0ae64a3f3e9758725f237b7f1f0a127cc26bbf4d3bd08fde696abb7","","","PROCESSED_OK","200","D:\AI\AITRASH\workspaces\project - Изменение масштаба для планировок квартир\09_outputs\_full_wip\20260727_full_mkd2\Корпус 2.3\х200_POZD_WEB_K2-3_s8_et3_7.ai","D:\AI\AITRASH\workspaces\project - Изменение масштаба для планировок квартир\09_outputs\_full_wip\20260727_full_mkd2\Корпус 2.3\х200_POZD_WEB_K2-3_s8_et3_7.png","cc2e851981cd3290fe9313f7729ca9f63d2faddf43180f4ae5ac857e69cb810a","67d66c90d59c76a8aae54c7eb5dc03d00bc8e26268f82ed8487f83c2b2261dec","D:\AI\AITRASH\workspaces\project - Изменение масштаба для планировок квартир\09_outputs\_diagnostics\full_20260727_full_mkd2\details\358_POZD_WEB_K2-3_s8_et3_7_attempt1.json","1","","OK","482.764764","351.929139","2.139216813","200","1411","684","10","10","0","0","0","0","","1"
"359","Корпус 2.3","Корпус 2.3/POZD_WEB_K2-3_s8_et3_8.ai","D:\AI\AITRASH\LIBRARY\02_CATALOG\02_PRESALE_Поздняково\01_ARTIFACTS\МКД2\Корпус 2.3\POZD_WEB_K2-3_s8_et3_8.ai","D:\AI\AITRASH\LIBRARY\02_CATALOG\02_PRESALE_Поздняково\01_ARTIFACTS\МКД2\Корпус 2.3\POZD_WEB_K2-3_s8_et3_8.png","154521","91812119a7c29b469b2466e0c44223e9e74fa0b06813e940af6e55ceab2fe0f2","91812119a7c29b469b2466e0c44223e9e74fa0b06813e940af6e55ceab2fe0f2","","","PROCESSED_OK","200","D:\AI\AITRASH\workspaces\project - Изменение масштаба для планировок квартир\09_outputs\_full_wip\20260727_full_mkd2\Корпус 2.3\х200_POZD_WEB_K2-3_s8_et3_8.ai","D:\AI\AITRASH\workspaces\project - Изменение масштаба для планировок квартир\09_outputs\_full_wip\20260727_full_mkd2\Корпус 2.3\х200_POZD_WEB_K2-3_s8_et3_8.png","3a717c28a6be2d6ca2b55042f3e1ea39a48c65ebd36dc5f87dd168603294d4f5","14ec67d316d8305ad40a9bdfe6ee3ee4a30c51d753032d76de5e9ec52ff21dcb","D:\AI\AITRASH\workspaces\project - Изменение масштаба для планировок квартир\09_outputs\_diagnostics\full_20260727_full_mkd2\details\359_POZD_WEB_K2-3_s8_et3_8_attempt1.json","1","","OK","398.984223","369.503951","2.29648067","200","1510","735","10","10","0","0","0","0","","1"
"360","Корпус 2.3","Корпус 2.3/POZD_WEB_K2-3_s8_et3_9.ai","D:\AI\AITRASH\LIBRARY\02_CATALOG\02_PRESALE_Поздняково\01_ARTIFACTS\МКД2\Корпус 2.3\POZD_WEB_K2-3_s8_et3_9.ai","D:\AI\AITRASH\LIBRARY\02_CATALOG\02_PRESALE_Поздняково\01_ARTIFACTS\МКД2\Корпус 2.3\POZD_WEB_K2-3_s8_et3_9.png","215608","a65d70ce227f33fdc63e8d9a88e5a2338917ceff7db28bfe6528cc28ca8c961b","a65d70ce227f33fdc63e8d9a88e5a2338917ceff7db28bfe6528cc28ca8c961b","","","PROCESSED_OK","150","D:\AI\AITRASH\workspaces\project - Изменение масштаба для планировок квартир\09_outputs\_full_wip\20260727_full_mkd2\Корпус 2.3\х150_POZD_WEB_K2-3_s8_et3_9.ai","D:\AI\AITRASH\workspaces\project - Изменение масштаба для планировок квартир\09_outputs\_full_wip\20260727_full_mkd2\Корпус 2.3\х150_POZD_WEB_K2-3_s8_et3_9.png","b3b032164691cfba390a1af5473c07d8220029ca87deb7302261a2c8d96e287b","a822e522b201cea279092d5ac84fdbe94652ad85a66f7f7b74a17eae07f63ff1","D:\AI\AITRASH\workspaces\project - Изменение масштаба для планировок квартир\09_outputs\_diagnostics\full_20260727_full_mkd2\details\360_POZD_WEB_K2-3_s8_et3_9_attempt1.json","1","","OK","672.810998","505.566923","1.51186959","150","2993","1453","10","10","0","0","0","0","","1"
"361","Корпус 2.3","Корпус 2.3/POZD_WEB_K2-3_s8_et4_1.ai","D:\AI\AITRASH\LIBRARY\02_CATALOG\02_PRESALE_Поздняково\01_ARTIFACTS\МКД2\Корпус 2.3\POZD_WEB_K2-3_s8_et4_1.ai","D:\AI\AITRASH\LIBRARY\02_CATALOG\02_PRESALE_Поздняково\01_ARTIFACTS\МКД2\Корпус 2.3\POZD_WEB_K2-3_s8_et4_1.png","202081","8f61b9dfc8e607523984c7623fd54f6c296d6100d096a8995dc091c6f0d16c10","8f61b9dfc8e607523984c7623fd54f6c296d6100d096a8995dc091c6f0d16c10","","","PROCESSED_OK","170","D:\AI\AITRASH\workspaces\project - Изменение масштаба для планировок квартир\09_outputs\_full_wip\20260727_full_mkd2\Корпус 2.3\х170_POZD_WEB_K2-3_s8_et4_1.ai","D:\AI\AITRASH\workspaces\project - Изменение масштаба для планировок квартир\09_outputs\_full_wip\20260727_full_mkd2\Корпус 2.3\х170_POZD_WEB_K2-3_s8_et4_1.png","10c91b031413884e50656e01c87dba494ca4715c541bf49c1f814e5e32514e36","a1f099aab4ae8711f63b7b4e6aba39b68aec41499bdacdac189448a2e9d676b7","D:\AI\AITRASH\workspaces\project - Изменение масштаба для планировок квартир\09_outputs\_diagnostics\full_20260727_full_mkd2\details\361_POZD_WEB_K2-3_s8_et4_1_attempt1.json","1","","OK","446.197835","633.125962","1.658980985","170","2596","1260","11","11","0","0","0","0","","1"
"362","Корпус 2.3","Корпус 2.3/POZD_WEB_K2-3_s8_et4_10.ai","D:\AI\AITRASH\LIBRARY\02_CATALOG\02_PRESALE_Поздняково\01_ARTIFACTS\МКД2\Корпус 2.3\POZD_WEB_K2-3_s8_et4_10.ai","D:\AI\AITRASH\LIBRARY\02_CATALOG\02_PRESALE_Поздняково\01_ARTIFACTS\МКД2\Корпус 2.3\POZD_WEB_K2-3_s8_et4_10.png","209654","534f812b55aed94c008441fae0a6f080c61e46ad124c085d5221a5c656384262","534f812b55aed94c008441fae0a6f080c61e46ad124c085d5221a5c656384262","","","PROCESSED_OK","170","D:\AI\AITRASH\workspaces\project - Изменение масштаба для планировок квартир\09_outputs\_full_wip\20260727_full_mkd2\Корпус 2.3\х170_POZD_WEB_K2-3_s8_et4_10.ai","D:\AI\AITRASH\workspaces\project - Изменение масштаба для планировок квартир\09_outputs\_full_wip\20260727_full_mkd2\Корпус 2.3\х170_POZD_WEB_K2-3_s8_et4_10.png","5d57fc473605bc20bb1d3f95c5bafb6ef9cf5afdf63f11e9412e8dbe4b633e45","0e52ae6ffca1f4e2c480df41ccd4d72a5d1272daff354fb2eed4040e561220c5","D:\AI\AITRASH\workspaces\project - Изменение масштаба для планировок квартир\09_outputs\_diagnostics\full_20260727_full_mkd2\details\362_POZD_WEB_K2-3_s8_et4_10_attempt1.json","1","","OK","550.921237","485.03248","1.705768267","170","2571","1248","10","10","0","0","0","0","","1"
"363","Корпус 2.3","Корпус 2.3/POZD_WEB_K2-3_s8_et4_3.ai","D:\AI\AITRASH\LIBRARY\02_CATALOG\02_PRESALE_Поздняково\01_ARTIFACTS\МКД2\Корпус 2.3\POZD_WEB_K2-3_s8_et4_3.ai","D:\AI\AITRASH\LIBRARY\02_CATALOG\02_PRESALE_Поздняково\01_ARTIFACTS\МКД2\Корпус 2.3\POZD_WEB_K2-3_s8_et4_3.png","230010","63dc1307705a73b7b9390a8f7767e634058732aa9644708c9e6f360ca6488dd2","63dc1307705a73b7b9390a8f7767e634058732aa9644708c9e6f360ca6488dd2","","","PROCESSED_OK","150","D:\AI\AITRASH\workspaces\project - Изменение масштаба для планировок квартир\09_outputs\_full_wip\20260727_full_mkd2\Корпус 2.3\х150_POZD_WEB_K2-3_s8_et4_3.ai","D:\AI\AITRASH\workspaces\project - Изменение масштаба для планировок квартир\09_outputs\_full_wip\20260727_full_mkd2\Корпус 2.3\х150_POZD_WEB_K2-3_s8_et4_3.png","35e418dad8742af1cdf26efb935047eacce3930ca14d47d08c3e90599e328cc4","5ca85220698e1df843bf766128475d7dd175c0a89da56245798b3151886fe953","D:\AI\AITRASH\workspaces\project - Изменение масштаба для планировок квартир\09_outputs\_diagnostics\full_20260727_full_mkd2\details\363_POZD_WEB_K2-3_s8_et4_3_attempt1.json","1","","OK","497.221457","763.111222","1.402154718","150","3270","1589","11","11","0","0","0","0","","1"
"364","Корпус 2.3","Корпус 2.3/POZD_WEB_K2-3_s8_et4_4.ai","D:\AI\AITRASH\LIBRARY\02_CATALOG\02_PRESALE_Поздняково\01_ARTIFACTS\МКД2\Корпус 2.3\POZD_WEB_K2-3_s8_et4_4.ai","D:\AI\AITRASH\LIBRARY\02_CATALOG\02_PRESALE_Поздняково\01_ARTIFACTS\МКД2\Корпус 2.3\POZD_WEB_K2-3_s8_et4_4.png","224924","0f731c15a1c22684b153d77a148da89d3e8b702369c17526d12c0e5813ff3ec7","0f731c15a1c22684b153d77a148da89d3e8b702369c17526d12c0e5813ff3ec7","","","PROCESSED_OK","150","D:\AI\AITRASH\workspaces\project - Изменение масштаба для планировок квартир\09_outputs\_full_wip\20260727_full_mkd2\Корпус 2.3\х150_POZD_WEB_K2-3_s8_et4_4.ai","D:\AI\AITRASH\workspaces\project - Изменение масштаба для планировок квартир\09_outputs\_full_wip\20260727_full_mkd2\Корпус 2.3\х150_POZD_WEB_K2-3_s8_et4_4.png","4d36080778ece590cecb5303788fe20d9218bf1ea8adfa0525705a120112a3cd","c7ed9f673759f1a3f575a31be3e7c72a64da5a8fe5653ddb719ea9e6d5a2e373","D:\AI\AITRASH\workspaces\project - Изменение масштаба для планировок квартир\09_outputs\_diagnostics\full_20260727_full_mkd2\details\364_POZD_WEB_K2-3_s8_et4_4_attempt1.json","1","","OK","482.764764","735.173229","1.455439287","150","3224","1560","10","10","0","0","0","0","","1"
"365","Корпус 2.3","Корпус 2.3/POZD_WEB_K2-3_s8_et4_5.ai","D:\AI\AITRASH\LIBRARY\02_CATALOG\02_PRESALE_Поздняково\01_ARTIFACTS\МКД2\Корпус 2.3\POZD_WEB_K2-3_s8_et4_5.ai","D:\AI\AITRASH\LIBRARY\02_CATALOG\02_PRESALE_Поздняково\01_ARTIFACTS\МКД2\Корпус 2.3\POZD_WEB_K2-3_s8_et4_5.png","172877","d00f7a62378ed7d337fbc1b90fcc101d6e093dd8de61340be4e9dfc331f118e6","d00f7a62378ed7d337fbc1b90fcc101d6e093dd8de61340be4e9dfc331f118e6","","","PROCESSED_OK","200","D:\AI\AITRASH\workspaces\project - Изменение масштаба для планировок квартир\09_outputs\_full_wip\20260727_full_mkd2\Корпус 2.3\х200_POZD_WEB_K2-3_s8_et4_5.ai","D:\AI\AITRASH\workspaces\project - Изменение масштаба для планировок квартир\09_outputs\_full_wip\20260727_full_mkd2\Корпус 2.3\х200_POZD_WEB_K2-3_s8_et4_5.png","c4bd451009966ba7cecdd48afae28bffd171b077b031468a5417f60f61a2335e","1ebc908c66467605d27c65fefb54bb49aed376c51c137c4f6859e12681f8fb51","D:\AI\AITRASH\workspaces\project - Изменение масштаба для планировок квартир\09_outputs\_diagnostics\full_20260727_full_mkd2\details\365_POZD_WEB_K2-3_s8_et4_5_attempt1.json","1","","OK","512.970416","386.511803","1.980262024","200","1817","878","11","11","0","0","0","0","","1"
"366","Корпус 2.3","Корпус 2.3/POZD_WEB_K2-3_s8_et4_7.ai","D:\AI\AITRASH\LIBRARY\02_CATALOG\02_PRESALE_Поздняково\01_ARTIFACTS\МКД2\Корпус 2.3\POZD_WEB_K2-3_s8_et4_7.ai","D:\AI\AITRASH\LIBRARY\02_CATALOG\02_PRESALE_Поздняково\01_ARTIFACTS\МКД2\Корпус 2.3\POZD_WEB_K2-3_s8_et4_7.png","144898","dbcb3b7c0afd14180569dae6d681d371e79cfa87d6c1549a4d21dc7d2f1d08e5","dbcb3b7c0afd14180569dae6d681d371e79cfa87d6c1549a4d21dc7d2f1d08e5","","","PROCESSED_OK","200","D:\AI\AITRASH\workspaces\project - Изменение масштаба для планировок квартир\09_outputs\_full_wip\20260727_full_mkd2\Корпус 2.3\х200_POZD_WEB_K2-3_s8_et4_7.ai","D:\AI\AITRASH\workspaces\project - Изменение масштаба для планировок квартир\09_outputs\_full_wip\20260727_full_mkd2\Корпус 2.3\х200_POZD_WEB_K2-3_s8_et4_7.png","7064486f793dc63ff08fee8a326d29408965c2dec9140c59fcb8ddc9998a6854","d19cd2bfb3cc9e42a7130aec2aa33d08801abd19dea90cd12a3db124f781bd58","D:\AI\AITRASH\workspaces\project - Изменение масштаба для планировок квартир\09_outputs\_diagnostics\full_20260727_full_mkd2\details\366_POZD_WEB_K2-3_s8_et4_7_attempt1.json","1","","OK","512.970416","351.929122","2.075278736","200","1411","684","11","11","0","0","0","0","","1"
"367","Корпус 2.3","Корпус 2.3/POZD_WEB_K2-3_s8_et4_8.ai","D:\AI\AITRASH\LIBRARY\02_CATALOG\02_PRESALE_Поздняково\01_ARTIFACTS\МКД2\Корпус 2.3\POZD_WEB_K2-3_s8_et4_8.ai","D:\AI\AITRASH\LIBRARY\02_CATALOG\02_PRESALE_Поздняково\01_ARTIFACTS\МКД2\Корпус 2.3\POZD_WEB_K2-3_s8_et4_8.png","153868","dd70c0925a4244c0395753a5e165a511dc9b5e72c0a167ef1ce52583f4d97ea0","dd70c0925a4244c0395753a5e165a511dc9b5e72c0a167ef1ce52583f4d97ea0","","","PROCESSED_OK","200","D:\AI\AITRASH\workspaces\project - Изменение масштаба для планировок квартир\09_outputs\_full_wip\20260727_full_mkd2\Корпус 2.3\х200_POZD_WEB_K2-3_s8_et4_8.ai","D:\AI\AITRASH\workspaces\project - Изменение масштаба для планировок квартир\09_outputs\_full_wip\20260727_full_mkd2\Корпус 2.3\х200_POZD_WEB_K2-3_s8_et4_8.png","f0e90a79d512e81de21eb84742422b147548a6728957e7125e6f1b36dbd1d9c5","6627f1aba3a76f960c668f9e7afdd70ef739bc911b1d31f0d0e176f803e67670","D:\AI\AITRASH\workspaces\project - Изменение масштаба для планировок квартир\09_outputs\_diagnostics\full_20260727_full_mkd2\details\367_POZD_WEB_K2-3_s8_et4_8_attempt1.json","1","","OK","398.984252","369.503934","2.296480639","200","1508","734","10","10","0","0","0","0","","1"
"368","Корпус 2.3","Корпус 2.3/POZD_WEB_K2-3_s8_et4_9.ai","D:\AI\AITRASH\LIBRARY\02_CATALOG\02_PRESALE_Поздняково\01_ARTIFACTS\МКД2\Корпус 2.3\POZD_WEB_K2-3_s8_et4_9.ai","D:\AI\AITRASH\LIBRARY\02_CATALOG\02_PRESALE_Поздняково\01_ARTIFACTS\МКД2\Корпус 2.3\POZD_WEB_K2-3_s8_et4_9.png","218985","db5581c7c567889974b3ac8d9e74bb12a333d6ba68239e8778fe80d39cbd9efc","db5581c7c567889974b3ac8d9e74bb12a333d6ba68239e8778fe80d39cbd9efc","","","PROCESSED_OK","150","D:\AI\AITRASH\workspaces\project - Изменение масштаба для планировок квартир\09_outputs\_full_wip\20260727_full_mkd2\Корпус 2.3\х150_POZD_WEB_K2-3_s8_et4_9.ai","D:\AI\AITRASH\workspaces\project - Изменение масштаба для планировок квартир\09_outputs\_full_wip\20260727_full_mkd2\Корпус 2.3\х150_POZD_WEB_K2-3_s8_et4_9.png","b99405f8f7d3526387c42c258cde7ee78dcb587e01904fc10d806d325816fb3f","eeea2e1d1e7e434d1dd3794f65d9e0157bcbb11fa747a6f44dddf913f3f4fa7c","D:\AI\AITRASH\workspaces\project - Изменение масштаба для планировок квартир\09_outputs\_diagnostics\full_20260727_full_mkd2\details\368_POZD_WEB_K2-3_s8_et4_9_attempt1.json","1","","OK","702.733279","533.504938","1.440077009","150","3055","1484","11","11","0","0","0","0","","1"
"369","Корпус 2.3","Корпус 2.3/POZD_WEB_K2-3_s9_et2,4_3.ai","D:\AI\AITRASH\LIBRARY\02_CATALOG\02_PRESALE_Поздняково\01_ARTIFACTS\МКД2\Корпус 2.3\POZD_WEB_K2-3_s9_et2,4_3.ai","D:\AI\AITRASH\LIBRARY\02_CATALOG\02_PRESALE_Поздняково\01_ARTIFACTS\МКД2\Корпус 2.3\POZD_WEB_K2-3_s9_et2,4_3.png","165511","fbe864aeffc0c09db9610b60a4fd29336006c06d802605a4e431ebaa491a74ed","fbe864aeffc0c09db9610b60a4fd29336006c06d802605a4e431ebaa491a74ed","","","PROCESSED_OK","200","D:\AI\AITRASH\workspaces\project - Изменение масштаба для планировок квартир\09_outputs\_full_wip\20260727_full_mkd2\Корпус 2.3\х200_POZD_WEB_K2-3_s9_et2,4_3.ai","D:\AI\AITRASH\workspaces\project - Изменение масштаба для планировок квартир\09_outputs\_full_wip\20260727_full_mkd2\Корпус 2.3\х200_POZD_WEB_K2-3_s9_et2,4_3.png","ca325215507b13feb0d521851de541275227b1c04ff7135a2d6b7f26e538e56a","2d52ea910e17cd540f5eb05a9032f73f9a405ade51541cb0d19cf527919f4130","D:\AI\AITRASH\workspaces\project - Изменение масштаба для планировок квартир\09_outputs\_diagnostics\full_20260727_full_mkd2\details\369_POZD_WEB_K2-3_s9_et2,4_3_attempt1.json","1","","OK","409.188978","485.03248","1.979259893","200","1759","856","10","10","0","0","0","0","","1"
"370","Корпус 2.3","Корпус 2.3/POZD_WEB_K2-3_s9_et2,6_1.ai","D:\AI\AITRASH\LIBRARY\02_CATALOG\02_PRESALE_Поздняково\01_ARTIFACTS\МКД2\Корпус 2.3\POZD_WEB_K2-3_s9_et2,6_1.ai","D:\AI\AITRASH\LIBRARY\02_CATALOG\02_PRESALE_Поздняково\01_ARTIFACTS\МКД2\Корпус 2.3\POZD_WEB_K2-3_s9_et2,6_1.png","203822","f6b61e2d48e5103a385bb3a6267803b0766fddadd9619ec31a186be553939c42","f6b61e2d48e5103a385bb3a6267803b0766fddadd9619ec31a186be553939c42","","","PROCESSED_OK","170","D:\AI\AITRASH\workspaces\project - Изменение масштаба для планировок квартир\09_outputs\_full_wip\20260727_full_mkd2\Корпус 2.3\х170_POZD_WEB_K2-3_s9_et2,6_1.ai","D:\AI\AITRASH\workspaces\project - Изменение масштаба для планировок квартир\09_outputs\_full_wip\20260727_full_mkd2\Корпус 2.3\х170_POZD_WEB_K2-3_s9_et2,6_1.png","8b6ecedb076b21a8c646213f7b5e7354d9098f14a6706062139fa0fc8a4b0af6","ce3e3cbd08db7c97d42cfb0b924a6e6bb53c7981c042034e5190dc24cdf7a98f","D:\AI\AITRASH\workspaces\project - Изменение масштаба для планировок квартир\09_outputs\_diagnostics\full_20260727_full_mkd2\details\370_POZD_WEB_K2-3_s9_et2,6_1_attempt1.json","1","","OK","573.598441","474.95275","1.689355361","170","2557","1240","10","10","0","0","0","0","","1"
"371","Корпус 2.3","Корпус 2.3/POZD_WEB_K2-3_s9_et2,6_2.ai","D:\AI\AITRASH\LIBRARY\02_CATALOG\02_PRESALE_Поздняково\01_ARTIFACTS\МКД2\Корпус 2.3\POZD_WEB_K2-3_s9_et2,6_2.ai","D:\AI\AITRASH\LIBRARY\02_CATALOG\02_PRESALE_Поздняково\01_ARTIFACTS\МКД2\Корпус 2.3\POZD_WEB_K2-3_s9_et2,6_2.png","209021","a78dd3802f8b92d42319035a104a21ee6dd72d85cff96e907055c18a82e8d85a","a78dd3802f8b92d42319035a104a21ee6dd72d85cff96e907055c18a82e8d85a","","","PROCESSED_OK","170","D:\AI\AITRASH\workspaces\project - Изменение масштаба для планировок квартир\09_outputs\_full_wip\20260727_full_mkd2\Корпус 2.3\х170_POZD_WEB_K2-3_s9_et2,6_2.ai","D:\AI\AITRASH\workspaces\project - Изменение масштаба для планировок квартир\09_outputs\_full_wip\20260727_full_mkd2\Корпус 2.3\х170_POZD_WEB_K2-3_s9_et2,6_2.png","bbf13e75159938bde50a9e4ac433dbc88a567b19e73870b668441413a6759ebc","6d40f5e3b8d02f9c2d9757c7b2bf12bf1fcb0cc4f4f9aaa5e2833e2b53a627ec","D:\AI\AITRASH\workspaces\project - Изменение масштаба для планировок квартир\09_outputs\_diagnostics\full_20260727_full_mkd2\details\371_POZD_WEB_K2-3_s9_et2,6_2_attempt1.json","1","","OK","573.598413","526.543308","1.604461053","170","2673","1295","10","10","0","0","0","0","","1"
"372","Корпус 2.3","Корпус 2.3/POZD_WEB_K2-3_s9_et2_4.ai","D:\AI\AITRASH\LIBRARY\02_CATALOG\02_PRESALE_Поздняково\01_ARTIFACTS\МКД2\Корпус 2.3\POZD_WEB_K2-3_s9_et2_4.ai","D:\AI\AITRASH\LIBRARY\02_CATALOG\02_PRESALE_Поздняково\01_ARTIFACTS\МКД2\Корпус 2.3\POZD_WEB_K2-3_s9_et2_4.png","173152","8dd5016295bf20319ab647d8edae424130908622b261517c453d3309cc99b475","8dd5016295bf20319ab647d8edae424130908622b261517c453d3309cc99b475","","","PROCESSED_OK","200","D:\AI\AITRASH\workspaces\project - Изменение масштаба для планировок квартир\09_outputs\_full_wip\20260727_full_mkd2\Корпус 2.3\х200_POZD_WEB_K2-3_s9_et2_4.ai","D:\AI\AITRASH\workspaces\project - Изменение масштаба для планировок квартир\09_outputs\_full_wip\20260727_full_mkd2\Корпус 2.3\х200_POZD_WEB_K2-3_s9_et2_4.png","02f89f5654eade9ebc8a4737be5b11315eae78a57880156882f879aadaa9e9ea","585900f39f3b68e5c0d2fa0b07120f9d5b43add08fff11ca4722514aeadadd42","D:\AI\AITRASH\workspaces\project - Изменение масштаба для планировок квартир\09_outputs\_diagnostics\full_20260727_full_mkd2\details\372_POZD_WEB_K2-3_s9_et2_4_attempt1.json","1","","OK","421.661412","422.795276","2.088349614","200","1807","880","10","10","0","0","0","0","","1"
"373","Корпус 2.3","Корпус 2.3/POZD_WEB_K2-3_s9_et2_5.ai","D:\AI\AITRASH\LIBRARY\02_CATALOG\02_PRESALE_Поздняково\01_ARTIFACTS\МКД2\Корпус 2.3\POZD_WEB_K2-3_s9_et2_5.ai","D:\AI\AITRASH\LIBRARY\02_CATALOG\02_PRESALE_Поздняково\01_ARTIFACTS\МКД2\Корпус 2.3\POZD_WEB_K2-3_s9_et2_5.png","230509","d5daaa3a920c96a199c51d26eb3a4017cc459570c2adcd11cb63c79ba29b818c","d5daaa3a920c96a199c51d26eb3a4017cc459570c2adcd11cb63c79ba29b818c","","","PROCESSED_OK","110","D:\AI\AITRASH\workspaces\project - Изменение масштаба для планировок квартир\09_outputs\_full_wip\20260727_full_mkd2\Корпус 2.3\х110_POZD_WEB_K2-3_s9_et2_5.ai","D:\AI\AITRASH\workspaces\project - Изменение масштаба для планировок квартир\09_outputs\_full_wip\20260727_full_mkd2\Корпус 2.3\х110_POZD_WEB_K2-3_s9_et2_5.png","92ffbdf0b07e1d22574cd157367b39ad5277a472c8da6e296d5036a39669f9e4","3e5fb11511ced0b2dd68ad17121e7eba0570ee39d6276ed516b88a1d2ba258c1","D:\AI\AITRASH\workspaces\project - Изменение масштаба для планировок квартир\09_outputs\_diagnostics\full_20260727_full_mkd2\details\373_POZD_WEB_K2-3_s9_et2_5_attempt1.json","1","","OK","669.976399","913.347441","1.127203785","110","3337","1623","11","11","0","0","0","0","","1"
"374","Корпус 2.3","Корпус 2.3/POZD_WEB_K2-3_s9_et3,5_1.ai","D:\AI\AITRASH\LIBRARY\02_CATALOG\02_PRESALE_Поздняково\01_ARTIFACTS\МКД2\Корпус 2.3\POZD_WEB_K2-3_s9_et3,5_1.ai","D:\AI\AITRASH\LIBRARY\02_CATALOG\02_PRESALE_Поздняково\01_ARTIFACTS\МКД2\Корпус 2.3\POZD_WEB_K2-3_s9_et3,5_1.png","204374","ef317f77f789368336feccf1e442b8f0dea1df3683ae0e4362aca2be1b4db51b","ef317f77f789368336feccf1e442b8f0dea1df3683ae0e4362aca2be1b4db51b","","","PROCESSED_OK","170","D:\AI\AITRASH\workspaces\project - Изменение масштаба для планировок квартир\09_outputs\_full_wip\20260727_full_mkd2\Корпус 2.3\х170_POZD_WEB_K2-3_s9_et3,5_1.ai","D:\AI\AITRASH\workspaces\project - Изменение масштаба для планировок квартир\09_outputs\_full_wip\20260727_full_mkd2\Корпус 2.3\х170_POZD_WEB_K2-3_s9_et3,5_1.png","77ea2a58be79330cc56e14e14c4ee1046a83dc5bcc033c3b16ed3605f302550e","7ed2061ee54b088e9148f6e669a178c4902f7a550fcbd7f8e357ebe2be2c298a","D:\AI\AITRASH\workspaces\project - Изменение масштаба для планировок квартир\09_outputs\_diagnostics\full_20260727_full_mkd2\details\374_POZD_WEB_K2-3_s9_et3,5_1_attempt1.json","1","","OK","573.598442","474.952756","1.689355349","170","2579","1251","10","10","0","0","0","0","","1"
"375","Корпус 2.3","Корпус 2.3/POZD_WEB_K2-3_s9_et3,5_2.ai","D:\AI\AITRASH\LIBRARY\02_CATALOG\02_PRESALE_Поздняково\01_ARTIFACTS\МКД2\Корпус 2.3\POZD_WEB_K2-3_s9_et3,5_2.ai","D:\AI\AITRASH\LIBRARY\02_CATALOG\02_PRESALE_Поздняково\01_ARTIFACTS\МКД2\Корпус 2.3\POZD_WEB_K2-3_s9_et3,5_2.png","209282","e42acd60c4feeb9a5630be22882e65ff2206710108e734364461220af7a7aa3c","e42acd60c4feeb9a5630be22882e65ff2206710108e734364461220af7a7aa3c","","","PROCESSED_OK","170","D:\AI\AITRASH\workspaces\project - Изменение масштаба для планировок квартир\09_outputs\_full_wip\20260727_full_mkd2\Корпус 2.3\х170_POZD_WEB_K2-3_s9_et3,5_2.ai","D:\AI\AITRASH\workspaces\project - Изменение масштаба для планировок квартир\09_outputs\_full_wip\20260727_full_mkd2\Корпус 2.3\х170_POZD_WEB_K2-3_s9_et3,5_2.png","b9cf255b84685e19f94dac266c8bd851d7f99c00e5d6f6e37fda013572f6ddd1","ea27511f34970f6d98a435caa33662a4c29d9f92ddcabebfc90e799be71b1237","D:\AI\AITRASH\workspaces\project - Изменение масштаба для планировок квартир\09_outputs\_diagnostics\full_20260727_full_mkd2\details\375_POZD_WEB_K2-3_s9_et3,5_2_attempt1.json","1","","OK","573.598444","526.543307","1.604461012","170","2673","1295","10","10","0","0","0","0","","1"
"376","Корпус 2.3","Корпус 2.3/POZD_WEB_K2-3_s9_et3,5_3.ai","D:\AI\AITRASH\LIBRARY\02_CATALOG\02_PRESALE_Поздняково\01_ARTIFACTS\МКД2\Корпус 2.3\POZD_WEB_K2-3_s9_et3,5_3.ai","D:\AI\AITRASH\LIBRARY\02_CATALOG\02_PRESALE_Поздняково\01_ARTIFACTS\МКД2\Корпус 2.3\POZD_WEB_K2-3_s9_et3,5_3.png","165786","3b1101d95a8dfbed8909b94dd8db2e0e6fc092d1292d150be9ad43fba8aff296","3b1101d95a8dfbed8909b94dd8db2e0e6fc092d1292d150be9ad43fba8aff296","","","PROCESSED_OK","200","D:\AI\AITRASH\workspaces\project - Изменение масштаба для планировок квартир\09_outputs\_full_wip\20260727_full_mkd2\Корпус 2.3\х200_POZD_WEB_K2-3_s9_et3,5_3.ai","D:\AI\AITRASH\workspaces\project - Изменение масштаба для планировок квартир\09_outputs\_full_wip\20260727_full_mkd2\Корпус 2.3\х200_POZD_WEB_K2-3_s9_et3,5_3.png","6ed30b5356a53560e846adbd0144255d57d547c386db3552fdddc09f935a018d","de8ce41e76279c11e9f06506f83e1ab2be700efec6768ea854e77532d3b801e1","D:\AI\AITRASH\workspaces\project - Изменение масштаба для планировок квартир\09_outputs\_diagnostics\full_20260727_full_mkd2\details\376_POZD_WEB_K2-3_s9_et3,5_3_attempt1.json","1","","OK","409.188992","485.03248","1.979259859","200","1765","860","10","10","0","0","0","0","","1"
"377","Корпус 2.3","Корпус 2.3/POZD_WEB_K2-3_s9_et3_4.ai","D:\AI\AITRASH\LIBRARY\02_CATALOG\02_PRESALE_Поздняково\01_ARTIFACTS\МКД2\Корпус 2.3\POZD_WEB_K2-3_s9_et3_4.ai","D:\AI\AITRASH\LIBRARY\02_CATALOG\02_PRESALE_Поздняково\01_ARTIFACTS\МКД2\Корпус 2.3\POZD_WEB_K2-3_s9_et3_4.png","173043","057bb49d98badc75fb5ef0433d20f1d4e0fd4c903e940ef417d90b67bb8ea28b","057bb49d98badc75fb5ef0433d20f1d4e0fd4c903e940ef417d90b67bb8ea28b","","","PROCESSED_OK","200","D:\AI\AITRASH\workspaces\project - Изменение масштаба для планировок квартир\09_outputs\_full_wip\20260727_full_mkd2\Корпус 2.3\х200_POZD_WEB_K2-3_s9_et3_4.ai","D:\AI\AITRASH\workspaces\project - Изменение масштаба для планировок квартир\09_outputs\_full_wip\20260727_full_mkd2\Корпус 2.3\х200_POZD_WEB_K2-3_s9_et3_4.png","5bea9edc457e7c3f5dee7d2fc76fe854608ac596c03199c336595bf3c3e77f7c","16ff4974cdfb521778e59d34ce50f9afbce52f8b8848d20d8fb05f2f1c4ee16d","D:\AI\AITRASH\workspaces\project - Изменение масштаба для планировок квартир\09_outputs\_diagnostics\full_20260727_full_mkd2\details\377_POZD_WEB_K2-3_s9_et3_4_attempt1.json","1","","OK","421.661417","422.795276","2.088349602","200","1810","882","10","10","0","0","0","0","","1"
"378","Корпус 2.3","Корпус 2.3/POZD_WEB_K2-3_s9_et3_5.ai","D:\AI\AITRASH\LIBRARY\02_CATALOG\02_PRESALE_Поздняково\01_ARTIFACTS\МКД2\Корпус 2.3\POZD_WEB_K2-3_s9_et3_5.ai","D:\AI\AITRASH\LIBRARY\02_CATALOG\02_PRESALE_Поздняково\01_ARTIFACTS\МКД2\Корпус 2.3\POZD_WEB_K2-3_s9_et3_5.png","231036","5b70a4a96926aac60d4c2ca98aeb11eaabde720edea14092d3c817aaab734d41","5b70a4a96926aac60d4c2ca98aeb11eaabde720edea14092d3c817aaab734d41","","","PROCESSED_OK","110","D:\AI\AITRASH\workspaces\project - Изменение масштаба для планировок квартир\09_outputs\_full_wip\20260727_full_mkd2\Корпус 2.3\х110_POZD_WEB_K2-3_s9_et3_5.ai","D:\AI\AITRASH\workspaces\project - Изменение масштаба для планировок квартир\09_outputs\_full_wip\20260727_full_mkd2\Корпус 2.3\х110_POZD_WEB_K2-3_s9_et3_5.png","f2c555b4365b47162c20bd10fdef230384c205f9e8e3d9a02af87d8ec0a026e9","9691e3d3c32af6a9a3e3698109074b5d84ddcee39d64351f7d160dfc747ce3ed","D:\AI\AITRASH\workspaces\project - Изменение масштаба для планировок квартир\09_outputs\_diagnostics\full_20260727_full_mkd2\details\378_POZD_WEB_K2-3_s9_et3_5_attempt1.json","1","","OK","669.976368","885.409449","1.144849452","110","3332","1616","10","10","0","0","0","0","","1"
"379","Корпус 2.3","Корпус 2.3/POZD_WEB_K2-3_s9_et4_1.ai","D:\AI\AITRASH\LIBRARY\02_CATALOG\02_PRESALE_Поздняково\01_ARTIFACTS\МКД2\Корпус 2.3\POZD_WEB_K2-3_s9_et4_1.ai","D:\AI\AITRASH\LIBRARY\02_CATALOG\02_PRESALE_Поздняково\01_ARTIFACTS\МКД2\Корпус 2.3\POZD_WEB_K2-3_s9_et4_1.png","207375","4fe494942c6462added72707835da1511b821338a14a6fadd2fcb5da14bc7ff3","4fe494942c6462added72707835da1511b821338a14a6fadd2fcb5da14bc7ff3","","","PROCESSED_OK","170","D:\AI\AITRASH\workspaces\project - Изменение масштаба для планировок квартир\09_outputs\_full_wip\20260727_full_mkd2\Корпус 2.3\х170_POZD_WEB_K2-3_s9_et4_1.ai","D:\AI\AITRASH\workspaces\project - Изменение масштаба для планировок квартир\09_outputs\_full_wip\20260727_full_mkd2\Корпус 2.3\х170_POZD_WEB_K2-3_s9_et4_1.png","3f1539eadcb253214f5a73da602c5578f9cb096d173c2cd8a7c037ce4464872d","110873d75bd11a571365a029271ef604a7d89536475ad7c6f4ffba8c8fffba2a","D:\AI\AITRASH\workspaces\project - Изменение масштаба для планировок квартир\09_outputs\_diagnostics\full_20260727_full_mkd2\details\379_POZD_WEB_K2-3_s9_et4_1_attempt1.json","1","","OK","573.59843","502.890742","1.641758984","170","2582","1253","11","11","0","0","0","0","","1"
"380","Корпус 2.3","Корпус 2.3/POZD_WEB_K2-3_s9_et4_2.ai","D:\AI\AITRASH\LIBRARY\02_CATALOG\02_PRESALE_Поздняково\01_ARTIFACTS\МКД2\Корпус 2.3\POZD_WEB_K2-3_s9_et4_2.ai","D:\AI\AITRASH\LIBRARY\02_CATALOG\02_PRESALE_Поздняково\01_ARTIFACTS\МКД2\Корпус 2.3\POZD_WEB_K2-3_s9_et4_2.png","212445","6422167e19b084059fef3bd2a8b55e10975b627066b3e851698c7ea0a36f1a56","6422167e19b084059fef3bd2a8b55e10975b627066b3e851698c7ea0a36f1a56","","","PROCESSED_OK","150","D:\AI\AITRASH\workspaces\project - Изменение масштаба для планировок квартир\09_outputs\_full_wip\20260727_full_mkd2\Корпус 2.3\х150_POZD_WEB_K2-3_s9_et4_2.ai","D:\AI\AITRASH\workspaces\project - Изменение масштаба для планировок квартир\09_outputs\_full_wip\20260727_full_mkd2\Корпус 2.3\х150_POZD_WEB_K2-3_s9_et4_2.png","aba229b0d8b2f99a0e8dcb510891cf8218e14ab72aeae05fafecf12eca836232","44789005f69a1e41a8432a4ccfaa0bc791fdd22efe7e4d15f2cff81219a4cf52","D:\AI\AITRASH\workspaces\project - Изменение масштаба для планировок квартир\09_outputs\_diagnostics\full_20260727_full_mkd2\details\380_POZD_WEB_K2-3_s9_et4_2_attempt1.json","1","","OK","573.598431","554.4813","1.563517583","150","2718","1317","11","11","0","0","0","0","","1"
"381","Корпус 2.3","Корпус 2.3/POZD_WEB_K2-3_s9_et4_4.ai","D:\AI\AITRASH\LIBRARY\02_CATALOG\02_PRESALE_Поздняково\01_ARTIFACTS\МКД2\Корпус 2.3\POZD_WEB_K2-3_s9_et4_4.ai","D:\AI\AITRASH\LIBRARY\02_CATALOG\02_PRESALE_Поздняково\01_ARTIFACTS\МКД2\Корпус 2.3\POZD_WEB_K2-3_s9_et4_4.png","178378","fd664eea0c1ab87cfac76520706d3f0125d70d5a1b3db225a7e997f4a9f6b0f2","fd664eea0c1ab87cfac76520706d3f0125d70d5a1b3db225a7e997f4a9f6b0f2","","","PROCESSED_OK","200","D:\AI\AITRASH\workspaces\project - Изменение масштаба для планировок квартир\09_outputs\_full_wip\20260727_full_mkd2\Корпус 2.3\х200_POZD_WEB_K2-3_s9_et4_4.ai","D:\AI\AITRASH\workspaces\project - Изменение масштаба для планировок квартир\09_outputs\_full_wip\20260727_full_mkd2\Корпус 2.3\х200_POZD_WEB_K2-3_s9_et4_4.png","9b32cc37175f59c11fb7a094c138e53b07a7a9ed01e82d3f76365998d4ba492f","4c5ec5b980d2db7271c4a82bc3837f48506dbbe9a5c21797ef9840d5065ae0d8","D:\AI\AITRASH\workspaces\project - Изменение масштаба для планировок квартир\09_outputs\_diagnostics\full_20260727_full_mkd2\details\381_POZD_WEB_K2-3_s9_et4_4_attempt1.json","1","","OK","423.36221","450.733268","2.018525997","200","1899","925","11","11","0","0","0","0","","1"
"382","Корпус 2.3","Корпус 2.3/POZD_WEB_K2-3_s9_et4_5.ai","D:\AI\AITRASH\LIBRARY\02_CATALOG\02_PRESALE_Поздняково\01_ARTIFACTS\МКД2\Корпус 2.3\POZD_WEB_K2-3_s9_et4_5.ai","D:\AI\AITRASH\LIBRARY\02_CATALOG\02_PRESALE_Поздняково\01_ARTIFACTS\МКД2\Корпус 2.3\POZD_WEB_K2-3_s9_et4_5.png","229791","ba9a0ae81c094962383a4a716777d8a0e1c1b330a5c928734d2d7c390d8b4c3e","ba9a0ae81c094962383a4a716777d8a0e1c1b330a5c928734d2d7c390d8b4c3e","","","PROCESSED_OK","110","D:\AI\AITRASH\workspaces\project - Изменение масштаба для планировок квартир\09_outputs\_full_wip\20260727_full_mkd2\Корпус 2.3\х110_POZD_WEB_K2-3_s9_et4_5.ai","D:\AI\AITRASH\workspaces\project - Изменение масштаба для планировок квартир\09_outputs\_full_wip\20260727_full_mkd2\Корпус 2.3\х110_POZD_WEB_K2-3_s9_et4_5.png","df8403e483135372c5f995ea67140b09d52c35b1c09ac4aaf718b21361db1d02","399e17b66a5fe3bc3b2e00dce995cef3dc6e0ba06cdd47b3a34161ef764e45fa","D:\AI\AITRASH\workspaces\project - Изменение масштаба для планировок квартир\09_outputs\_diagnostics\full_20260727_full_mkd2\details\382_POZD_WEB_K2-3_s9_et4_5_attempt1.json","1","","OK","669.976395","899.480355","1.135859479","110","3344","1626","12","12","0","0","0","0","","1"
"383","Корпус 2.3","Корпус 2.3/POZD_WEB_K2-3_s9_et5_4.ai","D:\AI\AITRASH\LIBRARY\02_CATALOG\02_PRESALE_Поздняково\01_ARTIFACTS\МКД2\Корпус 2.3\POZD_WEB_K2-3_s9_et5_4.ai","D:\AI\AITRASH\LIBRARY\02_CATALOG\02_PRESALE_Поздняково\01_ARTIFACTS\МКД2\Корпус 2.3\POZD_WEB_K2-3_s9_et5_4.png","338215","38e5fd0db3d58814fd6eae15c3657c29081ae5274624734053e4b441b618a258","38e5fd0db3d58814fd6eae15c3657c29081ae5274624734053e4b441b618a258","","","PROCESSED_OK","110","D:\AI\AITRASH\workspaces\project - Изменение масштаба для планировок квартир\09_outputs\_full_wip\20260727_full_mkd2\Корпус 2.3\х110_POZD_WEB_K2-3_s9_et5_4.ai","D:\AI\AITRASH\workspaces\project - Изменение масштаба для планировок квартир\09_outputs\_full_wip\20260727_full_mkd2\Корпус 2.3\х110_POZD_WEB_K2-3_s9_et5_4.png","eec86c74cdc83cd27645e843faaead37a76d4506a63147444c9044f5ebba45f0","500dc7f9afa1104c2ae22a79833e4f673378bf0c80fd6050acc090921924e120","D:\AI\AITRASH\workspaces\project - Изменение масштаба для планировок квартир\09_outputs\_diagnostics\full_20260727_full_mkd2\details\383_POZD_WEB_K2-3_s9_et5_4_attempt1.json","1","","OK","1002.476231","528.811024","1.067356978","110","5320","2617","15","15","0","0","0","0","","1"
"384","Корпус 2.3","Корпус 2.3/POZD_WEB_K2-3_s9_et5_5.ai","D:\AI\AITRASH\LIBRARY\02_CATALOG\02_PRESALE_Поздняково\01_ARTIFACTS\МКД2\Корпус 2.3\POZD_WEB_K2-3_s9_et5_5.ai","D:\AI\AITRASH\LIBRARY\02_CATALOG\02_PRESALE_Поздняково\01_ARTIFACTS\МКД2\Корпус 2.3\POZD_WEB_K2-3_s9_et5_5.png","354439","a46966e705947d2e03a3beaa62fb70eeeffeb9e252892378a71e405a45d32eab","a46966e705947d2e03a3beaa62fb70eeeffeb9e252892378a71e405a45d32eab","","","PROCESSED_OK","100","D:\AI\AITRASH\workspaces\project - Изменение масштаба для планировок квартир\09_outputs\_full_wip\20260727_full_mkd2\Корпус 2.3\х100_POZD_WEB_K2-3_s9_et5_5.ai","D:\AI\AITRASH\workspaces\project - Изменение масштаба для планировок квартир\09_outputs\_full_wip\20260727_full_mkd2\Корпус 2.3\х100_POZD_WEB_K2-3_s9_et5_5.png","26a4c31d275959dcf4daaa5488c73adabab2e74a79356bdfff4391180d7cf4f5","4bcda624c21ab8f0e1e010e0c08f61d49740cd2acd8c4cf275279228463de976","D:\AI\AITRASH\workspaces\project - Изменение масштаба для планировок квартир\09_outputs\_diagnostics\full_20260727_full_mkd2\details\384_POZD_WEB_K2-3_s9_et5_5_attempt2.json","2","","OK","1098.854211","540.433022","0.973741548","100","5709","2804","15","15","0","0","0","0","","1"
"385","Корпус 2.3","Корпус 2.3/POZD_WEB_K2-3_s9_et6_3.ai","D:\AI\AITRASH\LIBRARY\02_CATALOG\02_PRESALE_Поздняково\01_ARTIFACTS\МКД2\Корпус 2.3\POZD_WEB_K2-3_s9_et6_3.ai","D:\AI\AITRASH\LIBRARY\02_CATALOG\02_PRESALE_Поздняково\01_ARTIFACTS\МКД2\Корпус 2.3\POZD_WEB_K2-3_s9_et6_3.png","163541","6cd357367796d1ac516046adf7e552ce3e9a950a78ae6e69620a6e26d1ccc566","6cd357367796d1ac516046adf7e552ce3e9a950a78ae6e69620a6e26d1ccc566","","","PROCESSED_OK","200","D:\AI\AITRASH\workspaces\project - Изменение масштаба для планировок квартир\09_outputs\_full_wip\20260727_full_mkd2\Корпус 2.3\х200_POZD_WEB_K2-3_s9_et6_3.ai","D:\AI\AITRASH\workspaces\project - Изменение масштаба для планировок квартир\09_outputs\_full_wip\20260727_full_mkd2\Корпус 2.3\х200_POZD_WEB_K2-3_s9_et6_3.png","6b9324f860b6a84bb61cc8fe3246d3f601cf4aa6c6f11e06b35cbc29785f42a6","2125a9af6cafeb26d138724f321d71ba80091c0516f6e5785b1b7b89095c2278","D:\AI\AITRASH\workspaces\project - Изменение масштаба для планировок квартир\09_outputs\_diagnostics\full_20260727_full_mkd2\details\385_POZD_WEB_K2-3_s9_et6_3_attempt1.json","1","","OK","408.938965","512.970473","1.925195192","200","1799","877","11","11","0","0","0","0","","1"
"386","Корпус 2.3","Корпус 2.3/POZD_WEB_K2-3_s9_et6_4.ai","D:\AI\AITRASH\LIBRARY\02_CATALOG\02_PRESALE_Поздняково\01_ARTIFACTS\МКД2\Корпус 2.3\POZD_WEB_K2-3_s9_et6_4.ai","D:\AI\AITRASH\LIBRARY\02_CATALOG\02_PRESALE_Поздняково\01_ARTIFACTS\МКД2\Корпус 2.3\POZD_WEB_K2-3_s9_et6_4.png","171382","f5d31184ddb605bdc3f422340175d99f8b80d2ca13aa6cb3af1b0758dd45b49c","f5d31184ddb605bdc3f422340175d99f8b80d2ca13aa6cb3af1b0758dd45b49c","","","PROCESSED_OK","150","D:\AI\AITRASH\workspaces\project - Изменение масштаба для планировок квартир\09_outputs\_full_wip\20260727_full_mkd2\Корпус 2.3\х150_POZD_WEB_K2-3_s9_et6_4.ai","D:\AI\AITRASH\workspaces\project - Изменение масштаба для планировок квартир\09_outputs\_full_wip\20260727_full_mkd2\Корпус 2.3\х150_POZD_WEB_K2-3_s9_et6_4.png","7568e14f81b2879e9e80e1973e00aec27f983ab3c21c8d81cb5173130610a56c","0f77ecaf48f3299bd258f47b9da105521e79f06a6afa6f89762b60d8e8799ac3","D:\AI\AITRASH\workspaces\project - Изменение масштаба для планировок квартир\09_outputs\_diagnostics\full_20260727_full_mkd2\details\386_POZD_WEB_K2-3_s9_et6_4_attempt1.json","1","","OK","669.976352","450.733268","1.597071295","150","2138","1049","13","13","0","0","0","0","","1"
"387","Корпус 2.3","Корпус 2.3/POZD_WEB_K2-3_s9_et6_5.ai","D:\AI\AITRASH\LIBRARY\02_CATALOG\02_PRESALE_Поздняково\01_ARTIFACTS\МКД2\Корпус 2.3\POZD_WEB_K2-3_s9_et6_5.ai","D:\AI\AITRASH\LIBRARY\02_CATALOG\02_PRESALE_Поздняково\01_ARTIFACTS\МКД2\Корпус 2.3\POZD_WEB_K2-3_s9_et6_5.png","180756","7b5ce9c96951cb09edabceaffacd576f769293e4837df5e61e1e5e07823a0dd2","7b5ce9c96951cb09edabceaffacd576f769293e4837df5e61e1e5e07823a0dd2","","","PROCESSED_OK","150","D:\AI\AITRASH\workspaces\project - Изменение масштаба для планировок квартир\09_outputs\_full_wip\20260727_full_mkd2\Корпус 2.3\х150_POZD_WEB_K2-3_s9_et6_5.ai","D:\AI\AITRASH\workspaces\project - Изменение масштаба для планировок квартир\09_outputs\_full_wip\20260727_full_mkd2\Корпус 2.3\х150_POZD_WEB_K2-3_s9_et6_5.png","63d40d25922b613b4ebda61da4298d2542797bf453ecbd9c4e7e9c4184fbf1e0","aa6e167b8d7ec9339bf76622f2455f1f979fa890eb677786a993e17e08b7f512","D:\AI\AITRASH\workspaces\project - Изменение масштаба для планировок квартир\09_outputs\_diagnostics\full_20260727_full_mkd2\details\387_POZD_WEB_K2-3_s9_et6_5_attempt1.json","1","","OK","686.984248","540.433065","1.447124356","150","2394","1173","12","12","0","0","0","0","","1"
